clean_project_id,project_name,ministry,sector,state,original_cost_cr,revised_cost_cr,cumulative_expenditure_cr,physical_progress_pct,burn_rate_pct,burn_progress_gap,cost_variation_pct,time_elapsed_ratio,delay_probability,cost_overrun_probability,composite_risk_score,risk_tier
618992,100 MW SPP part of SECI 150 MW Hybrid,Ministry of Coal,Electricity Generation,Gujarat,480.68,480.68,2.62,1.2,0.55,-0.65,0.0,0.9055,0.3925,0.0375,0.55,high
619033,"1000 seater Boys hostel, 500 seater Girls hostel, 1.5 MLD Sewage Treatment Plant and Faculty Residence - 72 nos. Flats",Department of Higher Education,Education,Odisha,198.97,198.97,42.55,42.0,21.39,-20.61,0.0,1.1032,0.5719,0.0333,0.55,high
611699,186 MW Tato-I H E Project,Ministry of Power,Electricity Generation,Arunachal Pradesh,1750.07,1750.07,73.91,5.04,4.22,-0.82,0.0,0.32,0.6332,0.0231,0.3586,medium
618452,"2-laning of Zorinpui - Longmasu section of NH-502A from km 0.000 to km 28.244 in the State of Mizoram on EPC mode under NHO-NE, stretch of IMBR",Ministry of Road Transport & Highways,Roads & Highways,Mizoram,781.85,781.85,20.64,4.71,2.64,-2.07,0.0,0.874,0.6816,0.037,0.55,high
611016,2.0 MTPA BHOJUDIH NLW WASHERY,Ministry of Coal,Coal,West Bengal,384.57,384.57,363.14,97.6,94.43,-3.17,0.0,1.5,0.9534,0.1277,0.5818,high
611017,2.5 MTPA PATHERDIH NLW WASHERY,Ministry of Coal,Coal,Jharkhand,334.27,334.27,162.75,51.81,48.69,-3.12,0.0,1.5,0.9436,0.0662,0.5488,high
618991,200 MW SPP part of 510 MW CPSU scheme,Ministry of Coal,Electricity Generation,Gujarat,1221.41,1221.41,64.03,0.0,5.24,5.24,0.0,0.9085,0.0868,0.0563,0.55,high
611698,240MW Heo HE Project,Ministry of Power,Electricity Generation,Arunachal Pradesh,1938.85,1938.85,96.94,4.95,5.0,0.05,0.0,0.32,0.6795,0.0227,0.384,medium
709832,25.5 MW WIND POWER PROJECT AT KAYATHAR IN TAMILNADU,Ministry of Mines,Metals & Mining,Tamil Nadu,166.0,166.0,135.0,66.73,81.33,14.6,0.0,1.207,0.9585,0.393,0.704,high
400171,2G Ethanol Biorefinery at Bathinda,Ministry of Petroleum & Natural Gas,Oil & Gas,Punjab,1421.46,1421.46,1263.61,95.8,88.9,-6.9,0.0,1.5,0.9546,0.1861,0.6088,high
618547,2L NH-1 from km 8.660 to km 33.775 Sumbal to Wayul to 4L dual carriageway NH standard as part of Srinagar Ring Road PhaseII [Design Ch. 41.907 to Ch. 66.609],Ministry of Road Transport & Highways,Roads & Highways,Jammu and Kashmir,961.0,643.64,412.37,48.8,64.07,15.27,-33.02,1.0997,0.8938,0.1023,0.5376,high
618890,2L PS of Hamirpur Bypass from Km 121.175 to Km.138.295 of NH-103&3,Ministry of Road Transport & Highways,Roads & Highways,Himachal Pradesh,739.39,754.82,233.43,92.57,30.93,-61.64,2.09,1.4569,0.9013,0.0628,0.5239,high
618751,2L PS of Hinotiya-Mehulwa section of NH-346 from Km. 27.000 to Km 75.700 Vidisha Mehulwa-Talbehat Pkg-II Section of NH- 346,Ministry of Road Transport & Highways,Roads & Highways,Madhya Pradesh,581.65,592.71,243.28,69.04,41.05,-27.99,1.9,1.4979,0.9043,0.0612,0.5249,high
618909,2L PS of JH / WB Border km. 70.524 - Purulia km.84.400 & Purulia km. 94.30 - Chandil Junction with NH-33 km. 153.705 of Old NH-32,Ministry of Road Transport & Highways,Roads & Highways,"Multi-States (Jharkhand, West Bengal)",1652.4,1771.88,749.26,97.4,42.29,-55.11,7.23,1.5,0.9215,0.0695,0.5381,high
618955,2L PS of Majhauli to Charout section from km. 0.00 to km. 63.655,Ministry of Road Transport & Highways,Roads & Highways,Bihar,638.29,1067.51,622.86,99.66,58.35,-41.31,67.25,1.5,0.8975,0.2707,0.6154,high
618924,2L PS of Najibabad Kotdwar section from 112.575 to Km. 138.635 of NH 119,Ministry of Road Transport & Highways,Roads & Highways,Uttar Pradesh,188.87,99.2,33.37,50.44,33.64,-16.8,-47.48,1.5,0.9194,0.0385,0.523,high
618854,2L PS of Raebareli - Jagdishpur with 4L Jagdishpur Bypass Spur,Ministry of Road Transport & Highways,Roads & Highways,Uttar Pradesh,706.41,752.52,515.53,97.2,68.51,-28.69,6.53,1.5,0.9002,0.1281,0.5528,high
618655,2L PS of Roshni to Ashapur Section of NH-347B from Design KM Ch. 89.900 to 114.000 KM Package III of Betul Khandwa,Ministry of Road Transport & Highways,Roads & Highways,Madhya Pradesh,200.99,120.75,109.85,85.42,90.97,5.55,-39.92,1.0411,0.8479,0.0518,0.4897,medium
618958,2L with ES of Yagyi - Kalewa section from Milepost 40/0 to Milepost 115/5 in Myanmar,Ministry of Road Transport & Highways,Roads & Highways,Assam,1200.14,1200.14,0.0,52.0,0.0,-52.0,0.0,1.5,0.955,0.1257,0.5818,high
618907,2L/4L of Hoshiarpur to Una section including Hoshiarpur Bypass of NH 503A,Ministry of Road Transport & Highways,Roads & Highways,"Multi-States (Himachal Pradesh, Punjab)",571.34,481.88,63.4,24.87,13.16,-11.71,-15.66,0.6671,0.6399,0.0226,0.3621,medium
612819,300 MW SPP part of 510 MW CPSU scheme,Ministry of Coal,Electricity Generation,Rajasthan,1813.0,1813.0,1753.07,100.0,96.69,-3.31,0.0,1.5,0.9464,0.3077,0.659,high
612186,350 Bedded [Upgradable to 500 beds] ESI Hospital at Sanand,Ministry of Labour and Employment,Healthcare,Gujarat,558.12,558.12,55.81,21.0,10.0,-11.0,0.0,1.1718,0.9563,0.0496,0.5483,high
618908,3L Major Bridge over River Brahmani at Km. 401.250 Duburi - Chandikhole Section of NH-200 New NH -53,Ministry of Road Transport & Highways,Roads & Highways,Odisha,153.61,103.68,73.59,38.0,70.98,32.98,-32.5,1.5,0.959,0.1822,0.6094,high
709819,3RD AND 4TH LINE - SARAGBUNDIA AND MADWARANI,Ministry of Railways,Railways,Chhattisgarh,167.64,167.64,20.13,8.0,12.01,4.01,0.0,0.8411,0.8113,0.0507,0.55,high
705515,3rd & 4th Railway Line Project from Salegaon to Budhapank via Rajathgarh.,Ministry of Railways,Railways,Odisha,1173.0,2092.0,2120.58,89.0,101.37,12.37,78.35,1.0489,0.8576,0.901,0.8771,critical
612834,3rd & 4th line between Sarla - Sason [8 km] [PB 73/2023-24/NR],Ministry of Railways,Railways,Odisha,252.0,252.0,117.3,86.0,46.55,-39.45,0.0,1.28,0.9138,0.0526,0.5262,high
616697,3rd & 4th line between Vadlapudi -Gate Jn. cabin and Tie line between Gate Junction to Gangavaram port,Ministry of Railways,Railways,Andhra Pradesh,154.28,154.28,58.16,75.0,37.7,-37.3,0.0,1.1107,0.6727,0.0483,0.3917,medium
705498,3rd Line Kalyan - Kasara [67.35 Kilometres],Ministry of Railways,Railways,Maharashtra,792.89,1395.79,1077.37,73.0,77.19,4.19,76.04,0.9776,0.8577,0.861,0.8592,critical
705506,3rd Line Manmad - Jalgaon [160 Kilometres],Ministry of Railways,Railways,Maharashtra,1035.16,1870.0,1865.44,100.0,99.76,-0.24,80.65,1.2619,0.9691,0.8925,0.9346,critical
705502,3rd Line Wardha - Ballarshah [132 Kilometres],Ministry of Railways,Railways,Maharashtra,1384.72,2033.59,1813.52,98.0,89.18,-8.82,46.86,1.0831,0.7938,0.8303,0.8102,critical
705500,3rd Line Wardha - Sewagram - Nagpur,Ministry of Railways,Railways,Maharashtra,540.02,916.53,835.39,88.0,91.15,3.15,69.72,1.078,0.8847,0.8593,0.8733,critical
617216,3rd Line between Gudur Renigunta 83.17 Km,Ministry of Railways,Railways,Andhra Pradesh,877.34,877.34,205.35,0.16,23.41,23.25,0.0,0.7934,0.0358,0.0889,0.0597,low
618669,4 -Laning of MP/UP Border to Kabarai section of NH-34&35 from km 197.000 to km 242.991 Length 45.991 Km Sagar-Kabrai Package-5 under Bharat Mala Pariyojana EC in MP & UP on HAM,Ministry of Road Transport & Highways,Roads & Highways,Uttar Pradesh,1632.93,1425.43,322.5,50.25,22.62,-27.63,-12.71,0.789,0.4475,0.0318,0.2604,medium
619102,4 L of China Orampadu-Renigunta section of NH-716 Package-II of Kadapa- Renigunta section,Ministry of Road Transport & Highways,Roads & Highways,Andhra Pradesh,1500.11,1500.11,0.17,0.0,0.01,0.01,0.0,0.2503,0.0751,0.0321,0.0557,low
618961,4 Lane Inner Ring Road around Allahabad City Pkg-1 Prayagraj Southern Bypass 34.400 43.200,Ministry of Road Transport & Highways,Roads & Highways,Uttar Pradesh,775.94,498.97,15.11,4.44,3.03,-1.41,-35.69,0.374,0.6613,0.0235,0.3743,medium
618960,4 Lane Inner Ring Road around Allahabad City Pkg-2 Prayagraj Southern Bypass 43.200 - 50.860,Ministry of Road Transport & Highways,Roads & Highways,Uttar Pradesh,1377.51,1007.62,394.66,42.26,39.17,-3.09,-26.85,1.0997,0.8849,0.0515,0.5098,high
618641,4 Lane of CG/JH Border-Gumla from km 0.000 to km 32.370 of NH-43 in the State of Jhrkhand,Ministry of Road Transport & Highways,Roads & Highways,Jharkhand,1325.8,1325.8,13.83,1.0,1.04,0.04,0.0,0.289,0.4164,0.0234,0.2395,low
619108,4 Lane with PS from Des. Ch 0.000 to Des. Ch. 43.800 of Belgaum-Hungund-Raichur Section of NH-748A Package-1,Ministry of Road Transport & Highways,Roads & Highways,Karnataka,1452.43,1256.55,206.99,32.57,16.47,-16.1,-13.49,0.6247,0.6098,0.023,0.3457,medium
619107,4 Lane with PS from Des. Ch 136.100 to Des. Ch. 182.300 of Belgaum-Hungund- Raichur Section of NH-748A Package-4,Ministry of Road Transport & Highways,Roads & Highways,Karnataka,1311.41,1123.35,46.41,8.88,4.13,-4.75,-14.34,0.4986,0.8648,0.024,0.4864,medium
619106,4 Lane with PS from Des. Ch 182.300 to Des. Ch. 228.500 of Belgaum-Hungund- Raichur Section of NH 748 A Package-5,Ministry of Road Transport & Highways,Roads & Highways,Karnataka,1141.88,868.65,214.81,33.04,24.73,-8.31,-23.93,0.9151,0.8287,0.0326,0.4704,medium
618649,4 Lane with PS from Des. Ch 228.500 to Des. Ch. 273.400 of Belgaum-Hungund- Raichur Section of NH 748 A Package-6,Ministry of Road Transport & Highways,Roads & Highways,Karnataka,1246.15,1012.78,241.66,45.8,23.86,-21.94,-18.73,0.9151,0.4429,0.0397,0.2615,medium
618651,4 Lane with PS from Des. Ch 43.800 to Des. Ch. 89.900 of Belgaum-Hungund- Raichur Section of NH-748A Package-2,Ministry of Road Transport & Highways,Roads & Highways,Karnataka,1427.88,1293.94,444.62,42.04,34.36,-7.68,-9.38,0.7806,0.8261,0.0334,0.4694,medium
618650,4 Lane with PS from Des. Ch 89.900 to Des. Ch. 136.100 of Belgaum-Hungund- Raichur Section of NH-748A Package-3,Ministry of Road Transport & Highways,Roads & Highways,Karnataka,1363.9,1219.62,115.76,19.25,9.49,-9.76,-10.58,0.7082,0.8274,0.0282,0.4678,medium
619158,4 Laning of Duburi Chandikhole from km 388.376 to km 428.074 Pkg-III,Ministry of Road Transport & Highways,Roads & Highways,Odisha,789.0,907.61,572.09,86.0,63.03,-22.97,15.03,1.5,0.9355,0.1078,0.5631,high
618826,4 Laning of NH-544D from Km 0.000 to km 37.000 of Anantapur- Muchukota section Pkg-1,Ministry of Road Transport & Highways,Roads & Highways,Andhra Pradesh,907.76,905.98,448.53,91.4,49.51,-41.89,-0.2,1.5,0.9086,0.0996,0.5446,high
618827,4 Laning of NH-544D from Km 37.000 to km 69.000 of Muchukota- Bugga section Pkg-2,Ministry of Road Transport & Highways,Roads & Highways,Andhra Pradesh,1097.57,1055.23,356.89,70.68,33.82,-36.86,-3.86,1.5,0.9265,0.0801,0.5456,high
618964,4 Laning of Sandalpur to Nasrullaganj Pkg-1 section of NH-146B Length 43.2 Km.,Ministry of Road Transport & Highways,Roads & Highways,Madhya Pradesh,1425.98,1425.98,66.78,8.02,4.68,-3.34,0.0,0.3315,0.8593,0.0243,0.4835,medium
619157,4 Laning of Talcher to end of Kamakhyanagar Bypass km 8.844 - km 15.725 of NH- 149 and km 301.875 - km 335.946 of NH-53 Pkg-I,Ministry of Road Transport & Highways,Roads & Highways,Odisha,795.18,810.71,402.98,99.0,49.71,-49.29,1.95,1.5,0.8954,0.0965,0.5359,high
619167,4 Laning with PS of Pathrapalli-Katghora km 53.3 to km 92.6 Pkg-II of Bilaspur Kathghora,Ministry of Road Transport & Highways,Roads & Highways,Chhattisgarh,865.1,1275.26,587.68,93.1,46.08,-47.02,47.41,1.5,0.8995,0.1273,0.552,high
618691,4 laning of Aligarh-Palwal Section from Km. 46.390 Design Chainage to Km. 69.110 Terminating at junction EPE Package-II from Kurana- Eastern Peripheral Expressway of NH-334D,Ministry of Road Transport & Highways,Roads & Highways,"Multi-States (Haryana, Uttar Pradesh)",939.17,903.94,146.48,7.5,16.2,8.7,-3.75,0.5411,0.8532,0.0276,0.55,high
618823,4 laning of Barasat - Barajaguli Section of NH-12 from Km. 31.000 to Km. 48.679 in the district of North 24 - Parganas,Ministry of Road Transport & Highways,Roads & Highways,West Bengal,352.01,346.39,84.95,35.78,24.52,-11.26,-1.6,1.3843,0.9348,0.0275,0.5265,high
618957,4 laning of Champa - Korba from km 0.00 to km 38.2,Ministry of Road Transport & Highways,Roads & Highways,Chhattisgarh,1002.33,1304.47,780.84,98.75,59.86,-38.89,30.14,1.5,0.9117,0.1789,0.5819,high
618690,"4 lanning of Aligarh Palwal section from km 0.00 to km 46.39 package -1 from khereshwar junction-kurana of NH33D , including khair & jattari bypass in the state of UP on HAM mode",Ministry of Road Transport & Highways,Roads & Highways,Uttar Pradesh,1663.38,1685.69,534.65,15.75,31.72,15.97,1.34,0.7507,0.7481,0.0735,0.4446,medium
618666,4- Laning of Mohari to Satai Ghat section NH-934 from Km 50300 to Km 89875 Total length 39.575 km Package-2 in the State of Madhya Pradesh on EPC Mode,Ministry of Road Transport & Highways,Roads & Highways,Madhya Pradesh,710.92,539.08,431.99,87.65,80.13,-7.52,-24.17,1.0411,0.8549,0.0935,0.5122,high
618282,4-L Bilasipara-Guwahati Package-10,Ministry of Road Transport & Highways,Roads & Highways,Assam,1264.9,1264.9,469.24,56.91,37.1,-19.81,0.0,1.0997,0.6503,0.0667,0.3877,medium
618283,4-L Bilasipara-Guwahati Package-9,Ministry of Road Transport & Highways,Roads & Highways,Assam,1000.27,1000.27,416.11,50.92,41.6,-9.32,0.0,1.0997,0.8798,0.0632,0.5123,high
618913,4-L of Rajamunda to Barkote Section of NH-23 from km. 287.200 to km. 337.185,Ministry of Road Transport & Highways,Roads & Highways,Odisha,609.63,630.97,114.77,96.52,18.19,-78.33,3.5,1.5,0.9141,0.0638,0.5315,high
617941,4-Laning from End of Zuari approaches to Start of Margao Bypass section of NH-66 from Km 536.800 to Km 543.450,Ministry of Road Transport & Highways,Roads & Highways,Goa,398.25,398.25,0.0,0.0,0.0,0.0,0.0,0.289,0.0642,0.0424,0.0544,low
618435,4-Laning from Rangagara to Kaliabor Tiniali from km 297.00 to km 315.315 of NH-37 on EPC basis under SARDP-NE in state of Assam,Ministry of Road Transport & Highways,Roads & Highways,Assam,386.51,386.51,352.16,97.13,91.11,-6.02,0.0,1.5,0.9555,0.0782,0.5607,high
618328,4-Laning of Balance work of Dimapur-Kohima Road from design km 152.490 to km 166.700 Existing km 156.000 to km 172.900 Excluding Dimapur & Kohima Bypass under SARDP-NE Package-III,Ministry of Road Transport & Highways,Roads & Highways,Nagaland,562.98,794.75,119.71,82.59,15.06,-67.53,41.17,1.4979,0.9383,0.0596,0.5429,high
618314,4-Laning of Dhanehari Lailapur / Vairengte section from Existing Chainage km 12920 to km 43000 of NH 306 Design Chainage km 20000 to km 49360 on Silchar - Vairengte Sairang road in the State of Assam under Bharatmala Pariyojna on EPC mode. Project Length 29.360 km under NHO-NE Package-2,Ministry of Road Transport & Highways,Roads & Highways,Assam,1716.21,1716.21,918.32,79.34,53.51,-25.83,0.0,1.0329,0.4688,0.0975,0.3017,medium
618033,4-Laning of Itanagar to Bandardewa section of NH-415from km 40430 to km 51735 Package-Bon EPC Mode in the state of Arunachal Pradesh Job NO. 415/Ar. P/2020- 21/031,Ministry of Road Transport & Highways,Roads & Highways,Arunachal Pradesh,496.47,496.47,165.43,51.37,33.32,-18.05,0.0,1.5,0.9358,0.0236,0.5253,high
618436,4-Laning of Jamugurihat to end of Biswanath Chariali By-Pass from Km 182.000 to Km 208.000 of NH-52 on EPC mode in state of Assam under SARDP-NE,Ministry of Road Transport & Highways,Roads & Highways,Assam,599.0,599.0,405.02,100.0,67.62,-32.38,0.0,1.5,0.8135,0.1137,0.4986,medium
618318,4-Laning of Kolasib - Sethawn section Package-5 of NH-6 from Existing Chainage km 86000 to km 107850 Design Chainage km 77500 to km 95500 on silchar - vairengte - sairang road under Bharatmala Pariyojna on EPC mode under NHO-NE Vairengte - Sairang Pkg-5,Ministry of Road Transport & Highways,Roads & Highways,Mizoram,720.4,720.4,40.29,11.86,5.59,-6.27,0.0,0.5836,0.8665,0.0278,0.4891,medium
618438,"4-Laning of NH-37 Section between Demow to End of Moran Bypass From Km. 534.800 to Km. 561.700 including Emergency Landing Facility ELF under SARDP-NE, Phase 'A' in the State of Assam on EPC mode",Ministry of Road Transport & Highways,Roads & Highways,Assam,385.57,385.57,145.89,100.0,37.84,-62.16,0.0,1.5,0.8372,0.0402,0.4785,medium
618319,"4-Laning of Sethawn - N. Kawnpui section Package-6 of NH-6 from Existing Chainage km 107850 to km 126315 Design Chainage km 95500 to km 111850 on Silchar- Vairengte- Sairang road, Vairengte - Sairang Pkg-6",Ministry of Road Transport & Highways,Roads & Highways,Mizoram,595.65,595.65,21.02,6.72,3.53,-3.19,0.0,0.776,0.797,0.0371,0.55,high
618315,4-Laning of Silchar - Dhanehari section from Existing Chainage km 263800 of NH 37 to km 12920 of NH 306 Design Chainage km 0000 to km 20000 on Silchar - Vairengte - Sairang road in the State of Assam under Bharatmala Pariyojna on EPC mode Package-1,Ministry of Road Transport & Highways,Roads & Highways,Assam,1256.9,1256.9,550.91,55.46,43.83,-11.63,0.0,1.0669,0.6297,0.0477,0.3678,medium
618316,4-Laning of Vairengte - Chhimluang section Package-3 of NH-306 from Existing Chainage km 43000 to Km 59700 Design Chainage km 46000 to km 60850 on Silchar - Vairengte- Sairang road in the State of Mizoram under Bharatmala Pariyojna under NHO-NE. Package-1&2 in Assam state,Ministry of Road Transport & Highways,Roads & Highways,Mizoram,491.39,491.39,32.46,17.86,6.61,-11.25,0.0,0.776,0.6182,0.0245,0.351,medium
618317,4-Laning of chhimluang-Kolasib from section pkg-4 of NH-306 & NH-6 existing chainage km 59700 to km 86000 design chainage km 61000 to km 77500 on Silchar- vairengte-sairang road in the state of Mizoram under Bharatmala Pariyojna on EPC mode Vairengte - Sairang Pkg-4,Ministry of Road Transport & Highways,Roads & Highways,Mizoram,561.91,561.91,0.0,17.12,0.0,-17.12,0.0,0.776,0.6941,0.0516,0.405,medium
618783,4-laning of Pilibhit - Sitarganj from Km. 32.500 to Km. 70.800 Pkg-2 of NH-30,Ministry of Road Transport & Highways,Roads & Highways,"Multi-States (Uttar Pradesh, Uttarakhand)",1471.19,1471.19,416.11,35.2,28.28,-6.92,0.0,1.2507,0.9605,0.0753,0.5622,high
618013,4-laning of Puttaparthi-Koduru Section of NH-342,Ministry of Road Transport & Highways,Roads & Highways,Andhra Pradesh,1318.59,909.19,341.52,79.5,37.56,-41.94,-31.05,1.4145,0.9172,0.0811,0.541,high
618672,4-lanning of Gyaraspur to Rahatgarh section of NH-146 from Design Ch. 88361 to Ch 124470 in the state of MP on HAM mode,Ministry of Road Transport & Highways,Roads & Highways,Madhya Pradesh,903.44,592.44,104.59,25.02,17.65,-7.37,-34.42,0.4151,0.8442,0.0198,0.4732,medium
618671,4-lanning of Rahatgarh to Berkhedi section of NH-146 from Design Ch 124470 to Ch. 134.549,Ministry of Road Transport & Highways,Roads & Highways,Madhya Pradesh,618.33,342.69,5.01,5.08,1.46,-3.62,-44.58,0.374,0.728,0.0243,0.4113,medium
619103,4/6 Laning of Raipur-Simga Pkg-I from km. 0.00 to km. 48.58,Ministry of Road Transport & Highways,Roads & Highways,Chhattisgarh,1096.52,1172.36,107.31,100.0,9.15,-90.85,6.92,1.5,0.895,0.1123,0.5428,high
618495,4/6L Access Control Expressway from Design Chainage Km 515.000 to 528.300 Kunjwani to Sidhra Section of NH-44 and from Design Chainage Km 550.900 to Km 566.520 Domel to Katra Section Phase II-Package XVII,Ministry of Road Transport & Highways,Roads & Highways,Jammu and Kashmir,2894.74,2894.74,810.99,62.0,28.02,-33.98,0.0,1.5,0.9529,0.0817,0.5609,high
619318,4/6L Greenfield Ludhiana Rupnagar highway from Jn. with NE-5 village near to ManewalLudhiana to Jn. with NH-205 near Bheora Village Rupnagar from Km. 0.00 to Km. 37.7 including spur to Kharar with Ludhiana bypass of NH-205K Pkg-1,Ministry of Road Transport & Highways,Roads & Highways,Punjab,1368.91,1382.48,487.99,15.31,35.3,19.99,0.99,1.5,0.9872,0.2115,0.6381,high
618785,4/6L Greenfield LudhianaRupnagar highway from Jn. with NE-5 village near to ManewalLudhiana to Jn. with NH-205 near Bheora Village Rupnagar from Km 66.0 to Km 91.0 i/c spur to Kharar from Km 0.0 to Km 19.5 with Ludhiana bypass of NH-205K Pkg-3,Ministry of Road Transport & Highways,Roads & Highways,Punjab,1501.02,1815.13,992.99,78.6,54.71,-23.89,20.93,1.5,0.9526,0.1696,0.6002,high
618568,4/6L Southern Ayodhya Bypass from Km 5.000 to Km 37.172 starting near Km. 112.540 and ending at Km. 153.281 of NH-27,Ministry of Road Transport & Highways,Roads & Highways,Uttar Pradesh,2541.13,1983.05,265.58,35.14,13.39,-21.75,-21.96,0.5996,0.4967,0.0282,0.2859,medium
618517,4/6L of Bangalore - Pune Section of bypass connecting Dharwad - Hubli from km. 403.80 to km. 433.20,Ministry of Road Transport & Highways,Roads & Highways,Karnataka,1135.39,763.36,732.44,82.89,95.95,13.06,-32.77,1.3978,0.952,0.214,0.6199,high
619132,4/6L of Gurgaon - Pataudi - Rewari from km. 0.00 to km.43.87 of NH-352W,Ministry of Road Transport & Highways,Roads & Highways,Haryana,1810.04,1917.5,522.34,72.5,27.24,-45.26,5.94,1.5,0.9384,0.0684,0.5469,high
618567,4/6L of Northern Ayodhya Bypass starting Km. 112.540 and ending Km. 139.928 north of existing NH-27 part-1 and part-2 south of NH-27 from km 0.000 to km 5.000.,Ministry of Road Transport & Highways,Roads & Highways,Uttar Pradesh,2289.34,1834.25,198.35,26.13,10.81,-15.32,-19.88,0.4661,0.601,0.0227,0.3408,medium
618969,4/6L of Spur to Haridwar Greenfield from Km. 0.000 to Km. 50.70,Ministry of Road Transport & Highways,Roads & Highways,"Multi-States (Uttar Pradesh, Uttarakhand)",2155.95,2612.3,1469.55,91.5,56.26,-35.24,21.17,1.5,0.9091,0.145,0.5652,high
701593,4G Services by BSNL,Department of Telecommunications,Telecommunication,PAN India,28466.0,19592.0,8471.19,98.23,43.24,-54.99,-31.17,1.5,0.957,0.1222,0.5813,high
618811,4L Access Controlled Greenfield Highway Section Mancherial Warangal from Pangidipalle village at Design Ch. 72.350 Km to Oorugonda village at Design Ch. 112.240 KmPackage-III,Ministry of Road Transport & Highways,Roads & Highways,Telangana,1183.71,1170.64,83.68,0.0,7.15,7.15,-1.1,0.6247,0.0436,0.0438,0.55,high
619143,4L Access Controlled Greenfield Highway section on NH-163G Khammam Vijayawada from BrahmanapalliK village at Design Ch. 250.400 Km to Remidicherla village at Design Ch. 280.200 KmPackage-II,Ministry of Road Transport & Highways,Roads & Highways,"Multi-States (Andhra Pradesh, Telangana)",826.01,862.58,69.29,22.08,8.03,-14.05,4.43,0.7507,0.6303,0.0255,0.3581,medium
618818,4L Access Controlled Greenfield Highway section on NH-163G Khammam Vijayawada from Remidicherla village at Design Ch. 280.200 Km to Jakkampudi village on NH-16 at Design Ch. 309.909 Km Package-III,Ministry of Road Transport & Highways,Roads & Highways,"Multi-States (Andhra Pradesh, Telangana)",1183.23,1225.14,1.28,2.8,0.1,-2.7,3.54,0.6671,0.5297,0.0387,0.55,high
618817,4L Access Controlled Greenfield Highway section on NH-163G Khammam Vijayawada from V. Venkatayapalem village at Design Ch. 220.480 Km to BrahmanapalliK village at Design Ch. 250.400 Km Package-I.,Ministry of Road Transport & Highways,Roads & Highways,Telangana,973.45,1021.96,227.62,42.15,22.27,-19.88,4.98,0.7507,0.5863,0.0253,0.3338,medium
618815,4L Access Controlled Greenfield Highway section on NH-163G Warangal-Khammam from Venkatpur village in Warangal District at Design Ch. 150.240 Km to Thallasenkesa village in Mahabubabed District at Design Ch. 189.650 kmPackage-II,Ministry of Road Transport & Highways,Roads & Highways,Telangana,1092.88,1083.11,304.89,65.68,28.15,-37.53,-0.89,1.2082,0.9363,0.0783,0.5502,high
618814,4L Access Controlled Greenfield Highway section on NH163G Warangal-Khammam from Oorugonda village in Hanamkonda District at Design Ch. 112.240 Km to Venkatpur village in Warangal District at Design Ch. 150.240 KmPackage-I,Ministry of Road Transport & Highways,Roads & Highways,Telangana,1142.6,1140.82,65.67,0.0,5.76,5.76,-0.16,0.6247,0.0498,0.0413,0.55,high
618813,4L Access Controlled Greenfield Section Mancherial Warangal from Narva village at Design Ch. 3.834 Km to Puttapaka village at Design Ch. 35.300 Km Package-I,Ministry of Road Transport & Highways,Roads & Highways,Telangana,1127.9,1104.27,110.86,9.0,10.04,1.04,-2.1,0.874,0.8343,0.0388,0.55,high
618812,4L Access Controlled Greenfield Section Mancherial Warangal from Puttapaka village at Design Ch. 35.300 Km to Pangidipalle village at Design Ch. 72.350 KmPackage-II,Ministry of Road Transport & Highways,Roads & Highways,Telangana,1129.33,1145.41,78.94,6.3,6.89,0.59,1.42,0.6247,0.7682,0.0307,0.55,high
618935,4L Ambala - Kalaamb from Km. -0.800 to Km. 33.015 of old NH-72,Ministry of Road Transport & Highways,Roads & Highways,"Multi-States (Haryana, Punjab)",1183.7,1190.34,452.48,100.0,38.01,-61.99,0.56,1.5,0.8961,0.0873,0.5321,high
618481,4L Bangalore-Chennai Expressway from Km. 230.000 to Km. 261.705 of Kanchepuram to Sriperumbudur Section Phase-III/Package-IV,Ministry of Road Transport & Highways,Roads & Highways,Tamil Nadu,3605.73,3605.73,903.19,83.45,25.05,-58.4,0.0,1.5,0.959,0.0731,0.5603,high
618923,4L Behsuma at Km 39.250 Ex. Km 39240 To Bijnor at Km 78.810 Ex. Km 86590 Design Length 39.560 Km of NH-119 Pkg-II,Ministry of Road Transport & Highways,Roads & Highways,Uttar Pradesh,2158.2,2553.12,694.43,65.21,27.2,-38.01,18.3,1.1671,0.9256,0.0735,0.5421,high
618792,4L Bhiwani-Hansi road section of NH-148B,Ministry of Road Transport & Highways,Roads & Highways,Haryana,1330.23,1144.21,440.38,99.5,38.49,-61.01,-13.98,1.3735,0.8773,0.0671,0.5127,high
618623,4L Boregaon Buzurg to Shahpur Pkg I of Boregaon Buzurg to Muktainagar of NH 753L,Ministry of Road Transport & Highways,Roads & Highways,Madhya Pradesh,1504.37,1132.34,501.44,86.2,44.28,-41.92,-24.73,1.3457,0.9038,0.0606,0.5244,high
618914,"4L Elevated Corridor and at-grade improvements from Design Ch0000 to Design Ch 19870 of Danapur Bihta Section, Design Ch0000 to Design Ch0231 connecting the existing RoB near Danapur station ,1.35 Km ramps and at-grade improvements to 4- lane section on Danapur side and Upgradation of existing Two lane carriageway to Four Lane carriageway from Design Ch19870 to Design Ch23500 of Bihta - Koilwar section",Ministry of Road Transport & Highways,Roads & Highways,Bihar,4432.97,2625.4,1371.21,54.99,52.23,-2.76,-40.78,0.9989,0.8364,0.0382,0.4772,medium
618570,4L Elevated Highway and at grade improvements at Gopalganj Town from Km. 384.000 to Km. 386.750 on NH-27,Ministry of Road Transport & Highways,Roads & Highways,Bihar,325.57,248.92,225.44,99.78,90.57,-9.21,-23.54,1.5,0.8737,0.0587,0.5069,high
618841,4L Elevated Section and at-grade improvements at Begusarai town Simaria - Khagaria section from Km. 221.047 to Km. 225.302 of NH-31,Ministry of Road Transport & Highways,Roads & Highways,Bihar,491.04,348.38,342.96,93.88,98.44,4.56,-29.05,1.5,0.9181,0.0615,0.5326,high
618736,4L Elevated corridor of Kalimandir-Dimna Chowk-Baliguma Jamshedpur Section of NH-33 New NH-18 from km 241940 to km 251961 Length 10.021 km,Ministry of Road Transport & Highways,Roads & Highways,Jharkhand,936.26,832.2,281.39,43.21,33.81,-9.4,-11.11,0.8002,0.8138,0.0274,0.46,medium
618705,"4L Godibandha to Ballhar Chhak, Ballhar Chhak to Banarpal & Banarpal to Start of Angul bypass at Km.314.130 to Km.321.035 of NH53, at Km.75.200 to Km.84.000 of NH149 & at Km.84.000 to Km.86.100 of NH55",Ministry of Road Transport & Highways,Roads & Highways,Odisha,973.12,973.12,153.23,1.5,15.75,14.25,0.0,0.289,0.2538,0.0329,0.1544,low
618566,4L Green Field Northern East side Gorakhpur Bypass 26.616 Kms starting from NH- 29E Chainage 83.308 and end at NH-28 Chainage 285.100,Ministry of Road Transport & Highways,Roads & Highways,Uttar Pradesh,1973.98,1244.44,955.14,68.95,76.75,7.8,-36.96,1.3311,0.944,0.1435,0.5838,high
618741,4L Greenfield Alignment from Kalyanapur to Tal Dashraha of NH-119D Pkg-III,Ministry of Road Transport & Highways,Roads & Highways,Bihar,1857.58,1969.3,416.74,32.17,21.16,-11.01,6.01,1.5,0.9673,0.0731,0.5649,high
618739,4L Greenfield Alignment of Amas to Shivrampur from 0.000 Km. to 55.002 Km. of NH 119 D Pkg-I,Ministry of Road Transport & Highways,Roads & Highways,Bihar,1390.92,1427.43,341.86,45.35,23.95,-21.4,2.62,1.5,0.9508,0.0726,0.5556,high
618740,4L Greenfield Alignment of Shivrampur to Ramnagar from Km. 55.002 to Km. 109.300 of NH 119 D Pkg-II,Ministry of Road Transport & Highways,Roads & Highways,Bihar,1494.31,1546.07,264.72,43.6,17.12,-26.48,3.46,1.5,0.9466,0.0726,0.5533,high
618788,4L Greenfield Jalbhera Shahbad section from km. 0.000 to km. 22.850 of NH-152G,Ministry of Road Transport & Highways,Roads & Highways,Haryana,927.22,1173.66,367.54,87.05,31.32,-55.73,26.58,1.5,0.9407,0.0681,0.548,high
618807,"4L Greenfield Road connecting North and South industrial cluster of Khandaleru Creek near Krishnapatnam port at Thamminapatnam to Mollur from Km 0.0 to Km 16.046, Part I & 6L extension of dedicated port road of NH-67 Km 18.0 to Km 19.3, Part II",Ministry of Road Transport & Highways,Roads & Highways,Andhra Pradesh,609.43,559.98,505.16,78.62,90.21,11.59,-8.11,1.4979,0.976,0.2714,0.6589,high
618654,4L Greenfield Rudhi to Deshgaon Pkg V of Betul-Khandwa/Deshgaon,Ministry of Road Transport & Highways,Roads & Highways,Madhya Pradesh,521.21,469.68,196.17,63.62,41.77,-21.85,-9.89,1.4569,0.8852,0.0389,0.5044,high
618911,4L Greenfield Western Side spur of Rampur-Rudrapur Section from Km 0.000 to Km 13.700 connecting NH-24 to NH-87 bypassing rampur town,Ministry of Road Transport & Highways,Roads & Highways,Uttar Pradesh,646.27,637.83,166.33,63.79,26.08,-37.71,-1.31,1.5,0.925,0.0687,0.5397,high
618760,4L Greenfield a Malout bypass from ch. Km 44.500 to ch. Km 35.500 on NH-07 and Ch. Km 0.000 to Km 6.984 on NH-09 bMandi Dabwali Bypass from Ch. 38.450 Km to Km 27.910 Pkg-02,Ministry of Road Transport & Highways,Roads & Highways,"Multi-States (Haryana, Punjab)",646.42,556.09,549.2,98.0,98.76,0.76,-13.97,1.5,0.944,0.1264,0.5761,high
619063,4L Greenfield spur from Delhi-Vadodara Greenfield expressway near Bandikui to Jaipur,Ministry of Road Transport & Highways,Roads & Highways,Rajasthan,1636.15,2170.39,1205.29,100.0,55.53,-44.47,32.65,1.5,0.8888,0.2045,0.5808,high
618917,4L Greenfield starting from NH-30 near Saristabad Patna to Nathupur Project end point of Patna-Gaya-Dobhi Section of NH-83,Ministry of Road Transport & Highways,Roads & Highways,Bihar,488.24,419.66,82.7,80.83,19.71,-61.12,-14.05,1.5,0.9443,0.0319,0.5338,high
619093,4L Ismailabad to Ambala Section of NH-152 Lot-4/Package-1,Ministry of Road Transport & Highways,Roads & Highways,"Multi-States (Haryana, Punjab)",609.32,454.34,169.1,70.83,37.22,-33.61,-25.43,1.3735,0.9142,0.0537,0.5269,high
618867,4L Kasganj-Badaun Section from Km. 123.100 to Km. 179.500 Pkg-III of NH530B,Ministry of Road Transport & Highways,Roads & Highways,Uttar Pradesh,2009.11,1936.61,191.05,28.21,9.87,-18.34,-3.61,0.6671,0.604,0.0229,0.3425,medium
618834,4L Kodinar - Veraval Package VI from km. 222.400 to km. 230.00 Kodinar Bypass of NH-8E NH 51 new,Ministry of Road Transport & Highways,Roads & Highways,Gujarat,162.73,192.01,174.82,100.0,91.05,-8.95,17.99,1.5,0.9261,0.7459,0.845,critical
619292,4L Medinipur to Ballupur from Km. 458.65 to Km. 487.65 of NH-07Pkg-2,Ministry of Road Transport & Highways,Roads & Highways,Uttarakhand,1092.9,1072.5,715.36,93.9,66.7,-27.2,-1.87,1.5,0.9069,0.1947,0.5864,high
618588,4L Mitigation Measure structures on CH/MH Border to Wainganga Bridge Section of NH-6 New NH-53,Ministry of Road Transport & Highways,Roads & Highways,Maharashtra,540.24,468.92,464.26,99.79,99.01,-0.78,-13.2,1.5,0.898,0.0703,0.5255,high
618901,4L PS Divided Carriageway from Patan Near Rajpur to Gojariya From Km 52.000 to Km 128.940 of NH-68,Ministry of Road Transport & Highways,Roads & Highways,Gujarat,1181.34,1098.23,876.25,84.7,79.79,-4.91,-7.04,1.5,0.9698,0.1718,0.6107,high
618759,4L PS Mydukur - Badvel from Km 585.820 to Km 630.960 of NH-67,Ministry of Road Transport & Highways,Roads & Highways,Andhra Pradesh,1063.57,1103.87,502.6,90.4,45.53,-44.87,3.79,1.4979,0.9229,0.1115,0.5578,high
618881,4L PS bijni to mandi section from Km 202.815 to Km 208.000 of NH-20 New NH-154 of Pathankot-Mandi Package-VB,Ministry of Road Transport & Highways,Roads & Highways,Himachal Pradesh,1113.02,1112.39,335.79,27.8,30.19,2.39,-0.06,0.5996,0.8061,0.0328,0.4581,medium
618931,4L PS from Ch. 179.780 in Bitada/Movi Village to Ch. 208.900 in Nasarpore Village of NH-56 Pkg-V,Ministry of Road Transport & Highways,Roads & Highways,Gujarat,764.02,566.96,25.82,2.6,4.55,1.95,-25.79,0.4151,0.492,0.0206,0.55,high
618930,4L PS from Ch. 94.030 in Jabugam Village to Ch. 132.320 in Dhamasiya Village of NH-56 Pkg-III,Ministry of Road Transport & Highways,Roads & Highways,Gujarat,1188.46,898.0,79.04,13.98,8.8,-5.18,-24.44,0.4151,0.7641,0.024,0.4311,medium
618891,4L PS from Kalar Bala Village to Nauni Chowk of NH 205 from Km 41.000 to Km 58.450,Ministry of Road Transport & Highways,Roads & Highways,Himachal Pradesh,1244.43,786.91,80.72,20.95,10.26,-10.69,-36.77,0.6671,0.6139,0.0243,0.3486,medium
618919,4L PS from Mandlem Existing Km. 38.000/Design Km.30.600 to Atmakur Existing Km.73.000/Design Km 66.115 of NH340C Package2,Ministry of Road Transport & Highways,Roads & Highways,Andhra Pradesh,887.28,913.03,374.39,99.94,41.01,-58.93,2.9,1.4145,0.8757,0.0662,0.5114,high
618871,4L PS from Near Guddehosur to Start of Kushalnagara Bypass to near Hemmige Village Periyapatna - Hassan Road Jn from Km. 122.200 to Km. 144.900 of NH-275 Pkg. II,Ministry of Road Transport & Highways,Roads & Highways,Karnataka,909.86,896.42,32.64,7.18,3.64,-3.54,-1.48,0.374,0.8604,0.0236,0.4838,medium
618870,4L PS from near Hemmige Village Periyapatna - Hassan Road Jn. to near Hunsur - KR Nagar Jn section from Km. 144.900 to Km. 169.000 of NH-275 Pkg. III,Ministry of Road Transport & Highways,Roads & Highways,Karnataka,883.62,1726.65,61.05,20.1,3.54,-16.56,95.41,0.7082,0.6123,0.0251,0.348,medium
618872,4L PS from near Hunsur - KR Nagar Junction to near Yalachahalli village KR Nagara - Yelawala Road Junction fcrom Km 169.000 to Km 195.550 of NH-275 Pkg-IV,Ministry of Road Transport & Highways,Roads & Highways,Karnataka,1062.76,952.03,93.08,14.85,9.78,-5.07,-10.42,0.7082,0.8568,0.0314,0.4854,medium
618873,4L PS from near Yalachahalli village KR Nagara - Yelawala Road junction to Srirangapatna Bypass Near Paschima Vahini from km 195.550 to Km 214.535 of NH- 275 Pkg-V,Ministry of Road Transport & Highways,Roads & Highways,Karnataka,1272.71,1203.2,97.43,13.05,8.1,-4.95,-5.46,0.7082,0.8482,0.031,0.4804,medium
619080,4L PS of Ambala Ring Road of New NH-44,Ministry of Road Transport & Highways,Roads & Highways,Haryana,1093.35,1225.41,429.79,79.34,35.07,-44.27,12.08,1.4569,0.9255,0.0927,0.5508,high
618791,4L PS under NH configuration of Manikpur-Sahebganj of NH-139W,Ministry of Road Transport & Highways,Roads & Highways,Bihar,1538.76,1538.76,95.18,17.16,6.19,-10.97,0.0,0.3462,0.607,0.021,0.3433,medium
619291,4L Poanta SahebMednipur from Km. 435.65 to km. 458.65 of NH-07Pkg-1,Ministry of Road Transport & Highways,Roads & Highways,"Multi-States (Himachal Pradesh, Uttarakhand)",524.54,657.32,253.88,94.25,38.62,-55.63,25.31,1.5,0.8808,0.0436,0.5041,high
618959,4L Prayagraj Greenfield By-pass from design Km 50860 near Nibi Kala Uperhar to design Km 64763 on NH-19 near Khodaypur Kasgaon including Interchange loop at NH-19,Ministry of Road Transport & Highways,Roads & Highways,Uttar Pradesh,1017.99,427.54,406.6,100.0,95.1,-4.9,-58.0,1.5,0.9387,0.0856,0.5548,high
618541,4L Ring road/bypass around Srinagar city from km 0.000 to km 42.100 Phase-I,Ministry of Road Transport & Highways,Roads & Highways,Jammu and Kashmir,2919.96,2604.76,1770.97,87.0,67.99,-19.01,-10.79,1.5,0.9544,0.1515,0.5931,high
619101,4L Shahpur to Muktainagar from Km. 186.000 to km 216.278 of NH 753L Pkg II of Boregaon Buzurg to Muktainagar,Ministry of Road Transport & Highways,Roads & Highways,"Multi-States (Madhya Pradesh, Maharashtra)",784.35,659.52,299.09,64.0,45.35,-18.65,-15.92,1.2507,0.9069,0.0618,0.5266,high
618761,4L Spur of Meerut-Garh-Mukteshwar section connecting NH-119 and NH-58 bypassing Meerut Town of NH 709 A,Ministry of Road Transport & Highways,Roads & Highways,Uttar Pradesh,991.89,977.73,815.91,95.22,83.45,-11.77,-1.43,1.5,0.9517,0.1267,0.5805,high
618770,4L Spur of Panipat - Shamli connecting NH-709AD Panipat Shamli Muzaffarnagar and NH-709A Karnal Meerut bypassing Shamli district UP,Ministry of Road Transport & Highways,Roads & Highways,Uttar Pradesh,516.16,273.42,232.93,74.23,85.19,10.96,-47.03,1.5,0.9217,0.0606,0.5342,high
618852,4L Sundar Nagar Bypass from Km.173.900 to Km.179.600 of NH-21,Ministry of Road Transport & Highways,Roads & Highways,Himachal Pradesh,191.11,192.11,182.17,100.0,94.83,-5.17,0.52,1.5,0.9226,0.2743,0.6308,high
619218,4L Tumkur-Shimoga Pkg-I from Mallasandra to Karadi village of NH-206 from Km. 12.300 to Km. 65.195,Ministry of Road Transport & Highways,Roads & Highways,Karnataka,1364.14,1692.12,552.09,100.0,32.63,-67.37,24.04,1.5,0.8858,0.0875,0.5266,high
618662,4L Vidisha Gyaraspur section of NH-146 from Design Chainage km 59475 existing chainage km 81240 to Design Chainage km 88361 existing chainage km 110.315,Ministry of Road Transport & Highways,Roads & Highways,Madhya Pradesh,980.2,980.2,0.81,1.7,0.08,-1.62,0.0,0.2503,0.3638,0.0272,0.2123,low
618868,4L from Devinagar Bypass End Existing Km. 208.000 of NH 530B/Design Km. 66.000 to Kasganj Bypass End Existing Km.150.100 of NH 530B/ Design Km. 123.100 of NH 530B,Ministry of Road Transport & Highways,Roads & Highways,Uttar Pradesh,2289.52,2223.71,486.52,62.48,21.88,-40.6,-2.87,1.1247,0.9466,0.0669,0.5508,high
618865,4L from Gaju Village at Km. 32.982 to Devinagar Bypass End at Km. 208.000 of NH- 530B Pkg-1C.,Ministry of Road Transport & Highways,Roads & Highways,Uttar Pradesh,1384.79,1496.44,823.04,99.99,55.0,-44.99,8.06,1.5,0.894,0.1343,0.5521,high
618830,4L from Km 147.450 Bhogu to Km 196.870 Sankha on NH-75 Sec-III,Ministry of Road Transport & Highways,Roads & Highways,Jharkhand,1517.87,1652.09,991.9,76.95,60.04,-16.91,8.84,1.4145,0.9522,0.164,0.5975,high
618828,4L from Km 219.600 Khajuri to Km 260.483 Wyndhamganj on NH-75 Sec-V,Ministry of Road Transport & Highways,Roads & Highways,"Multi-States (Jharkhand, Uttar Pradesh)",1436.49,1465.55,830.18,92.02,56.65,-35.37,2.02,1.4979,0.9205,0.1346,0.5668,high
618832,4L from Km 55.00 Kuru to Km 95.400 Udaipura on NH-75 Sec-I,Ministry of Road Transport & Highways,Roads & Highways,Jharkhand,1274.82,1274.82,41.83,5.0,3.28,-1.72,0.0,0.3315,0.654,0.0226,0.3698,medium
618831,4L from Km 95.400 Udaipura to Km 147.450 Bhogu on NH-75 Sec-II,Ministry of Road Transport & Highways,Roads & Highways,Jharkhand,1436.8,1301.54,200.87,26.6,15.43,-11.17,-9.41,0.9575,0.6156,0.0384,0.3559,medium
618864,4L from Mathura Bypass Start at Existing Km. 154.20 of NH-44 to Gaju Village at Km 32.982 of NH-530B Pkg-IB,Ministry of Road Transport & Highways,Roads & Highways,Uttar Pradesh,1722.11,1820.77,1049.87,99.9,57.66,-42.24,5.73,1.5,0.894,0.1596,0.5635,high
618661,4L from km 0.000 to 42.040 Bhopal Ratnaigiri Tiraha to Vidisha Morikodi,Ministry of Road Transport & Highways,Roads & Highways,Madhya Pradesh,1032.3,1038.18,44.78,8.96,4.31,-4.65,0.57,0.4151,0.8685,0.0276,0.4901,medium
618829,4L from km 196.87 Sankha to km 219.6 Khajuri on NH-75 [Rehla / Garhwa Bypass],Ministry of Road Transport & Highways,Roads & Highways,Jharkhand,1129.48,1129.48,527.11,93.45,46.67,-46.78,0.0,1.5,0.9281,0.1068,0.5585,high
619073,4L of 42.000 to km 80.00 of Dodaballapur Bypass to Hoskote section of NH-648 Old NH-207 [Bangalore Ring Road Pkg 2],Ministry of Road Transport & Highways,Roads & Highways,Karnataka,1317.74,1846.52,1026.9,99.2,55.61,-43.59,40.13,1.5,0.934,0.162,0.5866,high
618702,4L of Addahole Near Gundya to Bantwal Cross section Pkg-02 from Design Km 270.270 to Design km 318.55 including flyover at Kalladka Town including approaches from Km. 311.57 to Km. 313.67 of NH-75 Old NH-48,Ministry of Road Transport & Highways,Roads & Highways,Karnataka,1660.19,1318.24,1358.81,94.21,103.08,8.87,-20.6,1.5,0.9627,0.2062,0.6223,high
618906,4L of Amritsar-Ghoman - Tanda - Una Section from Km 8.270 to Km 54.000 of NH- 503A Package-I,Ministry of Road Transport & Highways,Roads & Highways,Punjab,857.91,1443.47,517.34,67.1,35.84,-31.26,68.25,1.5,0.9329,0.1351,0.5739,high
618779,4L of Aurangabad-Paithan,Ministry of Road Transport & Highways,Roads & Highways,Bihar,1505.0,349.96,305.59,96.5,87.32,-9.18,-76.75,1.5,0.9674,0.0705,0.5638,high
618583,4L of Bahadurganj Araria section from Km 49.000 to Km 94.000 Package-II of NH- 327E,Ministry of Road Transport & Highways,Roads & Highways,Bihar,1358.77,1358.77,713.95,100.0,52.54,-47.46,0.0,1.5,0.8891,0.1373,0.5507,high
619147,4L of Bal Works of Mahuva to Kagvadar from 100.450 Km. to 140.470 Km. of NH-8E Pkg- III,Ministry of Road Transport & Highways,Roads & Highways,Gujarat,603.08,628.49,624.41,99.71,99.35,-0.36,4.21,1.5,0.9476,0.5469,0.7673,critical
618835,4L of Bal Works of Talaja - Mahuva from 54.990 km. to 100.450 km. of Old NH-8E Package-II,Ministry of Road Transport & Highways,Roads & Highways,Gujarat,698.4,735.51,418.41,100.0,56.89,-43.11,5.31,1.5,0.8331,0.1247,0.5143,high
618915,4L of Bal. works of Patna - Gaya -Dobhi Pkg-II from km. 39.00 to km. 83.00 of Old NH- 83,Ministry of Road Transport & Highways,Roads & Highways,Bihar,1637.29,777.2,728.91,89.01,93.79,4.78,-52.53,1.5,0.9589,0.0841,0.5653,high
618916,4L of Bal. works of Patna - Gaya -Dobhi Pkg-III from km. 83.00 to km. 127.217 of Old NH-83,Ministry of Road Transport & Highways,Roads & Highways,Bihar,1077.46,799.7,774.78,92.0,96.88,4.88,-25.78,1.5,0.9458,0.1653,0.5946,high
618941,4L of Bamni - Rajura - Warur - Devada upto M.S. Border of NH - 930D from km 19.000 to km 51.985,Ministry of Road Transport & Highways,Roads & Highways,"Multi-States (Maharashtra, Telangana)",968.05,1187.19,599.67,68.15,50.51,-17.64,22.64,1.2507,0.9577,0.1537,0.5959,high
619163,4L of Baramati to Indapur Pkg-II from km. 41.400 to km. 84.550 of NH-965G Saint Tukaram Marg,Ministry of Road Transport & Highways,Roads & Highways,Maharashtra,1471.32,1297.48,927.1,86.2,71.45,-14.75,-11.82,1.5,0.9313,0.1666,0.5872,high
618782,4L of Bareilly-Pilibhit-Sitarganj from Km. 0.000 to Km. 32.500 of NH-30 Pkg-1,Ministry of Road Transport & Highways,Roads & Highways,Uttar Pradesh,1394.14,1394.14,561.53,58.86,40.28,-18.58,0.0,1.2507,0.9539,0.0634,0.5532,high
618949,4L of Basukinath- Deoghar Section of NH-114A,Ministry of Road Transport & Highways,Roads & Highways,Jharkhand,1444.94,1553.76,648.92,86.44,41.76,-44.68,7.53,1.3735,0.9315,0.0816,0.549,high
618809,4L of Beas-Mehta-Batala-Dera Baba Nanak from intersection with Jalandhar-Amritsar Highway NH-3 near Beas till start of Batala Bypass near Village Acchhal from Km. 0.000 to Km. 31.300 Pkg-1,Ministry of Road Transport & Highways,Roads & Highways,Punjab,809.51,966.99,499.54,65.99,51.66,-14.33,19.45,1.5,0.9562,0.1639,0.5997,high
618887,4L of Bettadahalli- Shivamogga section from Km.170.415 to km. 226.750 of NH-206 Tumkur- Shivamogga Pkg-IV,Ministry of Road Transport & Highways,Roads & Highways,Karnataka,2082.98,2545.11,865.7,82.88,34.01,-48.87,22.19,1.5,0.9322,0.0869,0.5518,high
618889,"4L of Bhangbar Near Ranital to Kangra Bypass Section of Old NH-88 New NH- 303,503 up to Intersection with NH-154 from Km 175.270 to Km 193.400 Pkg-VB",Ministry of Road Transport & Highways,Roads & Highways,Himachal Pradesh,1322.95,1829.49,824.55,97.45,45.07,-52.38,38.29,1.5,0.9195,0.1827,0.5879,high
619148,4L of Bhavnagar - Talaja Package-I from Km. 6.945 to Km. 54.990 of Old NH-8E,Ministry of Road Transport & Highways,Roads & Highways,Gujarat,1185.66,1343.16,53.18,100.0,3.96,-96.04,13.28,1.5,0.9094,0.1207,0.5545,high
618639,4L of Bilaspur to Urga km 0.00 to 70.2 of NH-130A,Ministry of Road Transport & Highways,Roads & Highways,Chhattisgarh,1855.59,2523.86,1290.88,94.81,51.15,-43.66,36.01,1.5,0.9299,0.1675,0.5868,high
618962,4L of Budhni to Shahganj Bypass End Package-III of NH-146B from Km. 73.750 to Km. 102.000,Ministry of Road Transport & Highways,Roads & Highways,Madhya Pradesh,1102.97,770.21,65.45,18.4,8.5,-9.9,-30.17,0.5411,0.825,0.0231,0.4641,medium
618735,4L of Chandesara to Khedakhajuriya from Km. 0.000 to - 750 & Km 0.000 to km 41.400 of NH-148NG Pkg-I,Ministry of Road Transport & Highways,Roads & Highways,Madhya Pradesh,909.84,976.55,436.44,99.0,44.69,-54.31,7.33,1.5,0.9167,0.0922,0.5456,high
619214,4L of Channarayapatna Bypass and Hassan Bypass with structures in Devihalli - Hassan section,Ministry of Road Transport & Highways,Roads & Highways,Karnataka,688.0,684.54,586.06,82.34,85.61,3.27,-0.5,1.5,0.9717,0.2605,0.6516,high
618668,4L of Chowka to Kaimaha near MP/UP Border section NH-34 from D. Ch. 145.000 to D. Ch. 197.266 excluding existing Chhatarpur bypass from D. Ch. 160.307 to D. Ch. 168.630 Package-4,Ministry of Road Transport & Highways,Roads & Highways,"Multi-States (Madhya Pradesh, Uttar Pradesh)",996.5,846.68,162.84,30.89,19.23,-11.66,-15.03,0.4986,0.6314,0.0207,0.3566,medium
618616,4L of Dhrol bypass section of NH-151A Approx. length 5.7 Km & widening upto 4 laning of missing link of Amran section of NH-151A Approx. length 6.55 Km from existing Ch. 42000 to 48500 of ongoing Dhrol-Bhadra-Pipaliya section of NH-151A,Ministry of Road Transport & Highways,Roads & Highways,Gujarat,625.58,455.54,113.54,26.0,24.92,-1.08,-27.18,0.789,0.8111,0.0262,0.4579,medium
619137,4L of Dwarka-Khambaliya-Devariya section from km 203.500 to km 176.500 and from km 171.800 to km 125.000 of NH-151A,Ministry of Road Transport & Highways,Roads & Highways,Gujarat,1024.69,1753.95,882.1,100.0,50.29,-49.71,71.17,1.5,0.8735,0.1709,0.5573,high
618793,4L of Fazilka to Abohar section of NH-07 including construction of Greenfield Abohar & Fazilka Bypasses,Ministry of Road Transport & Highways,Roads & Highways,Punjab,1409.88,1674.04,569.17,60.0,34.0,-26.0,18.74,1.2082,0.9402,0.0676,0.5476,high
618582,4L of Galgalia - Bahadurganj section from Km 0.000 to Km 49.000 Package-I of NH327E,Ministry of Road Transport & Highways,Roads & Highways,Bihar,1282.97,1282.97,599.36,100.0,46.72,-53.28,0.0,1.5,0.8728,0.1259,0.5367,high
618645,4L of Gola-BokaroJaina More section from Km 53.600 to Km 21.110 of NH-320PKG-1,Ministry of Road Transport & Highways,Roads & Highways,Jharkhand,1007.97,1030.64,437.79,78.1,42.48,-35.62,2.25,1.5,0.9146,0.0885,0.5429,high
619127,4L of Greenfield Alignment from Km. 47.000 to Km. 89.210 of Balbhadarpur to Bela Nawda Section of NH-119D,Ministry of Road Transport & Highways,Roads & Highways,Bihar,2185.75,2118.46,373.63,24.67,17.64,-7.03,-3.08,1.2507,0.9672,0.0652,0.5613,high
618776,4L of Greenfield section from Sirhind to Mohali,Ministry of Road Transport & Highways,Roads & Highways,Punjab,1237.65,1301.15,979.97,88.82,75.32,-13.5,5.13,1.5,0.9688,0.1886,0.6177,high
619153,4L of HP/Punjab Border - Mo from km. 11.00 to km. 42.00 of Old NH-20 New NH-154 Package-IA,Ministry of Road Transport & Highways,Roads & Highways,Himachal Pradesh,1002.11,1363.04,537.04,60.06,39.4,-20.66,36.02,1.5,0.9541,0.1459,0.5904,high
619317,4L of Hajipur-Muzaffarpur Section of the existing NH-77 from Km. 0000 Ramashish Chowk to Km. 46300 and new bypass starting at Km. 46300 and connecting NH-28 of E-W Corridor at Km. 515045,Ministry of Road Transport & Highways,Roads & Highways,Bihar,2723.39,2906.78,26.74,99.45,0.92,-98.53,6.73,1.5,0.8493,0.0757,0.5012,high
618875,4L of Haridwar Nagina section Design Ch. LME from km 13.829 to km 17.110 & km 26.077 to km 27.508 and Design Ch. RME from km 13.839 to km 17.120 & km 26.078 to km 27.509 of EUP mitigation measures on NH74,Ministry of Road Transport & Highways,Roads & Highways,Uttarakhand,183.92,142.11,102.18,70.42,71.9,1.48,-22.73,1.5,0.9424,0.0617,0.5461,high
619217,4L of Haridwar-Nagina section from km. 0.00 to km. 71.614 of NH-74,Ministry of Road Transport & Highways,Roads & Highways,"Multi-States (Uttar Pradesh, Uttarakhand)",1659.12,1622.49,822.5,97.64,50.69,-46.95,-2.21,1.5,0.9272,0.1083,0.5587,high
619121,4L of Hubli - Hospet Section of NH-63 from Km 128.850 to Km 272.571,Ministry of Road Transport & Highways,Roads & Highways,Karnataka,2531.99,3619.32,1360.9,99.65,37.6,-62.05,42.94,1.5,0.88,0.114,0.5353,high
618557,4L of Indora Chowk to Pachpaoli and Agrasen Chowk - Ashoka Chowk,Ministry of Road Transport & Highways,Roads & Highways,Maharashtra,1038.84,918.53,658.44,81.77,71.68,-10.09,-11.58,1.0854,0.6013,0.1547,0.4003,medium
618622,4L of Indore - Boregaon Pkg-III [Balwara to Dhangaon] from km. 42.260 to km. 82.660 of NH347BG & 753L,Ministry of Road Transport & Highways,Roads & Highways,Madhya Pradesh,1001.69,888.81,698.97,89.0,78.64,-10.36,-11.27,1.5,0.9544,0.1517,0.5932,high
619092,4L of Jind-Gohana road Package-1 from km. 0.00 to km. 40.601 of NH-352 A under NHO,Ministry of Road Transport & Highways,Roads & Highways,Haryana,994.22,1606.82,623.68,99.97,38.81,-61.16,61.62,1.5,0.828,0.1679,0.531,high
618633,4L of Kadapa China Orampadu section of NH-716 Package I of Kadapa-Renigunta section,Ministry of Road Transport & Highways,Roads & Highways,Andhra Pradesh,1732.66,1732.66,0.03,0.0,0.0,0.0,0.0,0.2503,0.0686,0.041,0.0562,low
618765,4L of Karimnagar-Warangal section from km 49.500 to km 117.820 of NH-563,Ministry of Road Transport & Highways,Roads & Highways,Telangana,2146.86,2486.51,961.92,92.4,38.69,-53.71,15.82,1.5,0.919,0.0744,0.5389,high
618838,4L of Karwar Km. 281.980 of NH-62 Nagaur road to Dangiyavas of Jodhpur Ring Road Pkg-II,Ministry of Road Transport & Highways,Roads & Highways,Rajasthan,736.75,512.77,400.17,99.0,78.04,-20.96,-30.4,1.5,0.9093,0.0941,0.5424,high
618921,4L of Kathlighat to Shakral Village from Km 128.835 to Km 146.300 of NH- 5 Shimla Bypass - Pkg I,Ministry of Road Transport & Highways,Roads & Highways,Himachal Pradesh,1703.48,2648.8,980.87,54.0,37.03,-16.97,55.49,1.1387,0.9787,0.1391,0.6009,high
618584,4L of Kishanganj - Bahadurganj section from Km. 0.000 to Km. 23.649 & interchange at Start Point Length - 1.200 Km of NH-27,Ministry of Road Transport & Highways,Roads & Highways,"Multi-States (Bihar, West Bengal)",962.84,855.56,60.94,9.21,7.12,-2.09,-11.14,0.374,0.8615,0.0213,0.4834,medium
618545,"4L of Km.165.092 to Km.171.855 North Bound and from Km.166.895 to Km.173.638 South Bound, excl. certain reaches of North Bound and South Bound of Ramban to Banihal Pkg-III of Old NH-1A New NH-44",Ministry of Road Transport & Highways,Roads & Highways,Jammu and Kashmir,614.48,444.76,257.32,42.8,57.86,15.06,-27.62,1.5,0.9679,0.1346,0.593,high
618945,4L of Kodad Design Km 0.00/Existing Km 185.00 of NH-65 to Khammam Design Km 31.800/Existing Km 29.400 of NH-365A,Ministry of Road Transport & Highways,Roads & Highways,Telangana,1149.17,1606.99,787.84,99.98,49.03,-50.95,39.84,1.5,0.8702,0.18,0.5596,high
618709,4L of Left-Over Works of Hospet-Bellary -Karnataka/AP border from Km.280.080 Dec.Ch. to Km.375450Des.Ch. of NH-63 New-67,Ministry of Road Transport & Highways,Roads & Highways,Karnataka,1340.15,992.6,897.67,91.45,90.44,-1.01,-25.93,1.5,0.9383,0.1797,0.5969,high
618778,4L of Madanapalle to Pileru Section from Km 0.000 to Km 55.900 of NH-71Package-I,Ministry of Road Transport & Highways,Roads & Highways,Andhra Pradesh,1877.47,1994.1,1145.97,94.9,57.47,-37.43,6.21,1.5,0.9254,0.1548,0.5786,high
618894,4L of Madathukulam - Pollachi from km. 74.38 to km. 116.95 of old NH-209 New NH- 83,Ministry of Road Transport & Highways,Roads & Highways,Tamil Nadu,1772.13,1772.13,499.6,91.84,28.19,-63.65,0.0,1.5,0.9286,0.0714,0.5428,high
618563,4L of Madurai Ring Road Phase 1 [Vadipatti-Thamrapatti] from km 0.00 - km 29.960,Ministry of Road Transport & Highways,Roads & Highways,Tamil Nadu,900.05,900.05,669.19,97.8,74.35,-23.45,0.0,1.5,0.9228,0.1382,0.5697,high
618946,4L of Mehgama - Hansdiha from km. 41.900 to km. 93.000 of NH -133A Pkg-II,Ministry of Road Transport & Highways,Roads & Highways,Jharkhand,1479.72,1568.18,878.2,99.5,56.0,-43.5,5.98,1.5,0.8945,0.1399,0.555,high
618929,4L of Moradabad western side spur connecting NH-734 & NH-24 from Km. 0.000 to Km. 33.200 Pkg-I,Ministry of Road Transport & Highways,Roads & Highways,Uttar Pradesh,1841.92,1843.54,982.74,76.9,53.31,-23.59,0.09,1.4979,0.9228,0.1193,0.5612,high
618927,4L of Moradabad-Thakurdwara-Kashipur Section from Km. 0.000 to Km. 38.77 of NH- 734 Pkg-II,Ministry of Road Transport & Highways,Roads & Highways,Uttar Pradesh,2006.82,1890.05,878.74,47.51,46.49,-1.02,-5.82,1.2507,0.9663,0.0934,0.5735,high
619307,4L of Munger Mirzachauki section from Km 157350 to Km 193931 Pkg-4,Ministry of Road Transport & Highways,Roads & Highways,"Multi-States (Bihar, Jharkhand)",1376.56,1481.58,493.65,91.16,33.32,-57.84,7.63,1.5,0.9182,0.0855,0.5435,high
619306,4L of Munger Mirzachauki section from Km 95580 to Km 125000 Pkg-2,Ministry of Road Transport & Highways,Roads & Highways,Bihar,1020.84,1235.65,478.11,93.13,38.69,-54.44,21.04,1.5,0.9186,0.1048,0.5524,high
619289,4L of Munger Mirzachauki section from Munger to Kharia village junction from Km 69520 to Km 95580 Pkg-1,Ministry of Road Transport & Highways,Roads & Highways,Bihar,1659.81,1696.66,506.33,78.09,29.84,-48.25,2.22,1.5,0.9344,0.0716,0.5461,high
619305,4L of Munger Mirzachauki section from start of existing Bhagalpur bypass to Rasulpur from Km 125000 to Km 157350 Pkg-3,Ministry of Road Transport & Highways,Roads & Highways,Bihar,1769.5,2024.59,574.08,75.04,28.36,-46.68,14.42,1.5,0.9384,0.0691,0.5472,high
618947,4L of NH-80 from km 215.00 to km 260.00 Mirza Chauki to Farkka Pkg-I,Ministry of Road Transport & Highways,Roads & Highways,Jharkhand,1504.8,1508.21,804.61,91.83,53.35,-38.48,0.23,1.5,0.9233,0.127,0.565,high
618948,4L of NH-80 section of Mirza Chauki to Farakka section from existing km 190.00 to design km 200.75 junction at km 3.100 of NH 133 B and from existing km 260.00 to existing km 283.00 design km 274.133 in the state of Jharkhand package - II,Ministry of Road Transport & Highways,Roads & Highways,"Multi-States (Jharkhand, West Bengal)",782.18,782.18,22.95,4.3,2.93,-1.37,0.0,0.3019,0.6197,0.0231,0.3512,medium
618937,4L of Nagpur-Katol Section from Km. 13.00 to Km. 62.900 of NH-353J,Ministry of Road Transport & Highways,Roads & Highways,Maharashtra,1166.96,1432.82,971.38,81.54,67.79,-13.75,22.78,1.5,0.98,0.2024,0.6301,high
619162,4L of Najibabad Bypass from Km. 105.423 to Km. 118.373 excluding 2.45 Km. of NH- 74 Bypass of NH-119,Ministry of Road Transport & Highways,Roads & Highways,Uttar Pradesh,578.02,566.9,438.87,100.0,77.42,-22.58,-1.92,1.5,0.8474,0.1339,0.5263,high
618644,4L of Ormanjhi-Gola section from Km 81.450 to Km 53.600 of NH- 320BPKG-II,Ministry of Road Transport & Highways,Roads & Highways,Jharkhand,1214.93,1462.19,837.8,86.57,57.3,-29.27,20.35,1.5,0.9563,0.1346,0.5865,high
618642,4L of Palma to Gumla from km. 26.00 to km. 89.170 of NH-23,Ministry of Road Transport & Highways,Roads & Highways,Jharkhand,1882.93,1895.75,891.94,98.96,47.05,-51.91,0.68,1.5,0.9184,0.1078,0.5537,high
618786,4L of Phagwara - Hoshiarpur,Ministry of Road Transport & Highways,Roads & Highways,Punjab,1196.38,1503.79,160.92,13.97,10.7,-3.27,25.7,0.7507,0.7773,0.0404,0.4457,medium
618777,4L of Pileru to Kalur Section from Km 55.900 to Km 92.800 & Km 94.500 to Km 95.717 of NH-71Package-II,Ministry of Road Transport & Highways,Roads & Highways,Andhra Pradesh,1877.47,592.85,246.22,98.84,41.53,-57.31,-68.42,1.3976,0.9329,0.0732,0.546,high
618910,4L of Purulia Bypass section from Km 84.030 to Km 94.345 of NH-32,Ministry of Road Transport & Highways,Roads & Highways,West Bengal,557.55,562.57,468.78,94.12,83.33,-10.79,0.9,1.5,0.9382,0.092,0.5574,high
618938,4L of Rajura-Korpana-Adilabad Road upto M.S. Border from km 32.910 to km 89.090 of NH-353B,Ministry of Road Transport & Highways,Roads & Highways,"Multi-States (Maharashtra, Telangana)",1013.33,1274.63,630.06,100.0,49.43,-50.57,25.79,1.5,0.8405,0.2024,0.5533,high
618837,4L of Ratnagiri - Kolhapur section from km 112.340 to km 145.300 of NH-166 PkgIII,Ministry of Road Transport & Highways,Roads & Highways,Maharashtra,1939.23,1910.41,458.94,66.45,24.02,-42.43,-1.49,1.5,0.9491,0.0784,0.5573,high
618836,4L of Ratnagiri - Kolhapur section from km 67.140 to km 112.340 of NH-166 Pkg II,Ministry of Road Transport & Highways,Roads & Highways,Maharashtra,1985.38,1798.0,389.68,79.18,21.67,-57.51,-9.44,1.5,0.9467,0.0723,0.5532,high
619149,4L of Ratnagiri - Kolhapur section of NH-166 from km 0.000 to km 19.769 and km 31.000 to km 67.140 Pkg I,Ministry of Road Transport & Highways,Roads & Highways,Maharashtra,1774.03,2108.41,749.83,93.75,35.56,-58.19,18.85,1.5,0.9188,0.0683,0.5361,high
618665,4L of Sagar - Mohari from Km.8 to Km.50 Pkg-I,Ministry of Road Transport & Highways,Roads & Highways,Madhya Pradesh,790.78,660.38,454.77,98.64,68.86,-29.78,-16.49,1.5,0.8806,0.1114,0.5344,high
618952,4L of Sahibganj - Manihari Ganga Bridge including Manihari Bypass,Ministry of Road Transport & Highways,Roads & Highways,"Multi-States (Bihar, Jharkhand)",1954.77,1978.01,1820.63,85.17,92.04,6.87,1.19,1.4888,0.9855,0.3247,0.6881,high
618896,4L of Sannur to Bikarnakatte section from Km 691.350 to Km 736.362 of NH-169 Karkala - Mangalore Package-III,Ministry of Road Transport & Highways,Roads & Highways,Karnataka,1386.41,2038.71,973.31,70.22,47.74,-22.48,47.05,1.5,0.9742,0.257,0.6515,high
618897,4L of Sethiyathope -Cholapuram section from Km. 65.960 to Km. 116.440 section of NH45 C Pkg-II,Ministry of Road Transport & Highways,Roads & Highways,Tamil Nadu,2356.19,2356.9,1011.39,100.0,42.91,-57.09,0.03,1.5,0.8924,0.0839,0.5286,high
618922,4L of Shakral Village to Dhalli Section from Km 146.300 to Km 156.560 Shimla Bypass - Pkg II and Shimla connectivity from Km 0.000 to Km 0.725 of NH-5,Ministry of Road Transport & Highways,Roads & Highways,Himachal Pradesh,1956.26,2880.72,1236.15,63.17,42.91,-20.26,47.26,0.8338,0.5921,0.1593,0.3974,medium
618926,4L of Siwan- Masrakh section of Ram Janki Marg from Km 230.385 to Km 281.391 of NH-227A,Ministry of Road Transport & Highways,Roads & Highways,Bihar,1431.36,1927.04,190.58,10.07,9.89,-0.18,34.63,0.9151,0.8311,0.0381,0.4742,medium
618798,4L of Sonauli - Gorakhpur,Ministry of Road Transport & Highways,Roads & Highways,Uttar Pradesh,2555.5,2275.43,1247.39,84.0,54.82,-29.18,-10.96,1.5,0.9253,0.1253,0.5653,high
618744,4L of Thirumangalam to Vadugapatti section from km 0.000 to km 36.000 of NH-744,Ministry of Road Transport & Highways,Roads & Highways,Tamil Nadu,1076.97,791.6,679.48,95.41,85.84,-9.57,-26.5,1.5,0.9453,0.1846,0.603,high
619219,4L of Tumkur-Shimoga Pkg-II from Km 65.195 Karadi to Km 121.900 Banawara of NH-206,Ministry of Road Transport & Highways,Roads & Highways,Karnataka,1505.85,1989.89,656.52,99.97,32.99,-66.98,32.14,1.5,0.865,0.0691,0.5068,high
618640,4L of Urga - Pathalgaon from Km. 70.200 to km. 157.745 of NH-130A,Ministry of Road Transport & Highways,Roads & Highways,Chhattisgarh,2261.3,2860.36,939.34,72.77,32.84,-39.93,26.49,1.0329,0.5098,0.0528,0.3041,medium
618745,4L of Vadugapatti to Therkuvenganallur Rajapalyam section from km 36.000 to km 71.600 of NH-744,Ministry of Road Transport & Highways,Roads & Highways,Tamil Nadu,1317.6,1137.16,926.56,99.98,81.48,-18.5,-13.69,1.5,0.9177,0.1901,0.5903,high
619209,4L of existing 2/4L stretch from Lonand to Dive Ghat Km 166.400 to Km 220.900 of Mohol Alandi section of NH-965 Pkg - V,Ministry of Road Transport & Highways,Roads & Highways,Maharashtra,1709.56,2049.51,1125.89,98.52,54.93,-43.59,19.89,1.5,0.9193,0.1929,0.5924,high
618810,4L of existing Beas Baba Bakala - Dera Baba Nanak Section from start of Batala Bypass till intersection with Ajnala Gurdaspur Highway NH 354 near Dera Baba Nanak from Km. 31.300 to Km. 69.100 with Additional batala Bypass Pkg-II,Ministry of Road Transport & Highways,Roads & Highways,Punjab,1003.38,993.6,590.84,78.99,59.46,-19.53,-0.97,1.5,0.9296,0.1192,0.5649,high
618520,4L of km 0.00 to km 42.00 of Dobbaspet to Doddaballapura Bypass section of NH-648 old NH-207] [Bangalore Ring Road Pkg 1],Ministry of Road Transport & Highways,Roads & Highways,Karnataka,1438.74,1786.57,1051.89,99.2,58.88,-40.32,24.18,1.5,0.9325,0.189,0.5979,high
618755,4L of left out existing road section from Lalgopalganj Km 161.450 to Nawabganj Km 180.200 in Prayagraj,Ministry of Road Transport & Highways,Roads & Highways,"Multi-States (Rajasthan, Uttar Pradesh)",159.53,100.74,72.27,100.0,71.74,-28.26,-36.85,1.5,0.7781,0.0801,0.464,medium
618608,4L of left-over works including additional structures from Kerala/Tamil Nadu border to Kanyakumari Section from Km 43.0 to Km 96.174 of NH66,Ministry of Road Transport & Highways,Roads & Highways,Tamil Nadu,1564.23,1263.42,907.2,76.1,71.81,-4.29,-19.23,1.5,0.9519,0.1095,0.5728,high
618667,4L of near Satai Ghat to Chowka section of NH-34 from D. Ch. 89.875 to D. Ch. 145.000 Package-3,Ministry of Road Transport & Highways,Roads & Highways,Madhya Pradesh,1005.59,882.21,111.76,20.84,12.67,-8.17,-12.27,0.4575,0.8378,0.0236,0.4714,medium
618543,4L of twin tube tunnel configuration including approaches from Marog to Digdol from Km.154.210 to Km.158.650 North Bound and from Km.155.940 to Km.160.260 South Bound of Ramban to Banihal Pkg-I of Old NH-1A New NH-44,Ministry of Road Transport & Highways,Roads & Highways,Jammu and Kashmir,1912.17,1034.3,357.42,27.0,34.56,7.56,-45.91,1.3604,0.9671,0.0983,0.5761,high
618544,"4L twin tube tunnel including approaches from Digdol to Khuni Nallah North Bound connecting with existing major bridge on NB and South Bound connecting with Tunnel T4 ,Single tube tunnel of Ramban to Banihal Pkg-II of Old NH-1A New NH-44",Ministry of Road Transport & Highways,Roads & Highways,Jammu and Kashmir,1401.87,1020.99,989.45,87.1,96.91,9.81,-27.17,1.5,0.9708,0.1974,0.6228,high
619104,4L/2L PS of Govindpur Raiganj - Chas - WB border section of from km. 0.00 to km. 56.889 of Old NH-32,Ministry of Road Transport & Highways,Roads & Highways,"Multi-States (Jharkhand, West Bengal)",1139.65,1154.8,6.64,99.84,0.57,-99.27,1.33,1.5,0.8976,0.0817,0.5304,high
618697,4LPS Access Controlled Highway of Bellary Bypass Balance work from Ch. 254750 to Ch. 266837 and construction of 4LPS from Ch. 277.690 to Ch. 278.690 at D. Hirehal Village Balance work of NH 150A of Bellary Byrapura Section,Ministry of Road Transport & Highways,Roads & Highways,Karnataka,626.01,284.05,97.26,35.5,34.24,-1.26,-54.63,1.0873,0.8163,0.0405,0.55,high
709815,4TH LINE - BHATAPARA-HATHBAND [8.8 KM] [PB-72/NR/2022-23],Ministry of Railways,Railways,Chhattisgarh,177.03,177.03,4.8,16.0,2.71,-13.29,0.0,0.8738,0.5652,0.033,0.3257,medium
709816,4TH LINE - BHILAI-BHILAI NAGAR [8.8 KM] [PB-72/NR/2022-23],Ministry of Railways,Railways,Chhattisgarh,177.34,177.34,1.91,7.0,1.08,-5.92,0.0,0.8469,0.8249,0.0417,0.55,high
709817,4TH LINE - DADHAPARA-BELHA [9.2 KM] [PB-72/NR/2022-23],Ministry of Railways,Railways,Chhattisgarh,169.06,169.06,22.52,65.0,13.32,-51.68,0.0,0.9322,0.5305,0.0361,0.308,medium
709818,4TH LINE RAJNANDGAON-DONGARHGARH [31.2 KM] [PB-72/NR/2022-23],Ministry of Railways,Railways,Chhattisgarh,328.34,328.34,78.66,33.0,23.96,-9.04,0.0,0.8738,0.8123,0.0274,0.4591,medium
612072,4th LINE BETWEEN BAREJADI NANDEJ-SANAND-AHMEDABAD BYPASS,Ministry of Railways,Railways,Gujarat,961.67,961.67,507.6,21.0,52.78,31.78,0.0,0.8778,0.7693,0.1936,0.5102,high
705505,4th Line Wardha - Nagpur [78.7 Kilometres],Ministry of Railways,Railways,Maharashtra,637.95,1214.69,1047.02,88.0,86.2,-1.8,90.41,1.0985,0.9204,0.8571,0.8919,critical
612815,4th line between Nipania Bhatapara 14.4 Km,Ministry of Railways,Railways,Chhattisgarh,170.49,170.49,9.56,15.0,5.61,-9.39,0.0,0.824,0.7776,0.0335,0.4428,medium
615327,50 MW Solar PP Minedout Area,Ministry of Coal,Electricity Generation,Tamil Nadu,218.03,218.03,169.95,100.0,77.95,-22.05,0.0,1.5,0.832,0.1452,0.523,high
617299,50 MW Wind Power Project,Ministry of Coal,Electricity Generation,Gujarat,383.84,383.84,328.56,51.0,85.6,34.6,0.0,1.5,0.9812,0.3316,0.6889,high
400168,"500 KTA PDHPP Project, Usar",Ministry of Petroleum & Natural Gas,Oil & Gas,Maharashtra,8797.0,11256.0,8003.66,90.7,71.11,-19.59,27.95,1.3539,0.986,0.221,0.6417,high
704495,"502 Aspirational District Scheme in Four states - Bihar, Madhya Pradesh, Rajastha and Uttar Pradesh",Department of Telecommunications,Telecommunication,"Multi-States (Bihar, Madhya Pradesh, Rajasthan, Uttar Pradesh)",421.65,228.94,152.96,99.0,66.81,-32.19,-45.7,1.5,0.9092,0.0278,0.5126,high
619077,6 laning of Balance Work of Chennai - Tada from km. 21.40 to km. 54.40,Ministry of Road Transport & Highways,Roads & Highways,"Multi-States (Andhra Pradesh, Tamil Nadu)",464.62,472.37,182.82,100.0,38.7,-61.3,1.67,1.5,0.844,0.0402,0.4823,medium
617939,6-Laning of Pune-Hyderabad Section of NH-65 from Km 493/0 to Km 524/0 from Sangareddy X Roads to Madinaguda in the State of Telangana,Ministry of Road Transport & Highways,Roads & Highways,Telangana,1297.75,1297.75,0.0,37.5,0.0,-37.5,0.0,1.0836,0.5827,0.1153,0.55,high
619074,6-laning of Krishnagiri Km.0.000 to Walajahpet Km.148.300 section on NH-46 under NHDP-V,Ministry of Road Transport & Highways,Roads & Highways,Tamil Nadu,1673.17,781.74,269.61,99.99,34.49,-65.5,-53.28,1.5,0.9057,0.0725,0.5308,high
617913,6-laning of km 9.900 to km 19/948 Aramgarh to Shamshabad Section of Hyderabad- Bangalore section of NH-44 Under NHO EPC basis in the state of Telangana,Ministry of Road Transport & Highways,Roads & Highways,Telangana,283.15,300.7,480.38,92.62,159.75,67.13,6.2,1.5,0.9666,0.6904,0.8423,critical
617730,600 MW Khavda Solar Power Project,Ministry of Coal,Electricity Generation,Gujarat,3335.85,3335.85,2171.16,40.0,65.09,25.09,0.0,1.1247,0.989,0.3168,0.6865,high
618720,6L Access Controlled Greenfield Highway from Audireddipalle Ch. 160000 to Mallapalle Ch. 176000Package-07,Ministry of Road Transport & Highways,Roads & Highways,Andhra Pradesh,987.1,848.06,297.0,65.77,35.02,-30.75,-14.09,1.2507,0.9238,0.0663,0.5379,high
618721,6L Access Controlled Greenfield Highway from Chandrasekharapuram Ch. 228000 to Polavaram Ch. 260000of [NH-544G] Package-11,Ministry of Road Transport & Highways,Roads & Highways,Andhra Pradesh,1292.65,1110.33,319.82,58.42,28.8,-29.62,-14.1,1.2886,0.9381,0.0775,0.5508,high
618718,6L Access Controlled Greenfield Highway from Kavulakuntla Ch. 196000 to Narayanmpet Ch. 203500Package-09,Ministry of Road Transport & Highways,Roads & Highways,Andhra Pradesh,1092.18,956.4,178.93,36.0,18.71,-17.29,-12.43,0.789,0.5825,0.0285,0.3332,medium
618712,6L Access Controlled Greenfield Highway from Kodur Ch. 0000 to Vanavolu Ch. 24300 of [NH-544G] Package-1,Ministry of Road Transport & Highways,Roads & Highways,Andhra Pradesh,912.94,798.25,333.15,85.01,41.74,-43.27,-12.56,1.2886,0.9256,0.0656,0.5386,high
618719,6L Access Controlled Greenfield Highway from Mallapalle Ch. 176000 to Kavulakuntla Ch. 196000 Package-08,Ministry of Road Transport & Highways,Roads & Highways,Andhra Pradesh,909.02,751.81,257.58,56.01,34.26,-21.75,-17.29,1.2886,0.9216,0.0625,0.535,high
619126,6L Access Controlled Greenfield Highway from Marripudi Ch. 285500 to Somavarappadu Ch. 314600 of [NH-544G] Package-13,Ministry of Road Transport & Highways,Roads & Highways,Andhra Pradesh,976.41,798.71,293.33,73.0,36.73,-36.27,-18.2,1.2886,0.9258,0.0585,0.5355,high
618714,6L Access Controlled Greenfield Highway from Nallacheruvu palli Ch. 96300 to Yerragudipadu Ch. 129000 of [NH-544G] Package-5,Ministry of Road Transport & Highways,Roads & Highways,Andhra Pradesh,1253.26,1095.78,339.28,62.02,30.96,-31.06,-12.57,1.2886,0.9381,0.0775,0.5508,high
619123,6L Access Controlled Greenfield Highway from Narayanmpet Ch. 203500 to Chandrasekharpuram Ch. 228000Package-10,Ministry of Road Transport & Highways,Roads & Highways,Andhra Pradesh,813.66,678.21,196.59,61.5,28.99,-32.51,-16.65,1.2886,0.9346,0.0688,0.545,high
618715,6L Access Controlled Greenfield Highway from Odulapalle Ch. 72000 to Nallacheruvu- palli Ch. 96300 of [NH-544G]Package-4,Ministry of Road Transport & Highways,Roads & Highways,Andhra Pradesh,1058.9,946.1,377.77,73.93,39.93,-34.0,-10.65,1.2886,0.9285,0.0794,0.5464,high
619124,6L Access Controlled Greenfield Highway from Polavaram Ch. 260000 to Marripudi Ch. 285500 of [NH-544G]Package-12,Ministry of Road Transport & Highways,Roads & Highways,Andhra Pradesh,747.29,626.83,227.96,69.6,36.37,-33.23,-16.12,1.2886,0.9157,0.0642,0.5325,high
619125,6L Access Controlled Greenfield Highway from Somavarappadu Ch.314.600 to Muppavaram Ch.343240 of [NH-544G] Package-14,Ministry of Road Transport & Highways,Roads & Highways,Andhra Pradesh,1103.9,943.66,197.36,43.16,20.91,-22.25,-14.52,1.2886,0.9383,0.0725,0.5487,high
618717,6L Access Controlled Greenfield Highway from Vanavolu Ch. 24300 to Vankarakunta Ch. 45700 of [NH-544G] Package-2,Ministry of Road Transport & Highways,Roads & Highways,Andhra Pradesh,750.81,626.91,226.46,82.18,36.12,-46.06,-16.5,1.2507,0.8723,0.0565,0.5052,high
618716,6L Access Controlled Greenfield Highway from Vankarakunta Ch. 45700 to Odulapalle Ch. 72000 of [NH-544G]Package-3,Ministry of Road Transport & Highways,Roads & Highways,Andhra Pradesh,992.91,888.07,319.82,73.1,36.01,-37.09,-10.56,1.2507,0.9355,0.0665,0.5445,high
618713,6L Access Controlled Greenfield Highway from Yerragudipadu Ch. 129000 to Audireddipalle Ch. 160000 of [NH 544G] Package-6,Ministry of Road Transport & Highways,Roads & Highways,Andhra Pradesh,1200.42,1019.69,218.52,38.41,21.43,-16.98,-15.06,1.2886,0.9635,0.0607,0.5572,high
619212,6L Access Controlled Greenfield Highway of Julekal village to Dinnedevarapadu village from Km 242.200 to Km 280.400 Pkg-2,Ministry of Road Transport & Highways,Roads & Highways,"Multi-States (Andhra Pradesh, Telangana)",1227.57,1315.87,524.04,65.24,39.82,-25.42,7.19,1.5,0.9302,0.0764,0.546,high
618632,6L Access Controlled Greenfield Highway of Nandinne village to Julekal village from Km 202.900 to Km 242.200 Pkg-1,Ministry of Road Transport & Highways,Roads & Highways,"Multi-States (Karnataka, Telangana)",972.06,1044.06,408.4,90.13,39.12,-51.01,7.41,1.5,0.9214,0.0682,0.5375,high
618578,6L Access Controlled Highway from DND Maharani Bagh - Jn. with Jaitpur - Pushta Road of NH-148NA from km. 0.00 to km. 9.00 in NCR,Ministry of Road Transport & Highways,Roads & Highways,Delhi,1467.44,2510.34,1615.84,98.25,64.37,-33.88,71.07,1.5,0.9698,0.759,0.8749,critical
618647,6L Access Controlled Ludhiana-Bathinda Greenfield highway from Jn. with Amritsar- Bathanda Greenfield Road NH-754A near Rampura Phul to Jn. with Moga-Barnala Road NH-703 near village Tallewal from Km 0.0 to Km 30.3 of NH-754AD Pkg-1,Ministry of Road Transport & Highways,Roads & Highways,Punjab,906.51,1020.52,490.17,81.5,48.03,-33.47,12.58,1.4979,0.9087,0.12,0.5538,high
619105,6L Access Controlled Ludhiana-Bathinda Greenfield highway from Jn. with Moga- Barnala Road NH-703 near village Tallewal to Jn. with Delhi-Katra Expressway NE-5 near Ludhiana village Ballowal from Km 30.300 to Km 75.543 of NH-754AD Pkg-2,Ministry of Road Transport & Highways,Roads & Highways,Punjab,1555.13,1564.66,195.79,20.09,12.51,-7.58,0.61,0.4986,0.8118,0.0216,0.4562,medium
618681,6L Aluru - Jakkuva Section of NH-130CD Road from km 365.033 to km 396.800 Pkg. 1,Ministry of Road Transport & Highways,Roads & Highways,"Multi-States (Andhra Pradesh, Odisha)",1216.12,1241.66,683.05,96.23,55.01,-41.22,2.1,1.5,0.9347,0.1513,0.5821,high
618618,6L Amritsar-Bathinda Greenfield section from Jn. with Bhagta Bhai Ka-Bhadaur Road near Dyalpura Bhai Ka to Jn. with Mandi Dabwali Bathinda Road on NH-54 near Sangat Kalan from km 93.000 to km 154.866 of NH-754A Pkg-3,Ministry of Road Transport & Highways,Roads & Highways,Punjab,2029.17,2677.23,513.42,72.0,19.18,-52.82,31.94,1.1247,0.947,0.0721,0.5533,high
619099,6L Amritsar-Bathinda Greenfield section from Jn. with Moga Jalandhar road NH-703 near Dharamkot to Jn. with Bhagta Bhai Ka-Bhadaur Road near Dyalpura Bhai Ka from km 39.000 to km 93.000 of NH-754A Pkg-2,Ministry of Road Transport & Highways,Roads & Highways,Punjab,1801.37,2172.71,597.42,64.2,27.5,-36.7,20.61,1.1247,0.9271,0.072,0.5423,high
618617,6L Amritsar-Bathinda Greenfield section from village Tiba on NE-5A to Jn. with Moga Jalandhar road NH-703 near Dharamkot from km 0.000 to km 39.000 of NH-754A Pkg-1,Ministry of Road Transport & Highways,Roads & Highways,Punjab,1229.38,1549.32,772.73,70.28,49.88,-20.4,26.02,1.5,0.9462,0.2024,0.6115,high
618738,6L Bridge and its approaches across River Ganga as Part of Patna Ring Road NH- 131G starting from Km 8.480 near Sherpur to Km 23.000 near Dighwara,Ministry of Road Transport & Highways,Roads & Highways,Bihar,6291.69,3351.62,581.87,19.02,17.36,-1.66,-46.73,0.7495,0.889,0.0191,0.4975,medium
618805,6L Connectivity to Port Road from Sabbavaram Sheelanagar-NH516C,Ministry of Road Transport & Highways,Roads & Highways,Andhra Pradesh,977.33,977.33,64.7,4.0,6.62,2.62,0.0,0.289,0.6512,0.0193,0.3668,medium
618499,6L Elevated Kanpur - Lucknow Exeressway Pkg-1 from Km. 10980 to Km. 28500,Ministry of Road Transport & Highways,Roads & Highways,Uttar Pradesh,1972.94,1943.27,766.29,94.14,39.43,-54.71,-1.5,1.4835,0.9167,0.0724,0.5368,high
618808,6L Elevated Kona Expressway from Km. 0.145 to Km. 7.337 of NH-117,Ministry of Road Transport & Highways,Roads & Highways,West Bengal,1212.56,1203.11,302.61,37.35,25.15,-12.2,-0.78,0.8992,0.6168,0.039,0.3568,medium
618704,6L Flyover including RE Wall approaches with Flexible Pavement in the Elephant Corridor of Angul Sambalpur Section of NH-42 New NH-55 Km.202.533,Ministry of Road Transport & Highways,Roads & Highways,Odisha,150.86,106.32,102.13,99.98,96.06,-3.92,-29.52,0.8697,0.5155,0.0831,0.321,medium
618678,6L Greenfield Baunsaguar - Baraja Section of NH-130-CD Road from km 293000 to km 338500 Package OD-6,Ministry of Road Transport & Highways,Roads & Highways,Odisha,1265.59,1635.44,874.99,98.96,53.5,-45.46,29.22,1.5,0.9215,0.1902,0.5924,high
618677,6L Greenfield Kaliagura Baunsaguar Section of NH-130-CD Road from km 249000 to km 293000 Package OD-5,Ministry of Road Transport & Highways,Roads & Highways,Odisha,1539.75,1918.49,981.3,94.81,51.15,-43.66,24.6,1.5,0.9238,0.1889,0.5931,high
618680,6L Greenfield Kandili - Aluru Section of NH-130-CD Road from km 342500 to km 365033 Package-OD-8,Ministry of Road Transport & Highways,Roads & Highways,Odisha,1492.74,1912.84,1032.78,97.47,53.99,-43.48,28.14,1.5,0.9291,0.1817,0.5928,high
618498,6L Greenfield Kanpur - Lucknow Expressway Pkg II from km. 28.500 to km. 73.744,Ministry of Road Transport & Highways,Roads & Highways,Uttar Pradesh,2471.56,2489.0,1178.84,99.8,47.36,-52.44,0.71,1.5,0.8737,0.1022,0.5265,high
618734,6L Greenfield Varanasi- Ranchi- Kolkata Highway from junction with NH-320 in Lepo village to Kamlapur villageJH/WB border from km 358.500 to km 387.200 Pkg -13,Ministry of Road Transport & Highways,Roads & Highways,"Multi-States (Jharkhand, West Bengal)",1154.49,1319.18,90.87,17.22,6.89,-10.33,14.27,0.4986,0.6156,0.0225,0.3487,medium
618724,6L Greenfield Varanasi-Ranchi-Kolkata Highway from Anarbansalea village to Sagrampur village From KM. 151200 to KM. 184700Package-7,Ministry of Road Transport & Highways,Roads & Highways,"Multi-States (Bihar, Jharkhand)",1719.2,1723.42,64.54,17.1,3.74,-13.36,0.25,0.6086,0.6048,0.0239,0.3434,medium
618725,6L Greenfield Varanasi-Ranchi-Kolkata Highway from Pachmon village to Anarbansalea village From KM. 116000 to KM. 151200 Package-6,Ministry of Road Transport & Highways,Roads & Highways,Bihar,1915.99,1920.21,64.59,10.38,3.36,-7.02,0.22,0.4986,0.7766,0.022,0.437,medium
618727,6L Greenfield Varanasi-Ranchi-Kolkata Highway from junction with Bhabhua-Adhaura road in Bhairopur village to Konki village From KM. 54.000 to KM. 90.000Pkg-3,Ministry of Road Transport & Highways,Roads & Highways,Bihar,1576.94,1711.44,123.3,16.0,7.2,-8.8,8.53,0.4575,0.7938,0.0224,0.4466,medium
618726,6L Greenfield Varanasi-Ranchi-Kolkata Highway from junction with Chandauli- Chainpur Road near Khainti village to junction with Bhabhua-Adhaura road near Palka village from Km. 27.000 to Km. 54.000 Pkg-2,Ministry of Road Transport & Highways,Roads & Highways,Bihar,1240.93,1341.52,103.25,14.08,7.7,-6.38,8.11,0.4575,0.8605,0.0271,0.4855,medium
618728,6L Greenfield Varanasi-Ranchi-Kolkata Highway from junction with NH-19 & Varanasi Ring Road near Rewasa village to junction with Chandauli-Chainpur road near Khainti village from Km. 0.000 to Km. 27.000 - Pkg-1,Ministry of Road Transport & Highways,Roads & Highways,"Multi-States (Bihar, Uttar Pradesh)",1433.39,1564.15,373.57,38.92,23.88,-15.04,9.12,0.9151,0.6069,0.0374,0.3506,medium
619111,6L Jakkuva Korlam Section of NH-130CD Road from km 396.800 to km 421.100 Pkg 2,Ministry of Road Transport & Highways,Roads & Highways,Andhra Pradesh,840.51,840.51,549.56,99.32,65.38,-33.94,0.0,1.5,0.8574,0.1477,0.538,high
619112,6L Kantakapalle Sabbavaram Section of NH-130CD Road from Km 445.100 to Km 464.662 Pkg-4,Ministry of Road Transport & Highways,Roads & Highways,Andhra Pradesh,1012.57,1012.57,568.13,81.06,56.11,-24.95,0.0,1.5,0.9112,0.1396,0.564,high
618682,6L Korlam-Kantakapalle Section of NH-130CD Road from Km 421.100 to Km 445.100 Pkg-3,Ministry of Road Transport & Highways,Roads & Highways,Andhra Pradesh,1112.7,1127.63,822.68,99.26,72.96,-26.3,1.34,1.5,0.89,0.1809,0.5709,high
618598,6L Minor Bridge Paloli Palam at km. 203.160 & Major Bridge Morad at km. 204.895 and allied works,Ministry of Road Transport & Highways,Roads & Highways,Kerala,210.0,216.94,77.9,100.0,35.91,-64.09,3.3,1.5,0.8051,0.0747,0.4764,medium
618576,"6L Standalone Flyovers at Raha, Demow, Borghat, Kathiatali junctions and ROB at Jagiroad on stretches of NH 36 and NH 27",Ministry of Road Transport & Highways,Roads & Highways,Assam,280.75,255.53,211.79,99.04,82.88,-16.16,-8.98,1.5,0.9103,0.053,0.5245,high
619216,6L access Controlled Greenfield Highway from Adhoya Musalmana to Sadopur section of Shamli -Ambala Package-III Design Ch. Form km 84.400 to km 121.786,Ministry of Road Transport & Highways,Roads & Highways,"Multi-States (Haryana, Punjab)",1491.72,1122.86,644.11,71.11,57.36,-13.75,-24.73,1.5,0.9404,0.0794,0.5529,high
618722,6L access Controlled Greenfield Highway from Gogwan Jalalpur Shamli to Ranipur Barsi Saharanpur of Shamli -Ambala section Package-I Design Ch. Form km 00.600 to km 45.500,Ministry of Road Transport & Highways,Roads & Highways,Uttar Pradesh,1843.59,1247.55,685.93,58.9,54.98,-3.92,-32.33,1.5,0.9512,0.0817,0.5599,high
618723,6L access Controlled Greenfield Highway from Ranipur Barsi to Adhoya Musalmana section of Shamli -Ambala Package-II Design Ch. Form km 45.500 to km 84.400,Ministry of Road Transport & Highways,Roads & Highways,"Multi-States (Haryana, Uttar Pradesh)",1554.21,1241.89,721.32,74.5,58.08,-16.42,-20.1,1.5,0.934,0.1209,0.5681,high
618968,6L access control Greenfield highway of Vill-Khyawari to Vill-Latifpur at Saharanpur Bypass from Km. 82.000 to Km. 119.790 Pkg-4,Ministry of Road Transport & Highways,Roads & Highways,Uttar Pradesh,1428.19,1439.35,1220.87,97.5,84.82,-12.68,0.78,1.5,0.955,0.1669,0.6004,high
618970,6L access control Greenfield highway of Vill-Lohadda to Vill-Karaunda Mahajan from Km. 27.000 to Km. 56.500 Pkg-2,Ministry of Road Transport & Highways,Roads & Highways,Uttar Pradesh,1335.45,1335.38,1016.38,92.89,76.11,-16.78,-0.01,1.5,0.9518,0.1419,0.5873,high
619168,6L access controlled Greenfield highway of Junction of EPE Vill.-Mavikalan to Vill.- Lohadda from Km. 0.000 to Km. 27.000 Pkg-1,Ministry of Road Transport & Highways,Roads & Highways,Uttar Pradesh,1602.48,1497.94,1215.04,99.11,81.11,-18.0,-6.52,1.5,0.9489,0.158,0.593,high
618757,6L access controlled Highway from Km 40080 to Km 86513 Mator to Barodameo Section,Ministry of Road Transport & Highways,Roads & Highways,Rajasthan,2010.2,1565.88,707.67,37.24,45.19,7.95,-22.1,1.2507,0.9787,0.142,0.6022,high
619308,6L access-controlled highway from Ganeshpur tonear Mohand of Ganeshpur Dehradun section from Km.0 to Km.8.3 of NH-72A Package-1,Ministry of Road Transport & Highways,Roads & Highways,Uttar Pradesh,836.24,835.74,808.7,98.92,96.76,-2.16,-0.06,1.5,0.9578,0.2294,0.63,high
618758,6L accesscontrolled highway from km 0000 to km 40080 Paniyala to Mator Section of Paniyala-Barodameo ICR,Ministry of Road Transport & Highways,Roads & Highways,Rajasthan,1764.86,1239.24,310.12,36.82,25.03,-11.79,-29.78,0.9986,0.6057,0.0321,0.3476,medium
618515,6L from Belgaum to Sankeshwar Bypass from Km. 515.000 to Km. 555.017 of NH-48 Pkg-I,Ministry of Road Transport & Highways,Roads & Highways,"Multi-States (Karnataka, Maharashtra)",1479.3,1237.04,1178.11,100.0,95.24,-4.76,-16.38,1.5,0.9347,0.1744,0.5926,high
618516,6L from Sankeshwar Bypass to MH-KNT Border from Km. 555.017 to Km. 592.853 of NH-48 Pkg-II,Ministry of Road Transport & Highways,Roads & Highways,"Multi-States (Karnataka, Maharashtra)",1388.7,1066.86,1130.54,83.5,105.97,22.47,-23.18,1.5,0.9784,0.3247,0.6843,high
618553,6L of Agra Bypass Northern connecting Km. 174.500 of NH-2 new NH-19 to Km. 141.000 of Yamuna Expressways,Ministry of Road Transport & Highways,Roads & Highways,Uttar Pradesh,957.62,1034.42,758.4,99.7,73.32,-26.38,8.02,1.5,0.8681,0.1259,0.5341,high
619134,6L of Ambala-Chandigarh greenfield section from Km. 0.000 to Km. 25.000 with 4L spur to Lalru from Km. 0.000 to Km. 5.828 & spur to PR-7 road from Km. 0.000 to Km. 11.157,Ministry of Road Transport & Highways,Roads & Highways,"Multi-States (Haryana, Punjab)",1641.66,1904.79,552.95,80.65,29.03,-51.62,16.03,1.4569,0.9354,0.0698,0.5459,high
618579,6L of Anandapuram Pendurthi Anakapalli Section from km. 681.000 to km. 731.780 of NH-16,Ministry of Road Transport & Highways,Roads & Highways,Andhra Pradesh,2527.0,2957.25,994.53,100.0,33.63,-66.37,17.03,1.5,0.8851,0.0953,0.5297,high
618531,6L of Aurangabad to Bihar-Jharkhand border Chordaha section from km. 180.000 to km. 209.827 of NH-2 PKG-01,Ministry of Road Transport & Highways,Roads & Highways,"Multi-States (Bihar, Jharkhand)",1054.46,786.81,110.8,20.88,14.08,-6.8,-25.38,0.874,0.8257,0.038,0.4712,medium
618532,6L of Aurangabad to Bihar-Jharkhand border Chordaha section from km. 209.827 to Km. 249.525 of NH-19 PKG-02,Ministry of Road Transport & Highways,Roads & Highways,"Multi-States (Bihar, Jharkhand)",1822.46,738.11,605.5,97.92,82.03,-15.89,-59.5,1.5,0.953,0.0654,0.5536,high
618597,6L of Azhiyur-Vengalam from km. 189.200 to km. 230.400 of NH-66,Ministry of Road Transport & Highways,Roads & Highways,Kerala,3205.77,3898.46,776.8,60.07,19.93,-40.14,21.61,1.5,0.9586,0.0886,0.5671,high
619109,6L of Badakumari - Karki Section from Km 179.000 to km 226.500 of NH-130-CD Package OD-3,Ministry of Road Transport & Highways,Roads & Highways,Odisha,1101.76,1374.43,645.61,99.7,46.97,-52.73,24.75,1.5,0.8624,0.1338,0.5345,high
619075,6L of Bhubaneswar - Jagatpur - Chandikhole Section of NH-16,Ministry of Road Transport & Highways,Roads & Highways,Odisha,639.3,632.89,52.23,97.48,8.25,-89.23,-1.0,1.5,0.9168,0.079,0.5398,high
618595,6L of Chengala - Neeleshwaram from km. 56.200 to km. 93.468,Ministry of Road Transport & Highways,Roads & Highways,Kerala,1746.45,2538.06,943.25,90.18,37.16,-53.02,45.33,1.5,0.9215,0.1293,0.565,high
619067,6L of Chiloda-Naroda section from Km. 540.595 to Km. 555.595 of NH-8Package-VII,Ministry of Road Transport & Highways,Roads & Highways,Gujarat,356.6,463.03,103.23,100.0,22.29,-77.71,29.85,1.5,0.8157,0.053,0.4725,medium
618676,6L of Dhanara - Hatibena Section from Km 124.611 to km 146.50 of NH-130-CD Package OD-1,Ministry of Road Transport & Highways,Roads & Highways,"Multi-States (Chhattisgarh, Odisha)",477.76,638.32,297.98,99.95,46.68,-53.27,33.61,1.5,0.7948,0.0444,0.4571,medium
618585,6L of Gonde Km. 439.038 to Pimpri Sado Km. 459.905 section of NH-848 Old NH-3,Ministry of Road Transport & Highways,Roads & Highways,Maharashtra,856.93,718.84,123.7,31.5,17.21,-14.29,-16.11,0.7664,0.6198,0.0245,0.3519,medium
618526,6L of Gundugolanu Design km 1023.280 to Kalaparru Design km 1050.680 of NH-5 New NH-16,Ministry of Road Transport & Highways,Roads & Highways,Andhra Pradesh,665.59,665.59,512.09,95.73,76.94,-18.79,0.0,1.5,0.9402,0.0961,0.5604,high
619213,6L of Hatibena - Badakumari Section from Km 146.50 to km 179.00 of NH-130-CD Package OD-2,Ministry of Road Transport & Highways,Roads & Highways,Odisha,791.17,1070.63,727.37,99.95,67.94,-32.01,35.32,1.5,0.8293,0.1257,0.5127,high
618610,6L of Jodhpur Romana Bathinda - Mandi Dabwali Punjab Haryana Border section of NH-54 from km. 0.000 to km. 27.400 of NH-54,Ministry of Road Transport & Highways,Roads & Highways,Punjab,789.26,1318.91,518.65,99.0,39.32,-59.68,67.11,1.5,0.8759,0.1414,0.5454,high
618513,6L of Kagal-Satara section from Km 592.500 to Km 658.000 of NH-48 Pkg-I,Ministry of Road Transport & Highways,Roads & Highways,Maharashtra,2111.95,1435.46,631.63,49.88,44.0,-5.88,-32.03,1.5,0.9609,0.0679,0.5591,high
618514,6L of Kagal-Satara section from Km 658.000 to Km 725.000 of NH-48 Pkg-II,Ministry of Road Transport & Highways,Roads & Highways,Maharashtra,2330.71,317.4,196.85,73.96,62.02,-11.94,-86.38,1.5,0.9584,0.0699,0.5586,high
618601,6L of Kappirikkad to Thalikulam section from km 335.85 to km 369.015 of NH - 66 old NH-17,Ministry of Road Transport & Highways,Roads & Highways,Kerala,4225.59,4225.59,708.02,88.2,16.76,-71.44,0.0,1.5,0.9666,0.0683,0.5624,high
618603,6L of Kodugallur to Edapppally section from km 397.750 to km 423.780 of NH - 66 old NH-17,Ministry of Road Transport & Highways,Roads & Highways,Kerala,3465.82,3606.2,768.14,64.93,21.3,-43.63,4.05,1.5,0.9641,0.0676,0.5607,high
618772,6L of Kumarajapet to Veera Kaveri Raja Puram from km 43.800 to km 61.380 of NH- 716B Pkg-II,Ministry of Road Transport & Highways,Roads & Highways,"Multi-States (Andhra Pradesh, Tamil Nadu)",702.52,799.36,370.57,97.75,46.36,-51.39,13.78,1.4569,0.8777,0.0942,0.5251,high
618631,6L of MH/KN Border Nimbal Village to KN/TS Border Singnodi Village from Km. 162.5 to Km. 203.100 in Raichur of NH-150C Pkg-IV,Ministry of Road Transport & Highways,Roads & Highways,"Multi-States (Karnataka, Telangana)",1499.73,1457.48,829.47,99.51,56.91,-42.6,-2.82,1.5,0.8924,0.1107,0.5406,high
618630,6L of MH/KN Border Nimbal Village to KN/TS Border Singnodi Village from Km. 26.000 to Km. 97.000 in Gulbarga of NH-150C Pkg-II,Ministry of Road Transport & Highways,Roads & Highways,Karnataka,2355.56,1923.3,868.81,76.12,45.17,-30.95,-18.35,1.4995,0.9324,0.1107,0.5626,high
619211,6L of MH/KN Border Nimbal Village to KN/TS Border Singnodi Village from Km. 97.000 to Km. 162.500 in Yadgir of NH-150C Pkg-III,Ministry of Road Transport & Highways,Roads & Highways,Karnataka,2104.7,2065.83,779.81,73.9,37.75,-36.15,-1.85,1.3654,0.9236,0.097,0.5516,high
619140,6L of Naidupeta Junction - Turpukanupur Section from km 57.046 to km 91.927,Ministry of Road Transport & Highways,Roads & Highways,Andhra Pradesh,1398.84,965.58,297.06,43.4,30.76,-12.64,-30.97,1.4569,0.9497,0.0654,0.5518,high
619206,6L of Perole Nileshwar town to Taliparamba from Km 94.248 to Km 134.650 of NH-66,Ministry of Road Transport & Highways,Roads & Highways,Kerala,3041.65,3867.66,1007.02,86.65,26.04,-60.61,27.16,1.5,0.9362,0.0713,0.547,high
618635,6L of Pondavakkam to Kannigaipair from km 96.040 to km 116.100 of NH 716B Pkg- IV,Ministry of Road Transport & Highways,Roads & Highways,Tamil Nadu,1359.81,1359.81,335.27,37.44,24.66,-12.78,0.0,1.5,0.9673,0.074,0.5653,high
618599,6L of Ramanatukkara Junction to start of Valanchery bypass section of NH-66,Ministry of Road Transport & Highways,Roads & Highways,Kerala,4924.11,4919.46,1815.81,99.75,36.91,-62.84,-0.09,1.5,0.9062,0.0805,0.5346,high
618596,6L of Taliparamba to Muzhappilangad from Km 134.650 to Km 170.6 of NH-66,Ministry of Road Transport & Highways,Roads & Highways,Kerala,2714.6,3557.65,1040.02,82.87,29.23,-53.64,31.06,1.5,0.9328,0.0862,0.5519,high
618602,6L of Thalikulam to Kodugallur section from km 369.015 to km 397.850 of NH - 66 old NH-17,Ministry of Road Transport & Highways,Roads & Highways,Kerala,4302.06,4302.06,772.89,84.18,17.97,-66.21,0.0,1.5,0.9641,0.0689,0.5612,high
618600,6L of Valanchery bypass to Kappirikkad of NH 66 from km. 298500 to km 335850,Ministry of Road Transport & Highways,Roads & Highways,Kerala,4023.94,4023.94,1497.69,98.84,37.22,-61.62,0.0,1.5,0.9277,0.0855,0.5487,high
618771,6L of Varadharajula to Kumarajapet from km 0.000 to km 43.800 of NH-716B Pkg-I,Ministry of Road Transport & Highways,Roads & Highways,"Multi-States (Andhra Pradesh, Tamil Nadu)",1924.75,1887.38,947.66,99.19,50.21,-48.98,-1.94,1.5,0.9259,0.1086,0.5581,high
618634,6L of Veera Kaveri Raja Puram to Pondavakkam from km 61.380 to km 96.040 of NH 716B Pkg-III,Ministry of Road Transport & Highways,Roads & Highways,"Multi-States (Andhra Pradesh, Tamil Nadu)",1439.77,1439.77,734.85,98.89,51.04,-47.85,0.0,1.5,0.9265,0.1112,0.5596,high
618559,6L of existing 4L from Gundlapochampally to Bowenpally from km 471.300 to km 481.331 of NH-44,Ministry of Road Transport & Highways,Roads & Highways,Telangana,521.53,528.21,256.53,50.5,48.57,-1.93,1.28,1.5,0.9624,0.0779,0.5644,high
618564,6L with PS of Samakhiyali to Santalpur section from km. 339.700 to Km. 430.100 of NH-27,Ministry of Road Transport & Highways,Roads & Highways,Gujarat,1553.76,34.34,28.18,57.59,82.06,24.47,-97.79,1.3735,0.9463,0.1762,0.5997,high
618711,6L with access control provision Saharanpur bypass to Ganeshpur section from 13.89 Km to 41.820 Km of Delhi- Dehradun Economic Corridor package-2,Ministry of Road Transport & Highways,Roads & Highways,"Multi-States (Uttar Pradesh, Uttarakhand)",796.65,560.03,499.88,99.29,89.26,-10.03,-29.7,1.5,0.8559,0.1365,0.5322,high
611716,700 MW Tato-II HE Project,Ministry of Power,Electricity Generation,Arunachal Pradesh,8146.21,8146.21,243.25,6.41,2.99,-3.42,0.0,0.1661,0.8795,0.0208,0.4931,medium
618981,810 MW Solar Power Project - Rajasthan,Ministry of Coal,Electricity Generation,Rajasthan,4147.07,4147.07,224.77,0.0,5.42,5.42,0.0,0.3991,0.0535,0.0203,0.55,high
619090,8L of Dwarka Expressway Pkg-II RuB near Dwarka Sector 21-DL/HR Border from 5.300 Km.to 9.500 Km. of NH-248BB,Ministry of Road Transport & Highways,Roads & Highways,Delhi,2067.67,2670.22,1909.28,100.0,71.5,-28.5,29.14,1.5,0.8964,0.2158,0.5901,high
616223,ADASA UG TO OC MINE,Ministry of Coal,Coal,Maharashtra,316.0,316.0,209.35,86.49,66.25,-20.24,0.0,1.4689,0.9096,0.048,0.5219,high
701171,AIIMS Bibinagar,Ministry of Health & Family Welfare,Healthcare,Telangana,1028.0,1365.95,989.98,87.21,72.48,-14.73,32.87,1.0636,0.812,0.3502,0.6042,high
701172,AIIMS Darbhanga,Ministry of Health & Family Welfare,Healthcare,Bihar,1264.0,1264.0,0.0,0.0,0.0,0.0,0.0,1.499,0.9278,0.1292,0.5684,high
701167,AIIMS Kashmir at Awantipora Jammu & Kashmir,Ministry of Health & Family Welfare,Healthcare,Jammu and Kashmir,1828.0,2160.84,1545.05,76.0,71.5,-4.5,18.21,1.1107,0.9317,0.2414,0.6211,high
701173,AIIMS Majra Rewari Haryana,Ministry of Health & Family Welfare,Healthcare,Haryana,1299.0,1646.43,651.42,57.2,39.57,-17.63,26.75,0.9678,0.5558,0.1023,0.3517,medium
701170,AIIMS Rajkot,Ministry of Health & Family Welfare,Healthcare,Gujarat,1195.0,1195.0,775.6,93.7,64.9,-28.8,0.0,1.07,0.3593,0.1743,0.276,medium
616843,AJMER- CHANDERIYA DOUBLING,Ministry of Railways,Railways,Rajasthan,1634.79,1634.79,377.37,12.0,23.08,11.08,0.0,0.7747,0.7563,0.0607,0.4433,medium
701168,ALL India Institute of Medical Sciences-AIIMS Madurai,Ministry of Health & Family Welfare,Healthcare,Tamil Nadu,1264.0,2021.51,485.02,48.0,23.99,-24.01,59.93,1.5,0.9512,0.085,0.5614,high
400148,AMADAND OCP[4.0MTY],Ministry of Coal,Coal,Madhya Pradesh,869.44,869.44,325.4,75.15,37.43,-37.72,0.0,1.5,0.9189,0.0768,0.54,high
616229,AMAL GONDEGAON GHATROHANA EXPN,Ministry of Coal,Coal,Maharashtra,668.54,668.54,2.94,2.52,0.44,-2.08,0.0,0.444,0.4543,0.0226,0.55,high
611864,AMALAGAMATED NTST KUJAMA OCP 8.5MTY,Ministry of Coal,Coal,Jharkhand,4011.85,4011.85,414.93,29.7,10.34,-19.36,0.0,0.5115,0.6125,0.0159,0.344,medium
615185,AMALGAMATED DHANKASA & JAMUNIA,Ministry of Coal,Coal,Madhya Pradesh,399.2,399.2,100.03,67.13,25.06,-42.07,0.0,0.8892,0.6127,0.0287,0.3499,medium
616050,AMALGAMATED INDER-KAMPTEE DEEP,Ministry of Coal,Coal,Maharashtra,235.9,235.9,127.42,98.97,54.01,-44.96,0.0,1.4547,0.7869,0.0389,0.4503,medium
400177,AMALGAMATED YEKONA I & YEKONA,Ministry of Coal,Coal,Maharashtra,727.28,727.28,563.25,80.77,77.45,-3.32,0.0,1.1566,0.9589,0.1983,0.6166,high
613798,AMERA OC RCE [1.0 MTY],Ministry of Coal,Coal,Chhattisgarh,335.97,335.97,90.88,42.47,27.05,-15.42,0.0,1.0452,0.6235,0.0231,0.55,high
613799,AMGAON OC RCE [1.0 MTY],Ministry of Coal,Coal,Chhattisgarh,316.11,316.11,191.5,78.86,60.58,-18.28,0.0,1.047,0.682,0.0361,0.3914,medium
615916,AMLG GAURI PAUNI EXPANSION OC,Ministry of Coal,Coal,Maharashtra,1225.21,1225.21,88.88,4.21,7.25,3.04,0.0,0.4083,0.644,0.0207,0.3635,medium
617822,ATF Pipeline from BPCLs Malkapur POL Installation to Hyderabad International airport,Ministry of Petroleum & Natural Gas,Oil & Gas,Telangana,215.0,215.0,45.69,24.7,21.25,-3.45,0.0,0.5996,0.8023,0.0336,0.4564,medium
709782,ATF Pipeline from Jawaharlal Nehru Port Trust to Navi Mumbai International Airport,Ministry of Petroleum & Natural Gas,Oil & Gas,Maharashtra,165.0,165.0,101.62,97.8,61.59,-36.21,0.0,1.3604,0.7889,0.096,0.4771,medium
611751,AURANGABAD-ANKAI - DOUBLING PROJECT 98.25 Km,Ministry of Railways,Railways,Maharashtra,960.64,960.64,1304.54,2.02,135.8,133.78,0.0,0.87,0.483,0.8906,0.6664,high
618920,Access Controlled Highway of 4 Lane with Paved Shoulders from TN/AP Border Design Chainage Km 6151 to Puttur Design Chainage Km 81540 of NH-716 & 6 Lane with Paved Shoulders from Mallavaram to Renigunta,Ministry of Road Transport & Highways,Roads & Highways,Andhra Pradesh,1346.82,1260.37,171.16,34.98,13.58,-21.4,-6.42,0.874,0.4759,0.0326,0.2764,medium
619161,Access Controlled Highway of 4 Lane with Paved Shoulders from Tiruvallur Design Chainage Km 1756 to TN/AP Broder Design Chainage Km 6151 of NH-716 Chennai- Tirupati Package-1,Ministry of Road Transport & Highways,Roads & Highways,Tamil Nadu,1376.1,1247.7,133.77,34.5,10.72,-23.78,-9.33,0.874,0.4659,0.0378,0.2732,medium
606013,Additional Campus of NITPatna,Department of Higher Education,Education,Bihar,499.21,499.21,449.96,98.5,90.13,-8.37,0.0,1.5,0.9196,0.0838,0.5435,high
618505,Additional Structures on 6LGurgaon-Jaipur Section of NH-48 between KM 42.700 to KM 273.00,Ministry of Road Transport & Highways,Roads & Highways,"Multi-States (Haryana, Rajasthan)",409.64,290.64,195.8,87.14,67.37,-19.77,-29.05,1.5,0.9373,0.0469,0.5366,high
615337,Additional Transmission System for evacuation of Power from Bhadla-III PS as part of Rajasthan REZ Phase III Scheme [20 GW] [SPV Name POWERGRID Bhadla-III Power Transmission Limited],Ministry of Power,Transmission & Distribution,Rajasthan,369.0,369.0,210.33,63.85,57.0,-6.85,0.0,1.3843,0.9263,0.0486,0.5314,high
618620,"Additional works 2VUPs, MR-10 junction flyover and underpass in Six lane Indore- Dewas section of NH-52 in the state of Madhya Pradesh on EPC Mode",Ministry of Road Transport & Highways,Roads & Highways,Madhya Pradesh,207.77,211.27,122.83,76.77,58.14,-18.63,1.68,1.5,0.9231,0.0471,0.5289,high
618707,Additional works under BM1 to ensure road safety under 6L of Bengaluru Mysuru Access control with close toll from Km.17.300 to Km.136.300 of NH-275,Ministry of Road Transport & Highways,Roads & Highways,Karnataka,738.37,738.37,14.27,5.63,1.93,-3.7,0.0,0.3315,0.7292,0.0249,0.4122,medium
705919,Agra Fort-Bandikui Doubling Line Project,Ministry of Railways,Railways,Rajasthan,1390.0,1390.0,477.04,54.0,34.32,-19.68,0.0,0.8814,0.558,0.0361,0.3231,medium
702629,Agra Metro Rail Project,Ministry of Housing & Urban Affairs,Urban Public Transport,Uttar Pradesh,8379.62,8379.62,6071.78,69.5,72.46,2.96,0.0,1.5,0.9913,0.2429,0.6545,high
618501,Ahmedabad - Dholera Pkg I from km. 0.00 to km. 22.00 [Sardar Patel Ring Road - Sindhrej Village],Ministry of Road Transport & Highways,Roads & Highways,Gujarat,1298.0,1421.05,1012.45,100.0,71.25,-28.75,9.48,1.5,0.8862,0.1975,0.5763,high
618502,Ahmedabad - Dholera Pkg II from km. 22.00 to km. 48.52 [Sindhrej Village - Vejallka Village],Ministry of Road Transport & Highways,Roads & Highways,Gujarat,1415.34,1729.69,1354.93,100.0,78.33,-21.67,22.21,1.5,0.9349,0.3072,0.6524,high
618503,Ahmedabad - Dholera Pkg III from km. 48.52 to km. 71.06 [Vejallka Village - Start of DSIR zone],Ministry of Road Transport & Highways,Roads & Highways,Gujarat,1034.04,1155.41,955.74,100.0,82.72,-17.28,11.74,1.5,0.8995,0.2381,0.6019,high
618504,Ahmedabad - Dholera Pkg IV from km. 71.06 to km. 109.019 [Start of DSIR zone - Adhelai Village],Ministry of Road Transport & Highways,Roads & Highways,Gujarat,1181.76,1358.73,1204.33,97.92,88.64,-9.28,14.98,1.5,0.9825,0.5581,0.7916,critical
702639,Ahmedabad Metro Rail Project [Phase-I],Ministry of Housing & Urban Affairs,Urban Public Transport,Gujarat,10773.0,12924.5,12520.65,99.99,96.88,-3.11,19.97,1.5,0.971,0.7693,0.8802,critical
705356,Ahmednagar - Beed - Parli - Vaijnath New Broad Gauge Line Railway Project [261.3 km],Ministry of Railways,Railways,Maharashtra,2538.67,4957.27,5180.78,98.0,104.51,6.51,95.27,1.0214,0.8359,0.8855,0.8582,critical
618636,Akkalkot MH/KN border New Greenfield corridor from Km 512.000 to Km 548.400 of NH-150C part of Akkalkot KN/TS Border section Package XIV,Ministry of Road Transport & Highways,Roads & Highways,"Multi-States (Karnataka, Maharashtra)",1370.75,1403.49,275.76,47.0,19.65,-27.35,2.39,0.9575,0.4388,0.0416,0.2601,medium
619122,Akshardham - DL/UP Border Pkg-01,Ministry of Road Transport & Highways,Roads & Highways,"Multi-States (Delhi, Uttar Pradesh)",1479.22,1476.75,1343.18,100.0,90.96,-9.04,-0.17,1.5,0.9328,0.1982,0.6022,high
705774,Aligarh -Daud Khan Flyover Construction & 3rd Railway Line Project,Ministry of Railways,Railways,Uttar Pradesh,758.0,779.49,484.51,83.0,62.16,-20.84,2.84,1.3834,0.8961,0.1148,0.5445,high
618692,Aligarh-Kanpur Pkg I [Aligarh-Bhadwas],Ministry of Road Transport & Highways,Roads & Highways,Uttar Pradesh,1226.64,2069.6,659.17,100.0,31.85,-68.15,68.72,1.5,0.8589,0.14,0.5354,high
705918,Allahabad division - Aligarh - Harduaganj Flyover,Ministry of Railways,Railways,Uttar Pradesh,1457.0,1457.0,400.19,36.0,27.47,-8.53,0.0,0.985,0.8131,0.0415,0.4659,medium
705771,Allahabad-Bamhrauli Flyover Construction & 4th Railway Line Project,Ministry of Railways,Railways,Uttar Pradesh,494.0,494.0,397.57,78.0,80.48,2.48,0.0,1.0926,0.9162,0.1354,0.5648,high
618795,Amritsar Bypass Pkg III from km. 71.496 to km. 105.158,Ministry of Road Transport & Highways,Roads & Highways,Punjab,1474.77,1228.42,866.12,81.05,70.51,-10.54,-16.7,1.5,0.9262,0.1121,0.5598,high
618794,Amritsarairport Junction - Ramdas from km. 100.835 to km. 139.813 Pkg - IV,Ministry of Road Transport & Highways,Roads & Highways,Punjab,524.88,416.58,387.07,96.0,92.92,-3.08,-20.63,1.5,0.9351,0.0532,0.5382,high
705583,Anand Vihar-Tilak Bridge 3rd & 4th line,Ministry of Railways,Railways,Delhi,667.0,667.0,312.74,23.0,46.89,23.89,0.0,1.3502,0.9783,0.2878,0.6676,high
617252,Anandnagar - Ghugli via Maharajganj New line 52.7 km,Ministry of Railways,Railways,Uttar Pradesh,958.27,958.27,635.41,23.8,66.31,42.51,0.0,0.6536,0.7539,0.1927,0.5013,high
604833,"Andheri Residential Towers, Mumbai",Ministry of Petroleum & Natural Gas,Energy Storage,Maharashtra,281.35,389.67,270.49,79.5,69.42,-10.08,38.5,1.1685,0.976,0.1712,0.6139,high
618774,Ara - Mohania Pkg-II,Ministry of Road Transport & Highways,Roads & Highways,Bihar,984.63,827.51,798.12,100.0,96.45,-3.55,-15.96,1.5,0.9158,0.1397,0.5666,high
618775,Ara Bypass,Ministry of Road Transport & Highways,Roads & Highways,Bihar,226.32,226.32,1.94,15.93,0.86,-15.07,0.0,0.6106,0.5623,0.0256,0.3208,medium
705368,Araria Supaul New BG Line,Ministry of Railways,Railways,Bihar,1605.0,2514.0,1711.89,46.7,68.09,21.39,56.64,1.1666,0.9832,0.6409,0.8292,critical
617947,Arawali Kante section of NH-17New NH-66 4L PS from Km.241/300 to 281/300,Ministry of Road Transport & Highways,Roads & Highways,Maharashtra,1006.99,1443.09,0.0,80.06,0.0,-80.06,43.31,1.5,0.9472,0.1401,0.584,high
618604,Aroor-Thuravoor Thekku,Ministry of Road Transport & Highways,Roads & Highways,Kerala,2429.52,2382.83,1760.92,83.93,73.9,-10.03,-1.92,1.2272,0.9577,0.1387,0.5892,high
701391,Aruna Medium Irrigation Project,"Department of Water Resources, River Development & GR",Water Resources,Maharashtra,210.45,1472.14,1734.71,98.1,117.84,19.74,599.52,1.5,0.9748,0.8126,0.9018,critical
702746,Augmentation and Strenghthning of Urban Water Supply Phase 1 - SAAP 3,Ministry of Housing & Urban Affairs,Waste & Water,Jharkhand,278.28,278.28,186.5,81.0,67.02,-13.98,0.0,1.5,0.9442,0.0472,0.5405,high
617181,"Augmentation at Fatehgarh-II PS, Fatehgarh-IV PS [Section-II] and Barmer-I PS [POWERGRID Fatehgarh Barmer Augmentation Transmission Limited]",Ministry of Power,Transmission & Distribution,Rajasthan,404.0,404.0,28.28,9.8,7.0,-2.8,0.0,0.8562,0.8597,0.0335,0.55,high
619028,Augmentation of 1x500 MVA 400/220kV ICT [3rd] at Thrissur VSC HVDC Station in Kerala,Ministry of Power,Transmission & Distribution,Kerala,173.14,173.14,2.08,1.5,1.2,-0.3,0.0,0.5411,0.3565,0.028,0.55,high
617182,Augmentation of Banaskantha [Raghanesda] PS [GIS] [POWERGRID Banaskantha Transco Limited],Ministry of Power,Transmission & Distribution,Gujarat,172.0,172.0,58.48,36.0,34.0,-2.0,0.0,0.7507,0.7574,0.0422,0.4356,medium
617838,Augmentation of CCKPL and IDPL Pipelines capacity along with setting up of Palakkad TOP,Ministry of Petroleum & Natural Gas,Oil & Gas,Kerala,1130.0,1130.0,268.98,36.2,23.8,-12.4,0.0,0.5098,0.621,0.0229,0.3518,medium
619224,Augmentation of DUPL-DPPL Pipeline,Ministry of Petroleum & Natural Gas,Oil & Gas,Maharashtra,844.0,844.0,0.61,6.1,0.07,-6.03,0.0,0.4542,0.828,0.0296,0.4688,medium
617802,Augmentation of Transformation Capacity and Implementation of Line Bays at Mandsaur S/S for RE Interconnection [SPV Name- POWERGRID Mandsaur I RE Transmission Limited],Ministry of Power,Transmission & Distribution,Madhya Pradesh,319.0,319.0,12.76,2.5,4.0,1.5,0.0,0.3787,0.4759,0.0204,0.55,high
617391,Augmentation of Transformation Capacity at Bhuj-II PS [GIS],Ministry of Power,Transmission & Distribution,Gujarat,488.29,488.29,5.86,1.5,1.2,-0.3,0.0,0.9028,0.4165,0.0372,0.55,high
617069,Augmentation of Transformation Capacity at KPS1 [GIS] and KPS2 [GIS] [Phase-V Part B1 and Part B2 Scheme] [SPV Name- POWERGRID KPS1 and 2 Augmentation Transmission Limited],Ministry of Power,Transmission & Distribution,Gujarat,466.0,466.0,93.2,22.5,20.0,-2.5,0.0,0.789,0.8265,0.0349,0.4703,medium
615342,Augmentation of Transformation Capacity at jam Khambhaliya PS [GIS] [SPV Name POWERGRID Jam Khambhaliya Transmission Limited],Ministry of Power,Transmission & Distribution,Gujarat,329.0,329.0,36.19,13.5,11.0,-2.5,0.0,1.0956,0.8784,0.0365,0.55,high
617068,"Augmentation of Transformation Capacity by 3x500 MVA, 400/220 KV ICTS [6th-8th] and 1x1500 MVA, 765/400 KV ICT [4th] at Bidar PS [SPV Name- POWERGRID Bidar Augmentation Transmission Limited]",Ministry of Power,Transmission & Distribution,Karnataka,288.0,288.0,20.16,7.2,7.0,-0.2,0.0,0.6776,0.7994,0.0328,0.55,high
709786,"Augmentation/ Revamping of Dimapur Depot, Dimapur",Ministry of Petroleum & Natural Gas,Oil & Gas,Nagaland,227.62,227.62,25.94,41.0,11.4,-29.6,0.0,0.725,0.4915,0.0249,0.2815,medium
709776,Augmentation/Revamping of Facilities at existing Guwahati Terminal at Betkuchi,Ministry of Petroleum & Natural Gas,Oil & Gas,Assam,277.0,323.09,226.36,81.2,70.06,-11.14,16.64,0.9994,0.7699,0.1271,0.4806,medium
618839,Aunta - Simaria including Ganga Bridge,Ministry of Road Transport & Highways,Roads & Highways,Bihar,1309.47,2107.68,812.81,100.0,38.56,-61.44,60.96,1.5,0.859,0.2022,0.5635,high
616233,BALABHADRA OCP,Ministry of Coal,Coal,Odisha,978.44,978.44,251.55,15.24,25.71,10.47,0.0,0.4941,0.763,0.0337,0.4348,medium
400183,BALARAM EXPANSION OCP,Ministry of Coal,Coal,Odisha,3504.21,3504.21,958.0,57.15,27.34,-29.81,0.0,0.7087,0.5162,0.0292,0.2971,medium
615330,BALLARPUR NORTH WEST OC MINE,Ministry of Coal,Coal,Maharashtra,360.81,360.81,3.84,5.17,1.06,-4.11,0.0,0.5999,0.7313,0.0327,0.55,high
400149,BAROUD OC EXPANSION [3.0-10.0M,Ministry of Coal,Coal,Chhattisgarh,2309.8,2309.8,993.79,55.95,43.02,-12.93,0.0,0.7087,0.6237,0.0306,0.3568,medium
615193,BASUNDHARA WEST EXTENSION OPEN,Ministry of Coal,Coal,Odisha,479.15,479.15,281.57,67.58,58.76,-8.82,0.0,1.5,0.9384,0.0448,0.5363,high
400392,BHARATPUR RE-ORGANIZATION OCP,Ministry of Coal,Coal,Odisha,2838.86,2838.86,1711.38,52.0,60.28,8.28,0.0,0.758,0.8426,0.124,0.5193,high
400033,BHATADI EXPANSION OC,Ministry of Coal,Coal,Maharashtra,580.61,580.61,112.17,33.91,19.32,-14.59,0.0,0.7428,0.6299,0.0245,0.3575,medium
616231,BHUBANESWARI EXPN OCP 50 MTY,Ministry of Coal,Coal,Odisha,5366.27,5366.27,477.39,32.47,8.9,-23.57,0.0,0.2778,0.6051,0.018,0.3409,medium
400369,BINA KAKRI AMALGAMATION EXPANS,Ministry of Coal,Coal,"Multi-States (Madhya Pradesh, Uttar Pradesh)",836.42,836.42,835.34,89.9,99.87,9.97,0.0,1.5,0.9844,0.4171,0.7292,high
400162,BLOCK B EXPANSION [3.5 TO 8.0,Ministry of Coal,Coal,Madhya Pradesh,998.71,998.71,518.17,50.0,51.88,1.88,0.0,1.5,0.9776,0.1997,0.6276,high
616253,BLOCK E OCP,Ministry of Coal,Coal,Jharkhand,5850.83,5850.83,20.32,4.17,0.35,-3.82,0.0,0.5,0.7695,0.0178,0.55,high
400180,BONJEMEHARI EXPANSION OCP,Ministry of Coal,Coal,West Bengal,570.11,570.11,88.78,17.1,15.57,-1.53,0.0,1.1094,0.9051,0.0669,0.5279,high
619150,BRT Tiger Reserve Boundary Km.287.500 to Bangalore Section Km.458.420 of NH- 209 in Karnataka,Ministry of Road Transport & Highways,Roads & Highways,Karnataka,2082.69,2859.93,730.43,99.7,25.54,-74.16,37.32,1.5,0.8657,0.0711,0.5081,high
617361,Babupeth - Sasti New Rail Line [13.114 KMs],Ministry of Railways,Railways,Maharashtra,362.81,362.81,0.48,0.0,0.13,0.13,0.0,0.5605,0.0671,0.0288,0.55,high
603293,Badam Coal Mining project of NTPC,Ministry of Power,Coal,Jharkhand,502.0,784.0,471.08,67.86,60.09,-7.77,56.18,0.1879,0.8864,0.1655,0.562,high
616587,Badampahar-Kendujhargarh new line [82.06 km],Ministry of Railways,Railways,Odisha,1875.72,1875.72,2.15,0.0,0.11,0.11,0.0,0.2345,0.0768,0.0275,0.0546,low
705495,Bagalkot-Kudachi New Railway Line [142 km],Ministry of Railways,Railways,Karnataka,1378.0,1649.0,797.87,36.0,48.39,12.39,19.67,0.9652,0.7562,0.1768,0.4955,medium
709747,Bagodara Solar Power Project,Ministry of Power,Electricity Generation,Gujarat,339.35,339.35,370.0,51.86,109.03,57.17,0.0,1.163,0.9678,0.6196,0.8111,critical
400204,Bahraich-Shravasti-Balrampur-Siddharthnagar -Santkabir nagar,Ministry of Railways,Railways,Uttar Pradesh,4939.78,4939.78,1055.82,8.9,21.37,12.47,0.0,0.6993,0.8378,0.0378,0.4778,medium
703586,Baiyyappanahalli - Hosur Doubling Project [48 km],Ministry of Railways,Railways,"Multi-States (Karnataka, Tamil Nadu)",498.7,748.7,698.51,88.0,93.3,5.3,50.13,1.4922,0.9752,0.8,0.8964,critical
619152,Bakhtiyarpur Km 153.300 to Mokama Km 197.900,Ministry of Road Transport & Highways,Roads & Highways,Bihar,1182.94,1898.84,843.24,99.95,44.41,-55.54,60.52,1.5,0.8739,0.1905,0.5664,high
618861,Bakhtiyarpur-Rajauli Pkg-II from km. 54.405 to km.101.630,Ministry of Road Transport & Highways,Roads & Highways,Bihar,897.45,1397.47,897.09,97.85,64.19,-33.66,55.72,1.5,0.9616,0.2642,0.6478,high
618862,Bakhtiyarpur-Rajauli Pkg-III from km. 101.630 to km.152.520,Ministry of Road Transport & Highways,Roads & Highways,Bihar,2156.22,3046.61,1668.28,99.14,54.76,-44.38,41.29,1.5,0.9238,0.1514,0.5762,high
618637,Bal. Works of Fagne Km. 510.000 to Maharashtra/Gujarat Border Km. 650.794,Ministry of Road Transport & Highways,Roads & Highways,"Multi-States (Gujarat, Maharashtra)",1654.07,1672.89,1356.95,97.66,81.11,-16.55,1.14,1.5,0.9563,0.1332,0.5859,high
618898,Balance Works for Four laning of Vikravandi to Sethiyathope section from Km 0.0 to Km 65.96 of NH-45C in Tamil Nadu under NHDP Phase-IV on EPC mode,Ministry of Road Transport & Highways,Roads & Highways,Tamil Nadu,1163.17,834.46,166.37,26.7,19.94,-6.76,-28.26,0.6247,0.8376,0.0269,0.4728,medium
618522,Balance Works for six laning of Sriperumbudur to karaipettai section of NH-4 New NH- 48 from 37000 Existing Km 37000 to Km 71015 Existing Km 71000 in Tamilnadu on EPC mode underNHDP Phase-V,Ministry of Road Transport & Highways,Roads & Highways,Tamil Nadu,411.16,411.16,81.11,31.16,19.73,-11.43,0.0,0.9514,0.6347,0.0265,0.361,medium
618574,Balance Works of 4L of NH-31D from Km. 113.200 to Km. 154.854 Package-II A Ghoshpukur-Salsalabari Section,Ministry of Road Transport & Highways,Roads & Highways,West Bengal,1818.46,962.31,426.06,55.2,44.27,-10.93,-47.08,0.6996,0.5342,0.0288,0.3068,medium
618569,Balance work - WB-10 Gandak Bridge Km 402.00 to Km 440.00 Devanpur - Kotwa,Ministry of Road Transport & Highways,Roads & Highways,Bihar,210.05,358.3,116.29,64.05,32.46,-31.59,70.58,1.5,0.9099,0.0646,0.5295,high
618942,Balance work of 2L PS from Km 30.800 to Km 70.800 and 2L with Rigid Carriageway from Km 70.800 to km 84.120 of Khanapur- KA/GOA Border section of NH-4A,Ministry of Road Transport & Highways,Roads & Highways,"Multi-States (Goa, Karnataka)",226.76,149.44,109.78,82.45,73.46,-8.99,-34.1,1.5,0.9084,0.0489,0.5216,high
618594,Balance work of 4L Panvel to Indapur section of NH-66 Old NH- 17 from km 0.000 Panvel to km 42.300 Kasu,Ministry of Road Transport & Highways,Roads & Highways,Maharashtra,329.82,196.87,185.0,96.89,93.97,-2.92,-40.31,1.5,0.9327,0.0387,0.5304,high
619089,Balance work of 4L of NarimbangloJatinga Junction- Harangajoroad section from Km 0.000 to Km 49.230 of NH-27,Ministry of Road Transport & Highways,Roads & Highways,Assam,1909.98,2745.74,1307.33,93.08,47.61,-45.47,43.76,1.2208,0.9173,0.1613,0.5771,high
618701,Balance work of 4L of Nauradehi Sanctuary de-scoped stretch of Hiran River to Sindoor River from Km. 66.00 to 130.00 NH-12 New NH-45,Ministry of Road Transport & Highways,Roads & Highways,Madhya Pradesh,178.18,153.15,142.2,57.14,92.85,35.71,-14.05,1.5,0.9704,0.3083,0.6724,high
618592,"Balance work of 8 nos. of Elephant Underpasses EUPs, 1 no. of Vehicular Underpass VUP, 1 nos. of Light Vehicular Underpass LVUP, 1 nos. of Pedestrian Underpass PUP, 1 nos. of Foot Over Bridge FOB and A2 side approach of Jharpokharia Flyover at Km.215.270 in Baharagora-Singhara section of NH-49",Ministry of Road Transport & Highways,Roads & Highways,Odisha,320.64,244.85,33.71,18.0,13.77,-4.23,-23.64,1.2234,0.9504,0.0286,0.5356,high
618296,Balance work of Construction of 2-lane with hard shoulder of Kohima - Jessami road on NH-29 old NH-150 from existing km 98.380 near Chizami vill. to km120.367 Nagaland/Manipur Border [Design km 95.700 to design km 117.200] [Design Length 21.500 km] in the state of Nagaland Under Bharatmala Pariyojna on EPC Mode Package-V under NHO,Ministry of Road Transport & Highways,Roads & Highways,Nagaland,330.8,330.8,0.0,93.04,0.0,-93.04,0.0,1.4145,0.9484,0.0665,0.5516,high
618009,Balance work of Construction of Ring Road for Raebareli City on eastern side of NH- 24B Phase-1 on EPC mode.,Ministry of Road Transport & Highways,Roads & Highways,Uttar Pradesh,319.96,347.8,0.0,95.0,0.0,-95.0,8.7,1.5,0.9573,0.0665,0.5564,high
618031,Balance work of Construction of Two/Four lane with paved shoulder from Km 422.000 to 523.600 Chitradurga to Shivamogga of NH-13 in the state of Kanataka on EPC mode.,Ministry of Road Transport & Highways,Roads & Highways,Karnataka,516.96,516.96,105.08,75.0,20.33,-54.67,0.0,1.1869,0.9116,0.0388,0.5189,high
617945,Balance work of NH-66 from design Km 84/00 to Km 87/100 Indapur Bypass and Km 91/600 to Km 99/100 Mangaon Bypass to four lane with paved shoulder in State of Maharashtra under NHO on EPC Mode.,Ministry of Road Transport & Highways,Roads & Highways,Maharashtra,354.21,354.21,0.0,52.09,0.0,-52.09,0.0,0.6106,0.6831,0.0575,0.4016,medium
618819,Balance work of Panikoili Rimoli Section of new NH-20 from Km 0.00 to Km. 163.000,Ministry of Road Transport & Highways,Roads & Highways,Odisha,183.03,200.79,89.36,99.0,44.5,-54.5,9.7,1.5,0.8266,0.0544,0.4791,medium
618198,Balance work of Rehabilitation and Up-gradation to 2-lane road with paved shoulders configuration for NH- 965DD from Pacharal-Mandangad-Mhapral-Rajewadi Upto Junction of NH-66 Ch-22700 to 75100 Km and Ambadave connector Birth place of Dr. Babasaheb Ambedkar Ch-0000 to 7325 Km length Km 59.725 in the state of Maharashtra on EPC mode. Balance Work,Ministry of Road Transport & Highways,Roads & Highways,Maharashtra,388.93,341.69,0.0,93.0,0.0,-93.0,-12.15,1.5,0.9474,0.0649,0.5503,high
618235,Balance work of Rehabilitation and Up-gradation to 4-Lane configuration of Ras- Beawar Section Km 00.000 to km 30.050 of NH-158 in the State of Rajasthan under Green National Highway Corridor Project GNHCP.,Ministry of Road Transport & Highways,Roads & Highways,Rajasthan,278.1,278.1,28.57,37.16,10.27,-26.89,0.0,0.8321,0.531,0.0251,0.3034,medium
618593,Balance work of Rehabilitation and Upgradation to four laning of Baharagora Singhara section of NH-49 from Km.229.727 to Km.238.990 Length 9.263 Km. including construction of five nos. of Elephant Underpasses EUP and fourteen nos. of Animal Underpasses AUP inside the buffer zone of Similipal Tiger Reserve Area in Bangriposi Ghat section in the State of Odisha on EPC Mode,Ministry of Road Transport & Highways,Roads & Highways,Odisha,263.32,163.07,8.76,8.8,5.37,-3.43,-38.07,0.5328,0.8302,0.0271,0.55,high
617954,Balance work of Rehabilitation and upgrading to 2lane/2lane with paved shoulder configuration and strengthening from from Km 343.80 to 400.33 of Gowribidanur-Chik Ballapur section in the state of Karnataka Under Annual Plan 2021-22 under EPC Mode.-952,Ministry of Road Transport & Highways,Roads & Highways,Karnataka,398.48,398.48,211.59,93.25,53.1,-40.15,0.0,1.5,0.8782,0.0399,0.501,high
618507,"Balance work of Six Laning of Shamlaji-Motachiloda from Km. 401.200 to Km.494.410 section Design Chainage Km.447.385 to Km 540.595, Length- 93.210 Km of old NH-8 NH-48 in the state of Gujarat on single Percentage Item Rate Contract",Ministry of Road Transport & Highways,Roads & Highways,Gujarat,466.8,501.48,553.93,84.15,110.46,26.31,7.43,1.5,0.9811,0.6293,0.8228,critical
618349,Balance work of Widening to 2 Two lane with hard shoulder of Churachandpur to Tuivai section of NH-102B from Design Chainage km 118850 to km 130000 Package- 4A in the State of Manipur on EPC Mode,Ministry of Road Transport & Highways,Roads & Highways,Manipur,204.12,204.12,0.0,21.39,0.0,-21.39,0.0,1.0822,0.534,0.0772,0.55,high
618348,Balance work of Widening to 2 Two lane with hard shoulder of Churachandpur to Tuivai section of NH-102B from km 130.000 to km 141.029 Package-4B in the State of Manipur on EPC Mode,Ministry of Road Transport & Highways,Roads & Highways,Manipur,177.76,177.76,1.41,0.97,0.79,-0.18,0.0,0.8301,0.1277,0.046,0.55,high
619160,Balance works in AP Portion and punch list items in TN & AP portion of NH-205,Ministry of Road Transport & Highways,Roads & Highways,Andhra Pradesh,166.52,113.46,98.26,100.0,86.6,-13.4,-31.86,1.5,0.8167,0.1125,0.4998,medium
618784,Balance works of 4 lane divided carriageway of Missing Link section of NH-39 Rewa Bypass from junction with NH 30 near Bela to Junction with MPRDC ring road near Silpara on SH 9 design length 13.100 km on EPC Mode under Bharatmala Pariyojana in the State of Madhya Pradesh,Ministry of Road Transport & Highways,Roads & Highways,Madhya Pradesh,355.36,355.36,208.94,84.44,58.8,-25.64,0.0,1.2082,0.917,0.0442,0.5242,high
619095,Balance works of 4L Panvel Indapur section of NH66 old NH17 from km 42.300 kasu to km 84.600 Indapur,Ministry of Road Transport & Highways,Roads & Highways,Maharashtra,546.44,472.1,420.38,81.63,89.04,7.41,-13.6,1.5,0.9587,0.1797,0.6081,high
619222,"Balance works of four lane from km 43.950 Thiruvallur Bypass to km 61.470 Veppampattu Bypass passing through Thannerkulam, Thozur and Sevapet Bypass 17.520 kms of Tirupathi- Tiruttani- Chennai section of NH 205",Ministry of Road Transport & Highways,Roads & Highways,Tamil Nadu,467.99,699.68,450.86,97.92,64.44,-33.48,49.51,1.5,0.9461,0.1896,0.6057,high
606479,Banaras Hindu University [ Kayakalp of Institute of Medical Sciences],Department of Higher Education,Education,Uttar Pradesh,246.0,246.0,207.02,99.0,84.15,-14.85,0.0,1.5,0.9282,0.0608,0.5379,high
619199,Bangalore Chennai Expressway Phase-II Pkg-I from km.71.000 to Km 96.000 Bethamangala in the state of Karnataka to Byreddypalli,Ministry of Road Transport & Highways,Roads & Highways,"Multi-States (Andhra Pradesh, Karnataka)",1410.01,1410.01,241.41,98.47,17.12,-81.35,0.0,1.5,0.9266,0.0768,0.5442,high
618475,Bangalore Chennai Expressway Phase-II Pkg-II from km.96.000 to Km 127.000 Baireddypalle to Bangarupalem section,Ministry of Road Transport & Highways,Roads & Highways,Andhra Pradesh,2548.04,2548.04,1226.85,92.14,48.15,-43.99,0.0,1.5,0.9216,0.1039,0.5536,high
618476,Bangalore Chennai Expressway Phase-II Pkg-III from km.127.000 to Km 156.000 Bangarupalem to Gudipala section,Ministry of Road Transport & Highways,Roads & Highways,Andhra Pradesh,1407.33,1407.33,689.49,99.46,48.99,-50.47,0.0,1.5,0.8822,0.1118,0.5355,high
618477,Bangalore Chennai Expressway Phase-III Package I Gudipala to Walajajhpet from Km 156.000 to Km 180.000,Ministry of Road Transport & Highways,Roads & Highways,"Multi-States (Andhra Pradesh, Tamil Nadu)",1481.87,1481.87,711.04,99.02,47.98,-51.04,0.0,1.5,0.9296,0.1022,0.5572,high
618478,Bangalore Chennai Expressway Phase-III Package II Walajahpet to Arakkonam from Km 180.000 to Km 204.500,Ministry of Road Transport & Highways,Roads & Highways,Tamil Nadu,1106.65,1106.65,590.04,93.04,53.32,-39.72,0.0,1.5,0.9145,0.1449,0.5681,high
618479,Bangalore Chennai Expressway Phase-III Package III Arakkonam to Kancheepuram from Km 204.500 to Km 230.000,Ministry of Road Transport & Highways,Roads & Highways,Tamil Nadu,1525.1,1525.1,360.29,53.56,23.62,-29.94,0.0,1.5,0.9454,0.0799,0.5559,high
612878,Bangalore Metro Rail Project - PHASE-3,Ministry of Housing & Urban Affairs,Urban Public Transport,Karnataka,15611.0,15611.0,0.0,0.0,0.0,0.0,0.0,0.0507,0.0381,0.0331,0.0359,low
618519,Bangalore Ring Road STRR-NH-948A- Package-I of Phase-III from Belagondapalli TN to TN/KNT border from km 144.480 to 179.969,Ministry of Road Transport & Highways,Roads & Highways,"Multi-States (Karnataka, Tamil Nadu)",1260.74,1218.47,611.1,75.76,50.15,-25.61,-3.35,1.5,0.9249,0.1326,0.5684,high
705941,Bangalore Suburban Railway Project,Ministry of Railways,Railways,Karnataka,15767.0,15767.0,3224.09,19.95,20.45,0.5,0.0,0.9591,0.9201,0.0375,0.5229,high
618706,Bangalore-Nidagatta Pkg. I,Ministry of Road Transport & Highways,Roads & Highways,Karnataka,3496.01,4087.42,604.66,99.19,14.79,-84.4,16.92,1.5,0.9397,0.0662,0.5466,high
705464,Bangalore-Satyamanglam New Line Project [260 Km] - Part Hejjala - Chamarajanagar [142 Km],Ministry of Railways,Railways,Karnataka,1382.78,1382.78,0.0,0.0,0.0,0.0,0.0,0.05,0.0332,0.0413,0.0368,low
705663,Bangalore-Whitefield-Bangalore City-Krishnarajapuram [23.08 km] - Quadrupling,Ministry of Railways,Railways,Karnataka,493.0,493.0,318.39,85.5,64.58,-20.92,0.0,1.1573,0.9094,0.0469,0.5213,high
619072,Bangalore/TN border to Hoskote,Ministry of Road Transport & Highways,Roads & Highways,Karnataka,1181.68,1297.76,799.84,94.72,61.63,-33.09,9.82,1.5,0.9271,0.1702,0.5865,high
616586,Bangriposi-Gorumahisani new line [ 85.60 km ],Ministry of Railways,Railways,Odisha,2269.49,2269.49,7.14,0.0,0.31,0.31,0.0,0.2345,0.0751,0.0241,0.0522,low
705782,Barabanki-Malhaur 3rd & 4th Railway Line Project,Ministry of Railways,Railways,Uttar Pradesh,407.0,407.0,409.54,77.0,100.62,23.62,0.0,1.1896,0.9839,0.3363,0.6924,high
705357,Baramati Lonand New Line Project,Ministry of Railways,Railways,Maharashtra,138.48,1843.9,1007.49,60.0,54.64,-5.36,1231.53,0.9822,0.9028,0.9814,0.9382,critical
706777,Baranagar-Barrackpore and Dakshineshwar- Construction of Metro Railway,Ministry of Railways,Railways,West Bengal,2298.0,2734.0,393.02,17.0,14.38,-2.62,18.97,0.985,0.8432,0.0463,0.4846,medium
701324,Barauni Refinery Capacity Expansion from 6.0 to 9.0 MMTPA,Ministry of Petroleum & Natural Gas,Oil & Gas,Bihar,14810.0,16724.0,12872.04,90.9,76.97,-13.93,12.92,1.5,0.9765,0.2096,0.6314,high
706860,Barauni-Bachwara [16 km] - 3rd & 4th line incl. Barauni yard remodelling [32 km],Ministry of Railways,Railways,Bihar,645.0,645.0,47.53,56.7,7.37,-49.33,0.0,0.5,0.5342,0.0228,0.3041,medium
400116,Bargi Diversion Project Phase - III [km. 104 to km 154],"Department of Water Resources, River Development & GR",Water Resources,Madhya Pradesh,1229.15,1399.7,2190.05,81.42,156.47,75.05,13.88,1.5,0.9839,0.9177,0.9541,critical
400115,Bargi Diversion Project Phase - IV [km. 154 to km 197],"Department of Water Resources, River Development & GR",Water Resources,Madhya Pradesh,751.03,893.35,814.02,75.0,91.12,16.12,18.95,1.5,0.976,0.7099,0.8563,critical
618863,Barhi-Koderma Section of NH31 km 0.00 - km 27.5,Ministry of Road Transport & Highways,Roads & Highways,Jharkhand,662.44,826.59,478.57,98.5,57.9,-40.6,24.78,1.438,0.8678,0.1263,0.5341,high
618533,Barwa Adda Km. 398.240 to Panagarh Km. 521.120,Ministry of Road Transport & Highways,Roads & Highways,"Multi-States (Jharkhand, West Bengal)",1560.39,1568.22,91.41,100.0,5.83,-94.17,0.5,1.5,0.8933,0.1042,0.5382,high
617887,Beawer Gomti 4LPS from km 58.245 to km 108.600 Pkg-I,Ministry of Road Transport & Highways,Roads & Highways,Rajasthan,379.23,379.23,179.11,99.0,47.23,-51.77,0.0,1.5,0.8756,0.0413,0.5002,high
618799,Belakeri Port to Kumta - Sirsi road from km 0.00 - km 4.265 of Belekeri Port Road Link Rd. and km 4.965 - km 60.00 of SH-69,Ministry of Road Transport & Highways,Roads & Highways,Karnataka,456.79,456.79,436.72,91.65,95.61,3.96,0.0,1.5,0.9698,0.2343,0.6388,high
706835,Belgaum-Dharwad via Kittur [73.10Km],Ministry of Railways,Railways,Karnataka,1591.0,1591.0,0.38,0.0,0.02,0.02,0.0,0.5453,0.0696,0.033,0.55,high
619164,Belgaum-Khanapur Pkg I Km 0.000-Km 30.800 of NH-4A,Ministry of Road Transport & Highways,Roads & Highways,Karnataka,1214.3,1195.74,497.43,72.77,41.6,-31.17,-1.53,1.5,0.9329,0.0864,0.552,high
702760,Belgavi Improvement in Sewerage System Project,Ministry of Housing & Urban Affairs,Waste & Water,Karnataka,162.73,162.73,79.5,80.0,48.85,-31.15,0.0,1.4696,0.8703,0.1003,0.5238,high
617908,Bemetara Bypass NH 30,Ministry of Road Transport & Highways,Roads & Highways,Chhattisgarh,161.96,161.96,0.0,32.0,0.0,-32.0,0.0,0.7082,0.663,0.1384,0.427,medium
618664,Berkhedi to Godpehra on NH-44 Sagar link road,Ministry of Road Transport & Highways,Roads & Highways,Madhya Pradesh,524.84,471.31,368.56,88.0,78.2,-9.8,-10.2,1.5,0.9526,0.0491,0.546,high
618523,Bhadrak KM 136.500 to Baleshwar KM 199.141,Ministry of Road Transport & Highways,Roads & Highways,Odisha,844.67,1394.82,538.51,91.32,38.61,-52.71,65.13,1.5,0.8981,0.152,0.5623,high
705510,Bhadrak-Nergundi Third Line,Ministry of Railways,Railways,Odisha,1284.0,1284.0,1352.81,95.0,105.36,10.36,0.0,1.1907,0.9819,0.7006,0.8553,critical
705777,Bhandai - Flyover for Etawah bound down train- 10 Km,Ministry of Railways,Railways,Uttar Pradesh,250.18,250.18,139.49,9.0,55.76,46.76,0.0,1.1194,0.9743,0.1568,0.6064,high
705428,Bhanupalli-Bilaspur-Beri New Railway Line Project,Ministry of Railways,Railways,"Multi-States (Himachal Pradesh, Punjab)",13447.0,13447.0,7558.16,63.0,56.21,-6.79,0.0,0.9784,0.9301,0.1111,0.5616,high
706775,BharatNet,Department of Telecommunications,Telecommunication,PAN India,61109.0,188000.0,46431.54,82.4,24.7,-57.7,207.65,1.2605,0.9762,0.222,0.6368,high
705780,Bhatni-Aurnihar with electrification excluding Indara-Mau,Ministry of Railways,Railways,Uttar Pradesh,2529.0,2529.46,2164.72,96.5,85.58,-10.92,0.02,1.2253,0.954,0.1453,0.5901,high
611884,Bhiwani - Dobh Bahali Doubling Project [42.30 Km],Ministry of Railways,Railways,Haryana,471.0,471.0,263.12,72.0,55.86,-16.14,0.0,0.7158,0.7201,0.0329,0.4108,medium
702625,Bhopal Metro Rail Project,Ministry of Housing & Urban Affairs,Urban Public Transport,Madhya Pradesh,6941.4,6941.4,4259.25,59.94,61.36,1.42,0.0,1.5,0.9904,0.1414,0.6083,high
618925,Bijnor-Kotawali,Ministry of Road Transport & Highways,Roads & Highways,Uttar Pradesh,300.58,334.48,264.54,96.53,79.09,-17.44,11.28,1.5,0.9136,0.0802,0.5385,high
618572,Binnaguri Bypass-Descoped portion of Ghoshpukur-Dhupguri Section of NH-31Dpkg-1,Ministry of Road Transport & Highways,Roads & Highways,West Bengal,309.99,306.02,0.4,1.07,0.13,-0.94,-1.28,0.4151,0.3288,0.0253,0.55,high
618693,Bodhre - Dhule,Ministry of Road Transport & Highways,Roads & Highways,Maharashtra,1344.78,1292.7,791.69,97.69,61.24,-36.45,-3.87,1.5,0.9293,0.1491,0.5782,high
617422,Bodwad Parisar Sinchan Yojna,"Department of Water Resources, River Development & GR",Water Resources,Maharashtra,1923.81,1923.81,1949.56,49.5,101.34,51.84,0.0,0.9207,0.7386,0.4034,0.5877,high
709850,Borholla GGS Life Extension Project [BLEP],Ministry of Petroleum & Natural Gas,Oil & Gas,Assam,198.7,198.7,96.22,55.7,48.42,-7.28,0.0,1.1254,0.9108,0.0589,0.5275,high
706854,Boridand - Ambikapur Doubling Line Project,Ministry of Railways,Railways,Chhattisgarh,1376.0,1576.72,258.97,27.0,16.42,-10.58,14.59,0.5407,0.5912,0.0225,0.3353,medium
701370,Borolia Irrigation Project,"Department of Water Resources, River Development & GR",Water Resources,Assam,256.16,256.16,44.7,55.44,17.45,-37.99,0.0,1.1442,0.9353,0.0297,0.5278,high
618825,Bridge over Ganga River at d/s of Farraka Barrage including Approaches connecting Farakka-Raiganj,Ministry of Road Transport & Highways,Roads & Highways,West Bengal,622.04,646.1,340.02,96.17,52.63,-43.54,3.87,1.5,0.8862,0.0822,0.5244,high
400232,Brundamal-Jharsuguda- flyover connection for joining downline,Ministry of Railways,Railways,Odisha,297.0,297.0,232.73,56.0,78.36,22.36,0.0,0.9805,0.7704,0.2639,0.5425,high
619312,Bulk Loading Hub- Kanpur,Ministry of Petroleum & Natural Gas,Oil & Gas,Uttar Pradesh,186.0,186.0,92.47,54.0,49.72,-4.28,0.0,0.4986,0.8125,0.0445,0.4669,medium
616588,Buramara-Chakulia new line [59.96 km],Ministry of Railways,Railways,"Multi-States (Jharkhand, Odisha, West Bengal)",1459.13,1459.13,7.58,0.0,0.52,0.52,0.0,0.3494,0.0688,0.0269,0.55,high
705567,Burhwal Gonda 3rd line,Ministry of Railways,Railways,Uttar Pradesh,1016.0,1118.0,1050.11,88.4,93.93,5.53,10.04,1.2647,0.9849,0.6179,0.8198,critical
602579,Buxar Thermal Power Project [1320 MW],Ministry of Power,Electricity Generation,Bihar,10439.09,13756.6,13370.07,94.33,97.19,2.86,31.78,1.5,0.9884,0.8536,0.9277,critical
618619,Bypass on Western side of Gwalior City,Ministry of Road Transport & Highways,Roads & Highways,Madhya Pradesh,998.95,998.95,20.06,0.0,2.01,2.01,0.0,0.3315,0.0685,0.0259,0.55,high
705396,Byrnihat-Shillong New Rail Line- 108 km,Ministry of Railways,Railways,Meghalaya,8324.28,8342.28,266.12,2.04,3.19,1.15,0.22,1.5,0.9837,0.1072,0.5893,high
706718,C/o NITB Imphal Airport,Ministry of Civil Aviation,Aviation & Aviation Infrastructure,Manipur,499.0,499.0,201.99,50.69,40.48,-10.21,0.0,1.5,0.9393,0.0306,0.5304,high
617830,C2/C3 Vijaipur Pata Pipeline,Ministry of Petroleum & Natural Gas,Oil & Gas,Madhya Pradesh,1792.0,1792.0,488.0,65.2,27.23,-37.97,0.0,0.8738,0.5133,0.0431,0.3017,medium
604795,CBR 9 MMTPA Project,Ministry of Petroleum & Natural Gas,Oil & Gas,Tamil Nadu,31580.0,36354.0,1570.83,10.2,4.32,-5.88,15.12,1.3331,0.9824,0.1245,0.5963,high
709757,"CGD Project in Banka, Dumka, Godda, Jamtara, Pakur, Sahibganj GA ID 11A.02",Ministry of Petroleum & Natural Gas,Oil & Gas,"Multi-States (Bihar, Jharkhand)",1377.0,1377.0,375.17,37.0,27.25,-9.75,0.0,0.5311,0.8294,0.0229,0.4665,medium
709758,"CGD Project in Malda, Birbhum, Murshidabad, Dakshin Dinajpur GA ID 11A.03",Ministry of Petroleum & Natural Gas,Oil & Gas,West Bengal,2628.0,2628.0,388.06,36.3,14.77,-21.53,0.0,0.5311,0.5036,0.0231,0.2874,medium
400138,CHANDRAGUPT OCP,Ministry of Coal,Coal,Jharkhand,973.5,973.5,440.75,24.86,45.27,20.41,0.0,0.5251,0.7466,0.0426,0.4298,medium
400172,CHITRA EAST OC,Ministry of Coal,Coal,Jharkhand,513.99,513.99,239.88,53.03,46.67,-6.36,0.0,1.0661,0.8631,0.0582,0.5009,high
616225,CHUPERBHITA SIMLONG OCP MDO 6,Ministry of Coal,Coal,Jharkhand,979.08,979.08,0.0,0.05,0.0,-0.05,0.0,0.2075,0.0643,0.0387,0.0528,low
612259,CONSTRUCTION OF 300 BEDDED HOSPITAL AT HARIDWAR,Ministry of Labour and Employment,Healthcare,Uttarakhand,102.4,297.63,334.86,84.0,112.51,28.51,190.65,1.5,0.9842,0.987,0.9855,critical
606431,CONSTRUCTION OF PERMANENT CAMPUS FOR IIT PALAKKAD UNDER PHASE 1A,Department of Higher Education,Education,Kerala,1006.45,1217.4,680.69,86.0,55.91,-30.09,20.96,1.5,0.9405,0.142,0.5812,high
709800,"CUF POL Depot at Sadashibpur [Meramundali], Odisha",Ministry of Petroleum & Natural Gas,Oil & Gas,Odisha,393.54,393.54,218.63,80.9,55.55,-25.35,0.0,1.1019,0.6164,0.0389,0.3565,medium
617839,Capacity Augmentation of Kandla LPG Import Terminal [KLIT] from 0.6 MMTPA to 2.5 MMTPA,Ministry of Petroleum & Natural Gas,Energy Storage,Gujarat,356.86,304.4,72.32,66.0,23.76,-42.24,-14.7,1.0527,0.6111,0.028,0.3487,medium
709779,Capacity Expansion of Digboi Refinery from 0.65 to 1.0 MMTPA,Ministry of Petroleum & Natural Gas,Oil & Gas,Assam,768.0,740.0,174.5,56.0,23.58,-32.42,-3.65,1.1337,0.916,0.0609,0.5312,high
701289,Capacity Expansion of Panipat Refinery from 15 to 25 MMTPA,Ministry of Petroleum & Natural Gas,Oil & Gas,Haryana,34627.0,36225.0,27035.45,93.2,74.63,-18.57,4.61,1.5,0.9727,0.1635,0.6086,high
615202,Capacity expansion of Deposit-14 and 14 NMZ at Kirandul,Ministry of Steel,Metals & Mining,Chhattisgarh,1700.0,1756.2,258.41,20.3,14.71,-5.59,3.31,0.649,0.8666,0.0281,0.4893,medium
618652,Chakur Loha Section of NH-361 from km 114.600 to km 187.80,Ministry of Road Transport & Highways,Roads & Highways,Maharashtra,1241.38,3342.11,785.13,100.0,23.49,-76.51,169.23,1.5,0.8359,0.2201,0.5588,high
618698,Challakere to Hariyur section from km 358.500 to km 414.205 of NH-150 A,Ministry of Road Transport & Highways,Roads & Highways,Karnataka,1167.52,1873.58,843.6,99.5,45.03,-54.47,60.48,1.5,0.8791,0.188,0.5681,high
706865,Chandargaon - Cansaulium Rail Flyover Project [16 Km],Ministry of Railways,Railways,Goa,1892.0,1892.0,0.0,0.0,0.0,0.0,0.0,0.0847,0.0336,0.0396,0.0363,low
705424,Chandigarh-Baddi New Rail Line- 36 km,Ministry of Railways,Railways,"Multi-States (Haryana, Himachal Pradesh)",1540.0,1540.13,590.11,43.0,38.32,-4.68,0.01,0.9715,0.8561,0.0551,0.4957,medium
616227,Chandil - Anara - Damodar - 3rd line [121.26 km],Ministry of Railways,Railways,"Multi-States (Jharkhand, West Bengal)",1932.01,1932.01,4.51,0.0,0.23,0.23,0.0,0.2797,0.0751,0.0237,0.052,low
619196,Change of service of existing Mundra-Panipat Pipeline [Panipat - Churwa section] from Crude oil to Product,Ministry of Petroleum & Natural Gas,Oil & Gas,Haryana,359.0,359.0,10.37,35.3,2.89,-32.41,0.0,0.728,0.4696,0.0241,0.2692,medium
619086,Chengapalli km 102.035 to Neelambur Km144.680 and Madukkarai Km 170.880 to Walayar K183.010 Package No. NS-2/BOT/TN-08,Ministry of Road Transport & Highways,Roads & Highways,Tamil Nadu,852.0,285.55,5.09,100.0,1.78,-98.22,-66.48,1.5,0.8633,0.1069,0.523,high
702668,Chennai Metro Rail Phase-II Development Project,Ministry of Housing & Urban Affairs,Urban Public Transport,Tamil Nadu,63246.0,63246.0,33129.33,52.55,52.38,-0.17,0.0,0.6664,0.8785,0.0941,0.5255,high
618904,Chhapra - Hajipur from km. 143.200 to km. 209.200,Ministry of Road Transport & Highways,Roads & Highways,Bihar,2127.86,2171.6,98.07,89.81,4.52,-85.29,2.06,1.5,0.9541,0.0768,0.5593,high
705562,Chhapra-Ballia Patch Doubling,Ministry of Railways,Railways,"Multi-States (Bihar, Uttar Pradesh)",963.0,1046.0,917.1,95.9,87.68,-8.22,8.62,1.1719,0.9752,0.2751,0.6602,high
705454,Chhota Udaipur - Dhar New Line Project [157 km],Ministry of Railways,Railways,"Multi-States (Gujarat, Madhya Pradesh)",1794.0,1794.0,1819.63,80.3,101.43,21.13,0.0,1.0627,0.8561,0.4081,0.6545,high
617284,Chunar-Chopan doubling project,Ministry of Railways,Railways,Uttar Pradesh,1423.96,1423.96,123.09,17.0,8.64,-8.36,0.0,0.5255,0.8134,0.0218,0.4572,medium
701338,City Gas Distribution Maharashtra Natural Gas Limited,Ministry of Petroleum & Natural Gas,Oil & Gas,"Multi-States (Karnataka, Maharashtra)",5535.0,5535.0,4230.6,47.0,76.43,29.43,0.0,0.8131,0.8564,0.1885,0.5558,high
709771,"City Gas Distribution Project at Beed, Jalgaon and Jalna Districts",Ministry of Petroleum & Natural Gas,Oil & Gas,Maharashtra,865.0,865.0,78.67,3.4,9.09,5.69,0.0,0.4736,0.5986,0.0233,0.55,high
709772,"City Gas Distribution Project at East Mednipore, West Mednipore & Jhargram Districts",Ministry of Petroleum & Natural Gas,Oil & Gas,West Bengal,609.0,609.0,62.42,2.8,10.25,7.45,0.0,0.4865,0.3956,0.0243,0.55,high
709773,"City Gas Distribution Project at Jammu, Udhampur, Reasi, Samba and Kathua Districts",Ministry of Petroleum & Natural Gas,Oil & Gas,Jammu and Kashmir,538.0,538.0,4.32,0.6,0.8,0.2,0.0,0.45,0.089,0.0197,0.55,high
709770,City Gas Distribution Project at Pathankot District,Ministry of Petroleum & Natural Gas,Oil & Gas,Punjab,151.0,151.0,8.89,2.0,5.89,3.89,0.0,0.3912,0.2879,0.0343,0.55,high
709791,City Gas Distribution Projects at Alipurduar and Cooch Behar,Ministry of Petroleum & Natural Gas,Oil & Gas,West Bengal,1017.0,1017.0,227.8,43.6,22.4,-21.2,0.0,0.5172,0.5242,0.0226,0.2985,medium
709792,"City Gas Distribution Projects at Darbhanga, Madhubani, Supaul, Sitamarhi and Sheohar districts",Ministry of Petroleum & Natural Gas,Oil & Gas,Bihar,3638.0,3638.0,472.43,33.3,12.99,-20.31,0.0,0.5172,0.5923,0.0172,0.3335,medium
709794,"City Gas Distribution Projects at Fazilka [except area already authorized], Ganganagar and Hanumangarh districts",Ministry of Petroleum & Natural Gas,Oil & Gas,"Multi-States (Punjab, Rajasthan)",3207.0,3207.0,414.52,30.8,12.93,-17.87,0.0,0.4998,0.653,0.0182,0.3673,medium
709793,"City Gas Distribution Projects at Gopalganj, Siwan, West Champaran, East Champaran and Deoria districts",Ministry of Petroleum & Natural Gas,Oil & Gas,Bihar,3919.0,3919.0,510.08,30.1,13.02,-17.08,0.0,0.4998,0.653,0.0159,0.3663,medium
709795,"City Gas Distribution Projects at Lakhimpur Kheri , Sitapur, Bahraich, Shravasti,Balrampur, Siddharth Nagar & Maharajganj districts",Ministry of Petroleum & Natural Gas,Oil & Gas,Uttar Pradesh,16654.0,16654.0,713.77,17.9,4.29,-13.61,0.0,0.4998,0.6677,0.0228,0.3775,medium
709796,City Gas Distribution Projects at the Nilgiris and Erode districts,Ministry of Petroleum & Natural Gas,Oil & Gas,Tamil Nadu,3685.0,3685.0,288.66,25.4,7.83,-17.57,0.0,0.5172,0.6164,0.0162,0.3463,medium
617818,"City Gas Distribution [CGD] Project in Gajapati, Kandhamal, Boudh, & Sonepur GA",Ministry of Petroleum & Natural Gas,Oil & Gas,Odisha,514.91,514.91,22.08,5.9,4.29,-1.61,0.0,0.5722,0.6532,0.0236,0.55,high
617819,"City Gas Distribution [CGD] Project in Kondagaon, Bastar, Sukma, Narayanpur, Bijapur & Dantewada GA",Ministry of Petroleum & Natural Gas,Oil & Gas,Chhattisgarh,557.04,557.04,8.76,2.2,1.57,-0.63,0.0,0.5311,0.4006,0.0234,0.55,high
705244,Coach Production Factory Upgradation Project,Ministry of Railways,Railways,Tamil Nadu,520.0,520.0,192.25,0.0,36.97,36.97,0.0,1.5,0.9247,0.1491,0.5756,high
617836,Coke Drum Structure Package,Ministry of Petroleum & Natural Gas,Oil & Gas,Assam,635.28,635.28,453.66,60.6,71.41,10.81,0.0,1.2491,0.9782,0.3101,0.6776,high
709838,Commercial Polymer Flooding Project in Bechraji field,Ministry of Petroleum & Natural Gas,Oil & Gas,Gujarat,621.4,739.02,222.8,42.0,30.15,-11.85,18.93,1.5,0.9558,0.076,0.5599,high
602223,Comprehensive Scheme for Strengthening of Transmission and Distribution [T&D] Systems [CSST&DS] in Arunachal Pradesh and Sikkim,Ministry of Power,Transmission & Distribution,"Multi-States (Arunachal Pradesh, Sikkim)",4754.42,9129.32,8069.4,83.4,88.39,4.99,92.02,1.5,0.9877,0.9147,0.9549,critical
611963,"Construction & Development of Infrastructural Facilities in the main campus of NIT Uttarakhand at Sumari, Pauri Garhwal",Department of Higher Education,Education,Uttarakhand,650.85,650.85,345.85,56.0,53.14,-2.86,0.0,0.7067,0.858,0.0695,0.5032,high
618446,Construction & Upgradation of existing road to 2-lane with paved shoulder from New Rolep Bridge at km 37.600 to Chochenpheri at km 52.00 in the section of Rongli to Chochenpheri of NH 717B Pkg-II C,Ministry of Road Transport & Highways,Roads & Highways,Sikkim,493.42,478.79,0.0,77.07,0.0,-77.07,-2.97,1.5,0.9547,0.0642,0.5539,high
618449,Construction & Upgradation of existing road to 2-lane with paved shoulder from km27.200 End of Rongli bypass to km37.600New Rolep Bridge of Rhenok-Menla spur NH-717B on EPC Mode under SARDP-NE Phase-A in Sikkim Pkg-II B,Ministry of Road Transport & Highways,Roads & Highways,Sikkim,230.45,244.91,0.0,80.46,0.0,-80.46,6.27,1.5,0.955,0.067,0.5554,high
618396,Construction & Upgradation to 2 lane with paved shoulder from Design Km. 31.449 Khellani Ex. Km 44.946 to Km 51.700 Prem Nagar Ex. Km 68617 of 20.251 Km length on Khellani - Kishtwar - Chattroo section of NH-244 in the UT of J&K on EPC Mode under NHO-Gen PKG- 1,Ministry of Road Transport & Highways,Roads & Highways,Jammu and Kashmir,486.45,486.45,0.0,0.0,0.0,0.0,0.0,1.5,0.9015,0.0551,0.5206,high
618395,"Construction & Upgradation to 2-lane with paved shoulder from Design Ch. Km 51700 at Premnagar km 66315 to Km 66535 New Thatri at Start of Km 83rd, Tunnel Km 82665 of 14.835 Km design length on Chenani-Sudhmahadev-Goha Khellani- Kishtwar-Vailoo Donipawa-Ashajipora section of NH-244 in the UT of J&K on EPC Mode under NHO-Gen Pkg - 2",Ministry of Road Transport & Highways,Roads & Highways,Jammu and Kashmir,512.43,512.43,155.69,53.49,30.38,-23.11,0.0,1.5,0.9047,0.0338,0.5128,high
618400,Construction & Upgradation to 2-lane with paved shoulder from Design Km 67.805 at the end of Km 83rd Tunnel near Dhrabshalla Ex. Km 83905 to Km 80.675 start of Kishtwar Bypass - Dulhasti Ex. Km 970751 of 12.870 Km length on chenani- Sudhmahadev-Goha Khellani-Kishtwar-vailoo-Donipawa-Ashajipora seition of NH-244 in the UT of J&K on EPC Mode under NHO-Gen Pkg-3,Ministry of Road Transport & Highways,Roads & Highways,Jammu and Kashmir,398.51,398.51,99.35,98.55,24.93,-73.62,0.0,1.5,0.8965,0.0364,0.5095,high
617968,Construction & Widening Including Augustmuni Bypass Ch-16.545 to Ch - 19.890 to 2L/PS from Km 16.545-Km 33.130 & 45.980 -57.975 Augustmuni to Kund & Guptkashi to Sitapur on NH 109 in UK,Ministry of Road Transport & Highways,Roads & Highways,Uttarakhand,418.89,418.89,422.72,95.0,100.91,5.91,0.0,1.5,0.9741,0.2688,0.6567,high
618209,Construction & up gradation of existing road to 2-Lane with paved shoulder from existing chainage km 468000 to km 489350 Design Chainage km 465150 to km 471500 of NH-07 Old NH-58 including Joshimath bypass on EPC mode in the state of Uttarakhand Length 6.35 km,Ministry of Road Transport & Highways,Roads & Highways,Uttarakhand,258.85,258.85,0.0,35.6,0.0,-35.6,0.0,1.3321,0.9407,0.0567,0.5429,high
618427,Construction & upgradation of existing road to 2-lane with paved shoulder including geometric improvement of Kafer- Lava More section from km 40.00 to km 61.100 of NH717-A on EPC under SARDP-NE A in state of West Bengal Pkg-VA,Ministry of Road Transport & Highways,Roads & Highways,West Bengal,311.02,273.78,6.11,95.6,2.23,-93.37,-11.97,1.5,0.907,0.0372,0.5156,high
618429,Construction & upgradation of existing road to 2-lane with paved shoulder including geometric improvement of sect. from Pedong bypass to Reshi Border km 79.700 to km 96.254 of NH-717A under SARDP-NE-A on EPC as part of Alternate connectivity to Gangtok Lava More-Reshi Border Pkg-VB,Ministry of Road Transport & Highways,Roads & Highways,West Bengal,345.38,395.59,395.8,94.71,100.05,5.34,14.54,1.5,0.9624,0.6769,0.8339,critical
702665,Construction Bangalore Metro Rail Project Phase-2A & 2B,Ministry of Housing & Urban Affairs,Urban Public Transport,Karnataka,14788.1,14788.1,10276.44,65.0,69.49,4.49,0.0,1.0336,0.9426,0.1913,0.6045,high
612885,Construction and Developement of National Institute of Technology Meghalaya Permanent Campus at Sohra,Department of Higher Education,Education,Meghalaya,494.52,429.7,368.98,95.0,85.87,-9.13,-13.11,1.5,0.9397,0.0511,0.5398,high
618289,Construction and up gradation to 4-Lane of existing two lane with paved shoulder from Hapachara to Tulungia road of NH-117 of existing Km 0.00 to km 14.050 and Design Km 0.000 to km 14.660 under BMP on EPC mode,Ministry of Road Transport & Highways,Roads & Highways,Assam,224.85,224.85,204.31,97.76,90.87,-6.89,0.0,1.5,0.8993,0.1157,0.5467,high
618208,Construction and upgradation of existing road to 2-lane with paved shoulder from existing chainage Km 509.725 to Km 528.000 design chainage Km 490.550 to Km 507.850 of NH-58 new NH-07 Benakuli bend to Mana Village in EPC mode under Chardham Programme in the State of Uttarakhand.,Ministry of Road Transport & Highways,Roads & Highways,Uttarakhand,180.1,180.1,0.0,95.0,0.0,-95.0,0.0,1.5,0.9573,0.1062,0.5743,high
618393,"Construction for Mitigation Measures of 10 Nos. Landslides, 01 No. Sinking Zones and 1 No. of Minor Bridge in between at Ch. Km 368.00 to Km 433.00 on NH-07 on EPC Mode in Uttarakhand Package-1",Ministry of Road Transport & Highways,Roads & Highways,Uttarakhand,216.68,216.68,107.69,96.0,49.7,-46.3,0.0,1.4982,0.8352,0.0484,0.4811,medium
618391,"Construction for Mitigation Measures of 5 Nos. Landslides, 05 No. Sinking Zones and 01 No. Bridge from Ch. 450.00 to Ch. 468.00 18 Km. Length on NH-07 Package-III",Ministry of Road Transport & Highways,Roads & Highways,Uttarakhand,250.33,250.33,0.0,82.25,0.0,-82.25,0.0,1.4982,0.9643,0.0648,0.5595,high
618392,"Construction for Mitigation Measures of 5 Nos. Landslides, 5 Nos. Sinking Zones in between Ch. 433.00 to 450.00 BANERPANI VILLAGE on NH-07 on EPC mode in the state of Uttarakhand Package-2",Ministry of Road Transport & Highways,Roads & Highways,Uttarakhand,259.64,259.64,0.0,59.75,0.0,-59.75,0.0,1.1664,0.9591,0.0605,0.5547,high
612513,"Construction of 100 Bedded ESI Hospital at Duburi, Odisha.",Ministry of Labour and Employment,Healthcare,Odisha,164.6,164.6,16.4,7.2,9.96,2.76,0.0,0.6776,0.787,0.05,0.55,high
612748,"Construction of 100 bed ESI Hospital and Staff Quarters [32 Nos.] at Harohalli, Karnataka",Ministry of Labour and Employment,Healthcare,Karnataka,150.92,150.92,6.76,10.0,4.48,-5.52,0.0,0.7806,0.7769,0.0702,0.4589,medium
618357,Construction of 2 -Lane with paved shoulders road from Tamenglong to Mahur NH- 137 in Manipur starting from km 54.180 near Azuram to km 80.630 near Mandeu on EPC Mode Package 5,Ministry of Road Transport & Highways,Roads & Highways,Manipur,477.86,477.86,330.1,84.87,69.08,-15.79,0.0,1.5,0.949,0.0477,0.5434,high
618358,Construction of 2 -Lane with paved shoulders road from Tamenglong to Mahur NH- 137 starting from km 80.630 near Mandeu to km 96.870 near Jiri River on EPC Mode Package-6,Ministry of Road Transport & Highways,Roads & Highways,Manipur,311.18,311.18,230.69,86.73,74.13,-12.6,0.0,1.5,0.9412,0.0604,0.5448,high
618356,Construction of 2 -Lane with paved shoulders road from Tamenglong to Mahur in the state of Manipur from km 31.430 at Old Tamenglong to km 43.480 ending near Phelong on EPC Mode Package-3,Ministry of Road Transport & Highways,Roads & Highways,Manipur,234.08,234.08,196.29,100.0,83.86,-16.14,0.0,1.5,0.8823,0.0836,0.5229,high
618184,Construction of 2 Lane with paved shoulder from km 55.6 to km 90.7 existing chainages of NH-766C complete Realignment of 13.76 km with 2 major Bridges across Sharavathi Backwaters on EPC mode under Annual Plan 2022-23 in the state of Karnataka NH-766C-KNT-2022-23 dated 14.10.2022,Ministry of Road Transport & Highways,Roads & Highways,Karnataka,313.56,313.56,0.0,46.52,0.0,-46.52,0.0,1.2886,0.9523,0.0523,0.5473,high
618034,Construction of 2 lane Barpeta Bypass from Km 77900Baradi to Km 86150 Deurikuchi Length8.25Km on NH-427 in the state of Assam under EPC ModeJob No.427/AS/2022-23/245,Ministry of Road Transport & Highways,Roads & Highways,Assam,173.65,173.65,8.07,20.0,4.65,-15.35,0.0,1.0549,0.6042,0.0376,0.55,high
618160,"Construction of 2 lane Major Bridge including approaches over Brahmaputra between Majuli on North Bank and Jorhat on South Bank from km. 11.690 to km. 19.715 length of bridge 6,812.5m Package - II on NH-715K in the state of Assam Job no. 715/AS/2020-21/213",Ministry of Road Transport & Highways,Roads & Highways,Assam,1019.17,1019.17,0.0,1.82,0.0,-1.82,0.0,0.374,0.3917,0.0347,0.55,high
618200,Construction of 2 lane with Paved Shoulder for Northern Bypass Phase-II of Kota city in the State of Rajasthan.,Ministry of Road Transport & Highways,Roads & Highways,Rajasthan,317.74,317.74,6.07,36.87,1.91,-34.96,0.0,1.5,0.923,0.0289,0.5207,high
618011,Construction of 2 lane with paved shoulder for the work of Development of remaining sections of NH-325 Balotra to sanderao via Jalore to 2 lane with paved shoulder configuration by Construction of Byasses for town portions1 Asotra- Brahmdham bypass 2Siwana Bypass 3 Mokalsar Bypass 4 Major realignment at Kathadi 5 Major realignment at Bishangarh 6 Jalore Bypass 7 Ahore Town portion 8 Dujana Bypass in the state of Rajasthan on EPC Mode,Ministry of Road Transport & Highways,Roads & Highways,Rajasthan,411.44,411.44,66.63,87.6,16.19,-71.41,0.0,1.5,0.9576,0.0355,0.5427,high
617929,Construction of 2 lane with paved shoulder of Kund Bypass from Design Km 35.130 to Km 47.700 existing Km 33.130 to Km 41.260 of NH-109 in the State of Uttarakhand,Ministry of Road Transport & Highways,Roads & Highways,Uttarakhand,247.41,247.41,110.98,73.5,44.86,-28.64,0.0,1.5,0.9311,0.0304,0.5258,high
618420,"Construction of 2 lane with paved shoulder of Shillong Western Bypass starting from NH-06 near Ladumsaw existing km 60.900 of old NH-40 to NH-106 old NH-44E, Package-II km 12800 to km 24700 under SARDP-NE Phase A in the State of Meghalaya on EPC Mode",Ministry of Road Transport & Highways,Roads & Highways,Meghalaya,686.03,686.03,228.79,46.51,33.35,-13.16,0.0,0.9986,0.6278,0.0317,0.3596,medium
618202,Construction of 2 lane with paved shoulders Baramulla Bypass Greenfield bypass from existing Ch. Km 47020 to Km 56720 and Design Ch. From 48500 to 62600 Total length 14.100 km on road Srinagar Baramulla Uri NH-01 in the UT of Jammu & Kashmir under Project.Package-III,Ministry of Road Transport & Highways,Roads & Highways,Jammu and Kashmir,992.43,992.43,34.01,39.84,3.43,-36.41,0.0,0.9986,0.4422,0.0451,0.2635,medium
618413,Construction of 2 laning with Hard shoulder of Peren-Dimapur section on NH 129A from Design Km 146.208 to Km 163.592 Length- 17.384 km in the state of Nagaland on EPC mode under NHO-TSP Package-III,Ministry of Road Transport & Highways,Roads & Highways,Nagaland,177.77,199.02,0.0,93.37,0.0,-93.37,11.95,1.5,0.9518,0.1062,0.5713,high
618127,Construction of 2- Lane with paved shoulder from km 56.45 Dharampur More to 93.050 Pakur of NH-333A in the State of Jharkhand on EPC mode,Ministry of Road Transport & Highways,Roads & Highways,Jharkhand,255.73,255.73,0.0,8.5,0.0,-8.5,0.0,0.5549,0.8224,0.064,0.55,high
618423,Construction of 2-Lane with hard shoulders of Merangkong-Tamlu-Mon MTM Road from existing Km 20.456 to Km 41.065 Design Km. 20 to Km. 40.0 Design Length- 20.000 Km in the State of Nagaland under SARDP-NE Phase-A Pkg-2 Balance work,Ministry of Road Transport & Highways,Roads & Highways,Nagaland,215.79,215.79,28.64,100.0,13.27,-86.73,0.0,1.5,0.8386,0.0917,0.5025,high
619059,Construction of 2-Lane with hard shoulders of Merangkong-Tamlu-Mon Road on EPC Basis from existing road Km. 76.640 to Km 98.065 Design chainage Km. 63.800 to Km. 86.835 Design Length-23.035 Km in the state of Nagaland under SARDP-NE PKG-IV Balance work,Ministry of Road Transport & Highways,Roads & Highways,Nagaland,323.98,323.98,70.46,75.05,21.75,-53.3,0.0,1.4979,0.934,0.0301,0.5272,high
618293,"Construction of 2-Lane with paved shoulder of Kohima-Bypass Road connecting NH- 39New NH-02, NH-150New NH-02, NH-61New NH-29 and NH-39New NH-02 from design Km 0.00 to Km 10.500 in the State of Nagaland under SARDP-NE on EPC Mode Package-1 -Balance work",Ministry of Road Transport & Highways,Roads & Highways,Nagaland,232.29,350.88,12.48,25.61,3.56,-22.05,51.05,0.9434,0.4584,0.0293,0.2653,medium
618292,Construction of 2-Lane with paved shoulder of Kohima-Bypass Road connecting New NH-02 and New NH-29 from Design Km 10.500 to design Km 21.000 [Design Length- 10.500 km] including TUNNEL of 500m at Ch. 11.000 in the state of Nagaland Under SARDP-NE on EPC Mode Package-2,Ministry of Road Transport & Highways,Roads & Highways,Nagaland,277.44,277.44,192.45,69.82,69.37,-0.45,0.0,1.5,0.9601,0.1128,0.5788,high
618421,"Construction of 2-Lane with paved shoulder of Shillong Western Bypass starting from NH-06 near Ladumsaw Existing km 60.900 of old NH-40 to NH106 old NH-44E, km 0000 to km 12800 Package-I under SARDP-NE PHASE A in the State of Meghalaya on EPC Mode Greenfield alignment",Ministry of Road Transport & Highways,Roads & Highways,Meghalaya,620.3,620.3,215.93,68.85,34.81,-34.04,0.0,0.9986,0.497,0.0347,0.289,medium
618419,"Construction of 2-Lane with paved shoulders of Shillong Western Bypass starting from NH-06 near Ladumsaw existing Km 60.900 of old NH40 to NH106 old NH 44E Package-III, from km 24700 to km 38256 under SARDP-NE PHASE A in the state of Meghalaya on EPC Mode Greenfield alignment",Ministry of Road Transport & Highways,Roads & Highways,Meghalaya,562.48,562.48,85.88,50.91,15.27,-35.64,0.0,0.9986,0.4587,0.0333,0.2673,medium
618448,Construction of 2-Laning with Paved Shoulder of New Greenfield Alignment From Chochenpheri at Km 52000 to Helipad near Menla at Km 82000 of Rhenock-Menla Spur NH-717B Package-IIIA on EPC Basis under SARDP-NE Phase 'A' in the State of Sikkim.,Ministry of Road Transport & Highways,Roads & Highways,Sikkim,816.79,786.6,32.28,60.88,4.1,-56.78,-3.7,1.5,0.9514,0.0695,0.5545,high
618447,Construction of 2-Laning with Paved Shoulder of New Greenfield Alignment From Helipad near Menla at Km 82000 to Menla at Km 94030 of Rhenock-Menla Spur NH- 717B Package-IIIB on EPC Basis under SARDP-NE Phase 'A' in the State of Sikkim.,Ministry of Road Transport & Highways,Roads & Highways,Sikkim,410.6,379.3,0.0,81.83,0.0,-81.83,-7.62,1.5,0.9607,0.0623,0.5564,high
618445,Construction of 2-Laning with hard shoulders of Demwe-Brahmakund section of NH- 13 from Ch.0.00 km to 18.464 km on EPC under SARDP-NE NHO-NE -Balance Work,Ministry of Road Transport & Highways,Roads & Highways,Arunachal Pradesh,353.9,353.9,0.0,17.91,0.0,-17.91,0.0,0.4995,0.6139,0.0639,0.3664,medium
618324,Construction of 2-lane Aizawl Bypass from km 15.200 to km 34.500 Package-3 on Sairang - Phaibawk section of NH-6 in the State of Mizoram under Bharatmala Pariyojna on EPC Mode under NHO-NE,Ministry of Road Transport & Highways,Roads & Highways,Mizoram,720.72,720.72,0.0,15.1,0.0,-15.1,0.0,0.2964,0.6918,0.0624,0.4086,medium
617892,Construction of 2-lane road of Potin to Pangin section of NH-13 from Km 163.59 to Km 206.66 Package-5 on EPC Mode in the State of Arunachal Pradesh under Arunachal Pradesh Package of Roads and Highways of SARDP-NE [Job No SARDP-NE/P- P/Pkg-A/NH-13/Ar.Pr./PWD/2018-19/116],Ministry of Road Transport & Highways,Roads & Highways,Arunachal Pradesh,450.65,450.65,308.61,96.61,68.48,-28.13,0.0,1.5,0.8954,0.0541,0.5168,high
618290,"Construction of 2-lane with Paved shoulder of Kohima- Bypass Road Connecting NH- 39New NH-02, NH-150New NH-02, NH-61New NH-29, NH-39New NH-02 from Design Km 32.00 to Design Km 43.454Design Length-11.454 Km in the State of Nagaland under SARDP-NE on EPC Mode Package-IV",Ministry of Road Transport & Highways,Roads & Highways,Nagaland,202.36,202.36,94.2,45.52,46.55,1.03,0.0,1.5,0.9537,0.1306,0.5833,high
618291,"Construction of 2-lane with Paved shoulder of Kohima-Bypass Road connecting NH- 39 New NH-02, NH150New NH-02, NH7-61 New NH-29 and NH-39 New NH-02 from Design km 21.000 to km 32.268 [Design length11.268 km] in the state of Nagaland Under SARDP-NE on EPC Mode Package- 3",Ministry of Road Transport & Highways,Roads & Highways,Nagaland,159.85,342.29,84.22,37.38,24.6,-12.78,114.13,1.5,0.9426,0.1195,0.5722,high
618297,Construction of 2-lane with hard shoulder of Kohima - Jessami road on NH-29 Old NH- 150 from existing Km 30.474 Near Kidwema road Chakahabama to existing Km 53.220 Near Kikruma Village Design Km 29.60 to Km 51.50 Design length-21.90 Km in the state of Nagaland Under Bharatmala Pariyojna on EPC Mode under NHO Package-II -Balance work,Ministry of Road Transport & Highways,Roads & Highways,Nagaland,355.79,355.79,0.0,40.88,0.0,-40.88,0.0,1.3311,0.9431,0.0567,0.5442,high
618422,"Construction of 2-lane with hard shoulders of Merangkong-Tamlu-Mon road Wakching Twon portion on EPC basis from existing Chainage Km 59000 to Km 73640 [Design Km. 59000 to Km, 72450] Design length - 13.450 Km under SARDP-NE package-V Balance work",Ministry of Road Transport & Highways,Roads & Highways,Nagaland,161.73,161.73,14.12,99.5,8.73,-90.77,0.0,1.4979,0.8078,0.1011,0.4898,medium
618387,Construction of 2-laning with Hard shoulder of Ukhrul Tolloi - Tadubi section of NH- 102A from Design Chainage km 9450 to km 50850 in the State of Manipur on EPC mode under NHO-NE Package-2,Ministry of Road Transport & Highways,Roads & Highways,Manipur,578.98,578.98,249.29,79.5,43.06,-36.44,0.0,1.2507,0.9032,0.0607,0.5241,high
618388,Construction of 2-laning with Hard shoulder road of Ukhrul - Tolloi - Tadubi section of NH-102A from Design Chainage 50.850 km to 81.870 km in the State of Manipur on EPC mode under NHO-TSP Package -3,Ministry of Road Transport & Highways,Roads & Highways,Manipur,315.56,315.56,227.98,90.91,72.25,-18.66,0.0,1.5,0.8958,0.0499,0.5152,high
618389,Construction of 2-laning with Hard shoulder road of Ukhrul - Tolloi - Tadubi section of NH-102A from Design Chainage 81.870 km to 105.825 km in the State of Manipur on EPC mode under NHO-TSP Package -4,Ministry of Road Transport & Highways,Roads & Highways,Manipur,310.76,310.76,247.28,96.8,79.57,-17.23,0.0,1.5,0.9281,0.0657,0.54,high
618363,Construction of 2-laning with hard shoulder configuration of Chhumkhum to Tlabung from Design Chainage Km 37.420 to Km 74.950 of NH-302 in Mizoram under Bharatmala Pariyojana on EPC mode [Pkg-B],Ministry of Road Transport & Highways,Roads & Highways,Mizoram,740.58,740.58,430.45,61.34,58.12,-3.22,0.0,1.5,0.949,0.1504,0.5897,high
618362,Construction of 2-laning with hard shoulder of Lunglei to Chhumkhum from Design Chainage Km 0.000 to Km 37.420 of NH-302 [Lunglei-Tlabung] Package-A,Ministry of Road Transport & Highways,Roads & Highways,Mizoram,698.45,698.45,556.91,64.78,79.74,14.96,0.0,1.5,0.9772,0.3775,0.7073,high
612213,"Construction of 200 Bedded ESIC Hospital at Butibori, Nagpur, Maharashtra.",Ministry of Labour and Employment,Healthcare,Maharashtra,194.93,196.7,114.39,65.5,58.15,-7.35,0.91,1.3604,0.915,0.0651,0.5325,high
612188,"Construction of 200 Bedded [Upgradable to 500 Bedded including 50 beds of SST] ESIC Hospital at Bibewadi, Pune",Ministry of Labour and Employment,Healthcare,Maharashtra,429.25,429.25,341.9,78.0,79.65,1.65,0.0,1.3978,0.9793,0.1724,0.6162,high
612745,"Construction of 200 bed ESI Hospital at Bommasandra, Karnataka",Ministry of Labour and Employment,Healthcare,Karnataka,278.0,278.0,68.23,23.0,24.54,1.54,0.0,0.8504,0.8055,0.031,0.457,medium
612201,"Construction of 200 bedded ESIC Hospital with 62 Nos Staff quarters , Beltola",Ministry of Labour and Employment,Healthcare,Assam,143.23,154.75,130.08,98.0,84.06,-13.94,8.04,1.4045,0.8734,0.9062,0.8881,critical
618556,"Construction of 26 VUPs, Major Bridge, Service Road etc. on Lalitpur-Sagar- Lakhnadon section of NH-44 NS",Ministry of Road Transport & Highways,Roads & Highways,"Multi-States (Madhya Pradesh, Uttar Pradesh)",665.91,665.91,507.56,95.19,76.22,-18.97,0.0,1.2507,0.9431,0.0904,0.5594,high
612167,"Construction of 350 beds + 50 Super Specialty beds ESIC Hospital Sheelanagar, Visakhapatnam, Andhra Pradesh",Ministry of Labour and Employment,Healthcare,Andhra Pradesh,384.27,384.27,253.37,88.0,65.94,-22.06,0.0,1.3654,0.9256,0.0457,0.5296,high
619293,Construction of 4 Lane Access Controlled Bypass for Dehradun on NH307 from Design Chainage km 0050 Jhajra on NH-07 to Design Chainage km 12220 Asharori on EPC Mode in the State of Uttarakhand under NHO,Ministry of Road Transport & Highways,Roads & Highways,Uttarakhand,715.97,337.11,140.53,47.84,41.69,-6.15,-52.92,0.7082,0.7912,0.0253,0.4465,medium
617917,"Construction of 4 Lane Flyover at Nagpur RTO Chowk To Nagpur University Campus from Ch 2/250 to 5/100 and 4 lane flyover at wadi/midc junction from km 8/360 to km, 10/300 on NH 53 in state of Maharashtra.",Ministry of Road Transport & Highways,Roads & Highways,Maharashtra,478.83,490.52,0.0,95.0,0.0,-95.0,2.44,1.5,0.9532,0.0681,0.5549,high
617969,Construction of 4 Lane ROB and its approaches at the level crossing LC No 29 B of Km 29 Ekangarsarai at NH 110 New NH 33 & Railway Km 32.63 at Fatwa FUT Islampur IPR section in the state of Bihar on EPC mode.,Ministry of Road Transport & Highways,Roads & Highways,Bihar,201.08,201.08,0.01,58.0,0.0,-58.0,0.0,1.0836,0.6838,0.074,0.4094,medium
617919,Construction of 4 Nos Grade separtor between km. 281.000 to km. 307.600 km. 286.400 kumhari km. 299.000 Transport Nagar km. 302.000 Power House km. 304.000 Chandra Moura Chowk to km. 305.000 supeia of NH-53 old NH-06 Raipur - Durg 4 Lane on EPC mode in the state of chhattisgarh job NO. NH-53old NH-06 CG- 2017-18-56,Ministry of Road Transport & Highways,Roads & Highways,Chhattisgarh,349.03,349.03,0.0,97.9,0.0,-97.9,0.0,1.5,0.9489,0.0685,0.5527,high
619253,Construction of 4 lane Bypass to Nalgonda Town lrorn Km 000 Existing Ch. 181590 to Km 14.00 Existing Ch. 28/685 ol Nakrekal to Nagarjunsagar Section of NH -565 in the State of Telangara on EPC under Annual Plan 2024 -25,Ministry of Road Transport & Highways,Roads & Highways,Telangana,516.17,516.17,0.0,43.13,0.0,-43.13,0.0,0.4575,0.7238,0.055,0.4228,medium
617896,"Construction of 4 lane Gauripur Bypass Starting bfrom Km 852.56 of NH- 31Dumardoha Pt-II and Terminating at Km 862.17 Baladmara via. Khudimari Pt.- II, Fulkumari, Charaldanga, Sajuakuti,Geramari Pt.-III and finally meeting at km 862.17 of NH-17New/ NH-31Old in the State of Assam under EPC Mode Job no. 31/AS/ 2023- 24/265",Ministry of Road Transport & Highways,Roads & Highways,Assam,421.15,421.15,0.0,17.9,0.0,-17.9,0.0,0.9434,0.7102,0.0494,0.4128,medium
618247,Construction of 4 lane Mirzapur bypass including bridge over river Ganga from km 0.000 to km 15.000 of NH 135A in the State of Uttar Pradesh on HAM Mode.,Ministry of Road Transport & Highways,Roads & Highways,Uttar Pradesh,1708.62,1708.62,0.0,2.0,0.0,-2.0,0.0,0.2208,0.4967,0.0318,0.2875,medium
617905,Construction of 4 lane ROB with approaches in lieu of LC No. RV-172 at km 176.00 of NH-201 present NH-26 at Kesinga including land acquisition in the state of Odisha on EPC mode under Annual Plan 2021-22,Ministry of Road Transport & Highways,Roads & Highways,Odisha,324.09,324.09,84.57,70.09,26.09,-44.0,0.0,1.5,0.9514,0.0305,0.537,high
618203,"Construction of 4 lane with paved shoulder Pattan bypass Greenfield bypass from existing Ch. Km 24320 to Km 33760 and Design Ch. from Km 24400 to Km 35300, total length 10.900 km on road SrinagarBaramulla Uri NH-01 in the UT of Jammu & Kashmir under Project BEACON, Border Roads Organization BRO on EPC mode. Package-II",Ministry of Road Transport & Highways,Roads & Highways,Jammu and Kashmir,980.21,980.21,0.27,50.01,0.03,-49.98,0.0,1.0873,0.5558,0.054,0.33,medium
618205,"Construction of 4 lane with paved shoulder from Existing Ch. 14200 to 24320 Design Ch. 14200 to 24400, Ch. 33760 to 42780 Design Ch. 35300 to 44294 & Ch. 43440 to 47020 Design Ch. 44958 to 48500 Delina Flyover including construction of flyover length 1.704 km of total length 22.736 kms in AOR of 760 BRTF on road SRINAGAR BARAMULA URI NH-01 in the UT of Jammu & Kashmir under project BEACON, Border Roads Organization BRO Package-IJob No NH-1-J&K-2022-23-110",Ministry of Road Transport & Highways,Roads & Highways,Jammu and Kashmir,823.46,823.46,262.57,83.0,31.89,-51.11,0.0,1.5,0.9208,0.0637,0.5351,high
619057,Construction of 4-Lane Badarpur Bypass from Design Chainage km 27300 at crossing with NH-6 Old NH-44 Near Siddeswar Pt.-I Village to Design Chainage km 38600 on NH-37 Old NH-44 at Kandigram Chaita Village on Silchar - Churaibari stretch in the State of Assam on EPC Mode under Bharatmala Pariyojana in Economic Corridors Silchar- Churaibari Pkg-3,Ministry of Road Transport & Highways,Roads & Highways,Assam,574.26,574.26,316.32,71.09,55.08,-16.01,0.0,1.0329,0.713,0.049,0.4142,medium
618373,"Construction of 4-Lane Bridge including approaches over River Brahmaputra between Dhubri on North Bank,Assam and Phulbari on south Bank,Meghalaya on NH-127B under JICA ODA Loan assistance Phase-III",Ministry of Road Transport & Highways,Roads & Highways,Assam,4997.04,4997.04,2808.4,74.36,56.2,-18.16,0.0,0.7414,0.7701,0.0529,0.4473,medium
618308,Construction of 4-Lane Panchgram Bypass from Design Chainage km 15500 on NH- 37 Old NH-53 at Kalinagar Pt.-I Village to Design Chainage km 27300 at crossing with NH-6 Old NH-44 Near Siddeswar Pt.-I Village on Silchar - Churaibari stretch in the State of Assam on EPC Mode under Bharatmala Pariyojana in Economic Corridors Silchar- Churaibari Package-2,Ministry of Road Transport & Highways,Roads & Highways,Assam,676.18,728.97,0.0,57.17,0.0,-57.17,7.81,0.8315,0.6457,0.075,0.3889,medium
618417,"Construction of 4-Lane with paved shoulder Agartala bypass Western side, length 25.402 km connecting NH-8 near Amtali to NH-108B near Lembuchhera in the state of Tripura on EPC basis under NHO-NE",Ministry of Road Transport & Highways,Roads & Highways,Tripura,2026.05,2026.05,292.55,9.2,14.44,5.24,0.0,0.8338,0.8412,0.0415,0.55,high
618320,Construction of 4-Laning of N. Kawnpui N. Mualvum Mualkhang via Khamrang Village section Package-7 of NH-6 from Existing Chainage km 127200 to km 142000 Design Chainage km 111850 to km 123400 on Silchar - Vairengte - Sairang road in the State of Mizoram on EPC mode,Ministry of Road Transport & Highways,Roads & Highways,Mizoram,866.32,866.32,0.0,18.9,0.0,-18.9,0.0,0.3047,0.6815,0.0624,0.4029,medium
618321,Construction of 4-Laning of West Serawlg-Sairang section of NH-6 from Existing Chainage km 142000 to km 158900 Design Chainage km 123400 to km 136260 on Silchar - Vairengte - Sairang road in the State of Mizoram under Bharatmala Pariyojna on EPC mode under NHO-NE Package-8,Ministry of Road Transport & Highways,Roads & Highways,Mizoram,875.79,875.79,0.0,13.95,0.0,-13.95,0.0,0.2765,0.6841,0.0592,0.4029,medium
619142,Construction of 4-lane connectivity to Banbasa ICP at India Nepal border from NH-09 old NH-125 Sitarganj-Tanakpur at Km 40.00 near Jagbuda bridge under Bharatmala Priyojana of NH-109D on EPC mode in the State of Uttarakhand,Ministry of Road Transport & Highways,Roads & Highways,Uttarakhand,216.97,237.01,161.97,75.24,68.34,-6.9,9.24,1.5,0.9648,0.1448,0.5958,high
618001,"Construction of 4-lane flyover at Amberpet-X road, Hyderabad on NH-202 in the State of Telangana",Ministry of Road Transport & Highways,Roads & Highways,Telangana,216.53,265.88,154.05,92.1,57.94,-34.16,22.79,1.5,0.8394,0.0672,0.4919,medium
618166,Construction of 4-lane green field highway from Km. 35.000 to Km. 49.155 of NH- 731A with paved shoulders on Hybrid Annuity Mode in the state of Uttar Pradesh,Ministry of Road Transport & Highways,Roads & Highways,Uttar Pradesh,697.66,697.66,0.04,99.0,0.01,-98.99,0.0,1.4569,0.9451,0.0863,0.5587,high
618165,Construction of 4-lane highway with paved shoulders from Km 49.155 to Km 74.700 of NH-731A on Hybrid Annuity Mode in the state of Uttar Pradesh,Ministry of Road Transport & Highways,Roads & Highways,Uttar Pradesh,1156.72,1156.72,0.0,98.0,0.0,-98.0,0.0,1.3457,0.9475,0.1379,0.5832,high
618329,Construction of 4/6 Laning from Km 132.375 to Km 153.058 Total New Alignment length of 20.683 Km of Daboka-Dimapur Section Dimapur Bypass Nagaland Portion of NH-36 & 39 in the State of Nagaland on EPC basis under PhaseA of SARDP-NE,Ministry of Road Transport & Highways,Roads & Highways,Nagaland,819.39,819.39,0.0,0.0,0.0,0.0,0.0,1.5,0.9134,0.124,0.5582,high
618330,Construction of 4/6 Laning from existing Km 159.400 of NH-36 to existing Km 102.500 of NH-39 and upto end point of Assam portion [Design Km 118.050 to design Km 132.375] Total New Alignment length of 14.325 Km of Daboka -Dimapur Section Dimapur Bypass in the state of Assam under SARDP-NE 'Phase-A' on EPC mode Assam Portion,Ministry of Road Transport & Highways,Roads & Highways,Assam,511.02,511.02,647.21,100.0,126.65,26.65,0.0,1.5,0.9562,0.7255,0.8524,critical
618869,"Construction of 4/6 lane Highway of Southern Bareilly Bypass, starting at Ch. 237000 of NH 530 near Jhumka chauraha, Dhantiya village and ending at Ch. 267000 of NH 30 near Invertis University including Trumpet Interchange",Ministry of Road Transport & Highways,Roads & Highways,Uttar Pradesh,1122.02,1869.59,129.68,10.21,6.94,-3.27,66.63,0.299,0.8502,0.0213,0.4772,medium
618500,Construction of 4L Connector from Delhi Meerut Expressway Km 50.000 of Pkg IV to Km 8.520 of NH-235 Pkg-5,Ministry of Road Transport & Highways,Roads & Highways,Uttar Pradesh,1081.39,1116.19,419.14,76.0,37.55,-38.45,3.22,1.5,0.9147,0.0893,0.5432,high
618609,Construction of 4L Flyover from MES College Junction to Bogmalo Junction on NH- 566 from Km. 7.106 to Km. 10.460 and 4L VUP at Queeny Nagar Junction from Km. 3.330 to Km. 4.550,Ministry of Road Transport & Highways,Roads & Highways,Goa,463.08,316.28,127.09,43.75,40.18,-3.57,-31.7,1.0873,0.8333,0.0229,0.55,high
618932,Construction of 6 lane Indore western bypass from km 0000 to Km 34000 Pkg -l in the State of Madhya Pradesh on Hybrid Annuity Mode under NHO,Ministry of Road Transport & Highways,Roads & Highways,Madhya Pradesh,1534.7,1472.68,307.46,10.07,20.88,10.81,-4.04,0.3462,0.7797,0.0322,0.4433,medium
618933,Construction of 6 lane Indore western bypass from km 34000 to Km 64000 Pkg-II in the state of Madhya Pradesh on Hybrid Annuity Mode under NHO,Ministry of Road Transport & Highways,Roads & Highways,Madhya Pradesh,1430.56,1430.56,8.62,0.0,0.6,0.6,0.0,0.2503,0.0742,0.0273,0.0531,low
618524,Construction of 6 lane elevated corridor including its approaches from Km. 629880 to Km. 634470 Design Chainage of NH-16 in Ranasthalam Town portion in the state of Andhra Pradesh on EPC Mode under NHO.,Ministry of Road Transport & Highways,Roads & Highways,Andhra Pradesh,257.98,192.85,46.41,34.5,24.07,-10.43,-25.25,0.7507,0.6286,0.022,0.3556,medium
617912,Construction of 6 lane flyover from Khapari ROB to Mihan Interchange design chainage km 8760 to 11450 L- 2.69 km and upgradation of existing 4L PS road to 6LPS with service road by flexible pavement design chainage km 11450 to 14500 L- 3.05 [total project length 5.74 km] in section of Nagpur - Hyderabad NH-44 Old NH-7 in Nagpur district in the state of Maharashtra on HAM mode.,Ministry of Road Transport & Highways,Roads & Highways,Maharashtra,619.55,619.55,0.0,6.05,0.0,-6.05,0.0,0.4575,0.8168,0.0695,0.4805,medium
618250,Construction of 6-Lane Elevated / Extra Dose Cable Bridge on River Ganga parallel to & Western side of Digha-Sonepur Rail cum-Road Bridge of NH 139W in the State of Bihar,Ministry of Road Transport & Highways,Roads & Highways,Bihar,3064.45,3064.45,0.0,10.69,0.0,-10.69,0.0,0.6661,0.6703,0.0603,0.3958,medium
618742,"Construction of 6-lane Greenfield corridor from Ramnagar to Kacchi Dargah NH-119D from Km 109700 to Km 122300, including widening of the existing NH-31 from Km 196700 to Km 198600, as part of the Amas-Darbhanga.",Ministry of Road Transport & Highways,Roads & Highways,Bihar,1113.46,1113.46,1.31,0.0,0.12,0.12,0.0,0.2079,0.0712,0.0295,0.0525,low
618233,Construction of 6-lane bridge on Ganga on NH-96 and its approaches in Phaphamau Allahabad on EPC mode,Ministry of Road Transport & Highways,Roads & Highways,Uttar Pradesh,1948.25,1465.41,0.0,87.91,0.0,-87.91,-24.78,1.5,0.9425,0.1291,0.5765,high
618591,"Construction of 6-lane flyover at Ainthapali junction and a 2-lane ROB LHS on NH-53 Earlier NH-6 in Sambalpur, on EPC mode in Odisha under NHO",Ministry of Road Transport & Highways,Roads & Highways,Odisha,374.17,211.74,97.05,50.0,45.83,-4.17,-43.41,0.8992,0.7673,0.0258,0.4336,medium
618627,Construction of 7 Nos of Standalone safety structures/works at different locations on various NHs,Ministry of Road Transport & Highways,Roads & Highways,Maharashtra,168.52,112.03,10.11,26.37,9.02,-17.35,-33.52,0.776,0.4913,0.0302,0.2838,medium
618508,Construction of Additional Structures including Approaches in Vadodara Surat Section of NH48 between existing Km. 108.000 to Km. 250.000,Ministry of Road Transport & Highways,Roads & Highways,Gujarat,907.39,907.39,345.87,46.39,38.12,-8.27,0.0,0.8315,0.7791,0.0346,0.4441,medium
618506,"Construction of Additional Structures, Improvement of Service Road & Maintenance of Six Lane Gurgaon-Jaipur Section of NH-48 old NH-8 between km 42700 to km 107100 in the State of Haryana",Ministry of Road Transport & Highways,Roads & Highways,Haryana,401.74,240.02,93.89,45.02,39.12,-5.9,-40.25,0.6671,0.7932,0.0202,0.4453,medium
709780,Construction of Additional Tankages and Allied Facilities at JNPT Terminal,Ministry of Petroleum & Natural Gas,Oil & Gas,Maharashtra,341.43,436.14,300.5,70.9,68.9,-2.0,27.74,1.019,0.8522,0.1524,0.5373,high
618066,Construction of Amethi bypass Part-II at km.30.050 of NH-931 under EPC mode in the state of Uttar Pradesh,Ministry of Road Transport & Highways,Roads & Highways,Uttar Pradesh,283.86,283.86,24.5,43.0,8.63,-34.37,0.0,0.789,0.516,0.0269,0.2959,medium
619301,Construction of Approach Road to Rail-cum- Road Bridge across river Ganga at Munger Ghat NH-333 B,Ministry of Road Transport & Highways,Roads & Highways,Bihar,537.88,633.91,200.58,99.99,31.64,-68.35,17.85,1.5,0.7984,0.0469,0.4602,medium
618157,Construction of Ater realignment & Bhind bypass Total length. 21.50 km Section of NH-552Extn. to Two lane with paved shoulder configuration in the State of Madhya Pradesh on EPC mode.,Ministry of Road Transport & Highways,Roads & Highways,Madhya Pradesh,348.06,348.06,0.0,68.41,0.0,-68.41,0.0,1.1664,0.9649,0.0615,0.5584,high
618437,"Construction of Balance Work of 4-Laning of NH-37 Section between End of Moran Bypass to Bogibeel junction near Lapetketa Km. 561.700-Km. 580.875 under SARDP- NE, Phase 'A' in the State of Assam on EPC mode Pkg-I Road works & Toll Plaza",Ministry of Road Transport & Highways,Roads & Highways,Assam,274.34,274.34,90.6,100.0,33.02,-66.98,0.0,1.5,0.84,0.0446,0.4821,medium
618441,"Construction of Balance Work of 4-Laning of the Section from Jhanji to Demow of NH- 37 Old from Km 490.800 to Km 501.800 11.000 Km, under SARDP- NE under EPC Mode in the state of Assam Pkg-I Road Works",Ministry of Road Transport & Highways,Roads & Highways,Assam,467.79,476.5,72.13,0.0,15.14,15.14,1.86,1.5,0.9295,0.0827,0.5484,high
618440,"Construction of Balance Work of 4-Laning of the Section from Jhanji to Demow of NH- 37 Old from Km 490.800 to Km 534.800, under SARDP- NE on EPC Mode in the state of Assam Pkg- IV Structures & Toll Plaza",Ministry of Road Transport & Highways,Roads & Highways,Assam,187.09,100.22,0.0,0.0,0.0,0.0,-46.43,1.5,0.9123,0.0701,0.5333,high
619013,"Construction of Balance Work of 4-Laning of the Section from Jhanji to Demow of NH- 37 Old from Km 501.800 to Km 514.800 13.000 Km, under SARDP- NE under EPC Mode in the state of Assam Pkg-II Road Works",Ministry of Road Transport & Highways,Roads & Highways,Assam,508.76,542.87,58.12,47.34,10.71,-36.63,6.7,1.5,0.9247,0.0316,0.5228,high
619060,"Construction of Balance Work of 4-Laning of the Section from Jhanji to Demow of NH- 37 Old from Km 514.800 to Km 534.800 20.000 Km, under SARDP- NE under EPC Mode in the state of Assam Pkg-III Road Works",Ministry of Road Transport & Highways,Roads & Highways,Assam,344.71,619.7,46.37,62.9,7.48,-55.42,79.77,1.5,0.94,0.0297,0.5303,high
618439,"Construction of Balance Work of 4-Laning of the Section from Jorhat to Jhanji of NH- 37 Old from Km 453000 to Km 463000 10.000 Km, under SARDP- NE under EPC Mode in the state of Assam Pkg-I Road Works",Ministry of Road Transport & Highways,Roads & Highways,Assam,478.3,478.3,0.0,96.79,0.0,-96.79,0.0,1.5,0.9493,0.0658,0.5517,high
618444,"Construction of Balance Work of the 4-Laning of the Section from Jorhat to Jhanji of NH-37 Old from Km 453.000 to Km 490.800, under SARDP- NE , under EPC Mode in the state of Assam Pkg-IV Structures & Toll Plaza",Ministry of Road Transport & Highways,Roads & Highways,Assam,279.01,279.01,0.0,94.73,0.0,-94.73,0.0,1.5,0.9617,0.0665,0.5588,high
618443,"Construction of Balance Work of the 4-Laning of the Section from Jorhat to Jhanji of NH-37 Old from Km 463.00 to Km 477.000 14.000 Km, under SARDP- NE under EPC Mode in the state of Assam Pkg-II Road Works",Ministry of Road Transport & Highways,Roads & Highways,Assam,438.44,438.44,0.0,95.86,0.0,-95.86,0.0,1.5,0.9509,0.0658,0.5526,high
618442,"Construction of Balance Work of the 4-Laning of the Section from Jorhat to Jhanji of NH-37 Old from Km 477.000 to Km 490800 13.800 Km, under SARDP- NE under EPC Mode in the state of Assam Pkg-III Road Works",Ministry of Road Transport & Highways,Roads & Highways,Assam,358.72,358.72,0.07,99.05,0.02,-99.03,0.0,1.5,0.9273,0.0401,0.5281,high
618414,Construction of Balance work for 2-lane with hard shoulder of Peren- Dimapur section on NH-129A from Design Km 126.775 to Km 146.208 Length 19.433 Km in the state of Nagaland on EPC mode under NHO-TSP Package-II,Ministry of Road Transport & Highways,Roads & Highways,Nagaland,258.52,258.52,60.72,96.53,23.49,-73.04,0.0,1.4979,0.9079,0.0383,0.5166,high
618433,Construction of Balance work of 2-Lane with PS of Joram Koloriang Road from existing Km122.600 to km138.00 [Design Km108.724 to Km123.714] in Arunachal Pradesh on EPC Mode under SARDP-NE Pkg-7,Ministry of Road Transport & Highways,Roads & Highways,Arunachal Pradesh,184.89,184.89,0.0,99.69,0.0,-99.69,0.0,1.5,0.9391,0.1111,0.5665,high
618432,Construction of Balance work of 2-Lane with PS of Joram-Koloriang Road NH-713 on EPC basis from Design Km 44.989 to Km 61.547 Existing Km 50.050 to Km 70.000 in the state of Arunachal Pradesh under SARDP-NE Pkg-3,Ministry of Road Transport & Highways,Roads & Highways,Arunachal Pradesh,228.72,228.72,0.0,99.52,0.0,-99.52,0.0,1.5,0.9144,0.0742,0.5363,high
619186,Construction of Balance works of Major Bridge over Middle Strait Creek between Km.106.590 to km108.553 of NH-04 connecting South Andaman & Baratang Island in the Union Territory of Andaman & Nicobar Islands on EPC basis,Ministry of Road Transport & Highways,Roads & Highways,Andaman & Nicobar,262.96,371.88,0.0,12.64,0.0,-12.64,41.42,1.3292,0.9391,0.0508,0.5394,high
618054,Construction of Balrampur bypass with 2L flexible pavement configuration from km.223.000 of NH-330 to km.328.300 of NH-730 under EPC mode,Ministry of Road Transport & Highways,Roads & Highways,Uttar Pradesh,515.69,515.69,104.56,46.0,20.28,-25.72,0.0,1.3843,0.9085,0.0401,0.5177,high
612096,Construction of Balurghat-Hilli new BG Line,Ministry of Railways,Railways,West Bengal,1209.0,1181.57,491.05,16.0,41.56,25.56,-2.27,0.9693,0.789,0.1316,0.4932,medium
702635,Construction of Bangalore Metro Rail Project Phase 2.,Ministry of Housing & Urban Affairs,Urban Public Transport,Karnataka,26405.14,30695.1,29802.97,95.5,97.09,1.59,16.25,1.5,0.9837,0.7873,0.8954,critical
617280,"Construction of Basement + Ground Floor+ 10 Storeyed building for State of the Art Director General, GSI Building at plot No.GN-40, Sector-V, Salt Lake, Kolkata",Ministry of Mines,Construction,West Bengal,255.37,255.37,98.92,64.0,38.74,-25.26,0.0,1.0126,0.6035,0.0289,0.3449,medium
618243,Construction of Basti Ring Road Phase-I with 4L configuration for Basti City in the state of Uttar Pradesh on HAM mode,Ministry of Road Transport & Highways,Roads & Highways,Uttar Pradesh,1138.72,1138.72,0.0,27.0,0.0,-27.0,0.0,0.6247,0.5624,0.0682,0.34,medium
618004,Construction of Bhabhua Bypass from Ch. 10800Design Ch. 10800 to Ch. 19860 Design Ch. 18150 and Chand Bypass from Ch. 38060 Design Ch. 36250 to Ch. 40460 Design Ch. 38650 and widening of existing road to 2 - lane with Paved shoulder from Ch. 40460 Design Ch. 38650 to Ch. 46860 Design Ch. 45050 of NH-219 Total length- 16.150 Kmunder EPC mode in the state of Bihar,Ministry of Road Transport & Highways,Roads & Highways,Bihar,179.86,179.86,0.0,0.05,0.0,-0.05,0.0,1.1117,0.3986,0.0945,0.55,high
617231,Construction of Bulb line at Nabinagar Ankorah of East Central Railway,Ministry of Railways,Railways,Bihar,611.74,611.74,0.0,0.0,0.0,0.0,0.0,0.5619,0.0606,0.0427,0.55,high
618028,"Construction of Bypass at Kuknoor, Yelburga, Gajendragada of Bhanapur Gaddanakeri section of NH-367 in the State of Karnataka under NHO on EPC mode under Annual Plan 2022-23. NH-367-KNT-2022-23-973 dated 08.02.2023",Ministry of Road Transport & Highways,Roads & Highways,Karnataka,333.96,333.96,40.61,20.0,12.16,-7.84,0.0,0.6247,0.7923,0.0239,0.4465,medium
617930,Construction of Bypass on NH-59 from Km 336/350 to 349/910 13.56 km near Berhampur town including 4-lane RoB in the state of Odisha.,Ministry of Road Transport & Highways,Roads & Highways,Odisha,196.94,196.94,51.16,75.0,25.98,-49.02,0.0,1.1991,0.9221,0.0379,0.5242,high
617904,Construction of Bypass road to Balangir town from km 72/400 Desing km 0/0 to km 79/800 Design km 11/670 of NH-26 in the State of Odisha.,Ministry of Road Transport & Highways,Roads & Highways,Odisha,238.78,238.78,6.09,55.0,2.55,-52.45,0.0,1.3654,0.9025,0.0306,0.5101,high
617925,Construction of Bypass to Khordha town from Km 294/000 to 300/300 on NH-57 including LA in the State of Odisha on EPC mode.,Ministry of Road Transport & Highways,Roads & Highways,Odisha,157.49,157.49,33.61,82.0,21.34,-60.66,0.0,1.5,0.9374,0.0543,0.54,high
617962,"Construction of Bypass to Madurai Achambathu Viratipathu in between km 6/850 10/382 of NH 49 Extn New NH 85 including Land Acquisition on Engineering, Procurement & Construction EPC basis Contract under NH O Annual Plan 2021-22 in the state of Tamil Nadu job No.NH-49 Extn New NH 85 - TN-2021-22-997",Ministry of Road Transport & Highways,Roads & Highways,Tamil Nadu,238.97,260.07,119.33,93.0,45.88,-47.12,8.83,1.0429,0.2975,0.0378,0.1806,low
618950,Construction of Bypass to NH-114A Connecting NH-333 and NH-133 Deoghar Bypass from design km 0.000 to design Km 49.000,Ministry of Road Transport & Highways,Roads & Highways,Jharkhand,1565.47,1565.47,48.97,5.02,3.13,-1.89,0.0,0.3315,0.6737,0.0221,0.3805,medium
617890,Construction of Champawat Bypass with two lane with paved shoulder configuration starting from existing chainage 121.700 to existing chainage 129.450 Design Length 9.847 of NH-125 in District-Champawat in the state of Uttrakhand on EPC mode.,Ministry of Road Transport & Highways,Roads & Highways,Uttarakhand,220.89,220.89,0.0,5.0,0.0,-5.0,0.0,0.3462,0.7475,0.0713,0.4432,medium
617951,Construction of Chintamani Bypass from Design Ch.0000 Existing Ch.428880 to Design Ch.15400 Existing Ch.444010 on NH-69 in the State of Karnataka in EPC Mode under NHO Annual Plan 2022-23. NH-69-KNT-2022-23-989 dated 24.03.2023,Ministry of Road Transport & Highways,Roads & Highways,Karnataka,314.55,314.55,0.0,0.0,0.0,0.0,0.0,0.4432,0.0666,0.0442,0.55,high
617923,Construction of Daspalla Bypass from km 195.250 To 200.635 of NH-57 including land acquisition in the state of Odisha on EPC mode under Annual Plan 2022-23.,Ministry of Road Transport & Highways,Roads & Highways,Odisha,155.97,155.97,36.6,20.0,23.47,3.47,0.0,0.6671,0.775,0.0403,0.4444,medium
618262,Construction of Deoria Bypass from existing Km. 27.140 to existing Km. 46.780 Design Km. 49.109 on NH727A Design length 21.969 Km. to four lane with paved shoulder configuration under Hybrid Annuity Mode HAM in the State of Uttar Pradesh,Ministry of Road Transport & Highways,Roads & Highways,Uttar Pradesh,1734.7,1734.7,0.0,10.0,0.0,-10.0,0.0,0.5651,0.6346,0.0622,0.377,medium
618079,Construction of Dharmagarh Bypass on NH-130C including land acquisition in the state of Odisha on EPC Mode under Annual plan 2022-23.,Ministry of Road Transport & Highways,Roads & Highways,Odisha,172.66,172.66,0.0,15.0,0.0,-15.0,0.0,0.9434,0.6756,0.0728,0.4043,medium
619004,"Construction of Dubrajpur Bypass with 4-lane configuration of length 5.676 km on NH- 60 new NH-14 from design chainage 0.00 existing km 316.135 on NH-60 to design chainage 5.676 existing km 320.980 on NH-60 in the district of Birbhum, West Bengal under Annual Plan 2022-23 in EPC Mode- reg. Job. No. 014-WB-2022- 23/518 .",Ministry of Road Transport & Highways,Roads & Highways,West Bengal,560.79,560.79,0.0,3.5,0.0,-3.5,0.0,0.374,0.71,0.0692,0.55,high
617935,"Construction of Elevated corridor from Km. 135.650 to 136.300 on 63, from Km. 249 to Km. 250.050 on old NH-4 and from Km. 192.910 to Km. 193.350 on NH-218 from decongestion of traffic in Ranichennamma circle in Hubli city in the state of Karnataka on EPC basis",Ministry of Road Transport & Highways,Roads & Highways,Karnataka,298.0,349.49,167.23,52.0,47.85,-4.15,17.28,1.5,0.9662,0.0626,0.5596,high
616858,"Construction of Field Gas Gathering Station at Baghjan area for collection, processing & transportation of natural Gas to be produced from Baghjan Field",Ministry of Petroleum & Natural Gas,Oil & Gas,Assam,430.76,430.76,346.97,92.4,80.55,-11.85,0.0,1.5,0.9322,0.0733,0.5457,high
618883,Construction of Four Lane Highway form Ghazipur- Ballia-UP/Bihar State Border Greenfield section of NH-31 Package I [from Hridaipur km 0.000 to Shahapur km 42.500] on EPC Mode in the state of Uttar Pradesh.,Ministry of Road Transport & Highways,Roads & Highways,Uttar Pradesh,1706.47,1579.59,844.84,99.11,53.48,-45.63,-7.44,1.5,0.9283,0.1029,0.5569,high
618884,Construction of Four Lane Highway from Ghazipur- Ballia-UP/Bihar State Border Greenfield section of NH-31 Package II [from Shahapur km 42.500 to Pindari km 78.150] on EPC Mode in the state of Uttar Pradesh.,Ministry of Road Transport & Highways,Roads & Highways,Uttar Pradesh,1493.65,1311.44,705.07,95.5,53.76,-41.74,-12.2,1.4569,0.9286,0.1042,0.5576,high
619154,Construction of Four Lane Highway from Ghazipur- Ballia-UP/Bihar State Border Greenfield section of NH-31 Package III [from Pindari km 78.150 to Rawalganj Bypass Km 117.120] on EPC Mode in the state of Uttar Pradesh.,Ministry of Road Transport & Highways,Roads & Highways,"Multi-States (Bihar, Uttar Pradesh)",1493.5,1493.59,540.0,78.15,36.15,-42.0,0.01,1.5,0.9331,0.0861,0.5519,high
618885,Construction of Four Lane Highway from Ghazipur- Ballia-UP/Bihar State Border Greenfield section of NH-31 Package IV [from Buxur Spur of length km 17.270 on EPC Mode in the state of Uttar Pradesh.,Ministry of Road Transport & Highways,Roads & Highways,Uttar Pradesh,617.88,549.02,235.64,83.88,42.92,-40.96,-11.14,1.5,0.8934,0.0608,0.5187,high
618853,Construction of Four lane Elevated Structure at Raniwada Circle in Sanchore City on NH-68,Ministry of Road Transport & Highways,Roads & Highways,Rajasthan,353.3,241.34,174.42,80.94,72.27,-8.67,-31.69,1.0836,0.8372,0.0397,0.4784,medium
617221,"Construction of Girls Hostel 400 seater, Boys Hostel 600 seater, Academic Block, International Hostel 100 seater, VC Residence and Purchase of Equipment",Department of Higher Education,Education,Punjab,210.99,210.99,74.96,45.0,35.53,-9.47,0.0,0.5663,0.8051,0.0234,0.4533,medium
619068,Construction of Greenfield Connectivity to Jewar International Airport from DND- Faridabad-Ballabhgarh Bypass KMP Link - Spur to Delhi Mumbai Expressway,Ministry of Road Transport & Highways,Roads & Highways,"Multi-States (Haryana, Uttar Pradesh)",2920.69,3485.77,1024.9,69.77,29.4,-40.37,19.35,1.5,0.9507,0.0871,0.5621,high
611961,Construction of IIT Bhubaneswar -Phase III,Department of Higher Education,Education,Odisha,454.27,454.27,100.77,7.0,22.18,15.18,0.0,0.9322,0.7956,0.0588,0.4641,medium
618403,Construction of Intermediate Lane Road with hard shoulder from design Km 0.000 to Km 17.387 Total length 17.387 km of Hunli to Ithun Bridge section on NH-913 Frontier Highway in State of Arunachal Pradesh on EPC mode under NHO-NE,Ministry of Road Transport & Highways,Roads & Highways,Arunachal Pradesh,275.5,275.5,0.0,49.23,0.0,-49.23,0.0,0.8315,0.7052,0.0573,0.4137,medium
618405,"Construction of Intermediate Lane of Pango to Jorging Road from 0000 to Design Km Design Km 40000 Design Length 40.00 Km, Pkg-l, Greenfield Alignment in the State of Arunachal Pradesh on EPC mode Pkg-1",Ministry of Road Transport & Highways,Roads & Highways,Arunachal Pradesh,898.19,898.19,0.0,39.1,0.0,-39.1,0.0,0.6663,0.6692,0.0612,0.3956,medium
618401,"Construction of Intermediate Lane with Hard Shoulder of Hunli to Hayuliang Package- III from design Km 60.000 to Km 121.500 Design Length 61.500 km, Greenfield Section of Frontier Highway NH-913 in the State of Arunachal Pradesh on EPC Mode Pkg-3",Ministry of Road Transport & Highways,Roads & Highways,Arunachal Pradesh,1418.67,1418.67,0.0,1.7,0.0,-1.7,0.0,0.3887,0.3732,0.0337,0.55,high
618402,"Construction of Intermediate Lane with Hard Shoulder of Hunli to Hayuliang from Design Km 0.000 to Km 53.000 Design Length 53.000 km, Greenfield Section of Frontier Highway NH-913 in the State of Arunachal Pradesh on EPC Mode Package-I",Ministry of Road Transport & Highways,Roads & Highways,Arunachal Pradesh,1262.43,1262.43,233.81,16.75,18.52,1.77,0.0,0.5136,0.8271,0.0204,0.4641,medium
617957,Construction of Jasra Bypass with four lane paved shoulder configurationfrom Km 379.670 on NH-76New NH-35 to Km 18.00 on NH-27New NH-30 on EPC in the State of Uttar Pradesh.,Ministry of Road Transport & Highways,Roads & Highways,Uttar Pradesh,274.06,274.06,0.0,91.85,0.0,-91.85,0.0,1.5,0.954,0.0665,0.5546,high
617922,Construction of Jharsuguda Bypass including Land acqusition on NH-49 from km 258.636 to km 283.300 design chainage 258.636 to km 289.876 under NHO in Annual Plan 2022-23 for the state of Odisha Job No.NH-49-OD-2022-23-655,Ministry of Road Transport & Highways,Roads & Highways,Odisha,587.1,587.1,52.43,21.0,8.93,-12.07,0.0,0.6663,0.6483,0.0263,0.3684,medium
618068,"Construction of Kaithi-Padaria Kala bypass, Patna-Tamoli bypass, Jaso bypass and Nagod bypass total length 15.44 Km to 2-lane with paved shoulders flexible pavement on NH-943 in the State of Madhya Pradesh on EPC Mode.",Ministry of Road Transport & Highways,Roads & Highways,Madhya Pradesh,158.36,158.36,0.0,60.0,0.0,-60.0,0.0,1.4569,0.9597,0.1271,0.5851,high
618129,"Construction of Kasrawad bypass, Selani bypass, Khargone bypass & Bistan bypass Total length. 31.950 km Section of NH-347 C to Two lane with paved shoulder configuration in the State of Madhya Pradesh on EPC mode.",Ministry of Road Transport & Highways,Roads & Highways,Madhya Pradesh,467.93,467.93,0.0,86.03,0.0,-86.03,0.0,0.874,0.7104,0.0686,0.4216,medium
618399,Construction of Kishtwar bypass with 2 lane with paved shoulder from Design Km. 80.675 Dulhasti to km 95.550 Bandarkoot of 14.88 km & a link road to Kishtwar town from 0000 to 1.871 of length1.871 Km on Khellani - Kishtwar - Chattroo section in UT of Jammu and Kashmir on EPC Mode Pkg-4,Ministry of Road Transport & Highways,Roads & Highways,Jammu and Kashmir,859.67,859.67,308.95,50.05,35.94,-14.11,0.0,1.5,0.9527,0.0603,0.5511,high
709754,"Construction of LPG Facilities at Kamardanga, Assam",Ministry of Petroleum & Natural Gas,Energy Storage,Assam,156.36,156.36,102.07,75.5,65.28,-10.22,0.0,0.808,0.7782,0.0873,0.4673,medium
618144,Construction of Major Bridge Across Sharavathi Backwaters and approches between Ambargodu and Kalasavalli Near Sigandhur in Sagar Taluk on NH 369E in the State of Karnataka on EPC mode.Job No. NH-369E-KNT-2018-19-895 dated 06.03.2019.,Ministry of Road Transport & Highways,Roads & Highways,Karnataka,423.15,423.15,0.0,0.0,0.0,0.0,0.0,1.5,0.9061,0.0551,0.5231,high
617989,Construction of Major Bridge at Km.180.865 across river Krishna on NH 167 Hagari Jadcherla section,Ministry of Road Transport & Highways,Roads & Highways,Karnataka,157.32,187.61,103.33,68.0,55.08,-12.92,19.25,1.5,0.9267,0.1411,0.5732,high
618956,Construction of Major Bridge over Baghmati and Lakhandei River along with Approaches from Design km.16.500 to km.21.500,Ministry of Road Transport & Highways,Roads & Highways,Bihar,498.97,380.3,43.95,20.42,11.56,-8.86,-23.78,0.7664,0.8427,0.0255,0.475,medium
617895,Construction of Mangaldoi Bypass NH-15 starting at Ch 26400 and terminating at Ch 41505 under Rangia NH Division L 15.105 Km in the State of Assam. Job No. 15/AS/2021-22/234,Ministry of Road Transport & Highways,Roads & Highways,Assam,535.03,535.03,161.56,70.71,30.2,-40.51,0.0,1.5,0.9157,0.0518,0.527,high
618081,Construction of Mariahu Bypass with four lane paved shoulder configuration Km. 53.540 to Km.59.200 of NH-135A on EPC mode in the state of Uttar Pradesh,Ministry of Road Transport & Highways,Roads & Highways,Uttar Pradesh,438.24,362.39,0.0,52.0,0.0,-52.0,-17.31,1.2886,0.942,0.0532,0.542,high
618045,"Construction of Mihona bypass, Lahar bypass, Daboh bypass & Bhander Bypass total length 20.60 km to 2-lane with paved shoulder from on Mihona-Bhander-MP/UP border section of NH 552E in the State of Madhya Pradesh on EPC mode",Ministry of Road Transport & Highways,Roads & Highways,Madhya Pradesh,179.18,179.18,71.77,67.0,40.05,-26.95,0.0,1.5,0.8988,0.0483,0.516,high
618156,"Construction of Morena bypass, Ambah bypass & Porsa bypass Totat length 27.16 km Section of NH-552 Ext. to TWo lane with paved shoulder configuration in the state of Madhya Pradesh on EPC mode",Ministry of Road Transport & Highways,Roads & Highways,Madhya Pradesh,492.66,492.66,0.0,69.25,0.0,-69.25,0.0,0.9575,0.7932,0.0605,0.4635,medium
611047,"Construction of NTB complex including apron, taxi track and other associated civil works and electrical & mechanical installations towards Tawi River side at CA Jammu.",Ministry of Civil Aviation,Aviation & Aviation Infrastructure,Jammu and Kashmir,861.37,861.37,319.5,51.35,37.09,-14.26,0.0,1.0997,0.6825,0.0485,0.3972,medium
618286,Construction of New 2-Lane Bridge with its approaches from km 0000 to Km 4385 across River Brahmaputra on NH-17 at Jogighopa in Assam on EPC mode,Ministry of Road Transport & Highways,Roads & Highways,Assam,746.76,746.76,410.28,76.47,54.94,-21.53,0.0,1.5,0.892,0.0936,0.5327,high
618246,Construction of New 4-Lane Bridge Parallel to existing Vikramashila Setufrom km 8920 to Km 13375including approach road 35m Naugachhia side &53 m Bhagalpur sideacross River Ganga on newly declared NH-131B at Bhagalpur in the State of Bihar,Ministry of Road Transport & Highways,Roads & Highways,Bihar,1110.23,1110.23,0.0,49.78,0.0,-49.78,0.0,0.8337,0.6162,0.0762,0.3732,medium
705762,Construction of New BG line between Hassan [Alur] to Belur [ Km 27.34],Ministry of Railways,Railways,Karnataka,748.86,748.86,1.15,0.3,0.15,-0.15,0.0,0.8727,0.0886,0.0522,0.55,high
400023,Construction of New BG line between Hassan to Belur [27 Km],Ministry of Railways,Railways,Karnataka,749.0,749.0,0.94,0.3,0.13,-0.17,0.0,0.3204,0.0616,0.0289,0.55,high
612786,"Construction of New Domestic Terminal Building Building and miscellaneous works including maintenance, operations and AICMC at Kadapa Airport",Ministry of Civil Aviation,Aviation & Aviation Infrastructure,Andhra Pradesh,265.91,265.91,129.07,65.0,48.54,-16.46,0.0,1.3311,0.9417,0.0352,0.5338,high
701101,"Construction of New Domestic Terminal Building [Phase-I and II] and other allied structures at JPNI Airport, Patna",Ministry of Civil Aviation,Aviation & Aviation Infrastructure,Bihar,1216.9,1216.9,1200.67,98.22,98.67,0.45,0.0,1.0441,0.8096,0.2444,0.5552,high
612788,Construction of New Domestic Terminal Building and Miscellaneous Works at Belagavi Airport.,Ministry of Civil Aviation,Aviation & Aviation Infrastructure,Karnataka,322.45,322.45,204.5,87.0,63.42,-23.58,0.0,1.2886,0.9128,0.0505,0.5248,high
612787,Construction of New Domestic Terminal Building and Miscellaneous works at Hubli Airport,Ministry of Civil Aviation,Aviation & Aviation Infrastructure,Karnataka,320.47,320.47,148.68,77.0,46.39,-30.61,0.0,1.3311,0.9178,0.0517,0.5281,high
701121,Construction of New Domestic Terminal Building at Rajahmundry Airport.,Ministry of Civil Aviation,Aviation & Aviation Infrastructure,Andhra Pradesh,347.15,347.15,170.79,90.0,49.2,-40.8,0.0,1.5,0.8748,0.0407,0.4994,medium
618801,Construction of New Double Tier 4-lane Elevated Corridor from Chennai Port to Maduravoyal in Chennai District from Km -0342 to Km 20223 Package 1 from Km - 0342 to Km 4604,Ministry of Road Transport & Highways,Roads & Highways,Tamil Nadu,1388.59,1388.59,200.25,21.93,14.42,-7.51,0.0,1.1338,0.965,0.065,0.56,high
618800,Construction of New Double Tier 4L Elevated Corridor from Chennai Port to Maduravoyal in Chennai District from km -0.342 to Km 20.593 and Package II from Km 4.604 to Km 9.700,Ministry of Road Transport & Highways,Roads & Highways,Tamil Nadu,1616.97,1616.97,185.63,17.54,11.48,-6.06,0.0,1.1338,0.9766,0.0658,0.5668,high
619139,Construction of New Double Tier 4L Elevated Corridor from Chennai Port to Maduravoyal in Chennai District from km -0.342 to Km 20.593 and Package III from Km 9.700 to Km 14.185,Ministry of Road Transport & Highways,Roads & Highways,Tamil Nadu,1299.36,1299.36,146.74,16.88,11.29,-5.59,0.0,1.1338,0.9757,0.0733,0.5697,high
619045,Construction of New Double Tier 4L Elevated Corridor from Chennai Port to Maduravoyal in Chennai District from km -0.342 to Km 20.593 and Package IV from Km 14.185 to Km 20.593,Ministry of Road Transport & Highways,Roads & Highways,Tamil Nadu,1205.4,1210.21,62.01,7.91,5.12,-2.79,0.4,1.1338,0.9781,0.0781,0.5731,high
617932,Construction of New Four Lane Bypass to Parbhani City Parwa to Asola Km 463/265 to Km 481/180 Design Ch. 19220 to Ch. 34434 Length-15.214 Km section of NH-61 on EPC mode in the State of Maharashtra.,Ministry of Road Transport & Highways,Roads & Highways,Maharashtra,496.64,496.64,0.0,70.14,0.0,-70.14,0.0,1.5,0.9538,0.0641,0.5534,high
701128,Construction of New Integrated Passenger Terminal Building at Udaipur Airport,Ministry of Civil Aviation,Aviation & Aviation Infrastructure,Rajasthan,887.0,887.0,523.61,68.71,59.03,-9.68,0.0,1.215,0.9536,0.1103,0.5742,high
701107,Construction of New Integrated Terminal Building and associated works including apron to park 3 code E type of aircraft or 6 code C type of aircraft at Vijayawada Airport.,Ministry of Civil Aviation,Aviation & Aviation Infrastructure,Andhra Pradesh,611.8,611.8,523.14,87.2,85.51,-1.69,0.0,1.5,0.971,0.1717,0.6113,high
701127,Construction of New Passenger Terminal Building for Domestic Operations at Jodhpur Airport.,Ministry of Civil Aviation,Aviation & Aviation Infrastructure,Rajasthan,480.0,480.0,339.96,97.35,70.82,-26.53,0.0,1.1768,0.8984,0.0575,0.52,high
617412,"Construction of One Tower of Office Complex and another Tower of Residential quarters consisting of 10Nos. Type-V, 10Nos. Type-VI & 1No.Type-VII Quarters i/c internal water supply, sanitary installation and all development and bulk services, Horticulture works on EPC Mode-I basis i/c comprehensive operation and maintenance of Civil, E&M services for 7 years after completion of original construction work for Ranga Reddy, Secunderabad, Medchal, AuditI, Audit-II Commissionerates of Central Tax at Khajaguda, Serilingampally, Hyderabad.",Ministry of Housing & Urban Affairs,Construction,Telangana,644.0,644.0,161.57,21.0,25.09,4.09,0.0,0.646,0.8426,0.0374,0.4802,medium
618254,Construction of Paderu bypass Km 0000 to Km 13000 of 2- lane with paved shoulder on NH-516E,Ministry of Road Transport & Highways,Roads & Highways,Andhra Pradesh,244.43,244.43,11.67,13.0,4.77,-8.23,0.0,1.1117,0.8235,0.0301,0.55,high
602098,"Construction of Permanent Campus for IIM Jammu Phase-1 at Jagti, Nagrota, Jammu, J&K",Department of Higher Education,Education,Jammu and Kashmir,424.93,500.91,484.52,96.0,96.73,0.73,17.88,1.5,0.9779,0.642,0.8267,critical
612876,"Construction of Permanent Campus for NIT Mizoram at Lengpui, Aizawl",Department of Higher Education,Education,Mizoram,474.23,474.23,167.55,4.0,35.33,31.33,0.0,0.7902,0.5668,0.0772,0.55,high
613008,Construction of Permanent Campus of Central Tribal University of Andhra Pradesh Phase-1,Department of Higher Education,Education,Andhra Pradesh,305.0,305.0,64.25,44.0,21.07,-22.93,0.0,0.7856,0.4876,0.0235,0.2787,medium
612894,"Construction of Permanent Campus of Central University of Himachal Pradesh at Dehra, District - Kangra, [H.P.] on Engineering. Procurement and Construction [EPC Mode 1] Basis.",Department of Higher Education,Education,Himachal Pradesh,251.98,300.45,223.21,85.0,74.29,-10.71,19.24,1.5,0.97,0.1534,0.6025,high
605292,"Construction of Permanent Campus of Indian Institute of Management [IIM] Amritsar, Punjab, Phase-I",Department of Higher Education,Education,Punjab,348.31,348.31,293.1,91.7,84.15,-7.55,0.0,1.5,0.8682,0.087,0.5166,high
612898,Construction of Permanent Campus of National Institute of Technology Arunachal Pradesh,Department of Higher Education,Education,Arunachal Pradesh,592.61,592.61,551.3,80.0,93.03,13.03,0.0,1.0061,0.8655,0.2435,0.5856,high
618055,Construction of Pratapgarh Bypass Extension connecting NH-31 to NH-330 on EPC mode in the State of Uttar Pradesh.,Ministry of Road Transport & Highways,Roads & Highways,Uttar Pradesh,225.17,225.17,0.0,73.0,0.0,-73.0,0.0,1.5,0.96,0.0808,0.5643,high
609996,Construction of Precast housing and hostels at IIT Hyderabad,Department of Higher Education,Education,Telangana,262.0,262.0,213.89,87.44,81.64,-5.8,0.0,1.5,0.9627,0.1087,0.5784,high
617931,Construction of ROB and its approaches in lieu of LC No. 10/B/T at Km 307.050 of NH-60.,Ministry of Road Transport & Highways,Roads & Highways,West Bengal,155.87,138.57,0.0,15.7,0.0,-15.7,-11.1,1.5,0.9547,0.1075,0.5734,high
618244,Construction of Raebareli Ring Road Phase-2 with four Lane configuration for Raebareli City in the state of Uttar Pradesh on Hybrid Annuity Model HAM basis,Ministry of Road Transport & Highways,Roads & Highways,Uttar Pradesh,1273.72,1273.72,0.0,44.37,0.0,-44.37,0.0,0.6671,0.6657,0.0661,0.3959,medium
617909,Construction of Rewa Bypass to 4-lane with paved shoulder along with service road from Ratahara Chowk to Chorhata Chowk Road section of NH-30 from km 00.000 to 19.200 in the State of Madhya Pradesh on Hybrid Annuity Mode HAM.,Ministry of Road Transport & Highways,Roads & Highways,Madhya Pradesh,648.05,648.05,0.0,50.0,0.0,-50.0,0.0,0.789,0.6533,0.0622,0.3873,medium
618539,Construction of Ring Road Kanpur from Ch. 32.090 to Ch.51.200 Transganaga to Sathara Package-II B,Ministry of Road Transport & Highways,Roads & Highways,Uttar Pradesh,1089.41,1106.92,38.74,13.67,3.5,-10.17,1.61,0.5996,0.5862,0.0271,0.3346,medium
618540,Construction of Ring Road around Kanpur from Ch.23.325 to Ch.32.090 Chaudhariya to Transganga Package-IIA,Ministry of Road Transport & Highways,Roads & Highways,Uttar Pradesh,1089.41,977.45,190.16,42.85,19.45,-23.4,-10.28,0.4335,0.5073,0.0261,0.2907,medium
618536,Construction of Ring Road around Kanpur from Ch.68.650 to Ch.93.209 Jarkala to Pakari Package-IV in State of Uttar Pradesh.,Ministry of Road Transport & Highways,Roads & Highways,Uttar Pradesh,1603.53,1192.16,196.64,32.83,16.49,-16.34,-25.65,0.6996,0.574,0.0256,0.3272,medium
618537,Construction of Ring Road around Kanpur from Km.000 to Km. 23.325 Chachendi Sachendi I to Maharajpur Package-I,Ministry of Road Transport & Highways,Roads & Highways,Uttar Pradesh,1753.75,1311.7,392.07,55.72,29.89,-25.83,-25.21,1.0997,0.5339,0.056,0.3189,medium
618538,Construction of Ring Road around kanpur from Ch.51.200 to Ch. 68.650 Badarka to Harbanch-Uchti Pkg-III,Ministry of Road Transport & Highways,Roads & Highways,Uttar Pradesh,1792.68,1126.75,193.85,22.81,17.2,-5.61,-37.15,0.6663,0.8331,0.0255,0.4697,medium
617967,Construction of Rudraprayag tunnel of length 900.30 MTR including approaches and one major bridge on river Alaknanda connecting NH-107/old-109 to NH-07old-58 on EPC mode in the state of Uttarakhand.,Ministry of Road Transport & Highways,Roads & Highways,Uttarakhand,251.88,251.88,0.0,99.0,0.0,-99.0,0.0,1.4671,0.9487,0.0703,0.5534,high
618912,Construction of Rudrapur Bypass Section from Km. 0.000 to 20.640 in the state of Uttar Pradesh & Uttarakhand,Ministry of Road Transport & Highways,Roads & Highways,"Multi-States (Uttar Pradesh, Uttarakhand)",1051.73,1117.17,665.1,99.1,59.53,-39.57,6.22,1.3311,0.9121,0.1948,0.5893,high
618260,"Construction of Salempur bypass to 4LPS from km 64.000 of NH-727A Km 171.00 of Sonauli Balia Marg, old SH-01, near Mahadahan Chauraha to km 61.500 of NH-727B Km 178.500 of Sonauli Balia Marg, old SH-01, near near Ahirauli Village under Hybrid Annuity Mode HAM in the State of Uttar Pradesh",Ministry of Road Transport & Highways,Roads & Highways,Uttar Pradesh,1348.06,1348.06,0.0,25.0,0.0,-25.0,0.0,0.4151,0.5496,0.0701,0.3338,medium
400121,"Construction of Screening Plant-II for Donimalai and Kumaraswamy Iron Ore Mining Complex of NMDC Limited at Ballari Dt, Karnataka.",Ministry of Steel,Steel,Karnataka,1043.63,1043.63,609.8,63.1,58.43,-4.67,0.0,1.0379,0.8611,0.1209,0.528,high
618057,Construction of Shohratgarh Bypass on NH-730 under EPC mode in the State of Uttar Pradesh,Ministry of Road Transport & Highways,Roads & Highways,Uttar Pradesh,189.31,189.31,0.0,49.22,0.0,-49.22,0.0,1.5,0.9399,0.0754,0.5509,high
618038,Construction of Shopian Bypass on NH-444 taking off from existing chainage Km 36500 and re-joining at km 47588 of existing Chainage New Design Ch. From km 28000 to km 36925 as 2- lane with paved shoulder in the UT of Jammu & Kashmir on EPC mode.,Ministry of Road Transport & Highways,Roads & Highways,Jammu and Kashmir,224.44,224.44,0.0,3.0,0.0,-3.0,0.0,0.3315,0.7013,0.072,0.55,high
609736,"Construction of Sikkim University Campus Phase-I Package-II at Yangang, South Sikkim",Department of Higher Education,Education,Sikkim,314.06,314.06,292.0,95.0,92.98,-2.02,0.0,1.5,0.9539,0.1024,0.5707,high
617942,Construction of Six lane Elevated Corridor from Km. 508.000 to Km. 513.150 including approaches on NH-66,Ministry of Road Transport & Highways,Roads & Highways,Goa,641.46,641.46,0.0,90.59,0.0,-90.59,0.0,1.2082,0.95,0.121,0.5769,high
618535,Construction of Six lane elevated flyover including reconstruction/rehabilitation of existing pavement from Km 406100 to Km 411150 Length 5.05 Km at Gobindpur area in the Barwa Adda Panagarh section of NH-19 from Km.398.240 to Km.521.120 including Panagarh Bypass in the State of Jharkhand on EPC Mode.,Ministry of Road Transport & Highways,Roads & Highways,Jharkhand,687.77,442.52,33.97,11.8,7.68,-4.12,-35.66,0.3991,0.7778,0.0232,0.4382,medium
617950,Construction of Srinivasapura Bypass from existing Km 453.890 Design Ch. 0000 to existing Km 461.450 Design Ch 10080 on NH-69 in the State of Karnataka Under NH O in EPC mode under Annual Plan 2022-23 NH-69-KNT-2022-23-966 dated 22.11.2022,Ministry of Road Transport & Highways,Roads & Highways,Karnataka,204.42,204.42,0.0,0.0,0.0,0.0,0.0,0.776,0.0739,0.0593,0.55,high
618939,Construction of Standalone Flyover cum ROB from Design Ch.66.600 to Design Ch.68.800 in Gadchandur Town on NH-353B,Ministry of Road Transport & Highways,Roads & Highways,Maharashtra,191.31,107.76,25.19,29.96,23.38,-6.58,-43.67,0.5836,0.7826,0.0227,0.4407,medium
400010,"Construction of Terminal Building & Associated works at Leh Airport, Ladakh",Ministry of Civil Aviation,Aviation & Aviation Infrastructure,Ladakh,480.0,640.0,501.81,78.9,78.41,-0.49,33.33,1.5,0.9797,0.4832,0.7563,critical
618480,Construction of Trumpet Interchange Connecting Bangalore Chennai Expressway km.261705 to km. 262800 with Maduravoyal to Walajapet Section of NH 48 near Sriperumbudur Toll Plaza at km. 35700,Ministry of Road Transport & Highways,Roads & Highways,Tamil Nadu,162.55,162.56,43.1,24.13,26.51,2.38,0.01,1.5,0.9331,0.1291,0.5713,high
618323,Construction of Twin Tube Uni-directional Aizawl Bypass Tunnel of 2.5 km and its approaches of 2.1 km from km 10.600 to km 15.200 on Sarrang - Phaibawk section of NH-6 in the State of Mizoram on EPC Mode under NHO-NE Package-2,Ministry of Road Transport & Highways,Roads & Highways,Mizoram,1313.28,1313.28,0.0,0.0,0.0,0.0,0.0,0.2491,0.0669,0.0418,0.0556,low
618169,Construction of Two Lane with paved shoulder highway from Design Ch.0.000 to Ch.49.2OO of NH-731B on EPC Mode,Ministry of Road Transport & Highways,Roads & Highways,Uttar Pradesh,640.18,602.76,239.2,95.98,39.68,-56.3,-5.85,1.4145,0.9096,0.0615,0.5279,high
617891,"Construction of Two lane with Paved Shoulder for Fatehpur Bypass Design Km 0.000 to Km 7.400 , Mandawa Bypass Design Km 20.925 to Km 27.300 & Jhunjhunu Bypass Design Km 41.625 to Km 54.689 of NH-11 on EPC Mode in the state of Rajasthan .",Ministry of Road Transport & Highways,Roads & Highways,Rajasthan,186.29,186.29,66.7,100.0,35.8,-64.2,0.0,1.5,0.8415,0.0698,0.4942,medium
618170,Construction of Two lane with paved shoulder configuration of Shujalpur Bypass section of NH-752C from km 33100 Design to km. 42570 Design total design length 10.470 km in the State of Madhya Pradesh on EPC mode.,Ministry of Road Transport & Highways,Roads & Highways,Madhya Pradesh,214.07,214.07,0.0,40.3,0.0,-40.3,0.0,1.5,0.9236,0.0779,0.543,high
618848,Construction of Underpass beneath airport runway on NH-31 old NH-56 for proposed expansion of runway of Babatpur Airport Varanasi,Ministry of Road Transport & Highways,Roads & Highways,Uttar Pradesh,649.44,649.44,0.09,6.6,0.01,-6.59,0.0,0.4986,0.8314,0.0293,0.4704,medium
618234,Construction of a new 4-lane major bridge across river Kosi at Phulaut including Rehabilitation and upgradation of existing Birpur and Bihpur section of NH-106 from km 106.000 to km 136.000 to 2-lane with paved shoulders in the State of Bihar on EPC mode,Ministry of Road Transport & Highways,Roads & Highways,Bihar,1478.4,1478.4,823.93,94.2,55.73,-38.47,0.0,1.5,0.9321,0.1286,0.5705,high
618882,Construction of additional 3-Lane Bridge over River Ganga for connection between Buxar and Bharauli on NH-922 in the State of Uttar Pradesh and Bihar on Hybrid Annuity Mode,Ministry of Road Transport & Highways,Roads & Highways,"Multi-States (Bihar, Uttar Pradesh)",531.61,444.92,18.86,15.51,4.24,-11.27,-16.31,0.4322,0.5999,0.0203,0.3391,medium
617893,Construction of additional major Bridge with 4- lane configuration of length 1.48 km on NH-60 NH-14 over River Kangshabati from Km. 117.770 to Km 119.250 and additional major Bridge with 4- lane configuration of length 0.900 km on NH-60 NH- 14 over River Shilabati from Km. 173.220 to Km 174.120 in the district of Paschim Medinipur of West Bengal under Annual Plan for FY 2023-24 on EPC mode. Job No 014-W8-2023-24/527 .,Ministry of Road Transport & Highways,Roads & Highways,West Bengal,304.83,304.83,0.0,0.0,0.0,0.0,0.0,0.3322,0.0636,0.0446,0.55,high
618430,Construction of alternative highway to Gangtok in Sikkim via Bagrakot -Chuikhim- Nimbong -Kafer-Bakhim-Algarah-Rhenock in the State of West Bengal and from Rhenok-Rorathang-Pakyong along with spur from Aritar-Rolep-Menla in the State of Sikkim from Km 0.00 to Km 13.00 of Bagrakot -Kafer section of NH 717A on EPC Mode under Phase-A of SARDP-NE in the State of West Bengal PKG- IVA,Ministry of Road Transport & Highways,Roads & Highways,West Bengal,402.94,402.94,0.0,98.54,0.0,-98.54,0.0,1.5,0.944,0.0677,0.5497,high
618431,Construction of alternative highway to Gangtok in Sikkim via Bagrakot -Chuikhim- Nimbong -Kafer-Bakhim-Algarah-Rhenock in the State of West Bengal and from Rhenok-Rorathang-Pakyong along with spur from Aritar-Rolep-Menla in the State of Sikkim from Km 13.00 to Km 25.60 of Bagrakot -Kafer section of NH 717A on EPC Mode under Phase-A of SARDP-NE in the State of West Bengal PKG- IVB,Ministry of Road Transport & Highways,Roads & Highways,West Bengal,295.97,295.97,0.39,96.91,0.13,-96.78,0.0,1.5,0.9281,0.0367,0.527,high
618083,Construction of byepass around Lohardaga town of NH-143A in the Sate of Jharkhand under EPC mode.,Ministry of Road Transport & Highways,Roads & Highways,Jharkhand,458.78,458.78,0.0,3.0,0.0,-3.0,0.0,1.3311,0.9309,0.0766,0.5465,high
619005,Construction of bypass around Chatra Town on NH-22 old NH-99 in the state of Jharkhand under EPC Mode,Ministry of Road Transport & Highways,Roads & Highways,Jharkhand,235.42,199.2,0.0,12.0,0.0,-12.0,-15.39,0.3315,0.638,0.0663,0.3807,medium
617990,Construction of bypass road to Adoni town connecting NH-167 Hagari - Jadcharla road from km.62/700 to 71/400 in Kurnool District in the State of Andhra Pradesh.,Ministry of Road Transport & Highways,Roads & Highways,Andhra Pradesh,242.0,242.0,78.49,95.94,32.43,-63.51,0.0,1.4742,0.878,0.0278,0.4954,medium
617924,Construction of bypass to Nayagarh town from km 235.469 to 252.482 of NH-57 including land acquisition in the state of Odisha.,Ministry of Road Transport & Highways,Roads & Highways,Odisha,300.33,300.33,82.33,100.0,27.41,-72.59,0.0,1.5,0.8439,0.0585,0.4905,medium
618525,Construction of flyover at Gammon Junction at Km.903.265 on NH16 including vent at Diwancheruvu junction at Km.902.308 Blackspot ID No.AP03299 in Andhra Pradesh on EPC mode under NHO,Ministry of Road Transport & Highways,Roads & Highways,Andhra Pradesh,326.61,223.29,13.18,8.8,5.9,-2.9,-31.63,0.4575,0.8389,0.0247,0.4725,medium
618003,Construction of four lane ROB and its approaches in lieu of existing Level Crossing No. RV-71 at km 435 on NH-217 New NH-353 at Khariar including land acquisition under NHO in Annual Plan 2021-22 for the state of Odisha for F.Y. 2021-22 to F.Y 2033-34,Ministry of Road Transport & Highways,Roads & Highways,Odisha,154.49,154.49,22.32,72.0,14.45,-57.55,0.0,1.5,0.9346,0.0508,0.5369,high
619141,Construction of four lane access controlled highway from Chillakuru cross road to Turpu KanupurPart 1 of Package - II km 0.000 131.500 of NH - 16 to km 23.770 on New NH-516W including sixlane flyover and approaches on NH-16 length km 1.050 and six lane access controlled from TurpuKanupur to Port South Gate Part 2 of Package - II km 23.770 to km 35.015 on New NH-516W inthe state of Andhra Pradesh on HAM Mode under Bharatmala Pariyojana Phase I,Ministry of Road Transport & Highways,Roads & Highways,Andhra Pradesh,864.2,844.39,305.43,50.17,36.17,-14.0,-2.29,1.3735,0.9498,0.0545,0.5469,high
618164,Construction of four lane highway with paved shoulder from Km.74.700 to Km.112.950 of NH-731A i/c Yamuna Bridge on HAM in the state of Uttar Pradesh.,Ministry of Road Transport & Highways,Roads & Highways,Uttar Pradesh,1141.67,1157.31,0.0,85.0,0.0,-85.0,1.37,1.1247,0.9461,0.1286,0.5783,high
618790,Construction of four laning of Bakarpur- Manikpur road section starting from village Chitarsenpur km 0000 and terminating at SH-74 near Manikpur 38814 at NH-139W under Bharatmalapariyona,Ministry of Road Transport & Highways,Roads & Highways,Bihar,1422.37,1537.99,273.52,41.0,17.78,-23.22,8.13,0.7664,0.4718,0.0283,0.2722,medium
618059,Construction of four-lane Concrete Road from Police Headquarter Gondia City to Rawanwadi Village Birsi Airport Junction from design km 0.000 to km 15.781 existing km 39/720 of NH-753 to existing Km 8/400 of NH 543 on sections from Kohmara- Goregaon- Police HeadquarterKaranja - Collector Office Square - Balaghat T Point- Rawanwadi- Rajegaon of NH-753 and NH-543 in Gondia District in the state of Maharashtra. Total Length of the project 15.781 Km.,Ministry of Road Transport & Highways,Roads & Highways,Maharashtra,328.11,328.11,0.0,34.15,0.0,-34.15,0.0,1.5,0.9386,0.056,0.5414,high
618008,"Construction of four-lane elevated viaduct from km.4634 to km.6345 on NH-24A including Retaining wall, service lane, at grade road and improvement of junctions, on EPC mode",Ministry of Road Transport & Highways,Roads & Highways,Uttar Pradesh,185.09,269.81,175.09,100.0,64.89,-35.11,45.77,1.5,0.8874,0.2249,0.5892,high
618412,Construction of i Connecting Road from Z-Morh Tunnel to Zojila Tunnel Road Length 18.475km and ii 14.150 Km long 2-L Bi-directional single tube Zoji-la Tunnel across Zojila Pass on Sonamarg - Kargil section from Km 82 to Km 118 of NH-01 under PMDP,Ministry of Road Transport & Highways,Roads & Highways,Andhra Pradesh,6808.69,6808.69,3214.27,66.05,47.21,-18.84,0.0,0.9995,0.8757,0.0515,0.5048,high
618554,Construction of left out portion of Agra Inner Ring Road connecting village Deori to NH-44 village Bad from Km. 0.000 to Km. 7.772,Ministry of Road Transport & Highways,Roads & Highways,Uttar Pradesh,879.26,787.58,623.64,91.7,79.18,-12.52,-10.43,1.5,0.9245,0.1149,0.5601,high
618404,Construction of lntermediate Lane Road with hard shoulder from design chainage Km 0.000 to Km 53.040 Existing Length68.500 Km & Total Design length 53.04 km of Tato to Monigong section of NH-913 Frontier Highway on Nafra Bomdila to Vijaynagar along China border in state of Arunachal pradesh on EPC mode,Ministry of Road Transport & Highways,Roads & Highways,Arunachal Pradesh,625.61,625.61,0.0,21.37,0.0,-21.37,0.0,0.5328,0.6046,0.0642,0.3614,medium
618253,Construction of missing link from Birhu to Lathiani from Km 35/550 Design chainage Km 0.000 to Km 42/800 Design Chainage Km 8.153on NH-503A including Lathiani Bridge on back water of Govindsagar and its approaches in Himachal Pradesh.,Ministry of Road Transport & Highways,Roads & Highways,Himachal Pradesh,870.95,896.86,0.0,0.0,0.0,0.0,2.97,0.167,0.0635,0.0361,0.0511,low
618159,"Construction of new 2 Lane with paved shoulders of NH Standards from km 0.080 to km 11.690 L11.610 km in Majuli and from km 19.715 to km 27.484 L 7.769 km in Jorhat on the newly declared NH 715K and construction of 1.10 km flyover on NH-715 with its approaches and service roads L1.10 km, Total Length 20.479 km in the State of Assam Job No. 715K/AS/2023-24/256",Ministry of Road Transport & Highways,Roads & Highways,Assam,382.1,382.1,25.58,0.0,6.69,6.69,0.0,0.6667,0.0421,0.0394,0.55,high
617926,Construction of new 4 lane major bridge with approaches on Sabarmati River near Dharoi at Km. 82/00 to 86/00 Design length 3.300 km on NH-58 in the State of Gujarat on Hybrid Annuity Mode HAM,Ministry of Road Transport & Highways,Roads & Highways,Gujarat,398.4,398.4,0.0,33.0,0.0,-33.0,0.0,0.5411,0.6445,0.056,0.3797,medium
617960,Construction of new road at the missing link portion of NH-81 along approved alignment between Harishchandrapur and Eastern approach of Kalindri Bridge from Km 46.550 to Km 59.697 in the district of Malda. Job No-081-WB-2015-16/400,Ministry of Road Transport & Highways,Roads & Highways,West Bengal,271.17,291.2,209.23,84.6,71.85,-12.75,7.39,1.5,0.9456,0.0921,0.5616,high
618355,"Construction of of 2 -Lane with paved shoulders road from Tamenglong-Tousem- Lisang-Mahur Road NH-137 starting near Dialong Village from km 10.000 at Dialong to km 31.430 near Old Tamenglong , near Barak River on EPC Mode Package-2",Ministry of Road Transport & Highways,Roads & Highways,Manipur,483.87,483.87,361.96,95.28,74.81,-20.47,0.0,1.5,0.9227,0.0525,0.5311,high
612916,"Construction of permanent campus of Central University of Gujarat at Village kundhela, Dist. Vadodara, Gujarat.",Department of Higher Education,Education,Gujarat,490.63,490.63,335.08,85.0,68.3,-16.7,0.0,1.368,0.9362,0.0447,0.5351,high
617897,Construction of proposed 4Lane Revelgunj bypass NH-19 in the State of Bihar on EPC mode connecting NH 19 to 85 origin,Ministry of Road Transport & Highways,Roads & Highways,Bihar,295.24,295.24,33.07,81.7,11.2,-70.5,0.0,1.5,0.9584,0.0343,0.5426,high
618204,Construction of realignment between Pandrass- Pashkyun Total length 27.10 km on road Zozila-Kargil -Leh NH-1 to 2 lane specifications i.e. Drass alignment 9.30 km Kharboo realignment 6.30 km & Kargil alignment 11.50 km under project Vijayak BRO in the UT of Ladakh on EPC Mode,Ministry of Road Transport & Highways,Roads & Highways,Jammu and Kashmir,426.15,426.15,97.91,54.89,22.98,-31.91,0.0,1.5,0.9298,0.0278,0.5239,high
619042,"Construction of six lane Flyover at Katraj junction at Km, 3/880 of NH 548-DD Vadgaon - Katraj - Kondhwa - Mantarwadi Chowk - Loni Kalbhor - Theur Phata - Lonikand Road in Pune Dist of the State of Maharashtra. On Engineering Procurement and construction EPC Basis mode L.1.326 Km,",Ministry of Road Transport & Highways,Roads & Highways,Maharashtra,163.51,163.51,0.0,80.57,0.0,-80.57,0.0,1.1472,0.965,0.1624,0.6038,high
617980,Construction of six lane elevated corridor from km 7.950 Uppal to km 14.200 of NH- 163 to De-Congest the urban limits of Hyderabad-Bhoopalapatnam section on EPC mode in the state of Telangana,Ministry of Road Transport & Highways,Roads & Highways,Telangana,626.76,626.76,16.13,51.7,2.57,-49.13,0.0,1.5,0.943,0.0596,0.5455,high
618549,Construction of twin tube tunnels on Jammu Kashmir Ring Road NH-244A Between Design Ch. 50600 to 51700 and design Ch. 53535 to 55700 on EPC mode under residual NHDP component of Bharatmala Pariyojna,Ministry of Road Transport & Highways,Roads & Highways,Jammu and Kashmir,242.65,731.59,655.27,83.87,89.57,5.7,201.5,1.5,0.9777,0.7327,0.8674,critical
618071,Construction of two lane with paved shoulder Gangtok Bypass Road from Ranipool to Burtuk Ch 0.00 Km to 23.316 L23.316 Km in the State of Sikkim,Ministry of Road Transport & Highways,Roads & Highways,Sikkim,385.15,342.89,0.0,90.0,0.0,-90.0,-10.97,1.5,0.9446,0.0619,0.5474,high
618075,Construction of two lane with paved shoulder from existing Km.0.000 to Km.55.610 design km. 0.000 to km. 54.048 of NH-124D,Ministry of Road Transport & Highways,Roads & Highways,Uttar Pradesh,840.93,773.58,167.6,64.0,21.67,-42.33,-8.01,1.2886,0.9426,0.06,0.5454,high
619251,Construction of two lane with paved shoulder of Ghatol Bypass from km 133.250 to km 140.950 of NH-56 old NH No. 113 on EPC mode in the State of Rajasthan.,Ministry of Road Transport & Highways,Roads & Highways,Rajasthan,170.49,170.49,0.0,0.0,0.0,0.0,0.0,0.3333,0.0644,0.0547,0.55,high
618843,Construction of two lane with paved shoulders bypass to Mungrabadshapur town starting from near Kodahu at Km 47/225 of NH-319D and ending near Nauwadandi at Km 219/720 of NH-31 under NHO in the state of Uttar Pradesh on EPC mode,Ministry of Road Transport & Highways,Roads & Highways,Uttar Pradesh,197.6,165.28,36.16,12.39,21.88,9.49,-16.36,0.6667,0.7956,0.045,0.4579,medium
617894,"Construction or 4 lane Raniganj Bypass of length 5.261 km on NH-60 new NH-14 from km 273.00 of NH to km 478.18 of NH-2 New NH 16 in paschim Bardhaman, West Bengal in EPC Mode- reg. Job No. 014-WB-2022-23/514",Ministry of Road Transport & Highways,Roads & Highways,West Bengal,410.83,410.83,157.03,65.11,38.22,-26.89,0.0,1.2507,0.9167,0.0273,0.5165,high
618963,Construction work of 4-laning of Shahganj bypass end to Badi Package-IV of NH-146B from design km 102.000 to design km 142.357 Design length 40.357 km,Ministry of Road Transport & Highways,Roads & Highways,Madhya Pradesh,784.14,836.64,317.58,42.83,37.96,-4.87,6.7,0.7507,0.8241,0.0426,0.4724,medium
618390,"Construction, Operation & Maintenance of 2-L Bi-directional Silkyara Bend- Barkot Tunnel with escape passage including approaches Tunnel-4.531 & Approach road- 0.328 on Dharasu-Yamunotri section b/w Chainage 25.400km and 51.00km falling along NH-134 Old NH-94 on EPC mode",Ministry of Road Transport & Highways,Roads & Highways,Uttarakhand,1383.78,1383.78,688.93,70.64,49.79,-20.85,0.0,1.5,0.9305,0.1143,0.5632,high
618426,Construction/Up gradation of Existing road to 2 Lane with Paved Shoulder including Geometric Improvement from Ranipool to Pakyong Balance work from Km 2.000 to 16.167 of NH-717-A on EPC basis under SARDP-NE Phase A in the State of Sikkim,Ministry of Road Transport & Highways,Roads & Highways,Sikkim,264.84,380.94,0.0,85.15,0.0,-85.15,43.84,1.5,0.9658,0.0654,0.5606,high
619038,Construction/upgradation to 2-lane with paved shoulder from Design Km 95.55 Bandarkoot to Km. 111.06 Chattroo of 15.52 Km length on Khellani-Kishtwar-Chattroo section on NH-244 in UT of Jammu and Kashmir on EPC Mode Pkg-5,Ministry of Road Transport & Highways,Roads & Highways,Jammu and Kashmir,497.09,497.09,240.1,99.97,48.3,-51.67,0.0,1.5,0.8033,0.0441,0.4617,medium
618849,Conversion of Partially Excavated Escape Tunnel to Uni-Directional 2L Tunnelincluding construction of cross passages and approach roads on either side of the tunnel from Km 12.732 to Km 14.568 of Kiratpur to Nerchowk Section of NH-21,Ministry of Road Transport & Highways,Roads & Highways,Chhattisgarh,444.21,412.88,394.65,100.0,95.58,-4.42,-7.05,1.5,0.9014,0.0977,0.5397,high
618550,Corridor Efficiency Improvement including removal of black spots in Lakhanpur - Samba section of NH-44 from Chainage Km. 16.300 to Km. 74.100,Ministry of Road Transport & Highways,Roads & Highways,Jammu and Kashmir,855.74,215.68,197.46,74.63,91.55,16.92,-74.8,1.5,0.9536,0.1302,0.5831,high
709837,"Creation of Gas Dehydration Facilities, Tripura Asset",Ministry of Petroleum & Natural Gas,Oil & Gas,Tripura,209.33,131.51,78.98,68.9,60.06,-8.84,-37.18,1.5,0.9185,0.0477,0.5266,high
619215,Cuttack-Angul Section of NH-42 New NH-55 from Km.60.200 to Km. 112.000 Pkg-II in the State of Odisha,Ministry of Road Transport & Highways,Roads & Highways,Odisha,991.41,1168.82,499.5,99.66,42.74,-56.92,17.89,1.5,0.8566,0.1034,0.5177,high
619119,Cuttack-Angul Section of NH-42 New NH-55 from km 0.400 to km 60.200 Pkg-I in the State of Odisha,Ministry of Road Transport & Highways,Roads & Highways,Odisha,999.32,1178.31,512.79,99.0,43.52,-55.48,17.91,1.5,0.9179,0.1063,0.5527,high
709864,DCU Revamp Project,Ministry of Petroleum & Natural Gas,Oil & Gas,Assam,370.0,370.0,281.31,76.3,76.03,-0.27,0.0,1.5,0.9766,0.1065,0.585,high
400019,DHULE [BORVIHIR] - NARDANA NEW LINE [50.60 KMS],Ministry of Railways,Railways,Maharashtra,492.76,1170.83,519.29,25.0,44.35,19.35,137.61,0.9313,0.7346,0.5,0.629,high
400353,DHUPTALA OC [SASTI UG TO OC ],Ministry of Coal,Coal,Maharashtra,711.01,711.01,174.62,19.02,24.56,5.54,0.0,0.7661,0.8492,0.0437,0.4867,medium
400178,DINESH[MAKARDHOKRA-III] OC,Ministry of Coal,Coal,Maharashtra,822.88,822.88,652.67,40.54,79.32,38.78,0.0,0.9296,0.768,0.3172,0.5652,high
400354,DIPKA EXPANSION OCP [40 MTY],Ministry of Coal,Coal,Chhattisgarh,5241.4,5241.4,2910.11,38.0,55.52,17.52,0.0,0.6969,0.8154,0.0841,0.4863,medium
618710,DL/UP Border - EPE Crossing Pkg-02,Ministry of Road Transport & Highways,Roads & Highways,Uttar Pradesh,2002.79,1889.78,1732.92,100.0,91.7,-8.3,-5.64,1.5,0.9338,0.1502,0.5812,high
702632,DMRTS Phase - IV [3 Priority Corridors],Ministry of Housing & Urban Affairs,Urban Public Transport,Delhi,24948.65,24948.7,20350.75,80.56,81.57,1.01,0.0,1.2647,0.9879,0.2223,0.6434,high
611977,Dahod Creation of Infrastructure facilities for 9000 HP Electric locomotives Manufacturing at,Ministry of Railways,Railways,Gujarat,487.0,487.0,222.88,53.0,45.77,-7.23,0.0,1.5,0.9267,0.0313,0.5237,high
611978,Dahod Rolling Stock Workshop Provision of Infrastructure for CBS at,Ministry of Railways,Railways,Gujarat,158.0,158.0,51.87,10.0,32.83,22.83,0.0,1.5,0.9698,0.1201,0.5874,high
617374,"Dallirajhara - Rowghat New Rail Line Project, Phase-I",Ministry of Railways,Railways,Chhattisgarh,1516.45,1881.26,2124.32,98.0,112.92,14.92,24.06,1.0979,0.8238,0.8564,0.8385,critical
705433,Dallirajhra- Rowghat New Railway Line - Phase I [95 km],Ministry of Railways,Railways,Chhattisgarh,1628.0,1628.0,1440.85,82.0,88.5,6.5,0.0,1.0633,0.8761,0.2779,0.6069,high
709839,Daman Upside Development Project,Ministry of Petroleum & Natural Gas,Oil & Gas,Offshore,4144.41,6406.9,6136.43,99.9,95.78,-4.12,54.59,1.2742,0.9797,0.9134,0.9499,critical
619056,"Darlipali Super Thermal Power Project, Stage-II [1x800 MW]",Ministry of Power,Electricity Generation,Odisha,11131.0,11131.0,460.85,1.95,4.14,2.19,0.0,0.1606,0.5584,0.0168,0.3147,medium
618518,Davanagere - Haveri of NH-48 Old NH-4 from km. 260.00 to km. 338.923,Ministry of Road Transport & Highways,Roads & Highways,Karnataka,1454.67,1805.84,690.56,98.87,38.24,-60.63,24.14,1.5,0.9154,0.1128,0.5542,high
618804,Dedicated Port road to Krishnapatnam Port Package-I from Km. 0.000 to Km. 18.000,Ministry of Road Transport & Highways,Roads & Highways,Andhra Pradesh,348.72,341.36,184.68,77.93,54.1,-23.83,-2.11,1.5,0.9143,0.0395,0.5206,high
706836,Dedicated Test Track for RDSO /Phase-II Project,Ministry of Railways,Railways,Rajasthan,466.42,466.42,533.9,98.0,114.47,16.47,0.0,1.1204,0.9746,0.6831,0.8434,critical
701574,Deepening and Optimization of Inner Harbour facilities including development of Western Dock on BOT basis to handle Cape size vessels,"Ministry of Ports, Shipping and Waterways",Shipping,Odisha,3004.63,3004.63,2117.12,70.0,70.46,0.46,0.0,0.7454,0.8974,0.1521,0.562,high
618497,Delhi Amritsar Katra Expressway Phase-II Pkg XVIII Development and Upgradation of Four lane Access Control Expressway from Design Chainage KM 530.00 to KM 545.300 Sidhra to Domel Section of NH-44,Ministry of Road Transport & Highways,Roads & Highways,Jammu and Kashmir,975.38,975.38,564.21,62.41,57.85,-4.56,0.0,1.4145,0.9549,0.1422,0.5892,high
619031,Delhi Metro Rail Phase V A,Ministry of Housing & Urban Affairs,Urban Public Transport,Delhi,12014.91,12014.9,17.4,5.34,0.14,-5.2,-0.0,0.2272,0.8312,0.0212,0.4667,medium
617207,Delhi Metro Rail Phase-IV [2 Corridors],Ministry of Housing & Urban Affairs,Urban Public Transport,Delhi,8399.81,8399.81,94.53,3.64,1.13,-2.51,0.0,0.5,0.7654,0.0214,0.55,high
617206,Delhi Metro Rail Phase-IV [Rithala - Kundli Corridor],Ministry of Housing & Urban Affairs,Urban Public Transport,"Multi-States (Delhi, Haryana)",6230.99,6230.99,72.98,0.0,1.17,1.17,0.0,0.4155,0.0852,0.0188,0.55,high
616886,Delhi University Eastern Campus at Surajmal Vihar,Department of Higher Education,Education,Delhi,373.0,373.0,28.13,12.0,7.54,-4.46,0.0,0.9465,0.8433,0.0347,0.4794,medium
618482,Delhi-Amritsar-Katra Expressway Phase-I Pkg-I from Jussur Kheri on NH-KMP Expressway to Junction with Rohtak-Panipat road NH-709 near Rukhi Paani village Km 0000 to Km 34000,Ministry of Road Transport & Highways,Roads & Highways,Haryana,1866.49,2429.9,1081.52,99.91,44.51,-55.4,30.19,1.5,0.8829,0.1138,0.5368,high
618483,Delhi-Amritsar-Katra Expressway Phase-I Pkg-II from Junction with Rohtak-Panipat road NH-709 near Rukhi Paani village to Junction with Jind-Panipat road NH-352A near Gangana village Km 34000 to Km 60800,Ministry of Road Transport & Highways,Roads & Highways,Haryana,1533.87,1792.53,971.07,99.89,54.17,-45.72,16.86,1.5,0.8789,0.182,0.5653,high
618484,Delhi-Amritsar-Katra Expressway Phase-I Pkg-III from Junction with Jind-Panipat road NH-352A near Gangana village to Junction with Jind-Karnal road NH-709A near Alewa village Km 60800 to Km 91400,Ministry of Road Transport & Highways,Roads & Highways,Haryana,1606.27,1813.91,631.62,79.08,34.82,-44.26,12.93,1.5,0.936,0.0949,0.5575,high
618485,Delhi-Amritsar-Katra Expressway Phase-I Pkg-IV from Junction with Jind-Karnal road NH-709A near Alewa village to Junction with Ambala-Kaithal-Hissar road NH-152 near Kharak Pandwa village Km 91400 to Km 120250,Ministry of Road Transport & Highways,Roads & Highways,Haryana,1306.95,1578.66,563.2,76.13,35.68,-40.45,20.79,1.5,0.9249,0.0889,0.5487,high
618489,Delhi-Amritsar-Katra Expressway Phase-I Pkg-IX from Junction with Ludhiana-Moga road NH-5 near Mullanpur Dakha to Junction with Jalandhar - Moga road NH-703 near Kang Sahibu village Km 260860 to km 303900,Ministry of Road Transport & Highways,Roads & Highways,Punjab,1851.47,2407.14,1348.9,73.26,56.04,-17.22,30.01,1.5,0.9782,0.2346,0.6435,high
618486,Delhi-Amritsar-Katra Expressway Phase-I Pkg-V from Junction with Ambala-Kaithal- Hissar road NH-152 near Kharak Pandwa village to Junction with Patiala-Samana- Patran road SH-10 near Ghagga village Km 120250 to Km 157920,Ministry of Road Transport & Highways,Roads & Highways,"Multi-States (Haryana, Punjab)",1741.86,2281.02,924.51,98.7,40.53,-58.17,30.95,1.5,0.9248,0.109,0.5577,high
618487,Delhi-Amritsar-Katra Expressway Phase-I Pkg-VII from Junction with Patiala-Bathinda road NH-7 near Bhawanigarh to Junction with Ludhiana-Malerhkotla SH-11 near Bhogiwal village Km 188830 to km 225770,Ministry of Road Transport & Highways,Roads & Highways,Punjab,1759.82,1774.32,1250.45,95.8,70.47,-25.33,0.82,1.5,0.9299,0.1702,0.588,high
618488,Delhi-Amritsar-Katra Expressway Phase-I Pkg-VIII from Junction with Ludhiana- Malerkotla SH-11 near Bhogiwal village to Junction with Ludhiana-Moga road NH-5 near Mullanpur Dakha Km 225770 to km 260860,Ministry of Road Transport & Highways,Roads & Highways,Punjab,1895.74,2034.94,751.95,31.08,36.95,5.87,7.34,1.5,0.9855,0.1625,0.6151,high
618490,Delhi-Amritsar-Katra Expressway Phase-I Pkg-X from Jn. with Jalandhar - Moga road NH-703 to Jn. with Jalandhar-Kapurthala road NH-703A and to Jn. with Kapurthala - Sultanpur Lodhi road NH-703A km 000 to km 24000 to Amritsar connectivity,Ministry of Road Transport & Highways,Roads & Highways,Punjab,2177.54,2062.74,1004.28,62.99,48.69,-14.3,-5.27,1.5,0.954,0.1036,0.5714,high
618491,Delhi-Amritsar-Katra Expressway Phase-I Pkg-XI from Junction with Jalandhar - Kapurthala road NH-703A near khojewal village to Junction with Amritsar-Mehta- SriHargobindpur-Tanda road NH-503A near SriHargobindpur Km 319400 to km 362420,Ministry of Road Transport & Highways,Roads & Highways,Punjab,2175.35,2206.71,941.19,43.45,42.65,-0.8,1.44,1.5,0.9799,0.1067,0.5869,high
618492,Delhi-Amritsar-Katra Expressway Phase-I Pkg-XII from Junction with Amritsar-Mehta- SriHargobindpur-Tanda road NH-503A near SriHargobindpur to Junction with Pathankot-Gurdaspur road NH-54 near Gurdaspur Km 362420 to km 397700,Ministry of Road Transport & Highways,Roads & Highways,Punjab,1734.18,1538.47,470.92,27.05,30.61,3.56,-11.29,1.39,0.9824,0.1318,0.5997,high
618493,Delhi-Amritsar-Katra Expressway Phase-I Spur-I from Jn. with Kapurthala - Sultanpur Lodhi Road NH-703A near Isharwal village to Jn. with Kapurthala - Tarn Taran road NH-703AA near Goinwal Sahib [Km 24000 to Km 41000 of Amritsar connectivity],Ministry of Road Transport & Highways,Roads & Highways,Punjab,2165.23,1519.6,396.24,31.77,26.08,-5.69,-29.82,1.1387,0.9707,0.0545,0.5584,high
619200,Delhi-Amritsar-Katra Expressway Phase-I Spur-III from Junction with Amritsar- Jalandhar road NH-3 near Bhishambarpura to Junction with Amritsar-Anjala road NH- 354 near Amritsar Airport [Km 71000 to Km 99000 of Amritsar connectivity],Ministry of Road Transport & Highways,Roads & Highways,Punjab,1641.75,1951.7,1007.55,32.47,51.62,19.15,18.88,1.5,0.9854,0.3542,0.7014,high
619066,Delhi-Amritsar-Katra Expressway Phase-II Pkg-XIV from Junction with Pathankot- Gurdaspur road NH-54 near Balsua to Junction with Hiranagar Road near village Gurha Baildaran km 423500 to km 468100,Ministry of Road Transport & Highways,Roads & Highways,"Multi-States (Jammu and Kashmir, Punjab)",3044.02,3707.91,1551.33,83.6,41.84,-41.76,21.81,1.5,0.9399,0.1291,0.575,high
618494,Delhi-Amritsar-Katra Expressway Phase-II Pkg-XV [Junction with Hiranagar Road near village Gurha Baildaran to Junction with Jammu Ring Road NH-244A near Jakh village from Km 468100 to Km 503250],Ministry of Road Transport & Highways,Roads & Highways,Jammu and Kashmir,2714.95,3716.56,1653.54,88.87,44.49,-44.38,36.89,1.5,0.9445,0.1497,0.5868,high
618496,Delhi-Amritsar-Katra Expressway Phase-II Pkg-XVI Existing Jakh Vijaypur-Kunjwani section of NH-44 including spur Connectivity to Jammu Airport NH-144A [Km 503500 to km 514500],Ministry of Road Transport & Highways,Roads & Highways,Jammu and Kashmir,1821.72,2522.56,1174.58,94.14,46.56,-47.58,38.47,1.5,0.9238,0.1836,0.5907,high
618457,Delhi-Vadodara Greenfield Alignment NH-148N Pkg-10 Ch. 292.950 to Ch. 319.400 [End of Interchange on NH-166 near village Mui to Hardeoganj village near Indergarh],Ministry of Road Transport & Highways,Roads & Highways,Rajasthan,1272.97,1265.16,1091.66,95.25,86.29,-8.96,-0.61,1.5,0.9591,0.169,0.6035,high
618456,Delhi-Vadodara Greenfield Alignment NH-148N Pkg-14 Ch. 388.420 to Ch. 419.000 [Junction with NH- 76 to Junction with NH-12 near village Ummedpura],Ministry of Road Transport & Highways,Roads & Highways,Rajasthan,1119.35,1194.17,975.7,99.8,81.71,-18.09,6.68,1.5,0.9179,0.151,0.5728,high
618458,Delhi-Vadodara Greenfield Alignment NH-148N Pkg-15 Ch. 419.000 to Ch.427.300 [Junction with NH-12 near village Ummedpura to Major bridge over Takli river near Nayagaon Jageer village],Ministry of Road Transport & Highways,Roads & Highways,Rajasthan,1854.68,1854.68,1386.51,93.44,74.76,-18.68,0.0,1.5,0.9484,0.1336,0.5817,high
618459,Delhi-Vadodara Greenfield Alignment NH-148N Pkg-26 Ch.696890 to Ch.726390,Ministry of Road Transport & Highways,Roads & Highways,Gujarat,1555.2,1556.4,1084.2,77.2,69.66,-7.54,0.08,1.5,0.9592,0.1721,0.605,high
619197,Delhi-Vadodara Greenfield Alignment NH-148N Pkg-27 Ch.729.700 to Ch.756.052,Ministry of Road Transport & Highways,Roads & Highways,Gujarat,1185.69,1259.27,991.08,97.0,78.7,-18.3,6.21,1.5,0.9582,0.1405,0.5903,high
618460,Delhi-Vadodara Greenfield Alignment NH-148N Pkg-28 Ch.756052 to Ch.781282,Ministry of Road Transport & Highways,Roads & Highways,Gujarat,1263.38,1266.98,865.87,100.0,68.34,-31.66,0.28,1.5,0.8913,0.2108,0.5851,high
618462,Delhi-Vadodara Greenfield Alignment NH-148N Pkg-31 Ch.824920 to Ch.844382 [Junction near Pratap nagar Village - Junction near Dodka Village],Ministry of Road Transport & Highways,Roads & Highways,Gujarat,1644.85,1651.14,963.66,100.0,58.36,-41.64,0.38,1.5,0.8899,0.1457,0.555,high
616879,Demo Bio-ATF Project,Ministry of Petroleum & Natural Gas,Oil & Gas,Karnataka,364.0,364.0,71.1,47.4,19.53,-27.87,0.0,0.8813,0.4712,0.0286,0.272,medium
612211,"Demolition, Construction and upgradation of ESI Hospital, Kalol, Gujarat from 50 beds to 150 beds.",Ministry of Labour and Employment,Healthcare,Gujarat,205.87,205.87,51.74,46.0,25.13,-20.87,0.0,1.4569,0.8987,0.0355,0.5103,high
618612,Deogarh near Dhandhaniya-Rajasthan/Gujarat Border Phase-I AJ/DRGB-Package-6,Ministry of Road Transport & Highways,Roads & Highways,Rajasthan,846.59,740.62,676.17,100.0,91.3,-8.7,-12.52,1.5,0.9133,0.1328,0.5621,high
618613,Deogarh near Dhandhaniya-Rajasthan/Gujarat Border Phase-I AJ/DRGB-Package-7,Ministry of Road Transport & Highways,Roads & Highways,Rajasthan,662.08,597.77,508.83,99.2,85.12,-14.08,-9.71,1.5,0.9194,0.1055,0.5532,high
617880,Desalpar-Hajipir-Luna and Vayor-Lakhpat New Line,Ministry of Railways,Railways,Gujarat,2526.47,2526.47,0.0,0.0,0.0,0.0,0.0,0.3321,0.0628,0.0464,0.55,high
618972,Devbhumi Dwarka [Okha] - Kanalus Doubling,Ministry of Railways,Railways,Gujarat,1456.77,1456.77,0.0,0.0,0.0,0.0,0.0,0.2491,0.0686,0.0418,0.0565,low
618803,Development of 4L Road from Samarlakota to Achampeta Junction as part of Kakinada Port Connectivity to NH-16 Rajanagaram Junction in East Godavari District,Ministry of Road Transport & Highways,Roads & Highways,Andhra Pradesh,645.63,750.2,595.09,90.5,79.32,-11.18,16.2,1.5,0.9626,0.1507,0.5973,high
618552,Development of 6L Greenfield Jalandhar Bypass starting from Kahlwan NH-03 ending at Kang Sahbu NH-703 via Sarmastpur NH-44 - Madara NH-03 - Khajurla NH-44,Ministry of Road Transport & Highways,Roads & Highways,Punjab,1754.84,2167.39,800.1,48.2,36.92,-11.28,23.51,1.5,0.9655,0.1002,0.5761,high
618674,Development of 6L Sargi Basanwahi Section from km 42.800 to km 99.500 of NH- 130CD Pkg-CG-2,Ministry of Road Transport & Highways,Roads & Highways,Chhattisgarh,1470.73,1461.81,756.05,99.0,51.72,-47.28,-0.61,1.5,0.9334,0.1104,0.563,high
618509,Development of 6L UER II [Package - I] NH-1 Near Bakoli till Karala Kanjhawala Road from km. 0.70 to km.15.00,Ministry of Road Transport & Highways,Roads & Highways,Delhi,2089.94,2203.45,1803.73,99.99,81.86,-18.13,5.43,1.5,0.9261,0.1303,0.568,high
618675,Development of 6L of Basanwahi Marangpuri Section from km 99.500 to km 124.661 of NH-130-CD,Ministry of Road Transport & Highways,Roads & Highways,Chhattisgarh,1307.16,1303.63,456.22,63.66,35.0,-28.66,-0.27,1.4569,0.927,0.0793,0.5455,high
618673,Development of 6L of Jhanki Sargi Section Road from km 0.000 to km 42.800 of NH- 130CD Pkg-CG-1,Ministry of Road Transport & Highways,Roads & Highways,Chhattisgarh,1368.19,1129.14,654.33,98.39,57.95,-40.44,-17.47,1.5,0.9263,0.1155,0.5614,high
617977,Development of Chiloda - Gandhinagar- Sarkhej ofNH-147 Package -II,Ministry of Road Transport & Highways,Roads & Highways,Gujarat,211.28,234.44,0.0,99.55,0.0,-99.55,10.96,1.5,0.9148,0.0985,0.5474,high
609424,"Development of Container Terminal at Tuna-Tekra, Deendayal Port on BOT Basis Under PPP Mode","Ministry of Ports, Shipping and Waterways",Shipping,Gujarat,4243.64,4243.64,2244.0,60.0,52.88,-7.12,0.0,0.8338,0.8422,0.071,0.4952,medium
701126,"Development of Dholera International Greenfield Airport , Gujarat",Ministry of Civil Aviation,Aviation & Aviation Infrastructure,Gujarat,1305.0,1551.0,896.82,82.0,57.82,-24.18,18.85,1.0636,0.6699,0.1169,0.421,medium
618455,Development of External Trunk Connectivity and Internal Infrastructure Works at Multi Model Logistics ParkMMLP at Jogighopa in the State of Assam on EPC Mode Package-I Road and Utility Works,Ministry of Road Transport & Highways,Roads & Highways,Assam,693.97,693.97,296.96,100.0,42.79,-57.21,0.0,1.5,0.8494,0.0829,0.5045,high
610984,Development of Jharia CBM Block [Phase-1],Ministry of Petroleum & Natural Gas,Oil & Gas,Jharkhand,431.0,431.0,261.97,65.3,60.78,-4.52,0.0,1.5,0.9563,0.068,0.5566,high
619054,Development of Keshod Airport.,Ministry of Civil Aviation,Aviation & Aviation Infrastructure,Gujarat,363.1,363.1,87.88,33.13,24.2,-8.93,0.0,0.776,0.7792,0.025,0.4398,medium
701113,"Development of Lal Bahadur Shastri International airport, Varanasi including C/o New Terminal Building, Apron Extension, Runway Extension, PTT and allied works.",Ministry of Civil Aviation,Aviation & Aviation Infrastructure,Uttar Pradesh,2869.65,2869.65,572.04,27.0,19.93,-7.07,0.0,0.7224,0.8078,0.0277,0.4567,medium
617379,Development of New Bijwasan Railway Terminal,Ministry of Railways,Railways,Delhi,446.21,446.21,553.14,80.0,123.96,43.96,0.0,1.5,0.9823,0.624,0.8211,critical
612194,Development of New Civil Enclave and associated works at Darbhanga Airport,Ministry of Civil Aviation,Aviation & Aviation Infrastructure,Bihar,911.66,911.66,374.49,65.0,41.08,-23.92,0.0,1.0836,0.4481,0.059,0.273,medium
611495,Development of New Civil Enclave at Bagdogra Airport,Ministry of Civil Aviation,Aviation & Aviation Infrastructure,West Bengal,1549.0,1549.0,441.41,34.6,28.5,-6.1,0.0,0.8002,0.849,0.0368,0.4835,medium
612183,Development of New Civil Enclave at Bihta,Ministry of Civil Aviation,Aviation & Aviation Infrastructure,Bihar,1413.0,1413.0,7.64,1.28,0.54,-0.74,0.0,0.7396,0.329,0.0391,0.55,high
618977,"Development of New Greenfield Airport at Bundi, Kota Rajasthan.",Ministry of Civil Aviation,Aviation & Aviation Infrastructure,Rajasthan,1507.0,1507.0,40.4,12.8,2.68,-10.12,0.0,0.4575,0.5893,0.0229,0.3345,medium
701122,Development of New Integrated Civil Enclave at Agra Airport,Ministry of Civil Aviation,Aviation & Aviation Infrastructure,Uttar Pradesh,579.0,579.0,197.61,40.03,34.13,-5.9,0.0,1.0836,0.8486,0.0539,0.55,high
701668,Development of Palakkad Node under extension of CBIC to Kochi,Department for Promotion of Industry & Internal Trade,Real Estate,Kerala,3805.0,3805.0,0.0,1.0,0.0,-1.0,0.0,0.2613,0.3774,0.0269,0.2197,low
604863,Development of Surface Facilities for production and evacuation of Crude Oil and Natural Gas from Nadua and East Khagorija,Ministry of Petroleum & Natural Gas,Oil & Gas,Assam,682.9,726.93,598.62,94.3,82.35,-11.95,6.45,1.5,0.9452,0.1311,0.5788,high
601812,Development of Zaheerabad Node under Hyderabad Nagpur Industrial Corridor,Department for Promotion of Industry & Internal Trade,Real Estate,Telangana,2360.0,2360.0,0.0,0.3,0.0,-0.3,0.0,0.1981,0.07,0.0407,0.0568,low
612789,"Development of additional RESA on either end on Runway 10-28 at Calicut Airport. Construction of embankment with slope protection, drainage system and associated works for additional RESA on either end on Runway 10-28",Ministry of Civil Aviation,Aviation & Aviation Infrastructure,Kerala,484.57,484.57,204.6,59.0,42.22,-16.78,0.0,1.5,0.9441,0.0238,0.53,high
618010,Development to 4-lane with paved shoulder for the road section Talwandi Sabo- Raman road to refinery Road junction with Bathinda Dabwali Road of NH-254 from existing Km 131.600 to Km 155.650 Design Km 131600 to km 155600 in the State of Punjab. Job No NH-254-PB-2022-23-565,Ministry of Road Transport & Highways,Roads & Highways,Punjab,546.67,546.67,0.0,45.0,0.0,-45.0,0.0,0.8871,0.6694,0.0674,0.3985,medium
618824,"Development to 4-laning of the de-scoped stretches from Km 115.342 to Km 191.700 of NH-34 in Nadia District 3.962 & Murshidabad District 5.538 pertaining to Krishnagar to Berhampore section of NH-34 New NH-12 , in the state of West Bengal under NHO.",Ministry of Road Transport & Highways,Roads & Highways,West Bengal,201.1,197.74,56.95,48.82,28.8,-20.02,-1.67,1.4408,0.8827,0.0343,0.5009,high
618227,Development to 4/6-lanning of NH-31 New NH-10 with both side service roads from km 569.258 to km 581.030 end of AH-02 project on NH- 31 near Shivmandir to Sevoke Army Cantonment in districts of Darjeeling and Jalpaiguri in the state of West Bengal on EPC Mode Job No. 010/WB/2021-22/490,Ministry of Road Transport & Highways,Roads & Highways,West Bengal,995.04,1059.2,456.48,71.03,43.1,-27.93,6.45,1.3978,0.9065,0.0818,0.5354,high
618155,Development/Widening of Talegaon Chakan Shikrapur Nhavara Section of NH-548D from existing chainage km. 54/000 to 82/300 and Design chainage Km. 54/000 to 82/120 Shikrapur to Nhavara Section to 2LPS/4L Configuration on EPC Mode in the State of Maharashtra.,Ministry of Road Transport & Highways,Roads & Highways,Maharashtra,396.17,396.17,85.57,70.8,21.6,-49.2,0.0,1.1117,0.7149,0.028,0.4058,medium
611855,Devgarh Madariya - Nathdwara Gauge Conversion [82.54 Km] part of Marwar - Mavli Gauge Conversion [152 Km],Ministry of Railways,Railways,Rajasthan,968.92,968.92,708.25,73.0,73.1,0.1,0.0,0.9158,0.869,0.1863,0.5618,high
701344,Dhamra Haldia Pipeline Project,Ministry of Petroleum & Natural Gas,Oil & Gas,"Multi-States (Odisha, West Bengal)",1030.65,1125.0,916.9,93.7,81.5,-12.2,9.15,1.5,0.9529,0.2046,0.6162,high
702741,Dhanbad Water Supply Infrastructure Project,Ministry of Housing & Urban Affairs,Waste & Water,Jharkhand,216.55,216.55,129.16,76.0,59.64,-16.36,0.0,1.5,0.9303,0.0495,0.5339,high
619100,Dhangaon - Borgaon section km 81.000 to km 139.000 [Indore - Edlabad Pkg IV],Ministry of Road Transport & Highways,Roads & Highways,Madhya Pradesh,866.0,1185.04,638.17,99.8,53.85,-45.95,36.84,1.5,0.8513,0.1343,0.5287,high
400203,Dharamjaigarh-Korba,Ministry of Coal,Railways,Chhattisgarh,1686.22,2438.53,625.77,43.5,25.66,-17.84,44.62,0.9742,0.6852,0.0581,0.403,medium
619210,Dharampuri-Lonand from km. 117.00 to 166.40 Pkg-IV on Mohol-Alandi Section,Ministry of Road Transport & Highways,Roads & Highways,Maharashtra,1411.71,1358.68,1047.19,97.4,77.07,-20.33,-3.76,1.5,0.9372,0.1713,0.5926,high
602582,Dhaulasidh Hydro Electric Project [66 MW],Ministry of Power,Electricity Generation,Himachal Pradesh,687.97,1561.21,1107.31,77.51,70.93,-6.58,126.93,1.1842,0.9717,0.8954,0.9374,critical
705482,Dholpur - Sirmuttra Gauge Conversion,Ministry of Railways,Railways,Rajasthan,747.0,747.0,491.95,49.5,65.86,16.36,0.0,0.5,0.7443,0.1067,0.4574,medium
602182,Dibang Multipurpose Project,Ministry of Power,Electricity Generation,Arunachal Pradesh,31876.39,31876.4,4593.04,17.43,14.41,-3.02,0.0,0.3976,0.9108,0.0587,0.5273,high
618325,Dillai to Lahorijan Package-7,Ministry of Road Transport & Highways,Roads & Highways,Assam,204.1,204.1,0.0,0.0,0.0,0.0,0.0,1.5,0.8875,0.066,0.5178,high
705392,Dimapur [Dhansiri]-Sukhobi Kohima [Zubza] NL [82.5 Km],Ministry of Railways,Railways,"Multi-States (Assam, Nagaland)",6663.0,6663.0,6282.3,43.0,94.29,51.29,0.0,1.1653,0.99,0.257,0.6602,high
618562,Dindigul Bypass - Samyanallore from km. 373.275 to km. 426.00,Ministry of Road Transport & Highways,Roads & Highways,Tamil Nadu,579.0,295.5,1.4,100.0,0.47,-99.53,-48.96,1.5,0.8727,0.1101,0.5295,high
618062,Dornala to Kunta Junction from Design Chainage Km 244000 to 267990 section of NH-765 Package-2,Ministry of Road Transport & Highways,Roads & Highways,Andhra Pradesh,244.83,244.83,0.0,99.64,0.0,-99.64,0.0,1.5,0.9069,0.0722,0.5312,high
617364,Double Chord line Between Nilaje-Kopar,Ministry of Railways,Railways,Maharashtra,338.33,205.0,24.04,24.0,11.73,-12.27,-39.41,0.4753,0.5353,0.0206,0.3037,medium
616856,Doubling between Bhadrachalam Road and Dornakal,Ministry of Railways,Railways,Telangana,770.12,770.12,87.93,0.05,11.42,11.37,0.0,0.3539,0.0355,0.0415,0.55,high
617370,Doubling between Jaunpur Jn - Zaffarabad 6.28 km,Ministry of Railways,Railways,Uttar Pradesh,180.66,180.66,43.65,10.5,24.16,13.66,0.0,0.824,0.7415,0.0794,0.4435,medium
616857,Doubling between Motumari Vishnupuram - 88.81 Km and Rail over Rail - RoR at Motumari - 10.877 Km,Ministry of Railways,Railways,"Multi-States (Andhra Pradesh, Telangana)",1595.55,1595.55,212.11,2.04,13.29,11.25,0.0,0.3751,0.3488,0.0336,0.55,high
617212,Doubling between Mudkhed Medchal & Mahbubnagar Dhone section 417.88 Km,Ministry of Railways,Railways,"Multi-States (Andhra Pradesh, Maharashtra, Telangana)",4686.09,4686.09,1938.02,2.08,41.36,39.28,0.0,0.5522,0.4304,0.0493,0.55,high
617215,Doubling between Parbhani Parli Vaijanath stations 64.71 Km,Ministry of Railways,Railways,Maharashtra,769.93,769.93,197.06,0.19,25.59,25.4,0.0,0.6469,0.0322,0.0675,0.0481,low
617372,Doubling between Pradhankunta-Patherih-Bhojudih of East Central Railway,Ministry of Railways,Railways,Jharkhand,349.22,349.22,125.71,71.5,36.0,-35.5,0.0,1.2425,0.9206,0.0275,0.5187,high
705504,Doubling of Daund Manmad Line [247.6 km],Ministry of Railways,Railways,Maharashtra,2081.27,3267.06,3077.28,92.0,94.19,2.19,56.97,1.0854,0.7808,0.911,0.8394,critical
617211,Doubling of Guntur Bibinagar 239 Km,Ministry of Railways,Railways,"Multi-States (Andhra Pradesh, Telangana)",2853.23,2853.23,348.95,2.5,12.23,9.73,0.0,0.5522,0.5084,0.0296,0.55,high
705628,Doubling of Hatia [Ranchi]-Bondamunda Rail Line - 159 km,Ministry of Railways,Railways,"Multi-States (Jharkhand, Odisha)",3029.0,3029.04,2629.17,92.0,86.8,-5.2,0.0,1.1499,0.9666,0.1651,0.6059,high
705660,Doubling of Katni - Singrauli Railway Line [261 km],Ministry of Railways,Railways,Madhya Pradesh,2445.0,4377.0,3306.78,81.1,75.55,-5.55,79.02,1.0854,0.8547,0.8449,0.8503,critical
400291,Doubling of Kirandul-Jagdalpur Line [150 km],Ministry of Railways,Railways,Chhattisgarh,1589.0,1798.0,1656.54,97.6,92.13,-5.47,13.15,1.5,0.9796,0.5624,0.7919,critical
705512,Doubling of Kottavalasa-Koraput Rail Line [189 KM],Ministry of Railways,Railways,"Multi-States (Andhra Pradesh, Odisha)",2500.0,2500.0,2163.97,73.0,86.56,13.56,0.0,1.5,0.9845,0.3629,0.7047,high
400047,Doubling of Lingaraj SILO connectivity of NTPC line and augmentation of NTPC exchange yard and NTPC Block Cabin.,Ministry of Railways,Railways,Odisha,210.0,210.0,39.31,52.0,18.72,-33.28,0.0,1.5,0.909,0.038,0.517,high
617239,Doubling of Narkatiaganj Raxaul Sitamarhi Darbhanga & Sitamarhi Muzaffarpur 256 KM,Ministry of Railways,Railways,Bihar,4079.95,4079.95,2.67,0.0,0.07,0.07,0.0,0.2074,0.0761,0.0262,0.0537,low
705572,Doubling of New Bonggigaon to Kamakhya via Goalpara - 176 km,Ministry of Railways,Railways,Assam,4060.0,4961.0,3797.35,95.13,76.54,-18.59,22.19,1.0528,0.6978,0.2445,0.4938,medium
400048,Doubling of lines connecting the loading spurs in Talcher Yard.,Ministry of Railways,Railways,Odisha,186.21,186.21,100.97,88.0,54.22,-33.78,0.0,1.5,0.9151,0.0517,0.5265,high
400277,Dum Dum Airport-New Garia via Rajarhat-Construction of Metro Railway,Ministry of Railways,Railways,West Bengal,8964.0,8964.0,8621.5,86.6,96.18,9.58,0.0,1.0528,0.9443,0.4786,0.7348,high
618589,Durg-Raipur Bypass Section Package - 1 from km. 0.00 to km. 44.50 near Tendesara to near Khatti Village,Ministry of Road Transport & Highways,Roads & Highways,Chhattisgarh,1828.0,1656.73,690.27,69.87,41.66,-28.21,-9.37,1.5,0.9281,0.0852,0.5488,high
618590,Durg-Raipur-Arang Package - 2 from km. 44.50 to km. 92.23 near Khatti Village to near Aurang,Ministry of Road Transport & Highways,Roads & Highways,Chhattisgarh,1958.9,1561.97,583.62,68.7,37.36,-31.34,-20.26,1.5,0.9402,0.0818,0.5539,high
617302,Durgapur - Haldia Pipeline [Section-3B of JHBDPL Project],Ministry of Petroleum & Natural Gas,Oil & Gas,West Bengal,1740.0,2493.15,2363.6,94.7,94.8,0.1,43.28,1.5,0.9857,0.8702,0.9337,critical
618192,Duttalur at NH-565 Junction to Kavali Joining on NH-16 Chainage Km. 36/400 to Km. 107/224 excluding the stretch from Km 101.880 to 105.300 67.404 Km of NH-167BG from in the State of Andhra Pradesh on EPC mode,Ministry of Road Transport & Highways,Roads & Highways,Andhra Pradesh,423.67,423.67,0.0,94.65,0.0,-94.65,0.0,1.5,0.9522,0.0681,0.5543,high
618577,Dwarka Expressway Pkg-III Delhi/HR Border to Start of RoB Gurugram,Ministry of Road Transport & Highways,Roads & Highways,"Multi-States (Delhi, Haryana)",2228.26,2298.37,991.43,100.0,43.14,-56.86,3.15,1.5,0.8662,0.0839,0.5141,high
619202,Dwarka Expressway from Km -0.600 to Km 5.300 - Pkg-I Shivmurti Chowk-RuB near Dwarka Sector 21,Ministry of Road Transport & Highways,Roads & Highways,Delhi,2144.67,3929.5,3097.34,98.8,78.82,-19.98,83.22,1.5,0.9827,0.9035,0.9471,critical
400156,EPR AMRAPALI OCP,Ministry of Coal,Coal,Jharkhand,5136.15,5136.15,1326.01,44.45,25.82,-18.63,0.0,0.8143,0.7393,0.0239,0.4174,medium
400155,EPR ASHOK OC,Ministry of Coal,Coal,Jharkhand,2898.28,2898.28,185.19,28.85,6.39,-22.46,0.0,0.5425,0.5006,0.0212,0.2849,medium
400154,EPR PUNDI OCP,Ministry of Coal,Coal,Jharkhand,713.35,713.35,236.58,10.19,33.16,22.97,0.0,0.9212,0.7934,0.0883,0.4761,medium
400153,EPR ROHINI - KARKETTA OCP,Ministry of Coal,Coal,Jharkhand,1020.42,1020.42,84.94,22.84,8.32,-14.52,0.0,0.7905,0.6215,0.0287,0.3547,medium
702674,"ESR - 8 nos., distribution system - 216 Km, new house service connections - 38760 nos. upgrading of feeder mains, pumping station etc. - Phase II",Ministry of Housing & Urban Affairs,Waste & Water,Andhra Pradesh,172.22,172.22,88.86,82.0,51.6,-30.4,0.0,1.5,0.8975,0.0549,0.5183,high
618454,"Earthwork in Formation, Road Work, Construction of Bridges, Blanketing, P. Way Linking works including Supply of P. Way Fittings and Track Ballast in connection with Construction of Railway Siding from Jogighopa Railway Station to MMLP at Jogighopa from Ch. 00 to 3760 on Item Rate basis Package -3, Railway Siding from Jogighopa Railway Station to MMLP",Ministry of Road Transport & Highways,Roads & Highways,Assam,693.97,693.97,37.6,93.23,5.42,-87.81,0.0,1.5,0.9061,0.0776,0.5333,high
617271,Eastern Region Expansion Scheme-43 [ERES-43],Ministry of Power,Transmission & Distribution,"Multi-States (Bihar, Odisha, West Bengal)",342.69,342.69,102.8,29.73,30.0,0.27,0.0,1.3352,0.9604,0.0502,0.5508,high
617270,Eastern Region Expansion Scheme-44 [ERES-44],Ministry of Power,Transmission & Distribution,"Multi-States (Bihar, West Bengal)",408.94,408.94,6.13,1.5,1.5,0.0,0.0,1.2234,0.926,0.0398,0.5272,high
705639,Ernakulam-Kumbalam doubling project [7.71 Km],Ministry of Railways,Railways,Kerala,601.0,595.39,308.42,25.0,51.8,26.8,-0.93,0.6949,0.7555,0.1189,0.469,medium
613013,Establishment of NIT Nagaland,Department of Higher Education,Education,Nagaland,275.63,275.63,263.25,98.0,95.51,-2.49,0.0,1.0679,0.7737,0.1425,0.4897,medium
612877,Establishment of NIT Puducherry Permanent Campus [Phase-I and Phase-II],Department of Higher Education,Education,Puducherry,618.34,544.34,543.74,98.5,99.89,1.39,-11.97,1.153,0.9339,0.1317,0.5729,high
612883,Establishment of Permanent Campus of NIT SIkkim at Khamdong-Gangtok District,Department of Higher Education,Education,Sikkim,685.76,610.76,283.56,34.5,46.43,11.93,-10.94,0.6376,0.7769,0.0563,0.4527,medium
602099,Establishment of Permanent campus Phase 1 of IIM Sirmaur,Department of Higher Education,Education,Himachal Pradesh,392.51,454.78,336.71,97.5,74.04,-23.46,15.86,1.5,0.9201,0.0751,0.5399,high
707022,Establishment of new GMC Chaibasa [Singhbhum],Ministry of Health & Family Welfare,Healthcare,Jharkhand,250.0,454.1,64.0,57.0,14.09,-42.91,81.64,1.3978,0.9331,0.0327,0.5279,high
707039,Establishment of new GMC Gangtok,Ministry of Health & Family Welfare,Healthcare,Sikkim,250.0,635.21,666.21,92.0,104.88,12.88,154.08,0.9685,0.9357,0.2375,0.6215,high
707070,Establishment of new GMC Hoshiarpur,Ministry of Health & Family Welfare,Healthcare,Punjab,325.0,374.75,1.0,1.0,0.27,-0.73,15.31,0.1819,0.3548,0.0255,0.2066,low
707020,Establishment of new GMC Jamui,Ministry of Health & Family Welfare,Healthcare,Bihar,250.0,500.0,102.21,50.0,20.44,-29.56,100.0,1.3047,0.9343,0.0327,0.5286,high
707046,Establishment of new GMC Kanker,Ministry of Health & Family Welfare,Healthcare,Chhattisgarh,325.0,325.0,35.0,59.0,10.77,-48.23,0.0,0.8002,0.5722,0.0277,0.3272,medium
707069,Establishment of new GMC Kapurthala,Ministry of Health & Family Welfare,Healthcare,Punjab,325.0,550.0,0.0,0.0,0.0,0.0,69.23,0.05,0.0331,0.0435,0.0378,low
707021,Establishment of new GMC Koderma,Ministry of Health & Family Welfare,Healthcare,Jharkhand,250.0,504.8,270.0,40.0,53.49,13.49,101.92,1.0329,0.7331,0.3636,0.5668,high
707044,Establishment of new GMC Korba,Ministry of Health & Family Welfare,Healthcare,Chhattisgarh,325.0,322.85,177.49,54.0,54.98,0.98,-0.66,0.9205,0.7733,0.0592,0.452,medium
707045,Establishment of new GMC Mahasamund,Ministry of Health & Family Welfare,Healthcare,Chhattisgarh,325.0,325.0,321.5,82.0,98.92,16.92,0.0,1.1294,0.9734,0.3189,0.6789,high
707059,Establishment of new GMC Mandla,Ministry of Health & Family Welfare,Healthcare,Madhya Pradesh,325.0,325.0,82.41,43.0,25.36,-17.64,0.0,1.1665,0.9472,0.0237,0.5316,high
707049,Establishment of new GMC Panchmahal,Ministry of Health & Family Welfare,Healthcare,Gujarat,325.0,663.5,455.34,87.5,68.63,-18.87,104.15,1.1433,0.9697,0.7867,0.8873,critical
707087,Establishment of new GMC Pithoragarh,Ministry of Health & Family Welfare,Healthcare,Uttarakhand,325.0,768.89,325.08,84.0,42.28,-41.72,136.58,0.9313,0.7001,0.2332,0.49,medium
707050,Establishment of new GMC Porbandar,Ministry of Health & Family Welfare,Healthcare,Gujarat,325.0,618.98,934.64,78.0,151.0,73.0,90.46,1.5,0.9752,0.8548,0.921,critical
707058,Establishment of new GMC Rajgarh,Ministry of Health & Family Welfare,Healthcare,Madhya Pradesh,325.0,325.0,178.0,84.0,54.77,-29.23,0.0,1.5,0.9209,0.0421,0.5254,high
707086,Establishment of new GMC Rudrapur,Ministry of Health & Family Welfare,Healthcare,Uttarakhand,325.0,325.0,272.0,60.0,83.69,23.69,0.0,0.911,0.7329,0.2762,0.5274,high
618146,Estimate for Improvement to two lane with paved shoulder from Ramnagar to Roseda from km 3.500 to 43.000 of NH 527 E on EPC mode in State of Bihar,Ministry of Road Transport & Highways,Roads & Highways,Bihar,495.16,495.16,0.0,33.0,0.0,-33.0,0.0,1.2779,0.9242,0.0553,0.5332,high
709798,Ethylene Cracker Project at Bina Refinery including downstream Petrochemical Plants and expansion of Refinery,Ministry of Petroleum & Natural Gas,Oil & Gas,Madhya Pradesh,43367.0,43367.0,4802.7,25.5,11.07,-14.43,0.0,0.6667,0.7681,0.0473,0.4437,medium
400141,Expansion of Alumina Refinery Plant with addition of 5th Stream having capacity enhancement of 1.0 Million Tonee Per Annum,Ministry of Mines,Metals & Mining,Odisha,4103.0,5677.4,4887.6,94.2,86.09,-8.11,38.37,1.5,0.9854,0.7533,0.8809,critical
400426,Expansion of Malanjkhand Copper Project,Ministry of Mines,Metals & Mining,Madhya Pradesh,1856.36,3800.0,965.07,84.87,25.4,-59.47,104.7,1.5,0.9329,0.1255,0.5696,high
705373,"Fatuha-Islampur incl. MM for extn.of NL from Neora to Daniawan , Daniawan to Biharsharif, Biharsharif to Barbigha , Barbigha to Shekhpura",Ministry of Railways,Railways,Bihar,1473.0,2882.0,2641.14,98.0,91.64,-6.36,95.66,1.1668,0.9848,0.9147,0.9532,critical
612827,Flyover between Pendurthi and Simhachalam North to avoid surface crossing at Simhachalam 7.135 km PB 73 of 2023 24 NR,Ministry of Railways,Railways,Andhra Pradesh,183.65,183.65,14.79,15.0,8.05,-6.95,0.0,0.8,0.7565,0.0354,0.432,medium
616694,Flyover between Siju and Paradeep coaching Yard to avoid Surface crossing of trains,Ministry of Railways,Railways,Odisha,200.77,200.77,34.06,5.5,16.96,11.46,0.0,0.3327,0.5807,0.0332,0.3343,medium
618866,"Four Lane Highway from Chandan Nagar Existing Km. 59.025 of NH 530B/Design Km. 179.5000 to Bareilly BypassStartExisting Km. 59.025 of NH 530B/Design Km. 218.000 Section of NH 530B, in the State of Uttar Pradesh on HAM Mode under NH0",Ministry of Road Transport & Highways,Roads & Highways,Uttar Pradesh,2077.0,1112.44,223.68,16.01,20.11,4.1,-46.44,0.4151,0.8615,0.0261,0.4856,medium
619118,Four Laning of Angul to Sambalpur from Km.112.000 to Km.265.000,Ministry of Road Transport & Highways,Roads & Highways,Odisha,2510.04,2632.91,1194.15,99.98,45.35,-54.63,4.9,1.5,0.8737,0.1022,0.5265,high
619131,Four Laning of Chettikulam to Natham section of NH-785,Ministry of Road Transport & Highways,Roads & Highways,Tamil Nadu,837.61,823.93,169.31,99.75,20.55,-79.2,-1.63,1.5,0.8893,0.0766,0.5236,high
618874,Four Laning of Trichy - Dindigul from km. 333.00 to km. 421.273 of NH-45,Ministry of Road Transport & Highways,Roads & Highways,Tamil Nadu,1003.11,435.81,9.43,100.0,2.16,-97.84,-56.55,1.5,0.8653,0.1092,0.525,high
619145,Four Laning of Una to Kodinar from km. 180.478 to km. 221.610 Package-V,Ministry of Road Transport & Highways,Roads & Highways,Gujarat,877.71,1126.66,630.51,100.0,55.96,-44.04,28.36,1.5,0.8528,0.1709,0.546,high
618626,Four laning from Dive Ghat Km. 220.900 to Hadapsar Km. 234.150 of Mohol Alandi section Pkg VI of NH-965,Ministry of Road Transport & Highways,Roads & Highways,Maharashtra,819.52,400.0,121.02,62.03,30.25,-31.78,-51.19,0.9575,0.5033,0.0394,0.2945,medium
618768,Four laning of Agra-Aligarh Section from Km. 0.000 Junction of NH-34 Aligarh Km 144.60 to Km. 28.000 near Asroi village in Hathras of NH-509 Package-I,Ministry of Road Transport & Highways,Roads & Highways,Uttar Pradesh,1309.08,1309.08,0.0,0.0,0.0,0.0,0.0,0.2503,0.0669,0.0418,0.0556,low
619295,Four/Six laning of Bhaniyawala-Jollygrant-Rishikesh spur section of NH-07 from Km. 0.000 to Km 19.780,Ministry of Road Transport & Highways,Roads & Highways,Uttarakhand,742.43,664.92,0.45,0.0,0.07,0.07,-10.44,0.39,0.0653,0.0345,0.55,high
618986,Furkating-New Tinsukia[194 Km],Ministry of Railways,Railways,Assam,3633.58,3633.58,0.0,0.0,0.0,0.0,0.0,0.2659,0.0693,0.0349,0.0539,low
615331,GADEGAON OC 3 MTY,Ministry of Coal,Coal,Maharashtra,497.41,497.41,27.55,2.19,5.54,3.35,0.0,0.4545,0.443,0.0189,0.55,high
709811,GANDHAMARDAN IRON ORE MINES TO GOALDIH STATION/12.76kms,Ministry of Railways,Railways,Odisha,190.0,189.93,3.4,5.0,1.79,-3.21,-0.04,0.5709,0.7217,0.0259,0.55,high
615206,GANDHIGRAM UG MINE,Ministry of Coal,Coal,Madhya Pradesh,414.15,414.15,22.11,56.88,5.34,-51.54,0.0,1.0761,0.4763,0.0259,0.2736,medium
615917,GAURIDEEP/GAURI CENTRAL OCP 7.,Ministry of Coal,Coal,Maharashtra,973.07,973.07,1.55,2.31,0.16,-2.15,0.0,0.3911,0.4669,0.0228,0.55,high
400424,GEVRA OC [70 MTY],Ministry of Coal,Coal,Chhattisgarh,11816.4,11816.4,6905.46,78.48,58.44,-20.04,0.0,1.5,0.9713,0.1105,0.5839,high
615914,GHONSA EXPANSION DEEP OC MINE,Ministry of Coal,Coal,Maharashtra,184.71,184.71,15.72,12.83,8.51,-4.32,0.0,0.6875,0.8285,0.0345,0.4712,medium
615192,GOKUL EXTENSION OC MINE,Ministry of Coal,Coal,Maharashtra,309.58,309.58,57.46,8.44,18.56,10.12,0.0,1.1019,0.8899,0.0665,0.5194,high
611752,GOOTY-PENDEKALLU DOUBLING 29.225 Km,Ministry of Railways,Railways,Andhra Pradesh,351.83,351.83,330.25,3.03,93.87,90.84,0.0,0.8671,0.5386,0.1976,0.55,high
400185,GOPALJI KANIHA OCP [10 TO 30 M,Ministry of Coal,Coal,Odisha,8416.19,6107.87,1771.98,34.54,29.01,-5.53,-27.43,0.5579,0.9236,0.0175,0.5158,high
611754,GUNTAKAL WEST-MALLAPPA GATE RAIL OVER RAIL - ROR TRACK,Ministry of Railways,Railways,Andhra Pradesh,293.3,293.3,267.51,0.23,91.21,90.98,0.0,1.0557,0.1082,0.1761,0.55,high
705490,Gadag-Wadi New Railway Line [257 km],Ministry of Railways,Railways,Karnataka,2842.0,6700.0,1539.51,34.5,22.98,-11.52,135.75,0.948,0.7467,0.1052,0.458,medium
618976,"Gadarwara Super Thermal Power Project, Stage-II [2x800 MW]",Ministry of Power,Electricity Generation,Madhya Pradesh,20446.0,20446.0,1721.18,7.5,8.42,0.92,0.0,0.2759,0.9047,0.02,0.5066,high
602792,Gauge Conversion of Kendri-Dhamtari including Abhanpur - Rajim Branch line 67.20 Kms - 2nd Material Modification to Raipur Titlagarh doubling.,Ministry of Railways,Railways,Chhattisgarh,1171.0,1171.0,404.58,100.0,34.55,-65.45,0.0,1.4198,0.8902,0.092,0.531,high
612845,Gauge Conversion of Pachora-Jamner with Extension upto Malkapur [Bodwad] [84.34 Kms],Ministry of Railways,Railways,Maharashtra,955.39,955.39,13.97,10.0,1.46,-8.54,0.0,0.2654,0.8086,0.023,0.4551,medium
617961,Gaya-Hisua-Rajgir-Nalanda-Biharsharif section km0.00 to 92.935 NH-82,Ministry of Road Transport & Highways,Roads & Highways,Bihar,1408.85,2138.16,0.0,97.0,0.0,-97.0,51.77,1.5,0.9399,0.1412,0.5805,high
705444,Gevra Road-Pendra Road New Railway Line [135 km],Ministry of Railways,Railways,Chhattisgarh,4970.0,7448.52,5152.72,82.0,69.18,-12.82,49.87,1.5,0.9897,0.5674,0.7997,critical
400259,Ghatampur Thermal Power Plant 3 X 660 MW,Ministry of Coal,Electricity Generation,Uttar Pradesh,17237.8,21780.9,21237.52,95.68,97.51,1.83,26.36,1.5,0.9847,0.7924,0.8982,critical
619096,Goa / Karnataka Km.93.700 to Kundapur Km.283.30,Ministry of Road Transport & Highways,Roads & Highways,Karnataka,1644.92,1990.99,329.44,97.8,16.55,-81.25,21.04,1.5,0.93,0.0739,0.5448,high
701105,Goa Airport Terminal Building Extension Project,Ministry of Civil Aviation,Aviation & Aviation Infrastructure,Goa,255.69,255.69,156.7,100.0,61.29,-38.71,0.0,1.5,0.793,0.0599,0.4631,medium
615860,Godavarikhani Coal Mine - 5,Ministry of Coal,Coal,Telangana,607.04,607.04,200.06,71.0,32.96,-38.04,0.0,1.2572,0.9125,0.0496,0.5242,high
618580,Gohana - Sonipat PKG-2,Ministry of Road Transport & Highways,Roads & Highways,Haryana,1275.31,1957.44,734.08,97.86,37.5,-60.36,53.49,1.5,0.9217,0.1578,0.578,high
615862,Goleti Opencast Mine,Ministry of Coal,Coal,Telangana,345.6,345.6,111.15,32.0,32.16,0.16,0.0,1.1094,0.856,0.0453,0.55,high
705765,Gomoh - Flyover for DN trains,Ministry of Railways,Railways,Jharkhand,686.0,686.0,631.52,66.5,92.06,25.56,0.0,1.0614,0.8466,0.3182,0.6088,high
618978,Gondia - Dongargarh 4th line [84 Km],Ministry of Railways,Railways,"Multi-States (Chhattisgarh, Maharashtra)",2222.53,2222.53,0.0,0.0,0.0,0.0,0.0,0.1829,0.07,0.0348,0.0542,low
617201,Gondia-Balharshah [Chanda Fort] Doubling [240 Km],Ministry of Railways,Railways,Maharashtra,4373.04,4373.04,1.0,1.0,0.02,-0.98,0.0,0.2394,0.3771,0.0233,0.2179,low
617224,Gorakhpur-Valmikinagar Doubling project,Ministry of Railways,Railways,"Multi-States (Bihar, Uttar Pradesh)",1120.0,1120.0,401.82,26.4,35.88,9.48,0.0,0.6664,0.8312,0.0602,0.4842,medium
618052,Gorantla - Hindupur section from Km 120/300 to 165/000 of NH716G in the State of Andhra Pradesh,Ministry of Road Transport & Highways,Roads & Highways,Andhra Pradesh,808.7,808.7,0.0,18.72,0.0,-18.72,0.0,0.5411,0.6679,0.0598,0.3943,medium
400095,Gosikhurd CADWM Project,"Department of Water Resources, River Development & GR",Water Resources,Maharashtra,743.73,743.73,459.06,53.93,61.72,7.79,0.0,1.5,0.9715,0.2742,0.6577,high
701386,Gosikhurd Project,"Department of Water Resources, River Development & GR",Water Resources,Maharashtra,7196.47,12770.1,14339.36,72.65,112.29,39.64,77.45,1.5,0.9853,0.9301,0.9605,critical
618737,Grade separated Interchanges at Km. 113.730 junction with Ranchi Hazaribagh Road & Km. 139.225 junction with Ranchi Jamshedpur road on 4L Ranchi Bypass of NH-33,Ministry of Road Transport & Highways,Roads & Highways,Jharkhand,303.53,5.58,3.16,0.0,56.63,56.63,-98.16,0.374,0.0298,0.088,0.55,high
400035,"Grass Root Rail-fed Depot at Sekerkote, Agartala as resitement of existing Dharmanagar Depot",Ministry of Petroleum & Natural Gas,Energy Storage,Tripura,656.0,656.0,537.17,97.0,81.89,-15.11,0.0,1.3064,0.9392,0.0941,0.5589,high
604852,"Grass-root Terminal at Mirzapur, Uttar Pradesh",Ministry of Petroleum & Natural Gas,Energy Storage,Uttar Pradesh,980.45,980.45,293.88,75.0,29.97,-45.03,0.0,0.9593,0.5277,0.0381,0.3074,medium
701766,Green Building Development Project,Ministry of Housing & Urban Affairs,Real Estate,Uttarakhand,150.97,206.0,54.01,40.0,26.22,-13.78,36.45,1.5,0.9282,0.0586,0.5369,high
618551,Greenfield connectivity from Govindsar village on Delhi Amritsar Katra Expressway to Talwara village on NH-44 Pathankot by-pass,Ministry of Road Transport & Highways,Roads & Highways,Punjab,666.81,690.47,48.07,24.75,6.96,-17.79,3.55,0.5836,0.6023,0.0213,0.3409,medium
619316,"Group Gathering Station, Lakwagaon",Ministry of Petroleum & Natural Gas,Oil & Gas,Assam,495.59,495.59,18.04,5.7,3.64,-2.06,0.0,0.4575,0.6776,0.0208,0.382,medium
705752,Gudha-Thatha Mithri Construction of Railway Track Project,Ministry of Railways,Railways,Rajasthan,819.48,967.06,400.92,94.0,41.46,-52.54,18.01,0.9776,0.3275,0.0783,0.2153,low
617984,"Gudivada Town 2 RoB, and Road improvement NH-165",Ministry of Road Transport & Highways,Roads & Highways,Andhra Pradesh,317.22,317.22,0.0,73.46,0.0,-73.46,0.0,1.5,0.9713,0.0628,0.5625,high
618097,Guhagar - Rampur - 2L-PS - km 0/00 Guhagar to 26/230 Rampur and 40/00 Mirjoli to 53/600 Sati on NH-166E,Ministry of Road Transport & Highways,Roads & Highways,Maharashtra,407.2,407.2,0.0,91.89,0.0,-91.89,0.0,1.5,0.9463,0.0656,0.55,high
400101,Gundlakamma project,"Department of Water Resources, River Development & GR",Water Resources,Andhra Pradesh,397.41,697.39,619.46,98.3,88.83,-9.47,75.48,1.4601,0.9805,0.8673,0.9296,critical
705633,Guntur-Guntakal Doubling Project,Ministry of Railways,Railways,Andhra Pradesh,3733.0,4295.0,5523.6,94.01,128.61,34.6,15.05,1.0925,0.8228,0.9141,0.8639,critical
612853,Gurdaspur Jammu Pipeline,Ministry of Petroleum & Natural Gas,Oil & Gas,"Multi-States (Jammu and Kashmir, Punjab)",521.9,521.9,302.5,47.6,57.96,10.36,0.0,1.0557,0.7954,0.1045,0.55,high
706724,Guwahati Airport New Integrated Terminal Building Construction Project,Ministry of Civil Aviation,Aviation & Aviation Infrastructure,Assam,1712.0,2520.0,2627.39,98.0,104.26,6.26,47.2,1.2143,0.9857,0.9318,0.9615,critical
607701,"Guwahati Refinery Expansion [1.0 to 1.2 MMTPA] along with installation of CRU, Guwahati Refinery",Ministry of Petroleum & Natural Gas,Oil & Gas,Assam,412.3,577.0,457.64,94.9,79.31,-15.59,39.95,1.5,0.9767,0.617,0.8148,critical
618934,Guwahati Ring Road in the State of Assam,Ministry of Road Transport & Highways,Roads & Highways,Assam,5729.47,5729.47,3.15,0.0,0.05,0.05,0.0,0.1656,0.0854,0.0215,0.0566,low
706922,Guwahati-Dibrugarh via Tinsukia & Simaluguri-Dibrugarh,Ministry of Railways,Railways,Assam,890.36,889.36,391.73,89.0,44.05,-44.95,-0.11,1.5,0.9385,0.0674,0.5465,high
705419,Gwalior - Seopurkala with extension to Kota [Gauge Conversion],Ministry of Railways,Railways,"Multi-States (Madhya Pradesh, Rajasthan)",2913.0,2913.0,2213.55,92.0,75.99,-16.01,0.0,1.2251,0.9611,0.1209,0.583,high
609019,"HEFA projects on development of student hostels, playgrounds, departmental buildings, class room complex and other campus facilities in IIT Kharagpur",Department of Higher Education,Education,West Bengal,500.0,442.0,415.35,96.0,93.97,-2.03,-11.6,1.5,0.9434,0.0644,0.5479,high
616232,HINGULA II OC EXPN PH III 15 M,Ministry of Coal,Coal,Odisha,1561.85,1561.85,279.32,29.19,17.88,-11.31,0.0,0.6051,0.6231,0.0245,0.3537,medium
709760,HP TDAE Unit in Mumbai Refinery,Ministry of Petroleum & Natural Gas,Oil & Gas,Maharashtra,240.0,240.0,151.04,85.0,62.93,-22.07,0.0,1.2272,0.8748,0.049,0.5032,high
709752,HP-COAT [Crude to Olefins and Aromatics Technology] demo unit at Visakh Refinery,Ministry of Petroleum & Natural Gas,Oil & Gas,Andhra Pradesh,160.0,220.0,135.52,91.6,61.6,-30.0,37.5,1.5,0.8102,0.2165,0.543,high
400018,HURA C OCP,Ministry of Coal,Coal,Jharkhand,859.41,859.41,455.25,63.22,52.97,-10.25,0.0,0.6202,0.6454,0.052,0.3784,medium
705366,Hajipur-Sagauli New line,Ministry of Railways,Railways,Bihar,2067.0,2087.0,2084.14,75.3,99.86,24.56,0.97,1.4217,0.9833,0.4751,0.7546,critical
709753,Haldia Panagarh Pipeline Project,Ministry of Petroleum & Natural Gas,Oil & Gas,West Bengal,1010.0,1107.0,846.32,95.0,76.45,-18.55,9.6,1.2765,0.9518,0.1608,0.5958,high
618951,Hariharganj to Parwa Mode section from km 23.284 to km 57.049 of NH-98,Ministry of Road Transport & Highways,Roads & Highways,"Multi-States (Bihar, Jharkhand)",1125.78,1186.56,609.94,91.3,51.4,-39.9,5.4,1.5,0.9154,0.1405,0.5667,high
706942,Harmuty-Murkongselek Branch Line Electrification Project,Ministry of Railways,Railways,Assam,237.52,237.52,0.0,0.0,0.0,0.0,0.0,1.5,0.8787,0.0569,0.5089,high
619117,Hassan km 184.912 to Maranahally km 230.060 of NH - 75 in Karnataka,Ministry of Road Transport & Highways,Roads & Highways,Karnataka,1021.57,1091.4,697.83,97.8,63.94,-33.86,6.84,1.5,0.9158,0.1923,0.5902,high
619144,Hospet - Chitradurga from km. 299.00 to km. 418.750,Ministry of Road Transport & Highways,Roads & Highways,Karnataka,1519.72,387.48,36.36,100.0,9.38,-90.62,-74.5,1.5,0.8544,0.1045,0.5169,high
705650,Hospet - Tinaighat - Vasco Rail Doubling Project,Ministry of Railways,Railways,"Multi-States (Goa, Karnataka)",5060.0,5060.0,5304.19,86.13,104.83,18.7,0.0,0.966,0.8942,0.6384,0.7791,critical
706950,Hospet-Hubli-Vasco da Gama Line Electrification Project,Ministry of Railways,Railways,"Multi-States (Goa, Karnataka)",744.49,1122.62,1163.14,99.65,103.61,3.96,50.79,1.5,0.9579,0.922,0.9418,critical
612128,Hostel blocks & dining hall block,Department of Higher Education,Education,Himachal Pradesh,166.66,166.66,122.26,82.0,73.36,-8.64,0.0,1.2507,0.9068,0.0887,0.5386,high
618581,Hosur to Dhamrapuri Pkg-1 [Neraluru - Thorapalli Agraharam],Ministry of Road Transport & Highways,Roads & Highways,"Multi-States (Karnataka, Tamil Nadu)",1757.27,1828.66,927.75,78.7,50.73,-27.97,4.06,1.5,0.9185,0.1278,0.5627,high
705493,Hubli-Ankola New Line Project [164.44 km],Ministry of Railways,Railways,Karnataka,5174.0,5174.0,178.42,4.7,3.45,-1.25,0.0,1.5,0.9811,0.0733,0.5726,high
618944,Hyderabad - Maneguda,Ministry of Road Transport & Highways,Roads & Highways,Telangana,958.86,1218.49,193.26,15.78,15.86,0.08,27.08,0.9151,0.8378,0.0417,0.4796,medium
610315,IISER BERHAMPUR,Department of Higher Education,Education,Odisha,1229.32,843.09,874.09,98.5,103.68,5.18,-31.42,1.5,0.9541,0.2094,0.619,high
707419,IMC at Prayagraj,Department for Promotion of Industry & Internal Trade,Real Estate,Uttar Pradesh,658.0,658.0,0.0,6.5,0.0,-6.5,0.0,0.1559,0.8504,0.0623,0.4958,medium
616226,INTEGRATED KULDA GARJANBAHAL O,Ministry of Coal,Coal,Odisha,3563.5,3563.5,672.78,6.18,18.88,12.7,0.0,0.3446,0.7144,0.0237,0.4036,medium
400187,INTEGRATED LAKHANPUR-BELPAHAR-,Ministry of Coal,Coal,Odisha,2434.75,2434.75,2002.75,79.05,82.26,3.21,0.0,0.9436,0.8688,0.2132,0.5737,high
612816,ITAPARA OCP,Ministry of Coal,Coal,West Bengal,929.1,929.1,71.23,8.35,7.67,-0.68,0.0,0.44,0.795,0.0237,0.4479,medium
617272,Implementation of LILO of both circuits of 400KV vindhyachal PS-Sasan D/C Line at Hindalco Switchyard,Ministry of Power,Transmission & Distribution,Madhya Pradesh,370.0,370.0,114.7,35.03,31.0,-4.03,0.0,0.8992,0.8439,0.0334,0.4792,medium
617326,Implementation of Transmission Systems in the State of Jharkhand consisting of 400/220/132/33 kV transmission lines and substations under Jharkhand Consultancy Project,Ministry of Power,Transmission & Distribution,Jharkhand,1842.25,1842.25,1648.05,96.0,89.46,-6.54,0.0,1.0356,0.832,0.1665,0.5325,high
618928,"Improvement & Up-gradation of NH-734 Section of Moradabad-Thakurdwara Kashipur including Moradabad & Kashipur Bypasse Package-III Kashipur Bypass Length 14.490 Km., Starts from Ch. 38770 and ends at Ch. 53260 existing Ch. 05560",Ministry of Road Transport & Highways,Roads & Highways,"Multi-States (Uttar Pradesh, Uttarakhand)",936.12,717.5,332.92,44.14,46.4,2.26,-23.35,1.5,0.952,0.0907,0.5644,high
618350,Improvement & widening of existing NH-08 to 4-lane with Paved Shoulder from Champak Nagar to Khayerpur section design Km 242500 to Km 261610 in the state of Tripura on EPC basis under NHO-NE,Ministry of Road Transport & Highways,Roads & Highways,Tripura,920.66,920.66,0.0,43.8,0.0,-43.8,0.0,0.9986,0.6275,0.0784,0.3804,medium
618251,"Improvement and Up gradation to four lane with Paved shoulder configuration from Existing Km 0000 to Km 39500 design km 0500 to Km 40342, Design length km of NH 227A near Mehrauna GhatUP Bihar Border to Siwan on the state of Bihar on Hybrid Annuity Model HAM basis",Ministry of Road Transport & Highways,Roads & Highways,Bihar,1661.25,1661.25,0.0,5.52,0.0,-5.52,0.0,0.3991,0.751,0.0767,0.4476,medium
618855,"Improvement and Up-Gradation of Existing Road to 2/4L PS from Km 40.000 to 88.750, start of Khutar bypass to start of Shahjahanpur bypass of NH 731Pkg-I",Ministry of Road Transport & Highways,Roads & Highways,Uttar Pradesh,838.68,838.68,560.48,99.2,66.83,-32.37,0.0,1.5,0.9105,0.1392,0.5634,high
618856,"Improvement and Up-Gradation of Existing Road to 4L PS from Km 123.650 to 175.080, from Start of Shahabad Bypass to End of Hardoi bypass of NH 731 Pkg-2B",Ministry of Road Transport & Highways,Roads & Highways,Uttar Pradesh,1101.79,1212.26,346.55,63.51,28.59,-34.92,10.03,1.4145,0.9196,0.078,0.5409,high
618859,"Improvement and Up-Gradation of Existing Road to 4L PS from Km 229.070 to 260.800, End of Hardoi District to Lucknow Ring road of NH 731 Pkg-4",Ministry of Road Transport & Highways,Roads & Highways,Uttar Pradesh,575.66,553.61,371.82,99.33,67.16,-32.17,-3.83,1.5,0.8157,0.113,0.4995,medium
618858,"Improvement and Up-Gradation of Existing Road to 4L PS from Km 88.750 to 123.650, from Start of Shahjahanpur Bypass to start of Shahabad bypass of NH 731Pkg.-2A",Ministry of Road Transport & Highways,Roads & Highways,Uttar Pradesh,955.34,955.34,269.0,64.2,28.16,-36.04,0.0,1.3311,0.9153,0.0642,0.5323,high
618056,Improvement and Up-gradation to two Lane with Paved Shoulder Configuration from existing km. 420.00 Shohrathgarh to km. 454.00 Uska Bazar of NH-730 in the state of Uttar Pradesh EPC basis,Ministry of Road Transport & Highways,Roads & Highways,Uttar Pradesh,509.65,484.42,98.47,56.0,20.33,-35.67,-4.95,1.5,0.9223,0.0318,0.5216,high
618252,"Improvement and Up-gradation to two Lane with Paved Shoulder/Four Lane configuration from existing Km 130.000 to Km 191.000 design km 131.500 to Km 188.735, Design length 57.235 Km of NH-227A near Barhalganj to Mehrauna Ghat in the state of Uttar Pradesh on Hybrid Annuity Model HAM basis",Ministry of Road Transport & Highways,Roads & Highways,Uttar Pradesh,974.19,1344.61,0.82,48.0,0.06,-47.94,38.02,0.7333,0.5579,0.0359,0.323,medium
618294,Improvement and Widening of National Highway No. 127B Darugiri - Songsak - Williamnagar Junction Section to two lane with paved shoulder from design Km 0000 to Km 36635 Design length 36.635 Km existing Km 112000 to Km 151060 of NH-1278 under Bharatmala Pariyojana Lot-1 Pkg-1B Meghalaya portion,Ministry of Road Transport & Highways,Roads & Highways,Meghalaya,801.07,801.07,64.53,24.13,8.06,-16.07,0.0,0.4986,0.6218,0.0205,0.3512,medium
618370,Improvement and Widening to 2-lane with paved shoulder of road from Km 101.300 to km 127.319 Total Length 26.019 Km i.e. the Khowai Teliamura-Amarpur-Harina- Sabroom section of NH 208 in the state of Tripura on EPC under JICA ODA Loan Phase VI Package-1,Ministry of Road Transport & Highways,Roads & Highways,Tripura,431.78,431.78,0.0,58.12,0.0,-58.12,0.0,1.0836,0.6667,0.0559,0.3918,medium
618368,Improvement and Widening to 2-lane with paved shoulder of road from design Km 36.000 Rangamati to design Km 72.000 Pati Chhari Total length 36.000 Km on Teliamura to Harina section of NH 208 in the state of Tripura on EPC mode under JICA ODA Loan Phase VI Package-3,Ministry of Road Transport & Highways,Roads & Highways,Tripura,670.9,670.9,0.0,14.0,0.0,-14.0,0.0,0.9986,0.7026,0.0646,0.4155,medium
618367,Improvement and Widening to 2-lane with paved shoulder of road from design Km 72.000 Pati Chhari to design Km 107.654 Harina Total length 35.654 Km on Teliamura to Harina section of NH 208 in the state of Tripura on EPC mode under JICA ODA Loan Phase VI Package-4,Ministry of Road Transport & Highways,Roads & Highways,Tripura,726.9,726.9,194.74,8.65,26.79,18.14,0.0,0.874,0.7782,0.0708,0.4599,medium
618369,Improvement and Widening to 2-lane with paved shoulder of road from existing Km 438.170 Khowai Chowmuhani to existing Km 439.410 South Pulinpur of NH-08 and from design Km 0.000 South Pulinpur to design Km 36.00 near Rangamati of NH 208 on Khowai Teliamura- Harina section Total length 37.24 in the state of Tripura on EPC mode under JICA ODA Loan Phase VI Package-2,Ministry of Road Transport & Highways,Roads & Highways,Tripura,657.21,657.21,0.0,57.95,0.0,-57.95,0.0,0.9986,0.6677,0.0816,0.4039,medium
618076,Improvement and Widening two lannig with paved Shoulder of NH 127B from km 31.500 Goeragre to km 63.224 Package-II in state of Meghalaya,Ministry of Road Transport & Highways,Roads & Highways,Meghalaya,504.0,350.67,0.0,2.5,0.0,-2.5,-30.42,0.6671,0.4947,0.0805,0.55,high
618586,Improvement and strengthening of existing 2 lane stretch to 2-Lane with PS 1.5m on both sides on Ghoti-Sinnar section of NH-160A using Thin White Topping 200mm thick in the State Of Maharashtra on EPC Mode,Ministry of Road Transport & Highways,Roads & Highways,Maharashtra,254.78,147.64,99.89,76.0,67.66,-8.34,-42.05,1.2493,0.9473,0.029,0.534,high
618112,"Improvement and up-gradation of NH-227B 84 Kosi Parikrama Marg Package I, from km 228.920 Jagarnathpur to Km 235.960/0.000 MakhaudaDham to Km 29.000 Sarpur in the State of Uttar Pradesh on EPC basis",Ministry of Road Transport & Highways,Roads & Highways,Uttar Pradesh,912.5,912.5,0.0,3.0,0.0,-3.0,0.0,0.8871,0.7321,0.0971,0.55,high
618113,"Improvement and up-gradation of NH-227B 84 Kosi Parikrama Marg Package III, from Km.47.800 Gosaiganj to Km.73.300 Bikapur in the State of Uttar Pradesh on EPC basis.",Ministry of Road Transport & Highways,Roads & Highways,Uttar Pradesh,587.97,587.97,37.42,28.0,6.36,-21.64,0.0,0.8871,0.4604,0.0325,0.2678,medium
618114,"Improvement and up-gradation of NH-227B 84 Kosi Parikrama Marg PackageV, from Design Km.140.960 Patranga to Km.160.200 Bahuvan Madar Majha on EPC mode in the State of Uttar Pradesh",Ministry of Road Transport & Highways,Roads & Highways,Uttar Pradesh,1192.33,1192.33,0.0,0.0,0.0,0.0,0.0,0.2314,0.0673,0.0418,0.0558,low
618162,"Improvement and up-gradation to 2LPS of NH-227B 84-Kosi Parikrama Marg PackageVI, Design Km 160200 Bahuvan Madar Majha to Km 224040 Jagarnathpur under HAM",Ministry of Road Transport & Highways,Roads & Highways,Uttar Pradesh,2008.7,2008.7,0.0,5.0,0.0,-5.0,0.0,0.3315,0.7601,0.0654,0.4475,medium
618110,Improvement and upgradation to two lane with Paved Shoulder configuration from existing km 55.00 to km 90.00 Design length 34.76 of NH-227A near Chhapia Village to near Sikriganj in the State of UP on EPC Mode.,Ministry of Road Transport & Highways,Roads & Highways,Uttar Pradesh,307.11,307.11,125.88,0.0,40.99,40.99,0.0,1.5,0.9197,0.1401,0.5689,high
618111,Improvement and upgradation to two lane with paved shoulder configuration from existing km 90.00 to 130.00 Design length 39.15 of NH-227A near Sikriganj to Barhalganj in the State of UP on EPC Mode.,Ministry of Road Transport & Highways,Roads & Highways,Uttar Pradesh,403.36,345.34,0.0,94.0,0.0,-94.0,-14.38,1.5,0.9445,0.0681,0.5501,high
618806,Improvement of 4L road to 6L road and 4L dedicated Port Roads for the Port connectivity road from Convent junction to Sheelanagar Junction,Ministry of Road Transport & Highways,Roads & Highways,Andhra Pradesh,685.99,680.21,460.16,79.0,67.65,-11.35,-0.84,1.2886,0.9238,0.1151,0.5599,high
618558,Improvement of Geometrics of Kalkallu to Gundla Pochanpalli from Km 454.00 to Km 471.00 of NH-44,Ministry of Road Transport & Highways,Roads & Highways,Telangana,955.49,903.17,427.43,35.96,47.33,11.37,-5.48,1.5,0.9806,0.1923,0.6258,high
618560,Improvement of Geometrics of Thondupally to Kothur from Km 22.300 to Km 34.14 of NH-44,Ministry of Road Transport & Highways,Roads & Highways,Telangana,541.58,527.43,72.23,17.05,13.69,-3.36,-2.61,1.5,0.9681,0.0707,0.5643,high
618416,"Improvement of existing road to 2 laning with Hard Shoulders of Maram -Peren section Package-1A, length- 22.340Km from Design Chainage 0.000 km to 22.340 km on NH-129A in the State of Manipur on EPC mode",Ministry of Road Transport & Highways,Roads & Highways,Manipur,226.32,226.32,179.09,74.58,79.13,4.55,0.0,1.5,0.972,0.2568,0.6502,high
618415,"Improvement of existing road to 2 laning with Hard Shoulders of Maram-Peren section Package-1B, length- 17.660 km from Design Chainage 22.340 km to 40.000 km on NH-129A in the State of Manipur on EPC mode",Ministry of Road Transport & Highways,Roads & Highways,Manipur,188.36,188.36,0.0,100.0,0.0,-100.0,0.0,1.5,0.9407,0.1695,0.5936,high
618073,Improvement to Two lane with Paved Shoulder from Junction of NH22 near Hajipur to Junction of NH -122 at Bachhwara via Mahnar and Mohiuddin Nagar from Km 0.00 to Km 29.730 of NH 122 B in the State of Bihar.,Ministry of Road Transport & Highways,Roads & Highways,Bihar,226.16,226.16,0.0,44.0,0.0,-44.0,0.0,1.3843,0.9189,0.0679,0.5359,high
618080,Improvement to two lane with paved shoulders of BH WB Border Amdabad Manihari section from design Km 0.000 to Km 23.945 of NH 131 A Total length 23.945 Km under EPC mode in the state of Bihar,Ministry of Road Transport & Highways,Roads & Highways,Bihar,353.27,353.27,0.0,3.1,0.0,-3.1,0.0,1.3352,0.9129,0.0788,0.5375,high
618121,Improvement to two lane with paved shoulders of NH-319A from km 0 to km 45 in state of Bihar under EPC mode,Ministry of Road Transport & Highways,Roads & Highways,Bihar,427.29,427.29,178.43,93.0,41.76,-51.24,0.0,1.5,0.8794,0.0268,0.4957,medium
618299,Improvement/Up-gradation of existing 2-Lane Road to 4-Lane Divided Highway from Daili to Kuraopokpi section of Imphal-Kohima road NH-02 Design Chainage from Km 274610 to Km 287000 in the state of Manipur on EPC mode Pkg-4B,Ministry of Road Transport & Highways,Roads & Highways,Manipur,268.98,268.98,0.0,55.15,0.0,-55.15,0.0,1.1664,0.955,0.0552,0.5501,high
618300,Improvement/Up-gradation of existing 2-Lane Road to 4-Lane Divided Highway from Taphukuki to Daili section of Imphal-Kohima road NH-02 Design Chainage from Km 262175 to Km 274610 in the state of Manipur on EPC mode Pkg-4A,Ministry of Road Transport & Highways,Roads & Highways,Manipur,379.39,379.39,301.89,91.31,79.57,-11.74,0.0,1.5,0.9259,0.0824,0.5463,high
618295,Improvement/Widening of New NH-217 Dainadubi-Darugiri section to Two lane with paved shoulder in Meghalaya from design Km 0000 to Km 40840 existing Km 8600 to Km 53000 of Old NH-62 under BMP Lot-1 Pkg-1B Meghalaya portion,Ministry of Road Transport & Highways,Roads & Highways,Meghalaya,705.83,705.83,0.0,38.75,0.0,-38.75,0.0,0.7507,0.685,0.0664,0.4066,medium
618374,Improvement/Widening to 2-L with Paved Shoulder/ 4-Laning of NH-40 section from Km 151330 to Km 163400 design Km 63.530 to Km 71.520 including Dawki Bridge of length 368 m between Shillong-Dawki under JICA ODA Loan assistance Phase-II Pkg- 5 -Balance work,Ministry of Road Transport & Highways,Roads & Highways,Meghalaya,284.21,284.21,0.0,38.77,0.0,-38.77,0.0,0.9322,0.7437,0.0612,0.4366,medium
618377,Improvement/Widening to 2-L with Paved Shoulder/4-L from Km 81740 to Km 93490 design Km 0000 to Km 10670 of NH-40 New NH-106 & 206 section & 4-L from design Km 0.00 to Km 0.930 of NH-44 section between Shillong-Dawki under JICA ODA Loan assistance Phase-II -Balance Work Pkg-1,Ministry of Road Transport & Highways,Roads & Highways,Meghalaya,351.12,351.12,0.0,93.06,0.0,-93.06,0.0,1.4569,0.9449,0.0675,0.5501,high
618376,Improvement/Widening to 2-Lane with Paved Shoulder between Shillong-Dawki road up to Bangladesh Border from design Km 10.670 to Km 37.550 under JICA ODA Loan assistance Phase-II -Balance Work-Pkg-2,Ministry of Road Transport & Highways,Roads & Highways,Meghalaya,525.67,525.67,0.0,49.31,0.0,-49.31,0.0,1.0329,0.6501,0.0606,0.55,high
618375,Improvement/Widening to 2-Lane with Paved Shoulder from design Km 45.760 to Km 63.530 between Shillong-Dawki under JICA ODA Loan assistance Phase-II -Balance work Pkg-4,Ministry of Road Transport & Highways,Roads & Highways,Meghalaya,445.51,445.51,42.32,49.05,9.5,-39.55,0.0,1.2082,0.9462,0.0287,0.5333,high
618211,Improvement/construction of 2-lane with paved shoulder of Askote Llipulekh road from Tawaghat village to Budhi village design km. 56935 to km 95748 and from end of Tunnel portal to Kali Mandir design km 113828 to km. 133078 [total design length 58.063 km] under project Hirak of BRO in the state of Uttarakhand under Bharatmala Pariyojna on EPC Mode,Ministry of Road Transport & Highways,Roads & Highways,Uttarakhand,649.6,649.6,0.0,29.72,0.0,-29.72,0.0,0.9151,0.5667,0.0774,0.3465,medium
618216,"Improvement/construction of existing CL-5 Road to NH Intermediate lane specification with hard shoulder from Km 133.000 to 166.000 net Length 33.000 kms of NH-505 Sumdo-Kaza-Gramphoo road in the state of Himachal Pradesh on EPC mode under project Deepak, BRO",Ministry of Road Transport & Highways,Roads & Highways,Himachal Pradesh,230.55,203.15,15.16,23.24,7.46,-15.78,-11.88,1.0854,0.5324,0.0282,0.55,high
618215,"Improvement/construction of existing CL-5 Road to NH Intermediate lane specification with hard shoulder from Km 166.000 to 203.77 net Length 37.770 kms of NH-505 Sumdo-Kaza-Gramphoo road in the state of Himachal Pradesh on EPC mode under project Deepak, BRO",Ministry of Road Transport & Highways,Roads & Highways,Himachal Pradesh,274.36,194.0,0.0,22.26,0.0,-22.26,-29.29,0.7498,0.5785,0.0578,0.3442,medium
618217,Improvement/construction of existing Class-5 Road to NH Intermediate lane specification with hard shoulder from existing Km 76/340 to 134/940 Design chainage from Km 76/300 to 133/000 net Length 56.700 kms of NH-505 Sumdo-Kaza- Gramphoo road in the state of Himachal Pradesh Package I,Ministry of Road Transport & Highways,Roads & Highways,Himachal Pradesh,314.67,244.15,76.97,60.02,31.53,-28.49,-22.41,1.1113,0.6114,0.0303,0.3499,medium
618561,Improving the Alignment of Thoppur Ghat Section from Km 158.500 to Km 165.100 in Dharmapuri - Salem Section of NH-44,Ministry of Road Transport & Highways,Roads & Highways,Tamil Nadu,904.99,731.09,165.29,35.62,22.61,-13.01,-19.22,0.5,0.6207,0.0204,0.3506,medium
615861,Indaram Opencast Project,Ministry of Coal,Coal,Telangana,424.81,424.81,406.81,81.0,95.76,14.76,0.0,1.5,0.9831,0.2881,0.6703,high
604853,"Indian Oil Technology Development and Deployment Centre at R&D Campus-II, Faridabad",Ministry of Petroleum & Natural Gas,Oil & Gas,Haryana,2281.94,3200.0,1879.93,65.0,58.75,-6.25,40.23,1.5,0.9854,0.2626,0.6601,high
400103,Indiramma Flood Flow Canal Project,"Department of Water Resources, River Development & GR",Water Resources,Telangana,1331.3,5940.09,4491.08,92.0,75.61,-16.39,346.19,1.485,0.9223,0.9239,0.923,critical
705763,Indore - Budni New Railway Line [198 kms],Ministry of Railways,Railways,Madhya Pradesh,7474.0,7474.0,2529.21,36.0,33.84,-2.16,0.0,0.5964,0.9111,0.0231,0.5115,high
618621,Indore - Edlabad Pkg-II [Tejajinagar to Balwara],Ministry of Road Transport & Highways,Roads & Highways,Madhya Pradesh,1162.8,1530.82,527.99,84.8,34.49,-50.31,31.65,1.5,0.942,0.091,0.5591,high
618625,Indore - Gujarat / MP Border from km. Km 9.500 to Km 171.000 of NH-59 in MP,Ministry of Road Transport & Highways,Roads & Highways,Madhya Pradesh,1175.0,217.22,14.04,99.93,6.46,-93.47,-81.51,1.5,0.8772,0.0817,0.5192,high
618694,Indore - Harda Pkg-I [Indore to Raghav Garh from km. 0.25 to km. 26.903],Ministry of Road Transport & Highways,Roads & Highways,Madhya Pradesh,1011.29,813.03,416.8,91.73,51.27,-40.46,-19.6,1.5,0.9164,0.0716,0.5362,high
619114,Indore - Harda Pkg-II [Raghavgarh to Nanasa from km. 29.30 to km. 92.30],Ministry of Road Transport & Highways,Roads & Highways,Madhya Pradesh,1081.51,1146.63,356.17,40.25,31.06,-9.19,6.02,1.2507,0.9556,0.0727,0.5583,high
618695,Indore - Harda Pkg-III [Nanasa to Pidgaon Section from km 95.000 to km 142.445],Ministry of Road Transport & Highways,Roads & Highways,Madhya Pradesh,1146.22,1240.64,626.01,98.21,50.46,-47.75,8.24,1.5,0.9301,0.1226,0.5667,high
702626,Indore Metro Rail Project,Ministry of Housing & Urban Affairs,Urban Public Transport,Madhya Pradesh,7500.8,7500.8,4923.05,64.15,65.63,1.48,0.0,1.5,0.9908,0.1649,0.6191,high
702793,Indore Water Supply Infrastructure Project,Ministry of Housing & Urban Affairs,Waste & Water,Madhya Pradesh,287.17,287.17,252.5,99.0,87.93,-11.07,0.0,1.5,0.9212,0.0741,0.54,high
709777,Installation of Bitumen Manufacturing Unit along with allied facilities at Barauni Refinery,Ministry of Petroleum & Natural Gas,Oil & Gas,Bihar,389.35,340.0,115.69,60.8,34.03,-26.77,-12.67,1.4359,0.9077,0.0278,0.5118,high
619225,Installation of Compression facility at GAIL Usar,Ministry of Petroleum & Natural Gas,Oil & Gas,Maharashtra,260.2,260.2,0.0,0.0,0.0,0.0,0.0,0.7082,0.0826,0.0572,0.55,high
602538,Installation of FGD for 4x210 & 2x250 MW MTPS U 1-6,Ministry of Power,Electricity Generation,West Bengal,1037.0,1106.0,1133.78,96.0,102.51,6.51,6.65,1.5,0.9803,0.6385,0.8265,critical
709783,"Installation of Multiple Effect Evaporator [MEE] for ETP-1, 2 & 4 of Panipat Refinery and Petrochemical Complex.",Ministry of Petroleum & Natural Gas,Oil & Gas,Haryana,165.13,247.69,174.93,87.1,70.62,-16.48,50.0,1.5,0.9615,0.5419,0.7727,critical
617242,Installation of New Bar Mill at Durgapur Steel Plant,Ministry of Steel,Steel,West Bengal,2115.44,2115.44,564.14,57.55,26.67,-30.88,0.0,0.735,0.4679,0.0392,0.275,medium
709778,Installation of new Biturox Unit along with allied facilities at Gujarat Refinery,Ministry of Petroleum & Natural Gas,Oil & Gas,Gujarat,328.29,344.36,214.63,84.1,62.33,-21.77,4.9,1.302,0.9167,0.0457,0.5248,high
603945,Integrated Anandpur Barrage Project,"Department of Water Resources, River Development & GR",Water Resources,Odisha,567.03,2990.05,2776.23,62.85,92.85,30.0,427.32,1.308,0.9566,0.9208,0.9405,critical
707229,"Integrated Command control Center [ICCC] - Construction and Development of Integrated Command Control Center with Security, Surveillance, ITMS, Connecting Port, Ship Service, Smart Solid Waste Management, Smart Public Transport System",Ministry of Housing & Urban Affairs,Real Estate,Andaman & Nicobar,209.88,209.88,0.0,70.0,0.0,-70.0,0.0,1.5,0.9562,0.083,0.5633,high
709851,Integrated Development of 4 Contract Areas under DSF-II,Ministry of Petroleum & Natural Gas,Oil & Gas,Offshore,6183.79,6183.79,1555.0,40.4,25.15,-15.25,0.0,0.8512,0.8103,0.0228,0.4559,medium
707410,Integrated Multi Modal Logistics Hub at Nangal Chaudhary in Haryana - Other Trunk Infrastructure Development Phase 1,Department for Promotion of Industry & Internal Trade,Logistics Infrastructure,Haryana,763.0,763.0,430.0,60.0,56.36,-3.64,0.0,1.5,0.9503,0.1626,0.5958,high
604859,Integrated Para Xylene [PX] and Purified Terephthalic Acid [PTA] Project at Paradip Refinery,Ministry of Petroleum & Natural Gas,Oil & Gas,Odisha,13805.0,11783.0,8450.45,93.9,71.72,-22.18,-14.65,1.5,0.9572,0.1721,0.6039,high
619030,Inter-Regional Strengthening between SR Grid and ER Grid,Ministry of Power,Transmission & Distribution,"Multi-States (Andhra Pradesh, Odisha)",2722.5,2722.5,13.4,1.0,0.49,-0.51,0.0,0.2314,0.3517,0.0223,0.2035,low
617808,Inter-Regional Strengthening between SR Grid and WR Grid,Ministry of Power,Transmission & Distribution,"Multi-States (Karnataka, Maharashtra)",1007.0,1007.0,20.14,2.5,2.0,-0.5,0.0,0.4575,0.4007,0.0263,0.55,high
617807,Inter-regional [NR-WR] Transmission System strengthening to relieve the loading of 765 kV Vindhyachal-Varanasi D/c line,Ministry of Power,Transmission & Distribution,"Multi-States (Bihar, Uttar Pradesh)",2368.0,2368.0,35.52,2.0,1.5,-0.5,0.0,0.4575,0.41,0.0276,0.55,high
616594,Interception & Diversion with Rehabilitation of sewerage scheme at Agra under Hybrid annuity based PPP model-Namami Gange Programme,"Department of Water Resources, River Development & GR",Waste & Water,Uttar Pradesh,842.25,842.25,208.64,80.0,24.77,-55.23,0.0,1.5,0.9203,0.0708,0.538,high
616600,Interception and Diversion and STP works in Bhagalpur under Hybrid annuity based PPP mode-Namami Gange Programme,"Department of Water Resources, River Development & GR",Waste & Water,Bihar,413.29,413.29,126.67,97.0,30.65,-66.35,0.0,1.5,0.9097,0.0268,0.5124,high
705507,Itarsi - Nagpur Third Railway Line [280 km],Ministry of Railways,Railways,"Multi-States (Madhya Pradesh, Maharashtra)",2449.91,2506.68,2155.76,55.0,86.0,31.0,2.32,0.9525,0.7757,0.3929,0.6034,high
618762,Itarsi Km. 63.000 to Betul Km. 137.000 of NH-69 in Madhya Pradesh,Ministry of Road Transport & Highways,Roads & Highways,Madhya Pradesh,950.27,788.33,397.17,100.0,50.38,-49.62,-17.04,1.5,0.8876,0.079,0.5237,high
701405,J. Chokka Rao Devadula Lift Irrigation Scheme,"Department of Water Resources, River Development & GR",Water Resources,Telangana,8200.71,14730.0,4784.54,87.7,32.48,-55.22,79.62,1.4938,0.9735,0.1716,0.6126,high
613800,JAGANNATHPUR OC RCE PROJECT,Ministry of Coal,Coal,Chhattisgarh,459.49,459.49,276.8,96.15,60.24,-35.91,0.0,1.1731,0.8919,0.0406,0.5088,high
616236,JARANGDIH EXPN. OCP 1.5 MTY,Ministry of Coal,Coal,Jharkhand,414.37,414.37,85.6,34.18,20.66,-13.52,0.0,0.7247,0.6296,0.0198,0.3552,medium
619032,JAYANT EXPN. [20 TO 38 MTPA],Ministry of Coal,Coal,Madhya Pradesh,25560.48,25560.5,126.68,1.32,0.5,-0.82,0.0,0.2228,0.3574,0.0288,0.2095,low
900874,JHAJHA - BATIA,Ministry of Railways,Railways,Bihar,588.18,588.18,2.38,0.1,0.4,0.3,0.0,0.7001,0.0695,0.0386,0.55,high
400312,JHANJRA EXPANSION UG,Ministry of Coal,Coal,West Bengal,1210.12,1210.12,619.6,45.48,51.2,5.72,0.0,0.7196,0.8156,0.0932,0.4905,medium
400352,JHARKHAND-LAIYO OCP,Ministry of Coal,Coal,Jharkhand,764.57,764.57,145.81,32.23,19.07,-13.16,0.0,0.5748,0.6327,0.0209,0.3574,medium
613803,JHIRIA WEST OCP [1.5 MTY],Ministry of Coal,Coal,Madhya Pradesh,366.94,366.94,35.57,41.29,9.69,-31.6,0.0,0.5159,0.4835,0.02,0.2749,medium
618936,Jagadhari - Tajewala from Km -0.175 to 32.337 km of NH-344,Ministry of Road Transport & Highways,Roads & Highways,Haryana,1269.5,919.43,679.31,63.0,73.88,10.88,-27.58,1.5,0.9616,0.2305,0.6326,high
705511,Jagdalpur-Koraput,Ministry of Railways,Railways,"Multi-States (Chhattisgarh, Odisha)",1547.0,1547.0,1379.69,94.46,89.18,-5.28,0.0,1.3125,0.9652,0.1737,0.609,high
701565,Jal Marg Vikas Project,"Ministry of Ports, Shipping and Waterways",Inland Waterways,"Multi-States (Bihar, Jharkhand, Uttar Pradesh, West Bengal)",5369.18,5061.15,3990.06,81.2,78.84,-2.36,-5.74,1.4716,0.9783,0.1206,0.5923,high
703021,Jalandhar Water Supply Infrastructure Project,Ministry of Housing & Urban Affairs,Waste & Water,Punjab,258.53,266.64,161.02,58.0,60.39,2.39,3.14,1.5,0.9693,0.1029,0.5795,high
618407,Jammu-Akhnoor Road Pkg-I,Ministry of Road Transport & Highways,Roads & Highways,Jammu and Kashmir,245.3,245.3,82.06,68.07,33.45,-34.62,0.0,1.5,0.8872,0.0286,0.5008,high
617405,Jamnagar Transmission Limited,Ministry of Power,Transmission & Distribution,Gujarat,4000.0,4000.0,537.0,18.0,13.43,-4.57,0.0,0.9575,0.8921,0.0384,0.508,high
613787,Jamrani Dam Multipurpose Project,"Department of Water Resources, River Development & GR",Water Resources,Uttarakhand,2584.1,2584.1,1267.4,25.08,49.05,23.97,0.0,0.5071,0.7394,0.1005,0.4519,medium
705588,Janghai-Pratapgarh- Amethi,Ministry of Railways,Railways,Uttar Pradesh,722.0,1194.0,1691.52,70.0,141.67,71.67,65.37,1.1875,0.961,0.9533,0.9576,critical
705514,Jarapada- Budhapank with flyover at Talcher road 3rd and 4th Line,Ministry of Railways,Railways,Odisha,1000.0,810.02,455.8,59.0,56.27,-2.73,-19.0,1.5,0.9542,0.0689,0.5558,high
615818,Jawahar Khani Open Cast Mine,Ministry of Coal,Coal,Telangana,297.88,297.88,47.48,20.0,15.94,-4.06,0.0,1.4621,0.9611,0.0357,0.5446,high
705362,"Jaynagar-Bijalpura, incl. extn. Bet, Bijalpura-Bardibas [Nepal]",Ministry of Railways,Railways,Bihar,819.0,819.0,580.51,75.0,70.88,-4.12,0.0,1.4092,0.9598,0.1777,0.6079,high
618007,Jaynagar-Narahia Section km 156.500 to km 219.945 Lot-III,Ministry of Road Transport & Highways,Roads & Highways,Bihar,553.3,706.39,0.0,99.0,0.0,-99.0,27.67,1.5,0.9386,0.116,0.5684,high
705742,Jeypore-Malkanagiri New Railway Line Project,Ministry of Railways,Railways,Odisha,2344.0,2344.0,549.72,23.1,23.45,0.35,0.0,0.2869,0.8349,0.0223,0.4693,medium
705741,Jeypore-Navarangpur New Rail Line Project,Ministry of Railways,Railways,Odisha,748.0,748.0,15.91,1.97,2.13,0.16,0.0,0.6507,0.4049,0.031,0.55,high
705598,Jhansi - Bina Third Railway Line [153 Km],Ministry of Railways,Railways,"Multi-States (Madhya Pradesh, Uttar Pradesh)",2002.0,2002.0,1939.11,96.0,96.86,0.86,0.0,1.5,0.9815,0.2836,0.6675,high
702949,Jhansi Water Supply Infrastructure Phase-II Project,Ministry of Housing & Urban Affairs,Waste & Water,Uttar Pradesh,561.74,561.74,500.04,95.0,89.02,-5.98,0.0,1.5,0.9539,0.1098,0.5741,high
705608,Jhansi-Khairar-Manikpur & Khirar-Bhimsen,Ministry of Railways,Railways,"Multi-States (Madhya Pradesh, Uttar Pradesh)",4330.0,4330.0,2895.52,68.0,66.87,-1.13,0.0,1.0724,0.8941,0.2014,0.5824,high
400006,Jharsuguda-Barpali-Sardega Ph II Works- Rail Connectivity for Coal Loading Bulb at Barpali.,Ministry of Railways,Railways,Odisha,808.99,808.99,701.15,38.0,86.67,48.67,0.0,1.2286,0.9742,0.3448,0.691,high
705616,Jharsuguda-Bilaspur Fourth Railway Line [206 km],Ministry of Railways,Railways,"Multi-States (Chhattisgarh, Odisha)",2140.0,2979.0,2260.48,97.0,75.88,-21.12,39.21,1.2368,0.975,0.5655,0.7907,critical
400112,Jigaon Irrigation Project,"Department of Water Resources, River Development & GR",Water Resources,Maharashtra,7222.95,7222.95,10516.63,92.0,145.6,53.6,0.0,0.8277,0.8397,0.788,0.8164,critical
705391,Jiribam-Imphal new line project,Ministry of Railways,Railways,Manipur,14323.0,21885.9,16020.78,72.1,73.2,1.1,52.8,0.9867,0.9361,0.7187,0.8383,critical
705450,Jogbani-Biratnagar New Rail Line project,Ministry of Railways,Railways,Bihar,402.0,486.0,369.28,86.26,75.98,-10.28,20.9,1.4032,0.9788,0.1229,0.5937,high
705730,Joka-BBD Bag new metro project,Ministry of Railways,Railways,West Bengal,4835.0,10362.0,4932.47,51.0,47.6,-3.4,114.31,0.9849,0.8874,0.582,0.7499,high
613802,KANCHAN OC EXP,Ministry of Coal,Coal,Madhya Pradesh,371.04,371.04,148.87,58.2,40.12,-18.08,0.0,1.0445,0.6434,0.0216,0.3636,medium
400074,KARO EXPANSION OCP,Ministry of Coal,Coal,Jharkhand,908.47,908.47,289.45,23.57,31.86,8.29,0.0,0.651,0.8433,0.044,0.4836,medium
615191,KATKONA RO UG MINE,Ministry of Coal,Coal,Chhattisgarh,329.21,329.21,62.03,2.01,18.84,16.83,0.0,0.5944,0.3195,0.0567,0.55,high
400120,KG-DWN-98/2 Cluster - II Development Project - NELP Block,Ministry of Petroleum & Natural Gas,Oil & Gas,Andhra Pradesh,34012.0,34012.0,33006.7,96.5,97.04,0.54,0.0,1.5,0.9868,0.2971,0.6765,high
615183,KHADIA EXPANSION [10 TO 16 MTP,Ministry of Coal,Coal,"Multi-States (Madhya Pradesh, Uttar Pradesh)",491.67,491.67,276.75,55.57,56.29,0.72,0.0,1.4003,0.9631,0.0781,0.5648,high
705668,KHARAGPUR-ADITYAPUR THIRD RAIL LINE- 132 KM,Ministry of Railways,Railways,"Multi-States (Jharkhand, West Bengal)",3250.0,3250.0,3287.18,97.5,101.14,3.64,0.0,1.2095,0.9831,0.382,0.7126,high
617200,KHARSIA- NAYA RAIPUR-PARMALKASA 5th and 6th Line [278KM],Ministry of Railways,Railways,Chhattisgarh,7853.84,7853.84,0.64,0.0,0.01,0.01,0.0,0.2394,0.091,0.0213,0.0597,low
617278,KOLARPIMPRI EXPANSION OC [2.5,Ministry of Coal,Coal,Maharashtra,630.37,630.37,0.61,0.35,0.1,-0.25,0.0,0.3107,0.0664,0.0325,0.55,high
615199,KOLGAON EXPANSION DEEP OC MINE,Ministry of Coal,Coal,Maharashtra,198.71,198.71,23.54,2.82,11.85,9.03,0.0,0.8575,0.5814,0.0505,0.55,high
400073,KONAR EXPANSION OCP,Ministry of Coal,Coal,Jharkhand,799.34,799.34,433.64,53.47,54.25,0.78,0.0,0.4588,0.8181,0.0431,0.4693,medium
400139,KOTRE BASANTPUR PACHMO OCP,Ministry of Coal,Coal,Jharkhand,861.06,625.4,455.95,47.95,72.91,24.96,-27.37,0.5251,0.7679,0.0719,0.4547,medium
619026,KPSIII HVDC Transmission Limited,Ministry of Power,Transmission & Distribution,Gujarat,19000.0,19000.0,20.0,1.0,0.11,-0.89,0.0,0.1869,0.3254,0.0328,0.1937,low
617287,KUSMUNDA OC EXPANSION PROJECT,Ministry of Coal,Coal,Chhattisgarh,4516.88,4516.88,817.06,22.0,18.09,-3.91,0.0,0.3433,0.8914,0.0178,0.4983,medium
619208,Kadambattukonam-Kazhakuttom,Ministry of Road Transport & Highways,Roads & Highways,Kerala,3635.64,3526.33,573.31,44.34,16.26,-28.08,-3.01,1.5,0.9618,0.069,0.56,high
705492,Kadur - Chickamagalur - Sakleshpur [93km],Ministry of Railways,Railways,Karnataka,825.0,825.0,774.11,84.2,93.83,9.63,0.0,1.1455,0.9834,0.3264,0.6878,high
619146,Kagvadar - Una Package-IV,Ministry of Road Transport & Highways,Roads & Highways,Gujarat,750.53,955.78,363.41,97.93,38.02,-59.91,27.35,1.5,0.8887,0.0925,0.5304,high
615865,Kakatiyakhani OC - 2 Project,Ministry of Coal,Coal,Telangana,442.42,442.42,252.26,63.0,57.02,-5.98,0.0,1.2001,0.9583,0.0504,0.5497,high
619311,Kalai-II Hydro Electric Project [1200 MW],Ministry of Power,Electricity Generation,Arunachal Pradesh,14105.83,14105.8,187.16,0.0,1.33,1.33,-0.0,0.064,0.0505,0.0288,0.0408,low
400247,Kalinarayanpur-Krishnanagar Doubling Alongwith Krishnanagar - Chapra New Line And Naihati-Ranaghat 3rd Line.,Ministry of Railways,Railways,West Bengal,1000.0,1000.0,1065.08,74.5,106.51,32.01,0.0,0.9802,0.8302,0.6356,0.7426,high
618899,Kallagam km.38.700 to Meensurutti Km.98.433 of NH-227 in Tamil Nadu,Ministry of Road Transport & Highways,Roads & Highways,Tamil Nadu,1499.12,1499.12,682.68,100.0,45.54,-54.46,0.0,1.5,0.8752,0.0823,0.5184,high
709842,"Kalol Redevelopment Project, Ahmedabad Asset",Ministry of Petroleum & Natural Gas,Oil & Gas,Gujarat,1487.41,1487.41,940.5,64.0,63.23,-0.77,0.0,0.8912,0.7925,0.1497,0.5032,high
701991,Kalyan Station Precinct Imporvement Project,Ministry of Housing & Urban Affairs,Urban Public Transport,Maharashtra,600.0,723.7,492.82,82.0,68.1,-13.9,20.62,1.5,0.9704,0.17,0.6102,high
702833,Kalyan-Dombivali Water Supply Infrastructure Project,Ministry of Housing & Urban Affairs,Waste & Water,Maharashtra,194.2,194.2,136.56,75.0,70.32,-4.68,0.0,1.5,0.9429,0.1023,0.5646,high
615858,Kalyanikhani Opencast Project,Ministry of Coal,Coal,Telangana,384.32,384.32,291.01,75.0,75.72,0.72,0.0,1.0567,0.9112,0.0979,0.5452,high
618895,Kamalapuram to Oddanchatram from km. 0.00 to km. 35.822,Ministry of Road Transport & Highways,Roads & Highways,Tamil Nadu,1319.42,1319.42,417.69,91.93,31.66,-60.27,0.0,1.5,0.9279,0.0678,0.5409,high
400012,Kandla Gorakhpur LPG Pipeline,Ministry of Petroleum & Natural Gas,Energy Storage,"Multi-States (Gujarat, Madhya Pradesh, Uttar Pradesh)",10088.0,10088.0,8529.58,95.2,84.55,-10.65,0.0,1.5,0.9757,0.1526,0.6053,high
619191,Kanpur LPG Bottling Plant,Ministry of Petroleum & Natural Gas,Oil & Gas,Uttar Pradesh,202.0,202.0,125.69,54.0,62.22,8.22,0.0,0.4986,0.7583,0.0728,0.4498,medium
702628,Kanpur Metro Rail Project,Ministry of Housing & Urban Affairs,Urban Public Transport,Uttar Pradesh,11076.48,11076.5,9101.15,80.9,82.17,1.27,0.0,1.5,0.9904,0.2285,0.6475,high
617948,Kante - Wakad section of NH-66 4L PS from Km.281/300 to 332/200,Ministry of Road Transport & Highways,Roads & Highways,Maharashtra,1117.75,2020.56,287.96,90.14,14.25,-75.89,80.77,1.5,0.9485,0.0804,0.5578,high
701404,Kanupur Irrigation Project,"Department of Water Resources, River Development & GR",Water Resources,Odisha,989.43,2301.28,2804.16,79.5,121.85,42.35,132.59,1.424,0.9541,0.9327,0.9445,critical
618521,Karaipettai to Walajapet from Km 71.015 to 107.091,Ministry of Road Transport & Highways,Roads & Highways,Tamil Nadu,766.51,766.51,439.37,93.55,57.32,-36.23,0.0,1.5,0.8748,0.1113,0.5312,high
618408,Kargil Zanskar Road,Ministry of Road Transport & Highways,Roads & Highways,Ladakh,398.37,398.37,282.19,90.59,70.84,-19.75,0.0,1.5,0.9106,0.0501,0.5233,high
619201,Karnal ring road Lot-4/Pkg-1,Ministry of Road Transport & Highways,Roads & Highways,Haryana,1741.45,2041.54,461.25,91.61,22.59,-69.02,17.23,1.5,0.9311,0.0791,0.5477,high
617944,Kashedi ghat tunnel NH-66 [Bhogaon Khurd - Kashedi section] 4 lanes under NHDP on EPC mode,Ministry of Road Transport & Highways,Roads & Highways,Maharashtra,680.43,701.46,0.0,98.37,0.0,-98.37,3.09,1.5,0.9365,0.1472,0.5813,high
617946,Kashedi to Parshuram Ghat section of NH-66 from Km 161/600 - Km 205/400 - 4L PS,Ministry of Road Transport & Highways,Roads & Highways,Maharashtra,1142.62,1142.62,0.0,97.5,0.0,-97.5,0.0,1.5,0.9504,0.1491,0.5898,high
617245,Katihar Kumedpur & Katihar Mukuria BG Doubling Project,Ministry of Railways,Railways,"Multi-States (Bihar, West Bengal)",942.64,942.64,611.19,65.0,64.84,-0.16,0.0,1.0205,0.8489,0.1642,0.5408,high
705661,Katni Grade Separator/Bye Pass,Ministry of Railways,Railways,Madhya Pradesh,1248.0,1248.0,1817.51,95.0,145.63,50.63,0.0,1.2851,0.9858,0.9169,0.9548,critical
705252,Kazipet Wagon Overhauling Project,Ministry of Railways,Railways,Telangana,385.0,385.0,0.0,0.0,0.0,0.0,0.0,1.4283,0.8972,0.0545,0.518,high
705612,Kazipet-Vijayawada 3rd line with electrification [220 km],Ministry of Railways,Railways,"Multi-States (Andhra Pradesh, Telangana)",1953.0,3363.0,5178.65,95.01,153.99,58.98,72.2,1.1501,0.8834,0.9362,0.9071,critical
400111,Kelo Irrigation Project,"Department of Water Resources, River Development & GR",Water Resources,Chhattisgarh,459.97,727.04,618.85,72.0,85.12,13.12,58.06,1.5,0.9802,0.8464,0.92,critical
701530,Ken-Betwa Linking Development Project,"Department of Water Resources, River Development & GR",Water Resources,"Multi-States (Madhya Pradesh, Uttar Pradesh)",21030.0,21030.0,8530.86,0.0,40.57,40.57,0.0,0.6429,0.0547,0.0936,0.55,high
705364,Khagaria-Kusheshwar Asthan [42Km] new line project,Ministry of Railways,Railways,Bihar,614.0,1384.16,491.2,55.7,35.49,-20.21,125.43,1.0672,0.6809,0.1964,0.4629,medium
618746,Khammam-Devarapalle Pkg I [4L Access Controlled Greenfield from Thallampadu village to Somavaram village Design Chainage 0000 to 33604],Ministry of Road Transport & Highways,Roads & Highways,Telangana,797.36,1337.18,635.3,95.8,47.51,-48.29,67.7,1.5,0.9116,0.1103,0.551,high
619128,Khammam-Devarapalle Pkg II [4L Access Controlled Greenfield from Somavaram village to Chintagudem village Design Chainage 33604 to 63117],Ministry of Road Transport & Highways,Roads & Highways,Telangana,615.78,981.64,431.67,98.02,43.97,-54.05,59.41,1.5,0.8862,0.1175,0.5403,high
618747,Khammam-Devarapalle Pkg III [4L Access Controlled Greenfield from Chintagudem village to Recherla village Design Chainage 63117 to 105236],Ministry of Road Transport & Highways,Roads & Highways,"Multi-States (Andhra Pradesh, Telangana)",829.5,1227.07,518.85,98.82,42.28,-56.54,47.93,1.5,0.8979,0.1515,0.562,high
618748,Khammam-Devarapalle Pkg IV [4L Access Controlled Greenfield from Recherla village to Gurvaygudem village Design Chainage 105236 to 132664],Ministry of Road Transport & Highways,Roads & Highways,Andhra Pradesh,569.37,752.02,355.88,100.0,47.32,-52.68,32.08,1.5,0.7797,0.1385,0.4912,medium
618749,Khammam-Devarapalle Pkg V [4L Access Controlled Greenfield from Gurvaygudem village to Devarapalle village Design Chainage 132664 to 162126,Ministry of Road Transport & Highways,Roads & Highways,Andhra Pradesh,711.94,926.48,422.97,99.66,45.65,-54.01,30.13,1.5,0.8282,0.1148,0.5072,high
400220,Kharsia-Dharamjaygarh with Spur line [East Corridor-Phase 1],Ministry of Railways,Railways,Chhattisgarh,3055.0,3798.06,2695.19,95.1,70.96,-24.14,24.32,1.5,0.9494,0.1724,0.5997,high
619049,Khavda IVA Power Transmission Limited,Ministry of Power,Transmission & Distribution,Gujarat,4500.0,4500.0,2263.7,58.0,50.3,-7.7,0.0,1.0411,0.8678,0.0881,0.5169,high
706898,Khurda Road - Balangir Electrification of Railway Track Project,Ministry of Railways,Railways,Odisha,267.61,267.61,0.0,0.0,0.0,0.0,0.0,1.5,0.9349,0.0554,0.5391,high
705358,Khurda-Bolangir New Broad Gauge Rail Link [301km],Ministry of Railways,Railways,Odisha,3792.0,5089.0,5671.96,92.0,111.46,19.46,34.2,0.9902,0.7848,0.8677,0.8221,critical
602532,Kiru HE Project,Ministry of Power,Electricity Generation,Jammu and Kashmir,4287.59,5409.0,3733.26,83.46,69.02,-14.44,26.15,1.5,0.9853,0.2652,0.6613,high
701228,Kochi - Koottanad - Bangalore - Mangalore Pipeline Phase-II,Ministry of Petroleum & Natural Gas,Oil & Gas,"Multi-States (Karnataka, Kerala, Tamil Nadu)",2915.0,5909.0,4790.3,96.6,81.07,-15.53,102.71,1.5,0.9863,0.8951,0.9453,critical
702664,Kochi Metro Rail Phase 2 Development Project,Ministry of Housing & Urban Affairs,Urban Public Transport,Kerala,1957.05,1957.05,746.33,36.17,38.14,1.97,0.0,0.9576,0.8039,0.0568,0.4677,medium
611509,"Koderma Thermal Power Station Phase II [2X800 MW] At Koderma, Jharkhand",Ministry of Power,Electricity Generation,Jharkhand,14358.0,14358.0,1890.03,11.0,13.16,2.16,0.0,0.4225,0.8942,0.0148,0.4985,medium
617832,Koderma-Arigada Doubling 133.38 Km of East Central Railway,Ministry of Railways,Railways,Jharkhand,2887.11,2887.11,0.0,0.0,0.0,0.0,0.0,0.2774,0.0688,0.0389,0.0553,low
705375,Koderma-Tilaiya New Line,Ministry of Railways,Railways,"Multi-States (Bihar, Jharkhand)",1626.0,2486.62,2215.44,95.5,89.09,-6.41,52.93,1.0688,0.8295,0.8195,0.825,critical
618833,Kodinar - Veraval Package VI from km. 221.610 to km. 263.00 of NH-8E & km. 120.900 to km. 121.150 of NH-8D,Ministry of Road Transport & Highways,Roads & Highways,Gujarat,894.01,1127.42,457.05,98.79,40.54,-58.25,26.11,1.5,0.9069,0.1069,0.5469,high
618101,Kondamodu to Perecherla Section Design Ch. Km 000 to Km 49917 of NH-167AG to to 4LPS,Ministry of Road Transport & Highways,Roads & Highways,Andhra Pradesh,881.61,881.61,0.0,36.82,0.0,-36.82,0.0,0.7082,0.6252,0.0629,0.3722,medium
617965,Kopargaon to Savali Vihir section,Ministry of Road Transport & Highways,Roads & Highways,Maharashtra,195.38,195.38,0.0,80.0,0.0,-80.0,0.0,1.5,0.9639,0.0785,0.5655,high
617729,Kopparthy Industrial Area,Department for Promotion of Industry & Internal Trade,Real Estate,Andhra Pradesh,2136.0,2136.0,39.75,3.0,1.86,-1.14,0.0,0.3047,0.6105,0.0234,0.55,high
705513,Koraput - Singapur Railway Doubling,Ministry of Railways,Railways,Odisha,2362.0,2362.0,1962.43,74.6,83.08,8.48,0.0,0.8957,0.8776,0.3147,0.6243,high
611918,Kosamba Umarpada 70 Km,Ministry of Railways,Railways,Gujarat,468.0,468.0,44.62,9.0,9.53,0.53,0.0,0.8932,0.8412,0.0321,0.55,high
616983,Kosamba Umarpada GC PROJECT,Ministry of Railways,Railways,Gujarat,467.58,467.58,70.54,16.0,15.09,-0.91,0.0,0.8085,0.7717,0.0339,0.4397,medium
705436,Kotapalli - Narasapur New Line,Ministry of Railways,Railways,Andhra Pradesh,2501.0,2501.0,1417.65,30.01,56.68,26.67,0.0,0.8965,0.7413,0.179,0.4883,medium
618607,Kottankulangara- Start of Kollam Bypass,Ministry of Road Transport & Highways,Roads & Highways,Kerala,2842.14,3680.49,895.86,73.89,24.34,-49.55,29.5,1.5,0.9524,0.076,0.558,high
619098,Kozhikode Bypass Calicut Bypass Vengalam Jn. to Ramanattukara Jn.,Ministry of Road Transport & Highways,Roads & Highways,Kerala,1424.77,2139.18,1048.92,98.75,49.03,-49.72,50.14,1.5,0.9243,0.188,0.5929,high
701658,Krishnapatnam Node - Phase 1 - Roads and Services Development,Department for Promotion of Industry & Internal Trade,Real Estate,Andhra Pradesh,2139.44,2139.44,814.26,39.14,38.06,-1.08,0.0,0.6448,0.7525,0.0437,0.4335,medium
701399,Kudali Irrigation Project,"Department of Water Resources, River Development & GR",Water Resources,Chhattisgarh,382.29,382.29,249.06,86.31,65.15,-21.16,0.0,1.0467,0.6458,0.0446,0.3753,medium
705638,Kumbalam-Turavur doubling project [15.59 Km],Ministry of Railways,Railways,Kerala,813.0,802.8,126.48,30.5,15.75,-14.75,-1.25,0.8727,0.6166,0.0279,0.3517,medium
611927,Kurnool - Setting up facilities for coach midlife rehabilitation workshop,Ministry of Railways,Railways,Andhra Pradesh,560.72,560.72,276.66,65.0,49.34,-15.66,0.0,1.4458,0.9244,0.0497,0.5308,high
705253,Kurnool Coach Midlife Rehabilitation Project,Ministry of Railways,Railways,Andhra Pradesh,563.0,560.72,949.34,75.0,169.31,94.31,-0.4,1.5,0.9737,0.8729,0.9283,critical
617986,Kurnool/Kadapa Border-Jammalamadugu section of NH-167K i.e. Design Ch. Km 248010 to km 269900 to 2,Ministry of Road Transport & Highways,Roads & Highways,Andhra Pradesh,292.63,292.63,0.0,82.57,0.0,-82.57,0.0,0.874,0.8218,0.0672,0.4822,medium
605155,Kwar HE Project,Ministry of Power,Electricity Generation,Jammu and Kashmir,4526.12,4526.12,1569.55,34.21,34.68,0.47,0.0,0.9576,0.893,0.0396,0.509,high
617829,LPG Bottling Plant at Mualkhang,Ministry of Petroleum & Natural Gas,Energy Storage,Mizoram,225.71,225.71,22.78,32.0,10.09,-21.91,0.0,0.5093,0.4826,0.0229,0.2758,medium
619052,LUCKNOW METRO RAIL PROJECT PHASE-1B EAST WEST CORRIDOR,Ministry of Housing & Urban Affairs,Urban Public Transport,Uttar Pradesh,5801.05,5801.05,0.0,1.0,0.0,-1.0,0.0,0.0679,0.1217,0.0251,0.0782,low
616842,LUNI- SAMDARI- BHILDI DOUBLING,Ministry of Railways,Railways,"Multi-States (Gujarat, Rajasthan)",3085.59,3085.59,778.73,30.0,25.24,-4.76,0.0,0.756,0.8772,0.0362,0.4988,medium
705766,Lalitpur-Birari with flyover at Lalitpur- 16 Km,Ministry of Railways,Railways,Uttar Pradesh,304.44,356.0,255.32,86.0,71.72,-14.28,16.94,1.2466,0.9446,0.1324,0.5791,high
705480,"Lalitpur-Satna, Rewa-Singrauli & Mahoba-Khajuraho",Ministry of Railways,Railways,Madhya Pradesh,8914.0,8914.0,6806.95,74.0,76.36,2.36,0.0,0.9828,0.9504,0.1829,0.605,high
617888,Landslide treatment work on NH 58 from Kodiyala Km. 266.130 to Devprayag Km. 296.925 10 location under EPC mode in the State of Uttarakhand on EPC Mode,Ministry of Road Transport & Highways,Roads & Highways,Uttarakhand,192.54,192.54,0.0,99.0,0.0,-99.0,0.0,1.5,0.9463,0.0935,0.5625,high
611930,Lara Super Thermal Power Project Stage-II [2 x 800 MW],Ministry of Power,Electricity Generation,Chhattisgarh,15530.0,16106.0,4787.3,28.6,29.72,1.12,3.71,0.6376,0.9057,0.0235,0.5087,high
709785,Laying of Natural Gas Pipeline from Hazaribagh to Ranchi [HRPL],Ministry of Petroleum & Natural Gas,Oil & Gas,Jharkhand,202.07,202.07,63.8,56.5,31.57,-24.93,0.0,1.1925,0.8803,0.0367,0.5007,high
400043,Laying of POL Pipelines in Common Corridor for proposed grass root terminal at Vallur [Chennai],Ministry of Petroleum & Natural Gas,Energy Storage,Tamil Nadu,829.0,829.0,350.21,76.2,42.24,-33.96,0.0,1.0772,0.4884,0.058,0.2947,medium
709750,Laying of new 28 inch Desal Water Pipeline and 10 inch Reject Water Pipeline between CPCL Manali Refinery and CPCL Desalination plant at Ennore,Ministry of Petroleum & Natural Gas,Oil & Gas,Tamil Nadu,205.0,205.0,92.93,70.6,45.33,-25.27,0.0,1.5,0.8941,0.0437,0.5114,high
400119,Life Extension of 48 well platforms of Mumbai High & Heera Fields,Ministry of Petroleum & Natural Gas,Oil & Gas,Offshore,3190.69,3375.9,3123.2,90.0,92.51,2.51,5.8,1.5,0.9812,0.3302,0.6882,high
705785,Lodhma - Piska - Link Line bypassing Hatia/Ranchi with Y connection,Ministry of Railways,Railways,Jharkhand,473.0,473.0,306.22,10.0,64.74,54.74,0.0,1.0344,0.8113,0.1381,0.5084,high
618653,Loha-Waranga Section of NH-361 from km 187.800 to km 244.369,Ministry of Road Transport & Highways,Roads & Highways,Maharashtra,1236.08,3466.58,899.6,96.2,25.95,-70.25,180.45,1.5,0.9149,0.1688,0.5792,high
701396,Lower Pedhi Project,"Department of Water Resources, River Development & GR",Water Resources,Maharashtra,255.97,1480.7,1516.11,65.0,102.39,37.39,478.47,1.5,0.9782,0.7612,0.8806,critical
616933,Lube Modernization & Bottom Upgradation Project at Mumbai Refinery,Ministry of Petroleum & Natural Gas,Oil & Gas,Maharashtra,4679.0,4679.0,270.1,10.7,5.77,-4.93,0.0,0.5379,0.8813,0.0181,0.4929,medium
702958,Lucknow Sewerage Management Infrastructure Project,Ministry of Housing & Urban Affairs,Waste & Water,Uttar Pradesh,142.46,173.21,152.65,95.0,88.13,-6.87,21.59,1.5,0.952,0.9489,0.9506,critical
607653,Ludhiana Mullanpur 21Km Doubling Railway project,Ministry of Railways,Railways,Punjab,234.78,234.78,10.0,0.0,4.26,4.26,0.0,1.5,0.902,0.0664,0.526,high
705783,Ludhiana- Killa Raipur Railway Doubling Project,Ministry of Railways,Railways,Punjab,237.64,238.0,137.05,57.0,57.58,0.58,0.15,1.5,0.9478,0.0841,0.5591,high
602593,Luhri Stage-I Hydro Electric Project [210 MW],Ministry of Power,Electricity Generation,Himachal Pradesh,1810.56,4681.64,1924.48,51.32,41.11,-10.21,158.57,1.1282,0.9816,0.6589,0.8364,critical
616701,Lumding Furkating Doubling Project 140 km,Ministry of Railways,Railways,"Multi-States (Assam, Nagaland)",2123.7,2123.7,121.34,10.0,5.71,-4.29,0.0,0.5391,0.8652,0.0234,0.4864,medium
619172,MADANNAGAR OCP 12 MTY - MDO,Ministry of Coal,Coal,Chhattisgarh,1859.19,1859.19,0.45,0.0,0.02,0.02,0.0,0.4113,0.0705,0.0336,0.55,high
613801,MAHAMAYA OCP [1.50 MTY],Ministry of Coal,Coal,Chhattisgarh,410.26,410.26,187.63,54.6,45.73,-8.87,0.0,1.064,0.8375,0.0283,0.4734,medium
615189,MAKARDHOKRA EXPN OC 4.9 MTY,Ministry of Coal,Coal,Maharashtra,361.87,361.87,96.64,12.2,26.71,14.51,0.0,1.1337,0.9755,0.0736,0.5696,high
617288,MANIKPUR OC EXPANSION PROJECT,Ministry of Coal,Coal,Chhattisgarh,382.61,382.61,116.09,21.29,30.34,9.05,0.0,0.3993,0.8402,0.0264,0.474,medium
709848,MHN TCPP PGC BGC Project [MTPBP],Ministry of Petroleum & Natural Gas,Oil & Gas,Offshore,2329.45,2354.23,1613.16,92.7,68.52,-24.18,1.06,1.0853,0.2985,0.1548,0.2338,low
400173,MOHANPUR EXPANSION OC -PHASE I,Ministry of Coal,Coal,West Bengal,888.99,888.99,142.55,31.52,16.04,-15.48,0.0,1.094,0.7158,0.0461,0.55,high
400425,MOONIDIH XV SEAM UG,Ministry of Coal,Coal,Jharkhand,1230.27,1230.27,709.81,82.45,57.7,-24.75,0.0,1.5,0.9251,0.1417,0.5726,high
709856,MPLS-IP BASED ACCESS AND AGGREGATION NETWORK [MAAN] IN BSNL ALONG WITH TEST AND MEASURING EQUIPMENT,Department of Telecommunications,Telecommunication,PAN India,645.13,645.13,377.59,92.1,58.53,-33.57,0.0,1.5,0.8739,0.0929,0.5225,high
611452,MUMBAI CENTRAL VIRAR VADODARA AHMEDABAAD TRAIN PROTECTION SYSTEM 500 RKM,Ministry of Railways,Railways,"Multi-States (Gujarat, Maharashtra)",311.0,311.0,263.42,93.0,84.7,-8.3,0.0,1.2714,0.9009,0.0787,0.5309,high
613808,MURAIDIH UG PROJECT,Ministry of Coal,Coal,Jharkhand,339.87,339.87,191.0,70.47,56.2,-14.27,0.0,1.5,0.9412,0.0364,0.534,high
701408,Madhya Ganga canal Phase-II,"Department of Water Resources, River Development & GR",Water Resources,Uttar Pradesh,1060.67,4417.21,4575.74,82.39,103.59,21.2,316.45,1.5,0.9568,0.9324,0.9458,critical
705489,Madurai- Tuticorin New Line,Ministry of Railways,Railways,Tamil Nadu,601.43,2084.48,641.26,0.0,30.76,30.76,246.59,1.5,0.9325,0.6827,0.8201,critical
619129,Mahabalipuram - Pondicherry Pkg-I [Mamallapuram to Mugaiyur],Ministry of Road Transport & Highways,Roads & Highways,Tamil Nadu,1360.54,1477.94,575.41,58.65,38.93,-19.72,8.63,1.5,0.959,0.0706,0.5592,high
619130,Mahabalipuram - Pondicherry Pkg-II [Mugaiyur to Marakkanam],Ministry of Road Transport & Highways,Roads & Highways,Tamil Nadu,1116.13,1463.75,531.32,53.41,36.3,-17.11,31.15,1.3735,0.9631,0.1341,0.5901,high
619024,Mahan Transmission Limited,Ministry of Power,Transmission & Distribution,Madhya Pradesh,3125.32,3125.32,286.79,17.0,9.18,-7.82,0.0,0.7201,0.82,0.0256,0.4626,medium
618903,Maheshkunt -Saharsa-Purnea Pkg II,Ministry of Road Transport & Highways,Roads & Highways,Bihar,1028.28,1244.09,831.69,91.03,66.85,-24.18,20.99,1.5,0.935,0.1965,0.6027,high
618902,Maheshkunt-Saharsa-Purnea Pkg I km 0.00 to km. 90.00 of NH-107,Ministry of Road Transport & Highways,Roads & Highways,Bihar,662.44,1311.22,933.08,85.25,71.16,-14.09,97.94,1.5,0.9727,0.8661,0.9248,critical
611929,Maintenance cum workshop depot for Vande Bharat Sleeper Trains as per conditions under WTA 527,Ministry of Railways,Railways,Rajasthan,166.86,166.86,0.0,0.0,0.0,0.0,0.0,1.5,0.9149,0.0912,0.5442,high
618624,Mangloor to Telangana Maharashtra Border,Ministry of Road Transport & Highways,Roads & Highways,"Multi-States (Maharashtra, Telangana)",1082.65,1323.12,180.13,96.02,13.61,-82.41,22.21,1.5,0.9355,0.0792,0.5502,high
705437,Manoharabad-Kothapalli New Rail Line [151 km],Ministry of Railways,Railways,Telangana,1160.0,2781.0,3040.86,72.01,109.34,37.33,139.74,0.951,0.9406,0.7865,0.8712,critical
706940,"Mariani-Jorhat, Tinsukia-Dangri and Makum -TirapTrack Electrification Project",Ministry of Railways,Railways,Assam,183.99,183.99,0.0,0.0,0.0,0.0,0.0,1.5,0.9123,0.0761,0.536,high
705491,Marikuppam - Kuppam New Line Project [23.70 Km],Ministry of Railways,Railways,"Multi-States (Andhra Pradesh, Karnataka)",297.0,297.0,145.78,21.0,49.08,28.08,0.0,1.0325,0.7724,0.1203,0.55,high
705667,Mathura-Jhansi Third Railway Line [274 Km],Ministry of Railways,Railways,"Multi-States (Madhya Pradesh, Rajasthan, Uttar Pradesh)",5961.0,5961.0,5121.42,95.48,85.92,-9.56,0.0,1.2586,0.9728,0.1097,0.5844,high
618797,Mayjilar Jaisalmer with Jaisalmer Bypass Link Road Section of NH-11 Part of BM-7 & Sundra Myajilar Ambsingh ki Dhani Road part of Munabao Tanot project NH-70,Ministry of Road Transport & Highways,Roads & Highways,Rajasthan,1237.71,927.02,0.54,5.6,0.06,-5.54,-25.1,0.374,0.7713,0.0311,0.4382,medium
617804,Mechanization of Berth No.14 for handling Containers and other cargo on DBFOT basis - Phase II,"Ministry of Ports, Shipping and Waterways",Shipping,Karnataka,153.23,153.23,58.93,58.0,38.46,-19.54,0.0,0.8185,0.6684,0.0376,0.3846,medium
701330,Mehsana-Bhatinda & Bhatinda-Jammu Natural Gas Pipeline,Ministry of Petroleum & Natural Gas,Oil & Gas,"Multi-States (Gujarat, Haryana, Punjab, Rajasthan)",7392.0,7392.0,6354.05,90.2,85.96,-4.24,0.0,1.174,0.9774,0.1259,0.5942,high
618411,Melaghar-Srimantapur section on NH-08 Spur from Km 23 to Km 34.500 11.5 Km and overlay from Km 20.30 to Km 22.00 1.7 Km Total Length 13.2 Km,Ministry of Road Transport & Highways,Roads & Highways,Tripura,195.95,195.95,86.26,69.78,44.02,-25.76,0.0,1.5,0.8903,0.0431,0.509,high
618756,Melur - Pilayarpatti - Karaikudi from km 99.920 of NH 38 to km 12.9 of NH 383 Ext.,Ministry of Road Transport & Highways,Roads & Highways,Tamil Nadu,1103.86,1085.41,774.36,92.15,71.34,-20.81,-1.67,1.5,0.9164,0.153,0.5729,high
619022,"Metro connectivity from Millennium City Centre to Cyber City with Spur to Dwarka Expressway, Gurugram.",Ministry of Housing & Urban Affairs,Urban Public Transport,Haryana,5452.72,5452.72,92.12,0.0,1.69,1.69,0.0,0.7143,0.0995,0.0266,0.55,high
618152,Mhaswad to Tembhurni section of NH-548C - 2L PS,Ministry of Road Transport & Highways,Roads & Highways,Maharashtra,488.6,488.6,0.0,96.19,0.0,-96.19,0.0,1.5,0.9425,0.0658,0.5479,high
702840,Mira-Bhayandar Water Supply Infrastructure Project,Ministry of Housing & Urban Affairs,Waste & Water,Maharashtra,204.55,204.55,186.13,99.0,90.99,-8.01,0.0,1.5,0.8861,0.096,0.5306,high
705458,Miyagam-Karjan-Dabhoi-Samlaya [GC],Ministry of Railways,Railways,Gujarat,483.88,1039.13,716.47,45.0,68.95,23.95,114.75,1.5,0.978,0.8806,0.9342,critical
617413,Mobile connectivity in Left Wing Extremism [LWE] affected areas-Phase 1 Upgradation,Department of Telecommunications,Telecommunication,"Multi-States (Andhra Pradesh, Bihar, Chhattisgarh, Jharkhand, Madhya Pradesh, Maharashtra, Odisha, Telangana, Uttar Pradesh, West Bengal)",1884.6,1884.6,376.8,98.0,19.99,-78.01,0.0,1.5,0.93,0.0743,0.5449,high
701599,Mobile connectivity in Left Wing Extremism [LWE] affected areas-Phase2,Department of Telecommunications,Telecommunication,"Multi-States (Andhra Pradesh, Bihar, Chhattisgarh, Jharkhand, Madhya Pradesh, Maharashtra, Odisha, Telangana, Uttar Pradesh, West Bengal)",1577.57,1577.57,701.66,88.0,44.48,-43.52,0.0,1.5,0.9485,0.0707,0.5535,high
706757,Modasa-Shamlaji Road Railway Line Project,Ministry of Railways,Railways,Gujarat,262.0,262.0,383.67,64.0,146.44,82.44,0.0,1.0887,0.8053,0.6126,0.7186,high
611602,"Modernization of Chennai Airport, Phase II, Part 2",Ministry of Civil Aviation,Aviation & Aviation Infrastructure,Tamil Nadu,1207.0,1207.0,289.5,38.0,23.99,-14.01,0.0,1.5,0.9686,0.0706,0.5645,high
618764,Moga - Bagha Purana - Bajakhana from km. 0.00 to km. 43.32,Ministry of Road Transport & Highways,Roads & Highways,Punjab,1032.59,1264.17,663.72,76.0,52.5,-23.5,22.43,1.5,0.9457,0.1949,0.6078,high
701395,Morna [Gureghar] Irrigation Project,"Department of Water Resources, River Development & GR",Water Resources,Uttar Pradesh,219.9,219.9,115.2,31.5,52.39,20.89,0.0,1.0415,0.7472,0.1337,0.55,high
618053,Muddanur to B. Kothapalli section of NH-716G from Km. 0/000 to Km. 56/500 56.500 Km in the State of Andhra Pradesh on EPC mode Job no. 741,Ministry of Road Transport & Highways,Roads & Highways,Andhra Pradesh,1019.97,1019.97,0.0,20.63,0.0,-20.63,0.0,0.5411,0.6048,0.071,0.3646,medium
705772,"Mughalsarai-Allahabad, 3rd line",Ministry of Railways,Railways,Uttar Pradesh,2649.0,2649.44,1930.12,71.0,72.85,1.85,0.02,0.9766,0.884,0.1591,0.5578,high
400301,Multi Product Pipeline from Irugur to Devangonthi,Ministry of Petroleum & Natural Gas,Energy Storage,"Multi-States (Karnataka, Tamil Nadu)",678.0,1732.0,1118.26,82.6,64.56,-18.04,155.46,1.5,0.966,0.8885,0.9312,critical
616699,Multi tracking of Son Nagar-Andal 374.53 rkm & 814.38 tkm,Ministry of Railways,Railways,"Multi-States (Bihar, Jharkhand)",12333.57,12333.6,816.82,17.5,6.62,-10.88,0.0,0.6726,0.7463,0.0222,0.4204,medium
702637,Mumbai Metro Line 3,Ministry of Housing & Urban Affairs,Urban Public Transport,Maharashtra,23136.0,37276.0,33526.69,97.79,89.94,-7.85,61.12,1.5,0.9862,0.9197,0.9563,critical
701354,Mumbai Nagpur Jharsuguda Pipeline Project,Ministry of Petroleum & Natural Gas,Oil & Gas,"Multi-States (Chhattisgarh, Madhya Pradesh, Maharashtra, Odisha)",7844.25,8255.0,7070.1,98.9,85.65,-13.25,5.24,1.5,0.9667,0.13,0.5902,high
706781,Mumbai Urban Transport Project Phase-III,Ministry of Railways,Railways,Maharashtra,10947.0,10947.0,6609.95,75.0,60.38,-14.62,0.0,1.5,0.9801,0.1051,0.5863,high
706779,Mumbai Urban Transport Project [MUTP] - PHASE II,Ministry of Railways,Railways,Maharashtra,8087.0,8087.0,7504.75,90.0,92.8,2.8,0.0,1.5,0.9874,0.1851,0.6264,high
706780,Mumbai Urban Transport Project [MUTP] Phase-IIIA,Ministry of Railways,Railways,Maharashtra,33690.0,33690.0,3577.36,22.0,10.62,-11.38,0.0,0.8557,0.7702,0.0656,0.4531,medium
705728,Mumbai-Ahmedabad High Speed Rail Project- 508 km,Ministry of Railways,Railways,"Multi-States (Dadra & Nagar Haveli and Daman & Diu, Gujarat, Maharashtra)",108000.0,108000.0,90501.89,59.86,83.8,23.94,0.0,0.9075,0.9023,0.2932,0.6282,high
705401,Murkongselek-Pasighat,Ministry of Railways,Railways,"Multi-States (Arunachal Pradesh, Assam)",435.0,1250.0,853.0,68.0,68.24,0.24,187.36,1.5,0.9714,0.9158,0.9464,critical
619320,Muzaffarpur - Sonbarsa Section of NH-77 from km 2.800 to km 89.000,Ministry of Road Transport & Highways,Roads & Highways,Bihar,2290.72,2311.1,468.71,100.0,20.28,-79.72,0.89,1.5,0.8917,0.1007,0.5357,high
702699,Muzaffarpur Storm Water Drainage Phase-I Project,Ministry of Housing & Urban Affairs,Waste & Water,Bihar,158.78,158.78,135.72,84.0,85.48,1.48,0.0,1.5,0.961,0.1984,0.6178,high
705528,Muzaffarpur-Sugauli,Ministry of Railways,Railways,Bihar,1586.0,1586.0,1494.93,99.0,94.26,-4.74,0.0,1.3099,0.9663,0.1936,0.6185,high
615919,N. EXTN. MUNGOLI NIRGUDA D OCP,Ministry of Coal,Coal,Maharashtra,1024.91,1024.91,217.01,27.92,21.17,-6.75,0.0,0.4735,0.8638,0.0247,0.4862,medium
709812,NADIAD-PETLAD [37.26 KM],Ministry of Railways,Railways,Gujarat,461.91,461.91,186.78,8.0,40.44,32.44,0.0,0.4374,0.796,0.0501,0.55,high
400181,NAKRAKONDA KUMARDIH- B OCP,Ministry of Coal,Coal,West Bengal,502.68,502.67,83.8,27.52,16.67,-10.85,-0.0,0.7638,0.637,0.0266,0.3623,medium
617408,NATHDWARA- NATHDWARA TOWN NL,Ministry of Railways,Railways,Rajasthan,166.33,166.33,109.96,15.0,66.11,51.11,0.0,0.8289,0.6776,0.1909,0.55,high
611669,NER Provision of Automatic Block Signalling on Gorakhpur Cantt[Excl] Chhapra Gramin & Burhwal Jn [Excl] Sitapur Jn section of high density routes,Ministry of Railways,Railways,"Multi-States (Bihar, Uttar Pradesh)",380.47,380.47,256.53,20.0,67.42,47.42,0.0,0.8671,0.7798,0.1503,0.55,high
709813,NEW BG LINE INTERSECTION [5 NOS] BETWEEN GERATPUR-SANAND & BOTAD-AHMEDABAD [16.51 KM],Ministry of Railways,Railways,Gujarat,437.21,437.21,117.87,21.0,26.96,5.96,0.0,0.3996,0.8493,0.0228,0.4774,medium
615188,NEW MAJRI UG TO OC 3 MTY COST,Ministry of Coal,Coal,Maharashtra,402.27,402.27,67.11,24.17,16.68,-7.49,0.0,0.8892,0.8187,0.0287,0.4632,medium
400321,NIGAHI EXPANSION [15 TO 25 MTP,Ministry of Coal,Coal,Madhya Pradesh,1729.68,1729.68,929.02,48.76,53.71,4.95,0.0,1.3466,0.9846,0.1959,0.6297,high
615982,NILJAI EXPANSION DEEP OCP,Ministry of Coal,Coal,Maharashtra,319.75,319.75,196.86,79.83,61.57,-18.26,0.0,1.5,0.921,0.0371,0.5233,high
400231,NLC Talabira Thermal Power Project,Ministry of Coal,Electricity Generation,Odisha,27212.96,27213.0,3454.06,2.1,12.69,10.59,0.0,0.4323,0.407,0.0503,0.55,high
706811,NMDC Slurry Pipeline Project Phase-1,Ministry of Steel,Steel,Chhattisgarh,2907.0,5427.0,3607.64,94.1,66.48,-27.62,86.69,1.5,0.9793,0.7484,0.8754,critical
607709,NORTH EASTERN REGION POWER SYSTEM IMPROVEMENT PROJECT [NERPSIP],Ministry of Power,Transmission & Distribution,"Multi-States (Assam, Manipur, Meghalaya, Mizoram, Nagaland, Tripura)",5111.33,6700.0,5577.75,98.5,83.25,-15.25,31.08,1.5,0.9817,0.608,0.8135,critical
400151,NORTH URIMARI EXPANSION OCP,Ministry of Coal,Coal,Jharkhand,778.8,778.8,605.7,71.38,77.77,6.39,0.0,0.6739,0.8859,0.2629,0.6056,high
619051,"Nabinagar Super Thermal Power Project, Stage-II [3x800 MW]",Ministry of Power,Electricity Generation,Bihar,29948.0,29948.0,2676.55,10.17,8.94,-1.23,0.0,0.2813,0.8605,0.0518,0.4966,medium
400298,Nadikudi - Srikalahasti New Line,Ministry of Railways,Railways,Andhra Pradesh,2312.0,5932.0,3069.35,55.01,51.74,-3.27,156.57,0.9361,0.8048,0.8293,0.8158,critical
400223,Nagapattinam-Tiruturaipundi and Karaikal-Peralam New Line,Ministry of Railways,Railways,"Multi-States (Puducherry, Tamil Nadu)",713.0,981.0,635.3,80.0,64.76,-15.24,37.59,0.9389,0.7712,0.2307,0.528,high
702658,Nagpur Metro Rail Phase II Development Project,Ministry of Housing & Urban Affairs,Urban Public Transport,Maharashtra,6708.0,6708.0,1912.03,38.0,28.5,-9.5,0.0,0.7497,0.9248,0.0222,0.5186,high
705799,Nagpur- Nagbhir Railway Line Gauge Conversion Project,Ministry of Railways,Railways,Maharashtra,1400.0,1400.0,1472.0,80.0,105.14,25.14,0.0,1.1319,0.9838,0.6665,0.841,critical
615857,Naini Coal Mine,Ministry of Coal,Coal,Odisha,494.3,494.3,491.33,80.0,99.4,19.4,0.0,1.0835,0.8271,0.2767,0.5794,high
618629,Nandigama Bypass and Kanchikacherla bypass,Ministry of Road Transport & Highways,Roads & Highways,Andhra Pradesh,416.07,444.58,110.65,98.47,24.89,-73.58,6.85,1.5,0.8965,0.0364,0.5095,high
618088,Nandurshingote to Kolhar,Ministry of Road Transport & Highways,Roads & Highways,Maharashtra,325.79,325.79,9.87,27.0,3.03,-23.97,0.0,0.8321,0.4441,0.0269,0.2563,medium
617987,Nandyala-Kurnool/Kadapa Border section of NH-167K i.e. Km 186/000 to Km 250/000Design Ch.186000 to 248010 to 2LPS,Ministry of Road Transport & Highways,Roads & Highways,Andhra Pradesh,691.81,691.81,0.0,40.49,0.0,-40.49,0.0,0.4986,0.7141,0.067,0.4229,medium
705410,Nangal Dam-Talwara New Broad Gauge Line [84 KM] and Taking Over Siding Mukerian-Talwara [29 KM],Ministry of Railways,Railways,"Multi-States (Himachal Pradesh, Punjab)",2018.0,2018.0,2384.29,84.0,118.15,34.15,0.0,1.0184,0.8529,0.6659,0.7687,critical
705629,Narayangarh-Bhadrak 3rd line,Ministry of Railways,Railways,"Multi-States (Odisha, West Bengal)",2400.0,3425.32,2655.21,77.0,77.52,0.52,42.72,1.0854,0.8551,0.704,0.7871,critical
701398,Nardave Medium Irrigation Project,"Department of Water Resources, River Development & GR",Water Resources,Maharashtra,211.46,781.85,626.06,72.59,80.07,7.48,269.74,1.5,0.9775,0.804,0.8994,critical
617934,Nasratpur to Barasgaon section of NH-61 2L / 4L PS from Km.514/00 to 558/200,Ministry of Road Transport & Highways,Roads & Highways,Maharashtra,406.54,406.54,0.0,95.84,0.0,-95.84,0.0,1.5,0.9509,0.0658,0.5526,high
707215,National Maritime Heritage Complex [NMHC] Phase-I,"Ministry of Ports, Shipping and Waterways","Tourism, Hospitality & Wellness",Gujarat,573.0,1238.05,614.91,76.12,49.67,-26.45,116.06,1.5,0.9683,0.6382,0.8198,critical
400081,"National Sports University [NSU], Imphal [Manipur]",Department of Sports,Education,Manipur,906.47,611.74,574.12,97.0,93.85,-3.15,-32.51,1.5,0.9448,0.1554,0.5896,high
616839,Naupada-Gunupur - New line upto Theruvali [73.62 km],Ministry of Railways,Railways,Odisha,1165.89,1165.89,0.0,0.0,0.0,0.0,0.0,0.1134,0.1512,0.037,0.0998,low
618850,Nerchowk km 190.000 to Pandoh including Pandoh bypass km221.305,Ministry of Road Transport & Highways,Roads & Highways,Himachal Pradesh,1464.12,1651.67,848.66,100.0,51.38,-48.62,12.81,1.5,0.8899,0.1398,0.5524,high
619227,Network Expansion Scheme in Maharashtra for removal of Transmission constraints in Pune Region-I [765/400kV AIS Pune East],Ministry of Power,Transmission & Distribution,Maharashtra,1420.0,1420.0,2.84,0.5,0.2,-0.3,0.0,0.2503,0.0692,0.0277,0.0505,low
611943,New Broad Gauge line between Naliya to Jakhau Port,Ministry of Railways,Railways,Gujarat,410.26,410.26,11.23,5.0,2.74,-2.26,0.0,0.7281,0.6863,0.0307,0.55,high
705794,New Delhi- Howrah Speed Booster[160Kmph] Project,Ministry of Railways,Railways,"Multi-States (Bihar, Delhi, Jharkhand, Uttar Pradesh, West Bengal)",6684.81,6684.81,127.03,0.0,1.9,1.9,0.0,1.5,0.9646,0.0882,0.5702,high
618995,New Line between Junagarh - Nabarangpur [116.21 Km],Ministry of Railways,Railways,Odisha,2864.51,2864.51,0.0,0.0,0.0,0.0,0.0,0.2163,0.0702,0.0348,0.0543,low
400078,New Mundra Panipat Crude Oil Pipeline,Ministry of Petroleum & Natural Gas,Energy Storage,"Multi-States (Gujarat, Haryana, Rajasthan)",9028.0,9028.0,7160.82,91.4,79.32,-12.08,0.0,1.5,0.9749,0.1616,0.6089,high
705434,New Railway Line between Ginigera and Raichur [165.57 km],Ministry of Railways,Railways,Karnataka,2565.0,3034.98,2293.26,70.0,75.56,5.56,18.32,1.5,0.9838,0.3038,0.6778,high
400174,"New Sinter Plant at BSL, SAIL",Ministry of Steel,Steel,Jharkhand,1034.01,1752.3,980.24,59.78,55.94,-3.84,69.47,1.5,0.9831,0.4179,0.7288,high
701745,New Suburba Station Development Project,Ministry of Housing & Urban Affairs,Urban Public Transport,Maharashtra,262.76,262.76,17.62,6.0,6.71,0.71,0.0,1.5,0.9722,0.0479,0.5563,high
617898,New construction of Major Bridge with Approaches from Km 0.000 to 1.200 Madhopur -Badabanta section of NH-20 under NHO in Annual Plan 2022-23 in the State of Odisha,Ministry of Road Transport & Highways,Roads & Highways,Odisha,199.5,199.5,0.1,0.0,0.05,0.05,0.0,0.5663,0.0674,0.0346,0.55,high
705453,"New line Dahod-Indore via Sardarpur, Jabuwa and Dhar",Ministry of Railways,Railways,"Multi-States (Gujarat, Madhya Pradesh)",456.07,3516.77,4157.76,55.0,118.23,63.23,671.1,0.9713,0.8714,0.6364,0.7656,critical
619120,Nidagatta-Mysore Pkg II,Ministry of Road Transport & Highways,Roads & Highways,Karnataka,2919.8,4113.89,2279.05,99.19,55.4,-43.79,40.9,1.5,0.9402,0.1455,0.5826,high
705764,Nimach-Badi Sadri New Rail Line Project,Ministry of Railways,Railways,"Multi-States (Madhya Pradesh, Rajasthan)",495.0,825.0,261.69,60.0,31.72,-28.28,66.67,1.1114,0.5497,0.0468,0.3234,medium
705933,Nimach-Ratlam Doubling [133 Km],Ministry of Railways,Railways,Madhya Pradesh,1095.88,1095.88,1284.91,94.0,117.25,23.25,0.0,0.8193,0.6965,0.6849,0.6913,high
706776,Noapara-Barasat via Bimanbandar - Construction of Metro railway [18 km],Ministry of Railways,Railways,West Bengal,4830.0,4830.0,3258.95,32.0,67.47,35.47,0.0,1.005,0.8707,0.2269,0.581,high
617764,North Dhadu Western Part OCP,Ministry of Coal,Coal,Jharkhand,1354.2,1354.2,141.98,40.0,10.48,-29.52,0.0,0.5237,0.4903,0.0236,0.2803,medium
701346,North East Gas Grid,Ministry of Petroleum & Natural Gas,Oil & Gas,"Multi-States (Arunachal Pradesh, Assam, Manipur, Meghalaya, Mizoram, Nagaland, Sikkim, Tripura, West Bengal)",9265.0,9265.0,6877.97,87.6,74.24,-13.36,0.0,1.5,0.9838,0.137,0.6027,high
617375,North Eastern Region Expansion Scheme-XXIII [NERES-XXIII],Ministry of Power,Transmission & Distribution,Arunachal Pradesh,209.38,209.38,3.14,1.5,1.5,0.0,0.0,0.4322,0.3681,0.0241,0.55,high
701412,North Koel Reservoir Project,"Department of Water Resources, River Development & GR",Water Resources,"Multi-States (Bihar, Jharkhand)",1622.27,2430.76,172.97,38.0,7.12,-30.88,49.84,1.5,0.9497,0.0726,0.555,high
705298,North Region Video Surveillance Project,Ministry of Railways,Railways,PAN India,274.39,274.39,0.0,48.0,0.0,-48.0,0.0,1.5,0.9535,0.0526,0.5481,high
604791,Numaligarh Refinery Expansion Project,Ministry of Petroleum & Natural Gas,Oil & Gas,Assam,12366.0,22494.0,19522.33,84.6,86.79,2.19,81.9,1.5,0.988,0.9147,0.955,critical
709841,Old Pipe Line Replacement [OPRP] Group-A,Ministry of Petroleum & Natural Gas,Oil & Gas,Gujarat,173.03,169.84,164.86,93.5,97.07,3.57,-1.84,1.2916,0.9377,0.2257,0.6173,high
400096,Omkareshwar CADWM Project,"Department of Water Resources, River Development & GR",Water Resources,Madhya Pradesh,648.09,648.09,208.06,49.78,32.1,-17.68,0.0,1.5,0.9398,0.0521,0.5403,high
617727,Orvakal Industrial Area,Department for Promotion of Industry & Internal Trade,Real Estate,Andhra Pradesh,2786.0,2786.0,112.0,6.14,4.02,-2.12,0.0,0.3047,0.773,0.02,0.4341,medium
618688,Outer Ring Road of Jabalpur Town from Amjhar Road including Airport Connectivity to barela Pkg-V,Ministry of Road Transport & Highways,Roads & Highways,Madhya Pradesh,794.7,539.9,69.33,25.12,12.84,-12.28,-32.06,0.4575,0.6359,0.0195,0.3585,medium
618687,Outer Ring Road of Jabalpur Town from Barela to Manegaon Pkg-1,Ministry of Road Transport & Highways,Roads & Highways,Madhya Pradesh,652.33,651.88,468.6,88.0,71.88,-16.12,-0.07,1.5,0.9505,0.0905,0.5635,high
618686,Outer Ring Road of Jabalpur Town from Kushner to Amjhar Road including Airport Connectivity Pkg-IV,Ministry of Road Transport & Highways,Roads & Highways,Madhya Pradesh,612.94,509.82,327.15,76.1,64.17,-11.93,-16.82,1.2507,0.8974,0.0579,0.5196,high
618684,Outer Ring Road of Jabalpur Town from Manegaon to NH-45 Pkg-2,Ministry of Road Transport & Highways,Roads & Highways,Madhya Pradesh,917.26,786.47,492.01,74.56,62.56,-12.0,-14.26,1.2507,0.9309,0.0939,0.5542,high
618685,Outer Ring Road of Jabalpur Town from NH45 to Kushner Pkg-3,Ministry of Road Transport & Highways,Roads & Highways,Madhya Pradesh,911.24,773.23,495.48,77.0,64.08,-12.92,-15.15,1.2507,0.9156,0.0961,0.5468,high
616230,PARASCOLE JAMBAD OCP,Ministry of Coal,Coal,West Bengal,1193.55,1193.55,11.42,0.22,0.96,0.74,0.0,0.1483,0.0973,0.0258,0.0651,low
613794,PARASEA-BELBAID UG PROJECT,Ministry of Coal,Coal,West Bengal,389.1,389.1,132.48,22.13,34.05,11.92,0.0,0.7094,0.7769,0.0499,0.4498,medium
617225,PCMC To Nigdi- Extension Of North South Corridor Of Phase-1,Ministry of Housing & Urban Affairs,Urban Public Transport,Maharashtra,910.18,960.18,269.74,41.58,28.09,-13.49,5.49,0.8965,0.6023,0.034,0.3466,medium
616234,PELMA OC MDO,Ministry of Coal,Coal,Chhattisgarh,1725.04,1725.04,16.71,40.34,0.97,-39.37,0.0,0.3759,0.5909,0.0227,0.3352,medium
617404,POKHRAN - RAMDEVRA New Line,Ministry of Railways,Railways,Rajasthan,189.21,189.21,0.0,0.0,0.0,0.0,0.0,0.4854,0.0681,0.0453,0.55,high
709797,POL & LOBS Installations with Receipt Pipelines at Rasayani,Ministry of Petroleum & Natural Gas,Oil & Gas,Maharashtra,2585.0,2585.0,1288.41,80.6,49.84,-30.76,0.0,1.1113,0.552,0.1218,0.3584,medium
400144,PORDA CHIMTAPANI OCP [10 MTY],Ministry of Coal,Coal,Chhattisgarh,2310.12,2310.12,113.83,11.81,4.93,-6.88,0.0,0.6969,0.7701,0.0325,0.4382,medium
709849,PRP-VIII Group B [NH & BS Asset],Ministry of Petroleum & Natural Gas,Oil & Gas,Offshore,2379.84,3165.53,2654.5,97.6,83.86,-13.74,33.01,1.3459,0.9793,0.7377,0.8706,critical
616950,PRP-VIII [Group-A],Ministry of Petroleum & Natural Gas,Oil & Gas,Offshore,1486.4,1486.4,529.96,53.8,35.65,-18.15,0.0,1.4073,0.9533,0.0652,0.5536,high
616841,PUSHKAR- MERTA CITY NEW LINE,Ministry of Railways,Railways,Rajasthan,799.64,799.64,131.75,8.0,16.48,8.48,0.0,0.911,0.8517,0.0591,0.55,high
400142,Pachwara South Coal Block,Ministry of Coal,Coal,Jharkhand,2242.9,2242.9,1365.83,87.0,60.9,-26.1,0.0,0.7732,0.5164,0.1021,0.33,medium
618172,Paithan - Shirur section 2LPS Km 0.0 to 55.00,Ministry of Road Transport & Highways,Roads & Highways,Maharashtra,341.8,341.8,0.0,82.0,0.0,-82.0,0.0,1.5,0.96,0.0632,0.5564,high
602525,"Pakal Dul [Drangdhuran] Hydroelectric Project, 1000 MW",Ministry of Power,Electricity Generation,Jammu and Kashmir,8112.12,12728.0,9114.12,80.5,71.61,-8.89,56.9,1.5,0.989,0.8024,0.905,critical
618177,Pal Phata Phulambri - Khultabad 2LPS,Ministry of Road Transport & Highways,Roads & Highways,Maharashtra,227.19,227.19,0.0,99.15,0.0,-99.15,0.0,1.5,0.932,0.092,0.554,high
618851,Pandoh bypass 221.305 to Takoli 242.000 of NH-21 in the state of Himachal Pradesh,Ministry of Road Transport & Highways,Roads & Highways,Himachal Pradesh,3419.95,4465.94,1923.0,95.62,43.06,-52.56,30.58,1.5,0.9393,0.1364,0.578,high
616695,Paradeep - Badabandha 3rd & 4th Line / 18.51kms,Ministry of Railways,Railways,Odisha,300.15,300.15,0.89,10.5,0.3,-10.2,0.0,0.3947,0.5437,0.0236,0.3096,medium
701349,Paradip-Numaligarh Crude Oil Pipeline [PNCPL] & Crude Oil Import Terminal [COIT] at Paradip,Ministry of Petroleum & Natural Gas,Energy Storage,"Multi-States (Assam, Bihar, Jharkhand, Odisha, West Bengal)",10228.0,11407.0,10912.42,92.4,95.66,3.26,11.53,1.3939,0.9834,0.6563,0.8362,critical
705747,Parasnath-Madhuban-Giridih new line,Ministry of Railways,Railways,Jharkhand,902.86,902.86,0.0,0.1,0.0,-0.1,0.0,1.4997,0.9089,0.1277,0.5573,high
618606,Paravoor-Kottankulangara,Ministry of Road Transport & Highways,Roads & Highways,Kerala,3273.61,3200.24,1226.55,71.2,38.33,-32.87,-2.24,1.5,0.9457,0.103,0.5665,high
703057,Patiala Water Supply Infrastructure Part-2 Project,Ministry of Housing & Urban Affairs,Waste & Water,Punjab,287.0,287.0,213.64,99.0,74.44,-24.56,0.0,1.5,0.8886,0.0584,0.515,high
702627,Patna Metro Rail Project,Ministry of Housing & Urban Affairs,Urban Public Transport,Bihar,13365.77,13365.8,5197.09,50.0,38.88,-11.12,0.0,1.5,0.9826,0.0854,0.5789,high
400261,Patratu Thermal Power Station Expansion Project Phase-I [3x800 MW],Ministry of Power,Electricity Generation,Jharkhand,18668.0,20302.0,18690.0,88.74,92.06,3.32,8.75,1.5,0.9906,0.3765,0.7143,high
618094,Pen to Khopoli 2LPS,Ministry of Road Transport & Highways,Roads & Highways,Maharashtra,369.39,369.39,323.75,86.3,87.64,1.34,0.0,1.5,0.9718,0.1596,0.6063,high
618571,Permanent rectification of 3 nos. of black spots in project Highway NH-27 of U.P border - Dewapur - Kotwa section from Km.360.915 to km.440.000 Total Length of 79.085 Km of NH-27& Permanent rectification of 5 nos. of black spots of project Highway NH-27 of Kotwa - Mehsi - Muzaffarpur Section from km.440.000 to km.520.000 Total length 80.00Km,Ministry of Road Transport & Highways,Roads & Highways,Bihar,227.25,321.23,224.1,80.46,69.76,-10.7,41.36,1.3735,0.9648,0.2054,0.6231,high
611945,Petlad Bhadran 23 Kms,Ministry of Railways,Railways,Gujarat,307.11,307.11,18.9,17.0,6.15,-10.85,0.0,0.5418,0.586,0.0221,0.3322,medium
619223,Petro Resid Fluidized Catalytic Cracking [PRFCC] Unit and its associated facilities at Mumbai Refinery,Ministry of Petroleum & Natural Gas,Oil & Gas,Maharashtra,13626.0,13626.0,55.4,4.4,0.41,-3.99,0.0,0.3074,0.7697,0.0215,0.433,medium
701329,Petrochemical and Lube Integration Project at Gujarat Refinery,Ministry of Petroleum & Natural Gas,Oil & Gas,Gujarat,18936.0,17825.0,13579.35,88.3,76.18,-12.12,-5.87,1.5,0.9834,0.1331,0.6008,high
709759,"Petrochemical evacuation marketing terminal at Barmer, Rajasthan",Ministry of Petroleum & Natural Gas,Energy Storage,Rajasthan,461.05,461.05,225.25,89.8,48.86,-40.94,0.0,0.9161,0.6217,0.0402,0.3601,medium
612851,"Phase 1B - Construction of Academic Block, Hostel, Residential Tower, Directors Residence and External Development works at National Institute of Technology, Delhi Campus on Engineering, Procurement and Construction basis",Department of Higher Education,Education,Delhi,333.49,336.42,321.76,99.72,95.64,-4.08,0.88,1.3517,0.8904,0.1859,0.5734,high
617877,Phase B Construction of Permanent Campus of IIT Bhilai,Department of Higher Education,Education,Chhattisgarh,1188.97,1188.97,0.0,0.0,0.0,0.0,0.0,0.241,0.0673,0.0418,0.0558,low
617878,Phase B of Construction of Permanent Campus of IIT Palakkad,Department of Higher Education,Education,Kerala,1527.0,1527.0,9.8,0.0,0.64,0.64,0.0,0.241,0.0751,0.0268,0.0534,low
400280,Phase II extension of MRTS from Velachery to St Thomas Mount,Ministry of Railways,Railways,Tamil Nadu,734.0,734.01,486.53,99.9,66.28,-33.62,0.0,1.07,0.2689,0.13,0.2064,low
611957,"Phase III A works at IIT Indore [03 Hostels, 01 Studio Apartment, 01 Housing, Heavy & Sophisticated lab complex, Academic POD and Infrastructure for center of excellence]",Department of Higher Education,Education,Madhya Pradesh,496.28,496.28,78.35,58.0,15.79,-42.21,0.0,0.8514,0.51,0.0246,0.2916,medium
709847,Pipeline Network Project Rudrasagar,Ministry of Petroleum & Natural Gas,Oil & Gas,Assam,481.03,481.03,235.37,54.1,48.93,-5.17,0.0,1.1282,0.9569,0.051,0.5492,high
617827,"Pipeline Rehabilitation Project, Phase-II",Ministry of Petroleum & Natural Gas,Oil & Gas,"Multi-States (Assam, Bihar, West Bengal)",680.0,680.0,8.19,24.0,1.2,-22.8,0.0,0.3494,0.4676,0.0242,0.2681,medium
619314,Pipeline Replacement Project- PRP-IX,Ministry of Petroleum & Natural Gas,Oil & Gas,Offshore,6175.0,6175.0,520.71,11.3,8.43,-2.87,0.0,0.6191,0.9062,0.023,0.5088,high
618699,Pipli Bhavnagar-Package 1 from km 136.025 to km 169.328,Ministry of Road Transport & Highways,Roads & Highways,Gujarat,819.14,1297.38,188.7,100.0,14.54,-85.46,58.38,1.5,0.8911,0.1057,0.5377,high
705385,Pirpainti - Jasidih [100.52 Km] New BG line,Ministry of Railways,Railways,"Multi-States (Bihar, Jharkhand)",2555.0,2555.0,1113.67,61.8,43.59,-18.21,0.0,0.75,0.6074,0.0295,0.3474,medium
709857,"Planning, Engineering, Supply, Installation, Testing, Commissioning, Integration & Annual Maintenance of 4G mobile network at 1 Lakh sites on PAN India basis including Mumbai & Delhi LSA on turnkey basis under Phase IX.2 Project.",Department of Telecommunications,Telecommunication,PAN India,24544.55,24544.5,8472.04,98.23,34.52,-63.71,-0.0,1.5,0.9538,0.0932,0.5665,high
701415,Polavaram Irrigation Project,"Department of Water Resources, River Development & GR",Water Resources,Andhra Pradesh,10151.04,55548.9,26674.77,86.14,48.02,-38.12,447.22,1.3558,0.9393,0.9502,0.9442,critical
616605,Pollution Abatement Works for River Kali Meerut under Meerut Municipality Interception & Diversion with STP,"Department of Water Resources, River Development & GR",Waste & Water,Uttar Pradesh,690.71,690.71,34.79,51.0,5.04,-45.96,0.0,1.5,0.9354,0.0625,0.5426,high
616604,Pollution Abatement works for River Ganga at Hooghly Chinsurah- Municipal Town Interception & Diversion with STP,"Department of Water Resources, River Development & GR",Waste & Water,West Bengal,154.73,154.73,96.17,93.0,62.15,-30.85,0.0,1.4621,0.8305,0.0709,0.4887,medium
611917,Poly Butadiene Rubber plant at Panipat,Ministry of Petroleum & Natural Gas,Oil & Gas,Haryana,1459.0,2531.44,1473.41,85.9,58.2,-27.7,73.51,1.5,0.9803,0.3767,0.7087,high
618846,Poondiyankuppam Km.67.000 to Sattanathapuram Km.123.800,Ministry of Road Transport & Highways,Roads & Highways,Tamil Nadu,2565.63,2319.35,1084.43,99.8,46.76,-53.04,-9.6,1.5,0.8924,0.0704,0.5225,high
400299,Pottangi Bauxite Mines Project,Ministry of Mines,Metals & Mining,Odisha,1381.0,1960.77,770.08,52.1,39.27,-12.83,41.98,1.2196,0.9805,0.1434,0.6038,high
709865,Power Recovery Turbine [PRT] in PFCCU unit as an Energy Conservation Scheme,Ministry of Petroleum & Natural Gas,Oil & Gas,Assam,293.5,293.5,81.84,99.0,27.88,-71.12,0.0,1.5,0.8829,0.0368,0.5022,high
612790,Power System Upgradation Project,Ministry of Petroleum & Natural Gas,Oil & Gas,Karnataka,385.0,385.0,260.92,82.5,67.77,-14.73,0.0,1.3976,0.9432,0.0433,0.5382,high
706837,Pradhan Kuntha Jn Line Doubling Project,Ministry of Railways,Railways,Jharkhand,349.22,349.22,125.71,71.5,36.0,-35.5,0.0,0.7662,0.5698,0.026,0.3251,medium
618074,Pre construction activity of NH 122B from km 0 to 72.348 and Improvement to two lane with paved shoulders of NH 122B from km 29.730 to km 72.348 in state of Bihar under EPC mode,Ministry of Road Transport & Highways,Roads & Highways,Bihar,624.43,624.43,153.21,91.0,24.54,-66.46,0.0,1.5,0.9307,0.0687,0.5428,high
618126,"Pre-Construction activities from Km 134.000 to Km 190.233 of NH-333A and Construction of 4 no. of Bypasses at Katoria, Lakhpura, Banka & Panjwara total length-14.359 Km to two lane with paved shoulders standard in State of Bihar.",Ministry of Road Transport & Highways,Roads & Highways,Bihar,479.37,479.37,0.0,58.0,0.0,-58.0,0.0,0.874,0.6823,0.0618,0.4031,medium
400045,Proposed 6 nos Road Over Bridge [ROB] at different locations under MCL Talcher Under Deposit Scheme.,Ministry of Railways,Railways,Odisha,168.32,168.32,69.85,82.0,41.5,-40.5,0.0,1.5,0.8348,0.0471,0.4804,medium
701597,Provision of 4G Mobile Services in Uncovered Villages of Arunachal Pradesh and 2 Districts of Assam,Department of Telecommunications,Telecommunication,"Multi-States (Arunachal Pradesh, Assam)",1255.49,1255.49,332.43,99.43,26.48,-72.95,0.0,1.5,0.9093,0.0823,0.5371,high
701598,Provision of 4G based Mobile Services in Uncovered Villages and National Highways of Meghalaya,Department of Telecommunications,Telecommunication,Meghalaya,971.96,971.96,232.79,99.84,23.95,-75.89,0.0,1.5,0.8932,0.0788,0.5267,high
701602,"Provision of 4G based mobile services in 7,287 uncovered villages of 44 Aspirational District across 5 states of Andhra Pradesh, Chhattisgarh, Jharkhand, Maharashtra & Odisha",Department of Telecommunications,Telecommunication,"Multi-States (Andhra Pradesh, Chhattisgarh, Jharkhand, Maharashtra, Odisha)",3685.0,3685.0,1457.51,83.0,39.55,-43.45,0.0,1.5,0.9504,0.0841,0.5606,high
615343,Provision of Dynamic Reactive Compensation at Khavda pooling Station 1 [KPS1] and Khavda Pooling station 3 [KPS3],Ministry of Power,Transmission & Distribution,Gujarat,501.0,501.0,25.05,6.0,5.0,-1.0,0.0,0.9151,0.7034,0.0386,0.55,high
617801,Provision of ICT Augmentation & Bus Reactor at Bhuj-II PS,Ministry of Power,Transmission & Distribution,Gujarat,581.74,581.74,7.08,1.5,1.22,-0.28,0.0,0.8562,0.4173,0.0385,0.55,high
619226,Provision of four bitumen tanks with capacity of 5 TMT each at Visakh Refinery,Ministry of Petroleum & Natural Gas,Oil & Gas,Andhra Pradesh,258.34,258.34,1.65,10.5,0.64,-9.86,0.0,0.3991,0.765,0.0236,0.4314,medium
618845,Puducherry Km.29.000 to Poondiyankuppam Km.67.000,Ministry of Road Transport & Highways,Roads & Highways,"Multi-States (Puducherry, Tamil Nadu)",1588.4,1415.9,405.48,98.75,28.64,-70.11,-10.86,1.5,0.9241,0.0815,0.5449,high
617226,Pune Metro Phase-1 Extension line towards south from Swargate to Katraj,Ministry of Housing & Urban Affairs,Urban Public Transport,Maharashtra,2954.53,2954.53,46.13,5.2,1.56,-3.64,0.0,0.444,0.7523,0.0235,0.4243,medium
618971,Pune Metro Rail Project Phase-2 Corridor 2A Vanaz to Chandani Chowk and Corridor 2B Ramwadi to Wagholi/Vitthalwadi,Ministry of Housing & Urban Affairs,Urban Public Transport,Maharashtra,3626.24,3626.24,2.65,1.38,0.07,-1.31,0.0,0.2916,0.3864,0.0238,0.2232,low
618985,Pune Metro Rail Project Phase-2 Line-4 Kharadi to Khadakwasla with Spur Line 4A Nal Stop - Warje - Manikbaug,Ministry of Housing & Urban Affairs,Urban Public Transport,Maharashtra,9857.85,9857.85,3.94,0.48,0.04,-0.44,0.0,0.1495,0.1145,0.0271,0.0751,low
702851,Pune Water Supply Infrastructure Project,Ministry of Housing & Urban Affairs,Waste & Water,Maharashtra,235.95,235.95,220.77,95.0,93.57,-1.43,0.0,1.5,0.9352,0.1177,0.5673,high
618180,Pune raigarh District Border To Mangaon Ch 69000 to 103775 NH-753F,Ministry of Road Transport & Highways,Roads & Highways,Maharashtra,223.46,223.46,0.0,89.08,0.0,-89.08,0.0,1.5,0.9521,0.0788,0.5591,high
400109,Purna Barrage-2 [Ner Dhamana] Medium Irrigation Project,"Department of Water Resources, River Development & GR",Water Resources,Maharashtra,848.07,888.43,690.49,69.63,77.72,8.09,4.76,1.5,0.9825,0.3598,0.7023,high
619025,RAJASTHAN PART I POWER TRANSMISSION LIMITED,Ministry of Power,Transmission & Distribution,"Multi-States (Madhya Pradesh, Rajasthan, Uttar Pradesh)",25000.0,25000.0,230.05,2.0,0.92,-1.08,0.0,0.3697,0.4106,0.0288,0.55,high
400160,RAJRAPPA RCE OCP,Ministry of Coal,Coal,Jharkhand,510.85,510.85,488.71,78.25,95.67,17.42,0.0,1.5,0.975,0.2716,0.6584,high
617406,RATLAM- DUNGARPUR VIA BANSWARA NEW LINE PROJECT,Ministry of Railways,Railways,"Multi-States (Madhya Pradesh, Rajasthan)",2417.24,2417.24,7.19,8.0,0.3,-7.7,0.0,0.6897,0.8042,0.0306,0.55,high
619171,RPR FOR DURGAPUR OCP 10 MTY,Ministry of Coal,Coal,Chhattisgarh,2415.91,2415.91,2.35,0.01,0.1,0.09,0.0,0.1534,0.0859,0.0353,0.0631,low
619053,RPR FOR RAMPUR BATURA OCP,Ministry of Coal,Coal,Madhya Pradesh,1604.69,1604.69,74.71,0.3,4.66,4.36,0.0,0.2759,0.0653,0.0291,0.049,low
400150,RPR MAGADH EXP OCP,Ministry of Coal,Coal,Jharkhand,7254.37,7254.37,1688.4,40.21,23.27,-16.94,0.0,0.8021,0.8368,0.0216,0.4699,medium
615918,RPR OF BHANEGAON OC,Ministry of Coal,Coal,Maharashtra,405.2,405.2,35.03,15.95,8.65,-7.3,0.0,0.7271,0.7948,0.0254,0.4486,medium
615187,RPR OF VISHNUPURI UG TO OC,Ministry of Coal,Coal,Madhya Pradesh,220.62,220.62,0.0,11.2,0.0,-11.2,0.0,0.6051,0.6349,0.0613,0.3768,medium
613804,RPR TAWA-III UG 0.84 MTY,Ministry of Coal,Coal,Madhya Pradesh,314.09,314.09,17.89,17.78,5.7,-12.08,0.0,0.905,0.6004,0.027,0.3423,medium
400062,"Raghunathpur Thermal Power Station Phase II [2X660 MW] at Raghunathpur, Purulia, West Bengal",Ministry of Power,Electricity Generation,West Bengal,17673.0,17673.0,1950.25,9.4,11.04,1.64,0.0,0.3643,0.904,0.0136,0.5033,high
617214,Rail Connectivity to Errupalem Amravati Namburu 57 Km,Ministry of Railways,Railways,"Multi-States (Andhra Pradesh, Telangana)",2047.4,2047.4,208.59,0.16,10.19,10.03,0.0,0.7859,0.0364,0.0687,0.55,high
617409,Railway Manufacturing Unit,Ministry of Railways,Railways,Telangana,521.36,521.36,491.87,90.0,94.34,4.34,0.0,0.9342,0.8519,0.1764,0.5479,high
705793,Raising of speed to 160 kmph/200 kmph on existing New Delhi-Mumbai route incl. Vadodara-Ahmedabad,Ministry of Railways,Railways,"Multi-States (Delhi, Gujarat, Madhya Pradesh, Maharashtra, Rajasthan)",6806.44,8095.12,9480.86,66.32,117.12,50.8,18.93,1.5,0.987,0.8462,0.9236,critical
617186,Rajasthan REZ Ph-V [Part-1- 4 GW] [Sirohi/Nagaur] Complex [Rajasthan V Power Transmission Limited],Ministry of Power,Transmission & Distribution,"Multi-States (Madhya Pradesh, Rajasthan)",5028.0,5028.0,1054.2,24.07,20.97,-3.1,0.0,0.7507,0.8919,0.0277,0.503,high
701263,Rajasthan Refinery Project,Ministry of Petroleum & Natural Gas,Energy Storage,Rajasthan,43129.0,79459.0,69202.21,91.9,87.09,-4.81,84.24,1.5,0.9856,0.9114,0.9522,critical
701406,Rajiv Bhima Lift Irrigation Scheme,"Department of Water Resources, River Development & GR",Water Resources,Telangana,1402.0,2509.66,1839.76,100.0,73.31,-26.69,79.01,1.5,0.9735,0.8638,0.9241,critical
706763,Rajkot - Kanalus Doubling Project [111.2 Kms],Ministry of Railways,Railways,Gujarat,1080.58,1080.58,952.06,81.0,88.11,7.11,0.0,0.9824,0.8725,0.2839,0.6076,high
705617,Rajnandgaon - Nagpur [Kalumna] Third Railway Line [228.30 km],Ministry of Railways,Railways,"Multi-States (Chhattisgarh, Maharashtra)",3545.0,3545.0,3639.58,96.0,102.67,6.67,0.0,1.2183,0.9826,0.5875,0.8048,critical
705481,Ramganjmandi-Bhopal New Line Project [276.50 km],Ministry of Railways,Railways,"Multi-States (Madhya Pradesh, Rajasthan)",3032.0,5073.0,4139.87,81.0,81.61,0.61,67.32,1.0353,0.8978,0.8136,0.8599,critical
602184,Rammam-III HEPP [3x40 MW],Ministry of Power,Electricity Generation,West Bengal,1381.84,2865.56,1568.56,55.06,54.74,-0.32,107.37,1.5,0.9842,0.7717,0.8886,critical
706759,Rampur Dumra-Tal-Rajendrapul Additional Bridge and Railway Line Doubling,Ministry of Railways,Railways,Bihar,2373.64,1700.24,1610.45,98.5,94.72,-3.78,-28.37,1.2302,0.9447,0.1667,0.5946,high
605156,Rangit-IV HE Project [120 MW] executed by Jal Power Corporation Ltd. [JPCL] - A wholly owned subsidiary of NHPC Ltd. acquired through NCLT,Ministry of Power,Electricity Generation,Sikkim,938.29,1828.11,1625.93,96.53,88.94,-7.59,94.83,1.5,0.9812,0.9015,0.9453,critical
705457,Ratlam-Mhow-Khandwa-Akola Gauge Conversion,Ministry of Railways,Railways,"Multi-States (Madhya Pradesh, Maharashtra)",1656.25,6499.86,4606.71,83.0,70.87,-12.13,292.44,0.9707,0.9044,0.749,0.8345,critical
602535,"Ratle HE Project - 850 MW, Ratle Hydroelectric Power Corporation Limited.",Ministry of Power,Electricity Generation,Jammu and Kashmir,5281.94,5281.94,1566.39,29.85,29.66,-0.19,0.0,1.1414,0.9883,0.0629,0.5719,high
705494,Rayadurg-Tumkur via Kalyandurg New Line [207 km],Ministry of Railways,Railways,"Multi-States (Andhra Pradesh, Karnataka)",2496.0,2496.0,1898.7,72.0,76.07,4.07,0.0,1.5,0.9846,0.2696,0.6628,high
612791,"Re-Construction of Rigid portions of Secondary Runway, K and A Taxiway and Strengthening of C Taxiway at NSCBI Airport Kolkata.",Ministry of Civil Aviation,Aviation & Aviation Infrastructure,West Bengal,328.3,328.3,139.77,64.5,42.57,-21.93,0.0,1.4985,0.9139,0.0272,0.5149,high
618428,Realignment of NH-717A from Design Ch.0.00 Km 77.800 of NH-10 to Design Ch.2.00 Km 3.100 of NH-717A with two lane paved shoulder including Major Bridge of 680 m in the State of Sikkim on EPC Mode-COS work,Ministry of Road Transport & Highways,Roads & Highways,Sikkim,264.84,380.94,61.11,97.57,16.04,-81.53,43.84,1.5,0.9036,0.0367,0.5135,high
612781,Rebuilding of COB 4 at Durgapur Steel Plant,Ministry of Steel,Steel,West Bengal,916.78,916.78,206.54,33.66,22.53,-11.13,0.0,0.9225,0.6023,0.0349,0.347,medium
617257,Rebuilding of Coke Oven Battery No.6 at Bokaro Steel Plant,Ministry of Steel,Steel,Jharkhand,627.31,627.31,330.82,61.84,52.74,-9.1,0.0,0.9418,0.8317,0.0703,0.4891,medium
617256,Rebuilding of Coke Oven Battery No.7 & 8 at Bhilai Steel Plant,Ministry of Steel,Steel,Chhattisgarh,884.1,884.1,601.25,89.99,68.01,-21.98,0.0,1.5,0.9365,0.1196,0.5689,high
618220,Reconstruction and widening to 2 lane with paved shoulder from existing chainage km 102000 to km 134950 Design chainage km 90150 to km 116980 including construction of Naushera Tunnel Total length of tunnel 0.700 km under 31 TF on Akhnoor-Poonch road NH-144A in the UT of Jammu & Kashmir under Project Sampark BRO on EPC mode Package-V Job no NH-144A-J&K-2020-21-104,Ministry of Road Transport & Highways,Roads & Highways,Jammu and Kashmir,642.24,572.51,0.0,100.0,0.0,-100.0,-10.86,1.5,0.9177,0.2056,0.5973,high
617970,Reconstruction of existing 2 L/IL to 2L with paved shoulder from existing km 52.200 to 92.880 of NH-,Ministry of Road Transport & Highways,Roads & Highways,Uttarakhand,282.08,282.08,166.13,100.0,58.89,-41.11,0.0,1.5,0.7896,0.0539,0.4586,medium
613786,"Redevelopment of Ahmedabad railway station and associated infrastructure on engineering, procurement and construction mode",Ministry of Railways,Railways,Gujarat,2379.0,2379.0,977.35,31.4,41.08,9.68,0.0,0.6536,0.8282,0.0538,0.4797,medium
613002,Redevelopment of Chennai Egmore Station,Ministry of Railways,Railways,Tamil Nadu,842.0,842.0,340.0,0.0,40.38,40.38,0.0,1.1468,0.9408,0.2386,0.6248,high
613015,Redevelopment of Chhatrapati Shivaji Maharaj Terminus [CSMT] and construction of associated infrastructure,Ministry of Railways,Railways,Maharashtra,1813.0,1813.0,833.84,23.0,45.99,22.99,0.0,0.8641,0.7678,0.0948,0.4649,medium
400169,Redevelopment of Linch Field,Ministry of Petroleum & Natural Gas,Oil & Gas,Gujarat,631.03,845.42,612.97,90.0,72.5,-17.5,33.97,1.3832,0.9589,0.2905,0.6581,high
613785,Redevelopment of New Delhi Railway Station and construction of associated infrastructure,Ministry of Railways,Railways,Delhi,4744.0,4744.0,257.53,3.0,5.43,2.43,0.0,0.4994,0.6785,0.0138,0.55,high
617883,"Redevelopment of Residential colonies at Ayur Vigyan Nagar and West Ansari Nagar campuses of AIIMS, New Delhi",Ministry of Health & Family Welfare,Healthcare,Delhi,4441.0,4441.0,24.68,61.0,0.56,-60.44,0.0,0.8499,0.5284,0.0323,0.3052,medium
400167,Redevelopment of Santhal Field [Onshore-Mehsana Asset],Ministry of Petroleum & Natural Gas,Oil & Gas,Gujarat,1162.56,1162.56,1152.51,95.9,99.14,3.24,0.0,1.0552,0.7933,0.2806,0.5626,high
400188,Redevelopment of Seven General Pool Residential Accommodation [GPRA] Colonies in Delhi,Ministry of Housing & Urban Affairs,Real Estate,Delhi,32850.0,32841.0,13885.72,46.8,42.28,-4.52,-0.03,1.0985,0.9594,0.1119,0.578,high
400087,Redevelopment of Sobhasan Complex,Ministry of Petroleum & Natural Gas,Oil & Gas,Gujarat,885.63,1347.61,990.06,87.5,73.47,-14.03,52.16,0.9107,0.7788,0.6193,0.707,high
618025,Rehabiitation and upgradation from km 121/000 to 154/000 Nakrekal to Mallampally section of NH-365 to 2 lane with paved shoulders in the state of Telangana in the EPC mode,Ministry of Road Transport & Highways,Roads & Highways,Telangana,192.67,192.67,141.81,96.0,73.6,-22.4,0.0,1.5,0.8512,0.0637,0.4968,medium
618067,"Rehabilitation & Up-gradation from design Km. 0.000 to Km. 69.280 of NH-931 Pratapgarh - Amethi - Gauriganj -Musafirkhana to two lane with paved shoulder on Engineering, Procurement & Construction EpC mode in the State of Uttar Pradesh",Ministry of Road Transport & Highways,Roads & Highways,Uttar Pradesh,1086.3,1086.3,0.0,4.0,0.0,-4.0,0.0,0.4151,0.728,0.0738,0.55,high
618089,Rehabilitation & Up-gradation of Mudkhed to Nanded section from Km. 372000 to Km 388400 of NH 161A i.e. Nanded-Bhokar-Himayatnagar-Kinwat-Mahur-Arani Road Design chainage from Km 372000 Mudkhed to Km 387650 Nanded of NH 161A Length 15.65 Km to 2/4Lane with paved shoulders configuration in the State of Maharashtra on EPC mode.,Ministry of Road Transport & Highways,Roads & Highways,Maharashtra,206.54,206.54,0.0,65.14,0.0,-65.14,0.0,1.5,0.9464,0.0772,0.5552,high
618046,Rehabilitation & Up-gradation of Sabalkhed to Ashti Section from Km 37900 to Km 55100 & Chinchpur to Jamkhed Section from km 70000 to km 72922 of NH-561 to Two lane with Paved shoulder/ Four lane configuration in the State of Maharashtra on EPC Mode Length20.122km.,Ministry of Road Transport & Highways,Roads & Highways,Maharashtra,213.33,213.33,0.0,95.88,0.0,-95.88,0.0,1.5,0.9384,0.0843,0.554,high
618020,"Rehabilitation & Upgradation of KurwaiMungaoliChanderi Road section of NH-346, from Design Chainge 0.000 to 81.300 Km Total length 83.1 km to Two lane with paved shoulder configuration along with One time improvement in 07 nos of bypassed built- up areas in a total length of 22.615 km in the state of Madhya Pradesh on EPC mode.",Ministry of Road Transport & Highways,Roads & Highways,Madhya Pradesh,386.49,386.49,164.43,64.71,42.54,-22.17,0.0,1.5,0.9149,0.0253,0.5146,high
618167,Rehabilitation & Upgradation of NH-731A from Km.0.00 to Km.35.00 to 2-lane with paved shoulder under EPC mode,Ministry of Road Transport & Highways,Roads & Highways,Uttar Pradesh,264.86,264.86,0.0,93.0,0.0,-93.0,0.0,1.5,0.9571,0.0665,0.5564,high
618239,"Rehabilitation & Upgradation of NH214New NH-216 from Km 34/230 to Km 84/550 Losari to Machavaram Section to two lane with paved shoulder in the state of Andhrapradesh under NHDP-IV through Engineering, Procurement& Construction EPC mode.",Ministry of Road Transport & Highways,Roads & Highways,Andhra Pradesh,445.22,459.37,0.0,98.6,0.0,-98.6,3.18,1.5,0.944,0.0677,0.5497,high
618386,Rehabilitation & Upgradation of Road from Km 0.00 to Km 18.600 Total length-18.600 km of Kumarghat-Kailashahar section on NH-208 to 2-lane with Paved shoulder on EPC bais under NHO,Ministry of Road Transport & Highways,Roads & Highways,Tripura,277.5,302.03,0.0,0.0,0.0,0.0,8.84,1.5,0.9349,0.0554,0.5391,high
618035,Rehabilitation & Upgradation of existing intermediate lane to two Lane with paved shoulder from km. 0.600 Gulganj bypass on NH-34 to km. 43.00 Barna River length 42.400 km. on Gulganj-Amanganj-Pawai-Katni NH43 Extn. in the state of Madhya Pradesh on EPCmode.,Ministry of Road Transport & Highways,Roads & Highways,Madhya Pradesh,275.4,275.4,0.0,53.0,0.0,-53.0,0.0,1.2234,0.958,0.0565,0.5523,high
618450,Rehabilitation & Upgradation of existing road to 2-lane with paved shoulder including geometric improvement of section from start of Rabangla km33.600 to km58.840 under SARDP-NE Phase A Pkg- IV,Ministry of Road Transport & Highways,Roads & Highways,Sikkim,292.8,292.8,1.91,65.1,0.65,-64.45,0.0,1.5,0.9506,0.0317,0.5371,high
617959,Rehabilitation & Widening work for 2 Lane with Paved Shoulder of Existing NH-80 from km 70.15 to Km 121.025 of Munger-Suttanganj -BhagatpurMirzachowki section on EPC Mode in the State of Bihar.,Ministry of Road Transport & Highways,Roads & Highways,Bihar,477.54,477.54,311.39,95.66,65.21,-30.45,0.0,1.5,0.8926,0.0512,0.514,high
618099,"Rehabilitation & up-gradation for Talere Gaganbawada - kolhapur Road NH 166G stretch start from km. 0/00 to Km. 06/00 and km. 13/00 to km 19/440 of NH-166G, length 12.440 km in the State of Maharashtra.",Ministry of Road Transport & Highways,Roads & Highways,Maharashtra,164.13,164.13,98.68,100.0,60.12,-39.88,0.0,1.2779,0.7764,0.1276,0.4844,medium
618154,"Rehabilitation & upgradation of Jamkhed to Sautada Section of NH548 D from km 195.375 to km 208.774, Length 13.399 Km to 2L PS /4L configuration with rigid pavement in the state of Maharashtra on EPC mode.",Ministry of Road Transport & Highways,Roads & Highways,Maharashtra,157.62,157.62,0.0,68.93,0.0,-68.93,0.0,1.5,0.9689,0.1276,0.5903,high
617992,Rehabilitation & upgradation of NH - 167 from design km 187.723 to 234.434 Miryalaguda to Kodad section to two lane with paved shoulder on EPC mode in the state of Telangana,Ministry of Road Transport & Highways,Roads & Highways,Telangana,322.81,322.81,148.48,98.14,46.0,-52.14,0.0,1.5,0.8791,0.028,0.4961,medium
618218,Rehabilitation & upgradation of existing road to 2-lane with hard shoulder from Joshimath km 0.00 to Saraithota km 29.725 road on NH-107B under Bharatmala Pariyojna on EPC mode in the state of Uttarakhand,Ministry of Road Transport & Highways,Roads & Highways,Uttarakhand,338.38,338.38,0.0,78.2,0.0,-78.2,0.0,1.5,0.9677,0.0651,0.5615,high
618181,Rehabilitation / Upgradation to 4 Lane with Paved shoulder of Existing Section in Sillod Town with Design Ch. Km54500 to Km 60679 [Length6.179 km] section of NH 753F Aurangabad-Jalgaon road on EPC Mode in the State of Maharashtra,Ministry of Road Transport & Highways,Roads & Highways,Maharashtra,153.79,153.79,0.0,98.0,0.0,-98.0,0.0,1.5,0.9572,0.1525,0.5951,high
618134,Rehabilitation /Upgradation from Lagam to Alapalli section Desing Km. 199/400 to km 227/400 Length 28.0 Km to 2 lane with Paved Shoulders/ 4 lane configuration section of NH-353 C Sakoli-Wadsa-Armori-Gadchiroli-Ashti-Alapalli Sironcha in Gadchiroli District on EPC mode in the state of Maharashtra.,Ministry of Road Transport & Highways,Roads & Highways,Maharashtra,459.39,459.39,0.0,69.15,0.0,-69.15,0.0,0.9986,0.8327,0.06,0.485,medium
617938,Rehabilitation And Upgradation to four lane with paved shoulder configuration from km 24350 to km 61875 Jawale - Borgaon Kale of NH-63 in the State of Maharashtra on EPC mode under Annual Plan 2024-25 Total length - 37.525 Km.,Ministry of Road Transport & Highways,Roads & Highways,Maharashtra,574.18,574.18,0.06,10.0,0.01,-9.99,0.0,0.6667,0.8661,0.032,0.4908,medium
618821,Rehabilitation and Up gradation from 4 to 8 laning of Chandikhole Paradip Section of NH-53 Old NH 5A from Km 18.00 to Km 39.00 in the State of Odisha on HAM mode Package-2,Ministry of Road Transport & Highways,Roads & Highways,Odisha,920.47,950.4,412.89,91.0,43.44,-47.56,3.25,1.3735,0.9151,0.0673,0.5336,high
618822,Rehabilitation and Up gradation from 4 to 8 laning of Chandikhole Paradip Section of NH-53 Old NH 5A from Km.0.00 to Km.18.00Package-1,Ministry of Road Transport & Highways,Roads & Highways,Odisha,929.91,869.45,365.01,92.3,41.98,-50.32,-6.5,1.3735,0.8836,0.0636,0.5146,high
618820,Rehabilitation and Up gradation from 4 to 8 laning of Chandikhole Paradip Section of NH-53 Old NH 5A from Km.39.000 to Km.60.00 Package-3,Ministry of Road Transport & Highways,Roads & Highways,Odisha,861.84,938.55,383.65,91.0,40.88,-50.12,8.9,1.3735,0.9177,0.0667,0.5348,high
619181,Rehabilitation and Up gradation from 4 to 8 laning of Chandikhole Paradip Section of NH-53 Old NH 5A from Km.60.000 to Km.76.646 Package-4,Ministry of Road Transport & Highways,Roads & Highways,Odisha,882.45,1009.92,163.87,32.0,16.23,-15.77,14.45,0.9557,0.6157,0.0315,0.3528,medium
619008,Rehabilitation and Up gradation of Charthana Jintur Section of NH 752 I Km 25100 to 47100 to 2 Lane with Paved Shoulder configuration Flexible Pavement in the state of Maharashtra on EPC mode. Reg- Resubmission of Annual Plan Estimate.,Ministry of Road Transport & Highways,Roads & Highways,Maharashtra,157.69,157.69,0.0,0.0,0.0,0.0,0.0,0.4432,0.0556,0.0727,0.55,high
618343,"Rehabilitation and Up gradation to 2-lane with paved shoulder of Keifang Section Economic Corridor of NH-06 from Existing Chainage Km 30050 Keifang to Km 50360 Keifang, Design Chainage Km 27400 to Km 45040 PkgIII in the State of Mizoram under Bharatmala Pariyojna on EPC Mode Seling-Dulte - III",Ministry of Road Transport & Highways,Roads & Highways,Mizoram,292.23,292.23,0.0,0.0,0.0,0.0,0.0,1.5,0.9147,0.0554,0.528,high
617907,Rehabilitation and Up-gradation from Km 170700 Bhadrachalam to Km 234567 Konta on NH-30 to Two lane with Paved Shoulder in the State of Andra Pradesh on EPC mode.,Ministry of Road Transport & Highways,Roads & Highways,Andhra Pradesh,436.09,436.09,221.22,100.0,50.73,-49.27,0.0,1.5,0.812,0.049,0.4686,medium
618163,"Rehabilitation and Up-gradation from km. 0000 to km.40390 of NH-730S MaharajganjNichloulThuthibari to two lane with paved shoulders in the State of U.P. on Engineering, Procurement & Construction EPC Basis.",Ministry of Road Transport & Highways,Roads & Highways,Uttar Pradesh,809.25,603.19,0.0,58.0,0.0,-58.0,-25.46,1.4982,0.9345,0.1261,0.5708,high
618236,Rehabilitation and Up-gradation of Dhindi - Digamarru section from Km 126/510 to Km 135/740 of NH -214New NH -216 and digamarru -Losari section from Km 0/000 tp Km 34/230 of NH-214 ANew Nh-216 to two lane with paved shoulder in the state of AP- NH,Ministry of Road Transport & Highways,Roads & Highways,Andhra Pradesh,316.06,288.76,220.75,100.0,76.45,-23.55,-8.64,1.5,0.8137,0.0776,0.4825,medium
618139,Rehabilitation and Up-gradation of Gangakhed Loha section of NH-361F from Km 169/00 to 210/00 to two lane with paved shoulder/ four lane configuration in the state of Maharashtra on EPC mode Length - 41.00 Km.,Ministry of Road Transport & Highways,Roads & Highways,Maharashtra,355.12,355.12,0.0,43.46,0.0,-43.46,0.0,0.9981,0.7002,0.0573,0.4109,medium
618137,Rehabilitation and Up-gradation of Jarud - Sirsala section of NH-361F km 59500 to km11500 to Two lane with paved shoulder/ Four Lane in the state of Maharashtra on EPC mode Length 55.5 Km.,Ministry of Road Transport & Highways,Roads & Highways,Maharashtra,540.35,540.35,95.57,49.89,17.69,-32.2,0.0,0.6671,0.4891,0.0234,0.2795,medium
617885,Rehabilitation and Up-gradation of Nongstoin Wahkaji section of Project Road Km 0000 to Km 43060 to Intermediate Lane with earthern shoulder under SARDP-NE Phase-A in the State of Meghalaya on EPC mode. Job No- SARDP-NE ong-Don- Maw/MG/2020-21/294,Ministry of Road Transport & Highways,Roads & Highways,Meghalaya,302.88,302.88,182.58,99.1,60.28,-38.82,0.0,1.5,0.8719,0.0406,0.4978,medium
618237,Rehabilitation and Up-gradation of Pasarlapudi to Dhindi section from Km 105/170 to Km 126/510 of NH -214 New NH -216 to two lane with paved shoulder in the state of Andhra Pradesh under NHDP-IV,Ministry of Road Transport & Highways,Roads & Highways,Andhra Pradesh,263.45,263.45,151.56,98.4,57.53,-40.87,0.0,1.5,0.852,0.0423,0.4876,medium
618238,Rehabilitation and Up-gradation of Thimmapuram to Gurajanapalli section from Km 26/150 to Km 41/161 of NH - 214 New NH - 216 to two lane with paved shoulder in the state of Andhra Pradesh under NHDP-IV,Ministry of Road Transport & Highways,Roads & Highways,Andhra Pradesh,350.61,432.91,233.92,98.2,54.03,-44.17,23.47,1.5,0.8735,0.0623,0.5084,high
618186,"Rehabilitation and Up-gradation of Valigonda to Thorrur Section to Two Lane with Paved Shoulders from Km 39.180 to Km 108.300 of NH-930P in the State of Telangana on Engineering, Procurement and Construction EPC Basis",Ministry of Road Transport & Highways,Roads & Highways,Telangana,549.28,549.28,296.89,94.01,54.05,-39.96,0.0,1.5,0.8703,0.0639,0.5074,high
618037,Rehabilitation and Up-gradation of existin of road from 2-lane to 2-lane with paved shoulders from km. 0.00 to km 53.590 total length-53.590 km of Raychoti to Vempalli section of NH-440 in the State of Andhra Pradesh on EPC mode.,Ministry of Road Transport & Highways,Roads & Highways,Andhra Pradesh,439.82,359.52,178.83,82.0,49.74,-32.26,-18.26,1.5,0.9236,0.0292,0.5211,high
618888,Rehabilitation and Up-gradation of existing road to 2L PS from End of Hamirpur Bypass near Chilbahal to Bhangbar section from Km. 138.295 to Km.175.270 of NH- 88 Pkg-IV,Ministry of Road Transport & Highways,Roads & Highways,Himachal Pradesh,1146.19,1358.62,293.43,91.35,21.6,-69.75,18.53,1.5,0.945,0.0804,0.5559,high
618150,Rehabilitation and Up-gradation of i. Deogaon phata to Digras phata Ch. 0/000 to 15/000 & Selu to Borgavhan Ch 20/900 to 35/800 [Length 29.9km] ii. Injegaon Dhamoni to Pohner Phata Ch.58/200 to Ch. 83/700 [Length25.5 km] and iii. Pohner phata to Pathri Design Ch. 42/700 to 58/200 [Length 15.5 km] sections of NH-548B to Two lane with paved shoulder configuartion in the state of Maharashtra on EPC mode Total project length 70.9 Km.,Ministry of Road Transport & Highways,Roads & Highways,Maharashtra,761.83,761.83,0.0,15.0,0.0,-15.0,0.0,0.6671,0.6797,0.0528,0.3976,medium
618096,Rehabilitation and Up-gradation to 2 lane road with paved shoulders configuration for the balance work of 13 km length on Helwak-Patan-Karad section Km. 85000 to 133 417 of NH-166E in the state of Maharashtra on EPC mode.,Ministry of Road Transport & Highways,Roads & Highways,Maharashtra,181.45,181.45,0.0,87.0,0.0,-87.0,0.0,1.2779,0.9657,0.1036,0.5778,high
618188,Rehabilitation and Up-gradation to 2 lane with paved shoulder configuration of Mahud Sangola road NH 965 G 159400 to 161900and 162400 to 183960 Design Chainage from km. 32/300 to km. 34/800 and km. 35/800 to km. 56/860 Rigid Pavement on EPC mode in the State of Maharashtra.,Ministry of Road Transport & Highways,Roads & Highways,Maharashtra,253.78,253.78,0.0,99.75,0.0,-99.75,0.0,1.5,0.9227,0.0722,0.54,high
618263,"Rehabilitation and Up-gradation to 2LPS from Km. 0.000 to Km. 7.800 and Km. 35.400 to Km. 52.345 Design length 24.745 Km., except Bihar portion of NH-727B Tamkuhiraj to Bihar Border and Bihar Border to Majhauli on EPC mode in the State of Uttar Pradesh",Ministry of Road Transport & Highways,Roads & Highways,Uttar Pradesh,701.02,701.02,0.0,81.18,0.0,-81.18,0.0,1.1117,0.832,0.1243,0.5135,high
618880,Rehabilitation and Up-gradation to 4L configuration & Strengthening of Thanpuri to Paror section from Km 85.135 to Km 100.840 of NH-154 Pkg-IIC,Ministry of Road Transport & Highways,Roads & Highways,Himachal Pradesh,815.68,666.79,200.36,51.56,30.05,-21.51,-18.25,1.4266,0.9296,0.0693,0.5425,high
619136,Rehabilitation and Upgradation of Chorma - Bairgania Section of National Highway No 227F to 2 lane with paved shoulders from Design Ch.0.000 to Ch. 34.566,Ministry of Road Transport & Highways,Roads & Highways,Bihar,610.78,628.65,328.56,99.5,52.26,-47.24,2.93,1.3457,0.7936,0.0588,0.4629,medium
617940,"Rehabilitation and Upgradation of LB-Nagar to Malkapur section to 6-Lane main carriageway with service roads, drains cum footpath, including VUPs and widening of Minor bridge & road safety provisions from Km. 15/00 to Km 40/00 of NH-65 Old NH-9 under NH O for the year 2020-21 in the state of Telangana on EPC Mode.",Ministry of Road Transport & Highways,Roads & Highways,Telangana,545.11,545.11,273.9,80.59,50.25,-30.34,0.0,1.5,0.8882,0.0607,0.5158,high
618175,Rehabilitation and Upgradation of Satana to Mangrul Chandwad Section of NH752 G Design Ch Km 64.000 to Ch Km 101.140 two lane with paved shoulder/four lane configuration in the state of Maharashtra on EPC mode.,Ministry of Road Transport & Highways,Roads & Highways,Maharashtra,428.8,428.8,0.0,93.46,0.0,-93.46,0.0,1.5,0.9445,0.0681,0.5501,high
618179,Rehabilitation and Upgradation of Shewali phata to Kalambhir section i.e. Km 0443 to Km 4500 & Nizampur to Chadwel section i.e. Km 13485 to Km 26265 Length16.317 Km excluding 2 Major Bridges with approaches Km 13735 to Km 14095 & Km 19660 to Km 20030 of NH 753B to 2LPS Configuration in the State of Maharashtra on EPC Mode.,Ministry of Road Transport & Highways,Roads & Highways,Maharashtra,181.58,181.58,0.0,93.01,0.0,-93.01,0.0,1.3843,0.9485,0.1062,0.5694,high
618213,Rehabilitation and Upgradation of road Rishikesh Dharasu Old NH-94 with 2-lane with paved shoulder from km 76.000 to km 110.000 Design Chainage from km 74.733 to km 107.347 32.614 km including construction of Kamand re-alignment from existing Chainage Km 105.200 to Km 108.600 design chainage Km 103.436 to Km 105.949 - total length 2513 mtrs and land slide treatment work between design chainage Km 73.800 to Km 74.00 200m on EPC mode under improvement to NH connectivity to Chardham in,Ministry of Road Transport & Highways,Roads & Highways,Uttarakhand,273.76,273.76,0.0,96.46,0.0,-96.46,0.0,1.5,0.9596,0.0665,0.5577,high
618231,Rehabilitation and Upgradation to 2-lane configuration of Hamirpur-Karnohal Section km 141.00 to 181.00 of NH-70 in the State of Himachal Pradesh under Green National Highways Corridor Project GNHCP with the loan assistance of World Bank on EPC mode.Package-1,Ministry of Road Transport & Highways,Roads & Highways,Himachal Pradesh,371.93,371.93,198.34,91.49,53.33,-38.16,0.0,1.5,0.8657,0.0407,0.4945,medium
618230,Rehabilitation and Upgradation to 2-lane configuration of Kalwahn-Mandi Section km 208.950 to 250.592 of NH-70 in the State of Himachal Pradesh under Green National Highways Corridor Project GNHCP with the loan assistance of World Bank on EPC mode.Package-3,Ministry of Road Transport & Highways,Roads & Highways,Himachal Pradesh,314.32,314.32,0.0,67.92,0.0,-67.92,0.0,1.5,0.9655,0.062,0.5589,high
618232,Rehabilitation and Upgradation to 2-lane configuration of Karnohal- Kalwahn Section km 181.00 to 208.950 of NH-70 in the State of Himachal Pradesh under Green National Highways Corridor Project GNHCP with the loan assistance of World Bank on EPC mode.Package-2,Ministry of Road Transport & Highways,Roads & Highways,Himachal Pradesh,251.62,190.02,74.12,55.85,39.01,-16.84,-24.48,1.1338,0.9273,0.0276,0.5224,high
618256,"Rehabilitation and Upgradation to 2-lane with paved should ders Sir, configuration of Chaprathipalem to Lambasingi section Km 165500 to Km 205000 of NH-516E in the State of Andhra Pradesh under Green National Highways Corridor Project GNHCP with the loan assistance of World Bank on EPC mode",Ministry of Road Transport & Highways,Roads & Highways,Andhra Pradesh,311.22,311.22,195.13,91.25,62.7,-28.55,0.0,1.5,0.841,0.0535,0.4866,medium
618257,Rehabilitation and Upgradation to 2-lane with paved shoulders configuration of Koyyuru to Chaprathipalem section Km 120000 to Km 165500 of NH-516E in the State of Andhra Pradesh under Green National Highways Corridor Project GNHCP with the loan assistance of World Bank on EPC mode,Ministry of Road Transport & Highways,Roads & Highways,Andhra Pradesh,349.29,349.29,242.02,100.0,69.29,-30.71,0.0,1.5,0.7996,0.0798,0.4757,medium
618050,Rehabilitation and Upgradation to 2-lane/Intermediate lane configuration of Ashyari- Shri Kyari Section km 50.000 to km 75.000 of NH-707 in the state of Himachal Pradesh under Green National Highways Corridor Project GNHCP with the loan assistance of World Bank on EPC mode.,Ministry of Road Transport & Highways,Roads & Highways,Himachal Pradesh,345.89,359.56,146.64,98.16,40.78,-57.38,3.95,1.5,0.878,0.028,0.4955,medium
618879,Rehabilitation and Upgradation to 2L PS configuration & Strengthening of Padhar to Bijni section from Km 180.000 to Km 202.815 of NH-154 Pkg-VA,Ministry of Road Transport & Highways,Roads & Highways,Himachal Pradesh,930.86,930.86,339.37,92.01,36.46,-55.55,0.0,0.9151,0.3265,0.0425,0.1987,low
618878,Rehabilitation and Upgradation to 4L configuration & Strengthening of Sihuni to Rajol from Km 51.000 to Km 72.000 of NH-154 Package-IIA,Ministry of Road Transport & Highways,Roads & Highways,Himachal Pradesh,696.65,776.59,318.08,96.6,40.96,-55.64,11.47,1.4979,0.8977,0.063,0.5221,high
618040,Rehabilitation and Upgradation to Two lanes with Paved Shoulders configuration and Strengthening from Km 175.00 to Km 196.00 Gumkhal to Satpuli of NH-119 New NH- 534 in the State of Uttarakhand under NHO Annual Plan 2021-22 under EPC mode,Ministry of Road Transport & Highways,Roads & Highways,Uttarakhand,452.81,452.81,0.0,42.0,0.0,-42.0,0.0,0.8315,0.6869,0.0521,0.4013,medium
618174,Rehabilitation and Upgradation to two lane with paved shoulder configuration of NH- 752G from Sakri to Pimpalner Section Design Ch km 0000 to Ch km 21411 in the state of Maharashtra on EPC Mode. Length 21.411 km.,Ministry of Road Transport & Highways,Roads & Highways,Maharashtra,226.58,226.58,0.0,100.0,0.0,-100.0,0.0,0.9434,0.6176,0.1546,0.4092,medium
617966,Rehabilitation and Upgrading to 2 lanes/2-lane with paved shoulders configuration and strengthening of of Birpur and Bihpur Section from km 0.0 to Km 106 of NH 106 under phase I of National Highways Interconnectivity Improvement Projects NHIIP ICB No. NHIIP-BR-106-7 [NHIIP-BR-106-7],Ministry of Road Transport & Highways,Roads & Highways,Bihar,780.77,961.33,0.04,99.74,0.0,-99.74,23.13,1.5,0.9019,0.1416,0.5597,high
618418,Rehabilitation and up gradation of Nongstoin-Rambrai-Kyrshai road up to Meghalaya- Assam border from Km 0.335 to km 34.039 to 2-Lane under NHO - NE in the State of Meghalaya Package-1,Ministry of Road Transport & Highways,Roads & Highways,Meghalaya,359.86,359.86,214.12,80.49,59.5,-20.99,0.0,1.5,0.9164,0.0377,0.5209,high
619185,Rehabilitation and up-gradation and completion of balance work of section from Km 155.00 to Km 181.00 End of Jarwa to Rangat of NH -4 Total length 26 Km to Intermediate Lane/2-lane with hard shoulders in the UT of A&N Islands on EPC basis - Package-III.B Balance work,Ministry of Road Transport & Highways,Roads & Highways,Andaman & Nicobar,183.56,333.12,0.0,47.28,0.0,-47.28,81.48,1.5,0.9411,0.0774,0.5525,high
617991,"Rehabilitation and up-gradation of NH-167 from Km 14/900 to Km70/000 Design Ch. 14/900 to 69/700 Chintakunta to Adoni section to two lane with paved shoulders in the State of Andhra Pradesh under Corridor Approach through Engineering, Procurement",Ministry of Road Transport & Highways,Roads & Highways,Andhra Pradesh,290.15,290.15,140.23,91.9,48.33,-43.57,0.0,1.5,0.8592,0.0358,0.4887,medium
618385,Rehabilitation and up-gradation of road from design km 25.250 to km 36.460 Total lengh 11.210 km of Kailashahar-Kurti Bridge section on NH-208A to 2-lane with paved shoulder on EPC basis under NHO Package-III- Balance Work,Ministry of Road Transport & Highways,Roads & Highways,Tripura,174.43,174.43,0.0,41.9,0.0,-41.9,0.0,1.3352,0.9413,0.0827,0.5549,high
619184,"Rehabilitation and up-gradation of section to Intermediate/2-Lane with hard shoulder from Km 107.760 to Km 129.445 After Middle strait to Humphrey, Km 130.600 to Km 138.00 After Humphrey to Kadamtala & Km 155.00 to Km 181.0 End of Jarwa to Rangat of NH-04 in UT of A&N on EPC Package-IIIA",Ministry of Road Transport & Highways,Roads & Highways,Andaman & Nicobar,207.45,376.48,0.0,78.01,0.0,-78.01,81.48,1.5,0.9593,0.083,0.565,high
618225,Rehabilitation and up-gradation to 2 lane with paved shoulder from existing chainage km 134950 to km 166100 Design chainage km 116980 to km 146700 under 31 TF on Akhnoor-Poonch road NH-144A in the UT of Jammu & Kashmir under Project Sampark BRO on EPC mode Package-VI Job no NH-144A-J&K-2021-22-106,Ministry of Road Transport & Highways,Roads & Highways,Jammu and Kashmir,395.25,395.25,144.04,89.05,36.44,-52.61,0.0,1.5,0.9058,0.0267,0.5102,high
618224,Rehabilitation and up-gradation to 2 lane with paved shoulder from existing chainage km 49150 to km 64535 Design chainage km 46.450 to km 55.800 including construction of Sungal Tunnel Total length of Tunnel 2.79 km under 13 TF on Akhnoor-Poonch road NH-144A under Project Sampark BRO in the UT of Jammu & Kashmir on EPC mode Package-II Job no NH-144A-J&K-2019-20-78,Ministry of Road Transport & Highways,Roads & Highways,Jammu and Kashmir,796.97,796.97,432.45,92.01,54.26,-37.75,0.0,1.5,0.8839,0.1108,0.536,high
618223,Rehabilitation and up-gradation to 2 lane with paved shoulder from existing chainage km 64535 to km 85385 Design chainage km 55800 to km 74350 under 13 TF on Akhnoor-Poonch road NH-144A under Project Sampark BRO in the UT of Jammu & Kashmir on EPC mode Package-III Job no NH-144A-J&K-2019-20-79,Ministry of Road Transport & Highways,Roads & Highways,Jammu and Kashmir,152.93,152.93,75.64,88.94,49.46,-39.48,0.0,1.5,0.8893,0.0563,0.5144,high
618119,Rehabilitation and up-gradation to 2-lane configuration of Bageshwar to Kangarchina road from km 129.600 to Km 161.600 Existing Chainage 136.00 to Km 169.00 of NH- 309Ain the State of Uttarakhand Package-IV under NHO Annual Plan 2021-22,Ministry of Road Transport & Highways,Roads & Highways,Uttarakhand,472.23,472.23,0.0,60.0,0.0,-60.0,0.0,0.8315,0.7182,0.0585,0.4213,medium
617911,Rehabilitation and upgradation Umaria to Shahdol section of NH-78 from Existing Km. 68/4 to Km. 142/2 to 2LPS including construction of Birshinghpur and Shahdol Bypass on EPC mode under NHDP-IVA,Ministry of Road Transport & Highways,Roads & Highways,Madhya Pradesh,511.83,613.16,0.0,94.5,0.0,-94.5,19.8,1.5,0.9436,0.0919,0.5604,high
618103,Rehabilitation and upgradation from Km 22300 to 58635 of MudireddyPalle to Kadapa/Nellore Border via porumamilla Section of NH 167 Two Lane with paved Shoulder in,Ministry of Road Transport & Highways,Roads & Highways,Andhra Pradesh,279.29,279.29,155.02,88.25,55.51,-32.74,0.0,1.2779,0.931,0.0408,0.5304,high
618176,Rehabilitation and upgradation from ch km 50/200 to 56/800 and km 62/600 to 100/403 of Kolde to Visarwadi Near Junction with NH-6 section of NH 752G total length 44.40 to two-lane with paved shoulder / four lanes in the State of Maharashtra on EPC mode.,Ministry of Road Transport & Highways,Roads & Highways,Maharashtra,349.08,349.08,0.0,21.6,0.0,-21.6,0.0,0.3315,0.5679,0.0676,0.3428,medium
618124,Rehabilitation and upgradation from km 51.600 to km 75.700 of NH-321G Nuhkhas to Etah section to two lane with paved shoulder configuration under EPC mode in the State of Uttar Pradesh,Ministry of Road Transport & Highways,Roads & Highways,Uttar Pradesh,343.54,343.54,75.71,65.0,22.04,-42.96,0.0,1.5,0.9443,0.0288,0.5323,high
617974,Rehabilitation and upgradation of 2 lane with paved shoulder from existing km. 195.175 to km. 220.000 Design Chainage km71.300 to Km. 95.947 Excluding existing chainage Km 200.300 to Km 202.400 Design chainage Km 76.400 to Km 78.400 on Dharasu to Yamunotri Road of NH- 134 Old NH-94,Ministry of Road Transport & Highways,Roads & Highways,Uttarakhand,344.73,344.73,0.0,17.78,0.0,-17.78,0.0,0.3658,0.608,0.0633,0.3629,medium
618210,Rehabilitation and upgradation of Askot-Lipulekh on EPC Basis for Phase-I Existing Km 72.00 to 107.620 Design Chainage Km 21330 to Km 56935 under Project Hirak of BRO in the state of Uttarakhand under Bharatmala Pariyojna Phase-I on EPC Mode Length-35.605 Km CA No EPC/MORT&H/HRK/01/2021-22,Ministry of Road Transport & Highways,Roads & Highways,Uttarakhand,603.92,603.92,0.0,81.17,0.0,-81.17,0.0,1.5,0.9472,0.1118,0.5713,high
618125,Rehabilitation and upgradation of NH 326A from km 0/0 to 41/979 excluding km 2/255 to 3/372 and km 36/820 to 38/275 Odisha border to Narasamapeta to two lane with paved Shoulders in the State of Andhra Pradesh under NHO on EPC Mode,Ministry of Road Transport & Highways,Roads & Highways,Andhra Pradesh,228.32,228.32,44.45,100.0,19.47,-80.53,0.0,1.5,0.8288,0.0619,0.4837,medium
617994,Rehabilitation and upgradation of NH-167 from design km 113.900 to 154.479 Mallepally Haliya section to two lane with paved shoulders on EPC mode in the stte of Telangana,Ministry of Road Transport & Highways,Roads & Highways,Telangana,294.13,257.61,239.25,88.22,92.87,4.65,-12.42,1.5,0.9451,0.119,0.5733,high
617993,Rehabilitation and upgradation of NH-167 from design km 157.707 to 187.723 design length 30.016 km to two lane with paved shoulders of Alinagar-Miryalaguda Sec on EPC mode in the state of Telangana,Ministry of Road Transport & Highways,Roads & Highways,Telangana,220.28,220.28,0.0,97.74,0.0,-97.74,0.0,1.5,0.9337,0.0954,0.5565,high
618191,"Rehabilitation and upgradation of NH-167AD from Macherla to Dachepalli via Paluvai Junction, Rentachinthala, Gurazala from Km.0.000 to 43.659 to two lane with paved shoulders in the state of Andhra Pradesh job-729",Ministry of Road Transport & Highways,Roads & Highways,Andhra Pradesh,403.22,403.22,227.13,99.06,56.33,-42.73,0.0,1.5,0.8819,0.0367,0.5016,high
619193,Rehabilitation and upgradation of NH-221 from km 121/0 to 165/0 Rudrampur to Bhadrachalam section to two lane with paved shoulder under NHDPIV in the state of Telangana through EPC mode,Ministry of Road Transport & Highways,Roads & Highways,Telangana,295.47,334.82,375.14,82.76,112.04,29.28,13.32,1.5,0.9713,0.4787,0.7496,high
618194,Rehabilitation and upgradation of New NH 544DD from design Chainage Km. 56/000 to 102/20 of Kalyandrg - Molakalmuru Section,Ministry of Road Transport & Highways,Roads & Highways,Andhra Pradesh,294.13,285.29,312.39,98.52,109.5,10.98,-3.01,1.5,0.9536,0.4443,0.7244,high
618187,"Rehabilitation and upgradation of Salon - Jais - Jagdishpur Road section of NH-931A, from design Chainage km 0.000 to km 5.740 to four lane divided carriageway and from design Chainage km 5.740 to km 53.500 to two lane with paved Total length km 53.500 along with One time improvement in 04 no's of realigned/bypassed built-up areas in a total length of 9.732 km in the state of Uttar Pradesh on EPC mode",Ministry of Road Transport & Highways,Roads & Highways,Uttar Pradesh,947.15,947.15,0.0,4.0,0.0,-4.0,0.0,0.4575,0.725,0.0722,0.55,high
618342,Rehabilitation and upgradation to 2 Lane with Paved shoulder of Economic corridor of NH-6 from Design chaiange Km 0.000 to Km 13.510 Package-1 in the state of Mizoram under Bharatmala Pariyojana on EPC mode,Ministry of Road Transport & Highways,Roads & Highways,Mizoram,206.9,206.9,0.0,0.0,0.0,0.0,0.0,1.5,0.8904,0.0662,0.5195,high
618214,Rehabilitation and upgradation to 2 lane / 2 lane with paved shoulder configuration for design chainage km 107.347 to km 129.208 & km 133.878 to km 138.570 existing chainage km 110.000 to km 133.020 & km 137.330 to km 142.028 and land slide treatment at existing km 138.500 Design chainage km 134.970 of NH -94 on EPC mode under improvement to NH connectivity to Chardham in the state of Uttarakhand.,Ministry of Road Transport & Highways,Roads & Highways,Uttarakhand,346.5,346.5,0.0,100.0,0.0,-100.0,0.0,1.5,0.9172,0.1068,0.5525,high
617975,Rehabilitation and upgradation to 2 lane with paved shoulder configuration from km 122.00 Dharasu Bend to km 147.230 Silkyara Bend of NH-94 in the state of Uttarakhand,Ministry of Road Transport & Highways,Roads & Highways,Uttarakhand,237.79,237.79,79.56,100.0,33.46,-66.54,0.0,1.5,0.7981,0.0474,0.4603,medium
618221,Rehabilitation and upgradation to 2 lane with paved shoulder from existing chainage Km 166.100 to Km 192.98 design chainage Km 146.700 to Km 162.800 including construction of Bhimber Gali Tunnel Total Length of Tunnel 1.100 Km under 31 BRTF on Akhnoor-Poonch Roads on EPC mode NH-144A Package-VII,Ministry of Road Transport & Highways,Roads & Highways,Jammu and Kashmir,734.64,734.64,0.0,45.41,0.0,-45.41,0.0,1.0836,0.6089,0.0949,0.55,high
618226,Rehabilitation and upgradation to 2 lane with paved shoulder from existing chainage Km 30.053 to Km 49.150 design chainage Km 30.000 to Km 46.450 including Kandi Tunnel under 31 BRTF on Akhnoor-Poonch Road NH-144A Under Project Sampark in the UT of Jammu & Kashmir EPC modePackage-I Job no NH-144A-J&K-2020-21-83.,Ministry of Road Transport & Highways,Roads & Highways,Jammu and Kashmir,272.49,272.49,157.74,94.0,57.89,-36.11,0.0,1.5,0.858,0.0403,0.49,medium
618266,Rehabilitation and upgradation to 2-lane with paved sholuders configuration of Bewar- Allahaganj- section of NH-730C Km.0.000 to Km 52.770 pakage-I in state of Uttar Pradesh undergreen national Highway Corridor Project GNHCP with the loan assistance of world Bank on EPC mode.,Ministry of Road Transport & Highways,Roads & Highways,Uttar Pradesh,325.24,340.16,0.0,98.0,0.0,-98.0,4.59,1.5,0.9528,0.0685,0.5548,high
618240,Rehabilitation and upgradation to 2-lane with paved sholuders configuration of Bewar- naer Karri village section Km0.00 to Km30.00 Pakage-I of NH-92 in state of Uttar Pradesh undergreen national Highway Corridor Project GNHCP with the loan assistance of world Bank on EPC mode.,Ministry of Road Transport & Highways,Roads & Highways,Uttar Pradesh,236.47,236.47,0.0,90.0,0.0,-90.0,0.0,1.5,0.9274,0.0673,0.5404,high
618265,Rehabilitation and upgradation to 2-lane with paved sholuders configuration of Miranpur Katra to radhaita section of NH-730CKm.114.000 to Km 137.250pakage-III in state of Uttar Pradesh undergreen national Highway Corridor ProjectGNHCP with the loan assistance of world Bank on EPC mode.,Ministry of Road Transport & Highways,Roads & Highways,Uttar Pradesh,172.5,169.56,0.0,89.0,0.0,-89.0,-1.7,1.5,0.9649,0.0992,0.5753,high
618229,Rehabilitation and upgradation to 2-lane with paved sholuders configuration of Near Karri village-Etawah section Km30.000 to Km 57.346 Pakage-II of NH-92 in state of Uttar Pradesh undergreen national Highway Corridor ProjectGNHCP with the loan assistance of world Bank on EPC mode.,Ministry of Road Transport & Highways,Roads & Highways,Uttar Pradesh,211.09,206.56,0.0,100.0,0.0,-100.0,-2.15,1.5,0.9148,0.1631,0.5765,high
617963,Rehabilitation and upgradation to four lane road from km 70.500 to km 78.600 of NH- 92 under EPC mode in the State of Uttar Pradesh,Ministry of Road Transport & Highways,Roads & Highways,Uttar Pradesh,296.02,351.78,0.0,35.0,0.0,-35.0,18.84,0.8315,0.6699,0.0548,0.3931,medium
618026,Rehabilitation and upgradation to two lane with paved shoulders from Km 0/000 to 72/6 of NH-365 Nakrekal to Tanamcherla section under NHDP IV in the state of Telangana under EPC mode,Ministry of Road Transport & Highways,Roads & Highways,Telangana,605.08,605.08,585.2,99.9,96.71,-3.19,0.0,1.5,0.9192,0.2164,0.603,high
618041,Rehabilitation and upgrading to two lanes with paved shoulders and Strengthening of Kotdwar-Pauri-Srinagar road section from Km 232.00 to 274.470 on NH-119 New 534 Paidul to Srinagar in the State of Uttarakhand on EPC Mode under NHO Annual Plan 2021-22.,Ministry of Road Transport & Highways,Roads & Highways,Uttarakhand,299.31,299.31,0.0,2.0,0.0,-2.0,0.0,0.374,0.4869,0.0362,0.55,high
618199,"Rehabilitation, Upgradation & Widening of existing Highway to Rigid Pavement 2 Lane with Paved Shoulder of NH 965DD from Lonand Shirval-Bhor Mandangad-Pchral Section ShindewadiPhata to Varandah Ghat Dist Border from Km 33/550 to 92/550 in the state of Maharashtra on EPC mode.",Ministry of Road Transport & Highways,Roads & Highways,Maharashtra,723.13,723.13,0.0,48.5,0.0,-48.5,0.0,1.0836,0.6089,0.0949,0.55,high
617979,"Rehabilitation, upgradation & widening of existing highway to 2L/4LPS Rigid Pavement of NH 160 section- Phaltan to Mhaisal near Karnataka Border including Tasgaon Bypass, from existing chainage Km 301/430 to Km 458/415 in the State of Maharashtra. Package-I starting from existing chainage Km 301/430 at Phaltan Village Junction of Phaltan Baramati Road Design Chainage -301/430km & ending at existing chainage Km 341/300 Dahiwadi Village Bus Stop Design chainage Km 340466km in the S",Ministry of Road Transport & Highways,Roads & Highways,Maharashtra,533.76,533.76,0.0,68.95,0.0,-68.95,0.0,0.6671,0.8332,0.0584,0.4846,medium
617978,"Rehabilitation, upgradation & widening of existing highway to 2L/4LPS Rigid Pavement of NH 160 section- Phaltan to Mhaishal near Karnataka Border including Tasgaon Bypass, from existing chainage Km 301/430 to Km 458/415 in the State of Maharashtra- Package-II & Package III combined- starting from existing chainage Km 341/300 to Km 394/130 and design chainage Km 340/250 at Dahiwadi Village to Km 392/950 ending at Vita Village in the State of Maharashtra on EPC Mode.",Ministry of Road Transport & Highways,Roads & Highways,Maharashtra,631.76,631.76,187.58,74.54,29.69,-44.85,0.0,0.6671,0.5773,0.0267,0.3295,medium
618042,"Rehabilitation/ Upgradation of existing Highway to four lane standards in Kurkheda town from km.413257 to km 410775, Two lane in Shankarpur Gurnuli km 42400 to km 43100 section and Reconstruction of Major Bridge at Ch. 448558 Bhuti Nallah and Ch. 411695 Sati River bridge, Minor Bridge at Ch. 411477 and Ch. 405800 Lendhari Bridge of NH 543 Bhamhapuri-wadsa-kurkheda-korchi-Deori-Amgaon road on EPC mode in the State of Maharashtra",Ministry of Road Transport & Highways,Roads & Highways,Maharashtra,163.86,163.86,0.0,42.78,0.0,-42.78,0.0,1.5,0.9402,0.109,0.5662,high
618065,"Rehabilitation/Upgradation of existing Highway to 2LPS/4 lane of Dhawali to Rajoli from Design Km.149476 to 163476 existing Km.150000 to 164000, Pandhasala to Mohadongri from design Km.170476 to 181476 existing Km.171000 to 182000, Ambeshivni Fata to Bodli from design Km.183476 to 185476 existing Km.184000 to 186000 and Made Tukum to Gadchiroli from design Km.188476 to 189476 existing Km.188000 to 18900 having length 28 km of NH-930 of Dhawali to Gadchroli road in the",Ministry of Road Transport & Highways,Roads & Highways,Maharashtra,316.44,316.44,0.0,31.97,0.0,-31.97,0.0,1.5,0.9386,0.0587,0.5426,high
701719,Rehablitation in Junavadaj Area Smart City Project,Ministry of Housing & Urban Affairs,Real Estate,Gujarat,539.0,539.0,599.76,98.5,111.27,12.77,0.0,1.5,0.9663,0.7339,0.8617,critical
701410,Relining of Rajasthan feeder and Sirhind Feeder canal,"Department of Water Resources, River Development & GR",Water Resources,Punjab,1441.26,2462.16,2222.34,90.0,90.26,0.26,70.83,1.5,0.9832,0.9157,0.9529,critical
618700,Renigunta - Poyya - Naidupeta km 124.60 to km 183.4 of NH 71,Ministry of Road Transport & Highways,Roads & Highways,Andhra Pradesh,1863.09,2510.14,1488.04,98.6,59.28,-39.32,34.73,1.5,0.9334,0.1504,0.5811,high
705610,"Renigunta, Wadi & Gooty Bypass Railway Project",Ministry of Railways,Railways,"Multi-States (Andhra Pradesh, Karnataka)",302.0,543.0,635.72,89.03,117.08,28.05,79.8,1.0773,0.8794,0.5419,0.7276,high
701570,"Replacement and revamping of pipeline projects in oil jetty area, Kandla","Ministry of Ports, Shipping and Waterways",Shipping,Gujarat,171.0,211.61,149.5,91.0,70.65,-20.35,23.75,1.5,0.8837,0.1758,0.5651,high
617255,"Replacement of Converter Vessels, Trunnion Rings, Support System & Installation of Secondary Emission at Bhilai Steel Plant",Ministry of Steel,Steel,Chhattisgarh,471.83,471.83,239.59,67.07,50.78,-16.29,0.0,1.0997,0.752,0.0354,0.4295,medium
617243,Replacement of Hot Leveller No.1 of Plate Mill at Bhilai Steel Plant,Ministry of Steel,Steel,Chhattisgarh,198.62,198.62,75.16,79.73,37.84,-41.89,0.0,1.0873,0.5506,0.0401,0.3209,medium
617249,Replacement of existing Grinders in CRM-I & II at Bokaro Steel Plant,Ministry of Steel,Steel,Jharkhand,211.94,211.94,58.64,47.5,27.67,-19.83,0.0,0.824,0.5776,0.0282,0.3304,medium
617254,Replacement of remaining 04 sets of Battery Cyclones with 04 Nos. of ESPs in Sinter Plant-1 at Bokaro Steel Plant,Ministry of Steel,Steel,Jharkhand,260.37,260.37,102.86,44.17,39.51,-4.66,0.0,1.115,0.8812,0.0378,0.5017,high
709840,"Restoration of Gas Terminal, Phase-I [Part-A], Hazira",Ministry of Petroleum & Natural Gas,Oil & Gas,Gujarat,249.43,249.43,210.5,97.1,84.39,-12.71,0.0,1.5,0.9337,0.067,0.5437,high
709781,Revamping / Augmentation of Facilities at Mathura Bitumen Plant,Ministry of Petroleum & Natural Gas,Oil & Gas,Uttar Pradesh,260.12,260.12,20.15,52.3,7.75,-44.55,0.0,0.8548,0.4955,0.0263,0.2844,medium
617251,Revamping of Air Pollution Control Systems of SP-1 at Durgapur Steel Plant,Ministry of Steel,Steel,West Bengal,196.4,196.4,35.36,24.8,18.0,-6.8,0.0,1.2364,0.9263,0.0381,0.5266,high
709845,"Revamping of SV Stations, Gas Terminal & Kribhco Terminal",Ministry of Petroleum & Natural Gas,Oil & Gas,Gujarat,837.34,837.34,445.89,67.7,53.25,-14.45,0.0,1.0219,0.6865,0.0649,0.4068,medium
617253,Revamping of old sub-systems of Blast Furnace 3 at Bokaro Steel Plant,Ministry of Steel,Steel,Jharkhand,513.82,513.82,408.4,97.3,79.48,-17.82,0.0,1.5,0.9417,0.0647,0.547,high
709774,Revamping/ Augmentation of facilities at existing port terminal at Mangalore,Ministry of Petroleum & Natural Gas,Oil & Gas,Karnataka,463.0,500.62,302.1,83.0,60.35,-22.65,8.13,1.1909,0.9324,0.0451,0.5331,high
617416,"Revised Jharia Master Plan for Dealing with Fire, Subsidence & Rehabilitation of affected families in Jharia Coalfield- Reg.",Ministry of Coal,Coal,Jharkhand,5940.47,5940.47,262.83,26.0,4.42,-21.58,0.0,0.3411,0.5524,0.0184,0.3121,medium
611861,Rewari - Kathuwas Doubling Project [27.72 Km],Ministry of Railways,Railways,"Multi-States (Haryana, Rajasthan)",352.0,352.0,315.28,73.0,89.57,16.57,0.0,0.8332,0.7885,0.2855,0.5621,high
400382,Rewas Port Project,"Ministry of Ports, Shipping and Waterways",Shipping,Maharashtra,6000.0,6000.0,5999.89,88.0,100.0,12.0,0.0,1.5,0.99,0.367,0.7096,high
705429,Rishikesh-Karnaprayag New Rail Line- 125 km,Ministry of Railways,Railways,Uttarakhand,38953.0,38953.0,28286.15,74.0,72.62,-1.38,0.0,1.1019,0.9566,0.1969,0.6147,high
618886,Road Safety Improvement of Critical Junctions on MuzaffarnagarHaridwar Section of NH-334 from Km 143000 to Km 196000,Ministry of Road Transport & Highways,Roads & Highways,"Multi-States (Uttar Pradesh, Uttarakhand)",238.66,0.1,11.65,11.12,11650.0,11638.88,-99.96,0.4575,0.7647,0.1442,0.55,high
619294,Road Safety Improvement of existing four lane section of Dehradun-Lal Tappar-Nepali Farm Section of NH-7 and Nepali Farm-Motichur NH-34 on EPC Mode in Uttarakhand under NHO.,Ministry of Road Transport & Highways,Roads & Highways,Uttarakhand,720.67,388.19,1.6,1.0,0.41,-0.59,-46.13,0.2314,0.3437,0.0242,0.1999,low
618434,Roing-Hunli Road Greenfield Alignment Project,Ministry of Road Transport & Highways,Roads & Highways,Arunachal Pradesh,1718.59,1718.59,178.83,82.04,10.41,-71.63,0.0,1.5,0.9522,0.0713,0.5558,high
615915,Rourkela-Bondamunda A-Cabin 5th line [9.6 km],Ministry of Railways,Railways,Odisha,244.99,244.99,95.42,31.0,38.95,7.95,0.0,1.2229,0.9568,0.076,0.5604,high
702742,SAAP-3 Water Supply Infrastructure SAAP-3 Project,Ministry of Housing & Urban Affairs,Waste & Water,Jharkhand,159.31,159.31,87.5,67.0,54.92,-12.08,0.0,1.5,0.9266,0.0689,0.5406,high
617403,SADULPUR - CHURU DOUBLING PROJECT,Ministry of Railways,Railways,Rajasthan,468.64,468.64,188.7,90.0,40.27,-49.73,0.0,1.1032,0.5103,0.0258,0.2923,medium
400136,SANGHMITRA OC,Ministry of Coal,Coal,Jharkhand,2660.0,2660.0,16.1,16.77,0.61,-16.16,0.0,0.3125,0.6123,0.0233,0.3473,medium
615184,SAONER UG MINE -1 EXPANSION 1.,Ministry of Coal,Coal,Maharashtra,228.64,228.64,150.47,69.33,65.81,-3.52,0.0,0.7566,0.8851,0.126,0.5435,high
619055,SAONER-III EXPN UG MINE 1.54,Ministry of Coal,Coal,Maharashtra,444.42,444.42,0.0,0.0,0.0,0.0,0.0,0.1643,0.0655,0.0352,0.0519,low
615186,SASTI EXPANSION OPENCAST,Ministry of Coal,Coal,Maharashtra,319.04,319.04,111.17,32.21,34.85,2.64,0.0,1.0898,0.7765,0.0384,0.55,high
709826,SCREENING PLANT-III AT KIRANDUL,Ministry of Steel,Steel,Chhattisgarh,2718.84,2718.84,1524.61,82.17,56.08,-26.09,0.0,1.1558,0.9096,0.1208,0.5546,high
617345,SER Upgradation of maintenance infrastructure at Shalimar into Vande Bharat Chair Car maintenance cum workshop depot.,Ministry of Railways,Railways,West Bengal,226.87,226.87,86.69,50.0,38.21,-11.79,0.0,0.9537,0.6052,0.0337,0.348,medium
709859,SETTING UP OF PHYSICAL INFRASTRUCTURE FOR THE NATIONAL INSTITUTE OF COMMUNICATION FINANCE [NICF] AT GHITORNI,Department of Telecommunications,Telecommunication,Delhi,248.2,248.2,237.39,98.0,95.64,-2.36,0.0,1.5,0.9426,0.139,0.581,high
615195,SHARDA UG MINE,Ministry of Coal,Coal,Madhya Pradesh,166.25,166.25,5.19,9.39,3.12,-6.27,0.0,0.6665,0.8211,0.0473,0.55,high
705761,SHIMOGA - SHIKARIPURA - RANEBENNUR [96 Km],Ministry of Railways,Railways,Karnataka,1454.0,1454.0,97.75,13.5,6.72,-6.78,0.0,0.7409,0.8428,0.0347,0.4791,medium
613793,SHYAMSUNDARPUR UG INCLUDING SA,Ministry of Coal,Coal,West Bengal,483.65,483.65,77.79,16.79,16.08,-0.71,0.0,1.0847,0.7902,0.0367,0.55,high
400166,SIARMAL OCP,Ministry of Coal,Coal,Odisha,5194.95,5194.95,3490.38,59.5,67.19,7.69,0.0,0.6905,0.8941,0.1259,0.5484,high
400182,SIDULI [OC & UG],Ministry of Coal,Coal,West Bengal,535.18,535.17,5.74,14.61,1.07,-13.54,-0.0,0.9436,0.5899,0.0263,0.3363,medium
615190,SINGHORI DEEP OC MIN 2.0 MTY,Ministry of Coal,Coal,Maharashtra,335.75,335.75,49.75,9.57,14.82,5.25,0.0,0.6342,0.8274,0.0361,0.55,high
615822,SIRKA OC,Ministry of Coal,Coal,Jharkhand,222.82,222.82,140.72,63.52,63.15,-0.37,0.0,0.8085,0.7555,0.1066,0.4635,medium
611570,"SITC of ATM Automation System and ASMGCS [Including SMR & MLAT] for Mumbai, Navi Mumbai, Jewar [earlier MOPA, without ASMGCS], HIAL & BIAL",Ministry of Civil Aviation,Aviation & Aviation Infrastructure,"Multi-States (Karnataka, Maharashtra, Telangana, Uttar Pradesh)",500.48,500.48,381.2,78.0,76.17,-1.83,0.0,1.3415,0.9648,0.1082,0.5793,high
400315,SONEPUR BAZARI EXPANSION OCP [,Ministry of Coal,Coal,West Bengal,5365.88,5365.88,623.88,18.47,11.63,-6.84,0.0,0.6739,0.8497,0.0196,0.4762,medium
709831,SOURCING OF BAUXITE ARRANGEMENT FOR 5TH STREAM ALUMINA REFINERY FROM SOUTH BLOCK MINING LEASE OF PANCHPATMAILI MINES,Ministry of Mines,Metals & Mining,Odisha,483.0,483.0,446.16,92.35,92.37,0.02,0.0,1.2425,0.9675,0.1344,0.5926,high
618212,"STABILIZATION OF LAND SLIDE AND SLOPE PROTECTION AT KM 11.00 TO KM 11.08, 29,730 KM TO 30,060 KM, 30,400 KM TO 31,060 KM, 34,750 KM TO 35,300 KM, 38,950 KM TO 39,030 KM & 39,460 KM TO 39,540 KM TWO LOC CLUBBED, KM 40,400 TO KM 40,650, KM 43,500 KM 43,680, 52,460 RISHIKESH - DHARASU ROAD NH-94 ON EPC MODE IN THE STATE OF UTTARAKHAND. NOSE OF LAND SLIDE - 12 NOS",Ministry of Road Transport & Highways,Roads & Highways,Uttarakhand,197.26,197.26,0.0,15.06,0.0,-15.06,0.0,0.6106,0.6594,0.0574,0.3885,medium
400165,SUBHADRA OCP,Ministry of Coal,Coal,Odisha,1693.81,1693.81,1329.14,45.57,78.47,32.9,0.0,0.4885,0.7565,0.1868,0.5001,high
611979,Sabarmati Setting up of Maintenance Facilities for Train Sets Phase ii,Ministry of Railways,Railways,Gujarat,250.0,250.0,181.53,88.0,72.61,-15.39,0.0,1.5,0.9592,0.05,0.5501,high
705527,Sagauli-Valmiknagar,Ministry of Railways,Railways,Bihar,1216.0,2222.0,2097.52,92.8,94.4,1.6,82.73,1.0854,0.7511,0.8924,0.8147,critical
400205,Sahjanwa-Dohrighat,Ministry of Railways,Railways,Uttar Pradesh,1319.75,1319.75,492.3,4.0,37.3,33.3,0.0,0.7917,0.5533,0.1507,0.55,high
602797,"Sainthia, Sitarampur, Mughalsarai, Allahabad & Etawah - Bypass Line Project",Ministry of Railways,Railways,"Multi-States (Uttar Pradesh, West Bengal)",461.64,461.64,291.24,31.85,63.09,31.24,0.0,0.9461,0.7588,0.1461,0.55,high
400254,Sakri -Hasanpur [via Harnagar - Kusheshwar Asthan] New Railway line,Ministry of Railways,Railways,Bihar,735.2,735.2,589.37,84.2,80.16,-4.04,0.0,1.0639,0.9197,0.1822,0.5878,high
618943,Salem - Ulundurpet section from km 0.313 to km 136.670 of NH-68,Ministry of Road Transport & Highways,Roads & Highways,Tamil Nadu,861.23,1019.85,137.29,100.0,13.46,-86.54,18.42,1.5,0.8922,0.1041,0.5375,high
705526,Samastipur-Darbhanga Doubling Railway Project,Ministry of Railways,Railways,Bihar,519.0,519.0,401.84,97.0,77.43,-19.57,0.0,1.1622,0.936,0.0578,0.5408,high
611970,Samlaya Timba Road 54 km,Ministry of Railways,Railways,Gujarat,670.17,670.17,45.86,12.0,6.84,-5.16,0.0,0.5056,0.8605,0.0241,0.4841,medium
611971,Samni Jambusar 24 km,Ministry of Railways,Railways,Gujarat,350.0,349.93,71.06,31.0,20.31,-10.69,-0.02,0.5533,0.5305,0.0228,0.302,medium
618614,Sanchore - Santalpur from km 67.000 - km 99.000 of NH-754K AJ-RGBS-Package-3,Ministry of Road Transport & Highways,Roads & Highways,Gujarat,752.3,765.25,569.43,99.0,74.41,-24.59,1.72,1.5,0.9079,0.1157,0.5514,high
618615,Sanchore - Santalpur from km 99.000 - km 130.073 of NH-754K AJ-RGBS-Package-4,Ministry of Road Transport & Highways,Roads & Highways,Gujarat,778.15,835.55,663.38,99.7,79.39,-20.31,7.38,1.5,0.8582,0.0997,0.5168,high
617988,Sangameswaram - Atmakuru section from Km 96 to Km 124 & Velegodu- Nandyal section including Nandyal Bypass from Km 143/6 to 185/9 NH-167K,Ministry of Road Transport & Highways,Roads & Highways,Andhra Pradesh,776.17,644.14,0.0,20.94,0.0,-20.94,-17.01,0.5836,0.6026,0.0642,0.3603,medium
618611,Sangariya near Chautala-Rasisar near Bikaner section of NH-754K Phase-I AJ/SR- Package-7,Ministry of Road Transport & Highways,Roads & Highways,Rajasthan,520.63,548.42,426.0,100.0,77.68,-22.32,5.34,1.5,0.861,0.0834,0.5111,high
400100,Sardar Gouthu Latchanna Thotapalli Barrage Project,"Department of Water Resources, River Development & GR",Water Resources,Andhra Pradesh,353.05,1023.24,872.65,95.88,85.28,-10.6,189.83,1.485,0.9726,0.9219,0.9498,critical
400097,Sardar Sarovar CADWM Project,"Department of Water Resources, River Development & GR",Water Resources,Gujarat,5021.76,6670.31,4956.98,90.3,74.31,-15.99,32.83,1.5,0.9843,0.3442,0.6963,high
701372,Sardar Sarovar Project,"Department of Water Resources, River Development & GR",Water Resources,Gujarat,20718.17,33412.5,31860.86,93.7,95.36,1.66,61.27,1.2852,0.9863,0.9368,0.964,critical
617390,Sardega -Bhalumuda New Double line [37.24 Km],Ministry of Railways,Railways,"Multi-States (Chhattisgarh, Odisha)",1281.81,1281.81,128.07,4.0,9.99,5.99,0.0,0.5709,0.6277,0.0232,0.55,high
618090,Sarsam - Kothari of NH-161A - 2L PS from Km.33/00 to 90/00,Ministry of Road Transport & Highways,Roads & Highways,Maharashtra,545.64,545.64,0.0,97.25,0.0,-97.25,0.0,1.5,0.9408,0.114,0.5687,high
400093,Saryu Nahar CADWM Project,"Department of Water Resources, River Development & GR",Water Resources,Uttar Pradesh,1672.7,1672.7,22.24,1.76,1.33,-0.43,0.0,1.5,0.945,0.0902,0.5604,high
619069,Satara Km 725.000 to Pune Km 865.350 of NH - 4 New NH - 48 in Maharashtra,Ministry of Road Transport & Highways,Roads & Highways,Maharashtra,361.72,425.51,64.35,99.05,15.12,-83.93,17.64,1.3742,0.8931,0.0363,0.5075,high
618153,Satara to Mhaswad,Ministry of Road Transport & Highways,Roads & Highways,Maharashtra,653.46,653.46,7.33,98.08,1.12,-96.96,0.0,1.5,0.9022,0.0771,0.5309,high
702808,Satna Sewerage Management and Treatment Infrastructure Project,Ministry of Housing & Urban Affairs,Waste & Water,Madhya Pradesh,191.56,215.89,200.32,96.0,92.79,-3.21,12.7,1.3449,0.9504,0.4975,0.7466,high
705659,Satna-Rewa Railway Line Doubling Project,Ministry of Railways,Railways,Madhya Pradesh,500.0,584.0,566.56,86.0,97.01,11.01,16.8,1.0584,0.861,0.6426,0.7627,critical
618847,Sattanathapuram to Nagapattinam from Km 123.800 to Km 179.555,Ministry of Road Transport & Highways,Roads & Highways,"Multi-States (Puducherry, Tamil Nadu)",2899.77,2899.77,1201.6,82.3,41.44,-40.86,0.0,1.5,0.9508,0.0883,0.5627,high
400013,Saturation 4G mobile coverage of Uncovered Villages through USOF,Department of Telecommunications,Telecommunication,PAN India,26316.0,30620.0,9791.8,84.0,31.98,-52.02,16.36,1.5,0.9646,0.131,0.5895,high
705912,Sawai Madhopur-Jaipur Railway Line Project,Ministry of Railways,Railways,Rajasthan,1203.89,1203.89,207.11,19.0,17.2,-1.8,0.0,0.8727,0.8138,0.04,0.4656,medium
706866,Sawaimadhopur Bye Pass Line Project,Ministry of Railways,Railways,Rajasthan,304.0,304.0,83.03,72.0,27.31,-44.69,0.0,1.1584,0.9472,0.0308,0.5348,high
617250,Secondary Emission Control in Converters of SMS-II at Bokaro Steel Plant,Ministry of Steel,Steel,Jharkhand,207.13,207.13,57.34,39.92,27.68,-12.24,0.0,0.9489,0.6086,0.0314,0.3489,medium
617882,"Setting up IT Infrastructure including Network Security and Hosting at AIIMS, New Delhi",Ministry of Health & Family Welfare,Healthcare,Delhi,358.19,358.19,0.0,0.0,0.0,0.0,0.0,0.9973,0.1162,0.0573,0.55,high
709799,Setting up Polypropylene Unit at Kochi Refinery,Ministry of Petroleum & Natural Gas,Oil & Gas,Kerala,4460.0,4850.0,818.9,32.2,16.88,-15.32,8.74,0.7171,0.6792,0.0192,0.3822,medium
619313,Setting up of 50 MW [plus/minus 5 percent] Wind Power Plant for Captive Consumption at MR,Ministry of Petroleum & Natural Gas,Energy Storage,Maharashtra,483.14,483.14,287.79,57.9,59.57,1.67,0.0,0.8512,0.8127,0.0509,0.4699,medium
617304,"Setting up of LPG Plant with Rail Unloading Facility at Hathua, Dist. Gopalganj, Bihar",Ministry of Petroleum & Natural Gas,Oil & Gas,Bihar,340.15,340.15,167.24,51.0,49.17,-1.83,0.0,0.854,0.7673,0.0642,0.4509,medium
709755,"Setting up of new rail fed POL facility at Kamardanga, Assam",Ministry of Petroleum & Natural Gas,Energy Storage,Assam,384.04,384.04,216.85,82.4,56.47,-25.93,0.0,0.808,0.5748,0.0386,0.3335,medium
616611,Sewage Treatment Plant 100MLD and Sewerage Network 288 km in Digha-Patna under Hybrid annuity based PPP mode-Namami Gange Programme,"Department of Water Resources, River Development & GR",Waste & Water,Bihar,824.0,824.0,396.71,57.0,48.14,-8.86,0.0,1.1164,0.8357,0.0923,0.5012,high
616612,Sewage Treatment Plant 50MLD and Sewerage Network 150 km in Kankarbagh- Patna under Hybrid annuity based PPP mode-Namami Gange Programme,"Department of Water Resources, River Development & GR",Waste & Water,Bihar,578.89,578.89,171.79,54.0,29.68,-24.32,0.0,1.1164,0.5308,0.0514,0.3151,medium
616615,"Sewer Network, SPS and STP at Begusarai","Department of Water Resources, River Development & GR",Waste & Water,Bihar,230.06,230.06,261.82,97.0,113.81,16.81,0.0,1.1998,0.9557,0.5373,0.7674,critical
616616,"Sewer Networks, SPS and STP at Hajipur","Department of Water Resources, River Development & GR",Waste & Water,Bihar,305.19,305.19,346.46,95.0,113.52,18.52,0.0,1.1721,0.9656,0.5399,0.774,critical
702734,Sewerage Management Scheme Part-3 Implementation,Ministry of Housing & Urban Affairs,Waste & Water,Haryana,278.01,278.01,228.49,88.0,82.19,-5.81,0.0,1.5,0.9601,0.1021,0.574,high
701411,Shahpur Kandi Dam Project,"Department of Water Resources, River Development & GR",Water Resources,Punjab,2285.81,2715.7,2201.94,88.0,81.08,-6.92,18.81,1.5,0.9869,0.336,0.694,high
618005,Sheohar-Sitamarhi Section km 40.000 to 79.400 km Lot-I,Ministry of Road Transport & Highways,Roads & Highways,Bihar,178.85,278.53,0.0,98.65,0.0,-98.65,55.73,1.5,0.948,0.1198,0.5753,high
618173,Shirur-Kharda section from 55937 km to 114486 km to 2LPS/4L,Ministry of Road Transport & Highways,Roads & Highways,Maharashtra,381.77,381.77,0.0,83.93,0.0,-83.93,0.0,1.5,0.9599,0.0638,0.5566,high
400416,Shivpur-Kathautia New Rail [BG] Line [49 km] [Package II of Tori-Shivpur-Kathautia line],Ministry of Coal,Railways,Jharkhand,1799.64,2564.34,1713.19,71.0,66.81,-4.19,42.49,1.4046,0.9836,0.3341,0.6913,high
617837,Siliguri Marketing Terminal [SMT] Capacity Augmentation Project,Ministry of Petroleum & Natural Gas,Oil & Gas,West Bengal,484.0,484.0,310.0,87.9,64.05,-23.85,0.0,1.1831,0.9266,0.0517,0.5329,high
617828,Siliguri-Jhapa Pipeline Project,Ministry of Petroleum & Natural Gas,Oil & Gas,West Bengal,267.0,267.0,1.92,11.2,0.72,-10.48,0.0,0.444,0.5589,0.0234,0.318,medium
618840,Simaria Km. 206.050 to Khagaria Km. 266.282,Ministry of Road Transport & Highways,Roads & Highways,Bihar,664.02,891.64,351.77,97.67,39.45,-58.22,34.28,1.5,0.8944,0.0836,0.5295,high
702810,Singrauli Sewerage Management and Treatment Infrastructure Project,Ministry of Housing & Urban Affairs,Waste & Water,Madhya Pradesh,402.01,438.1,357.68,90.0,81.64,-8.36,8.98,1.5,0.9653,0.1429,0.5952,high
612142,"Singrauli Super Thermal Power Project, Stage-III [2x800 MW]",Ministry of Power,Electricity Generation,Uttar Pradesh,17195.0,17195.0,3306.21,19.8,19.23,-0.57,0.0,0.4221,0.8644,0.0177,0.4834,medium
617188,"Sipat Super Thermal Power Project, Stage-III [1x800 MW]",Ministry of Power,Electricity Generation,Chhattisgarh,9791.0,9791.0,1619.63,18.91,16.54,-2.37,0.0,0.3992,0.9093,0.0168,0.5077,high
618006,Sitamarhi-Jaynagar Section km 79.400 to km 156.500 Lot-II,Ministry of Road Transport & Highways,Roads & Highways,Bihar,369.77,503.28,0.0,98.78,0.0,-98.78,36.11,1.5,0.946,0.0677,0.5508,high
705432,Sivok-Rangpo New Rail Line,Ministry of Railways,Railways,"Multi-States (Sikkim, West Bengal)",7877.0,11775.0,10770.42,93.0,91.47,-1.53,49.49,1.5,0.9848,0.8292,0.9148,critical
619078,Six Laning of Bihar - Jharkhand Border Chordaha - Gorhar section of NH-2 from km 249.525 to km 320.810,Ministry of Road Transport & Highways,Roads & Highways,"Multi-States (Bihar, Jharkhand)",1772.7,1689.17,562.76,78.0,33.32,-44.68,-4.71,1.5,0.9344,0.0716,0.5461,high
619205,Six Laning of KT/KL Border Thalapaddy -Chengala from Km. 17.200 to Km. 57.20,Ministry of Road Transport & Highways,Roads & Highways,"Multi-States (Karnataka, Kerala)",1981.07,2681.48,1060.49,99.2,39.55,-59.65,35.36,1.5,0.9298,0.1146,0.5629,high
618530,Six Laning of Varanasi to Aurangabad from km. 786.00 to km. 978.40 of Old NH-2,Ministry of Road Transport & Highways,Roads & Highways,"Multi-States (Bihar, Uttar Pradesh)",3241.56,3241.56,1248.48,95.58,38.51,-57.07,0.0,1.5,0.9363,0.0774,0.5498,high
619076,Six Laning of Vijayawada Bypass from Chinna Avutapalli to Gollapudi in Vijayawada - Gundugolanu Section from km. 0.00 to km. 30.00 Pkg-III,Ministry of Road Transport & Highways,Roads & Highways,Andhra Pradesh,1581.24,1883.71,934.99,98.2,49.64,-48.56,19.13,1.5,0.932,0.1372,0.5743,high
618527,Six Laning of Vijayawada Bypass from Gollapudi to Chinnakakani in Vijayawada - Gundugolanu Section from km. 30.00 to km. 47.881 Pkg-IV,Ministry of Road Transport & Highways,Roads & Highways,Andhra Pradesh,1194.57,1757.82,853.14,99.92,48.53,-51.39,47.15,1.5,0.8766,0.1953,0.57,high
618966,Six laning with both sides Service Road of Ayodhya Bypass from Design Km 0000 near Ashram Tiraha on NH-46 to Km 16439 end at Ratnagiri Tiraha on Nh-146,Ministry of Road Transport & Highways,Roads & Highways,Madhya Pradesh,1123.17,1103.22,94.69,15.72,8.58,-7.14,-1.78,0.5411,0.7718,0.0231,0.4349,medium
619187,"Slope protection and landslide mitigation at 4 vulnerable locations km 1.950 to Km 2.100, km 11.100 to 11.450, km 22.435 to km 22.485 and km 22.610 to km 22.680 within Sevoke-Rangpo section of NH-10 old NH-31A in Darjeeling & Kalimpong district in the State of West Bengal on EPC mode",Ministry of Road Transport & Highways,Roads & Highways,West Bengal,152.27,152.27,0.0,27.3,0.0,-27.3,0.0,0.6247,0.6197,0.1975,0.4297,medium
619003,Solan - Kaithlighat Section of NH-22 Now NH-5 from Km. 106.139 to Km.129.05,Ministry of Road Transport & Highways,Roads & Highways,Himachal Pradesh,881.74,1519.53,652.04,90.11,42.91,-47.2,72.33,1.5,0.9273,0.1151,0.5618,high
702854,Solapur Sewerage Management Infrastructure Project,Ministry of Housing & Urban Affairs,Waste & Water,Maharashtra,180.24,180.24,172.22,98.0,95.55,-2.45,0.0,1.5,0.9291,0.2196,0.6098,high
705735,Solapur-tuljapur-Osmanabad,Ministry of Railways,Railways,Maharashtra,904.92,3295.74,1216.56,12.0,36.91,24.91,264.2,0.8465,0.7404,0.8886,0.8071,critical
400102,Sri Ram Sagar Project Stage - II,"Department of Water Resources, River Development & GR",Water Resources,Telangana,736.13,949.87,971.47,97.0,102.27,5.27,29.04,1.4601,0.9822,0.8653,0.9296,critical
701343,Srikakulam Angul Gas Pipeline Project,Ministry of Petroleum & Natural Gas,Energy Storage,"Multi-States (Andhra Pradesh, Odisha)",2658.34,2810.0,2315.2,97.6,82.39,-15.21,5.71,1.5,0.954,0.1597,0.5966,high
617338,Stamp Charge Battery No.12 Battery Proper at IISCO Steel Plant,Ministry of Steel,Steel,West Bengal,2518.39,2518.39,375.65,22.5,14.92,-7.58,0.0,0.4623,0.8058,0.0253,0.4545,medium
619084,Start of Karur Bypass - Dindigul from km. 292.600 to km. 305.600 Contract Package No. NS2/BOT/TN-4,Ministry of Road Transport & Highways,Roads & Highways,Tamil Nadu,461.54,515.03,42.28,100.0,8.21,-91.79,11.59,1.5,0.8698,0.0601,0.5055,high
619207,Start of Kollam Bypass - Kadambattukonam,Ministry of Road Transport & Highways,Roads & Highways,Kerala,2641.37,3309.06,891.4,81.8,26.94,-54.86,25.28,1.5,0.9381,0.0756,0.55,high
702355,Storm water drainag Development Project,Ministry of Housing & Urban Affairs,Waste & Water,Dadra & Nagar Haveli and Daman & Diu,210.0,210.0,0.0,20.0,0.0,-20.0,0.0,1.5,0.907,0.0698,0.5303,high
618133,Strengthening and Widening of road Sakoli- Wadsa-Armori-Gadchiroli-Ashti- Allapalli - Sironcha National highway NH 353C in Km 262/00 to 321/00 including 16 minor Bridges and 2 Major Bridge Total length 59 Km section from repanpalli to sironcha in Gadchiroli Dist in the State of Maharashtra.,Ministry of Road Transport & Highways,Roads & Highways,Maharashtra,280.57,280.57,0.0,61.61,0.0,-61.61,0.0,1.5,0.9679,0.0617,0.5601,high
617973,Strengthening and widening of existing 2 lane road to two lane paved shoulder from km 7.750 to 26.542 & km. 32.093 to 45.786 of NH-130 on EPC mode in the state of chhattisgarh.job No. 130-CG-2017-18-348,Ministry of Road Transport & Highways,Roads & Highways,Chhattisgarh,188.8,188.8,102.56,97.0,54.32,-42.68,0.0,1.5,0.843,0.0505,0.4864,medium
618628,Strengthening of Existing Alignment of Pandharpur Town Part Bypassed Section of NH 965 from KM 36.230 to KM 44.230 from Chh. Shivaji Maharaj Chowk to Wakhari,Ministry of Road Transport & Highways,Roads & Highways,Maharashtra,150.21,87.59,58.75,48.0,67.07,19.07,-41.69,1.4771,0.9255,0.8931,0.9109,critical
618565,Strengthening of existing 4L Ayodhya Bypass Section from design Km. 121 600 to Km. 144020 of NH 28 New NH 27Pkg-3,Ministry of Road Transport & Highways,Roads & Highways,Uttar Pradesh,526.45,281.13,259.66,81.85,92.36,10.51,-46.6,1.5,0.9117,0.0837,0.5391,high
618061,"Strengthening, Widening & Up-gradation of newly declared NH-761 from NH- 61Junction-BelheAlkutiDevibhoyareNighojShirur, from Design chainage Km 0.000 to Km 37.970 from Single/Intermediate/2L to 2LPS in the State of Maharashtra on EPC Mode Length 37.970 Km",Ministry of Road Transport & Highways,Roads & Highways,Maharashtra,386.16,386.16,30.86,56.86,7.99,-48.87,0.0,0.9982,0.5487,0.026,0.3135,medium
602096,Subansiri Lower HE Project [2000 MW],Ministry of Power,Electricity Generation,"Multi-States (Arunachal Pradesh, Assam)",6285.33,26075.5,26150.32,97.64,100.29,2.65,314.86,1.5,0.8417,0.8984,0.8672,critical
701376,"Subernarekha Multipurpose Project, Jharkhand","Department of Water Resources, River Development & GR",Water Resources,Jharkhand,3807.77,9579.58,5999.8,70.0,62.63,-7.37,151.58,1.5,0.9873,0.9294,0.9613,critical
701402,"Subernarekha Project, Odisha","Department of Water Resources, River Development & GR",Water Resources,Odisha,3055.88,7023.19,8060.82,95.5,114.77,19.27,129.83,1.308,0.8886,0.9385,0.9111,critical
400107,Sulwade-Jamphal-Kanoli Lift Irrigation Scheme,"Department of Water Resources, River Development & GR",Water Resources,Maharashtra,2407.67,2407.67,2779.38,80.54,115.44,34.9,0.0,1.5,0.9855,0.7722,0.8896,critical
611586,Sunni Dam Hydro Electric Project [382 MW],Ministry of Power,Electricity Generation,Himachal Pradesh,2614.51,4925.87,1083.85,33.98,22.0,-11.98,88.41,0.698,0.7099,0.0379,0.4075,medium
702630,Surat Metro Rail Project,Ministry of Housing & Urban Affairs,Urban Public Transport,Gujarat,12020.32,12020.3,8929.65,79.5,74.29,-5.21,-0.0,1.5,0.9849,0.1589,0.6132,high
617333,Surface triangle line bet. Bhadura stn and new crossing stn Karma,Ministry of Railways,Railways,Uttar Pradesh,199.96,199.96,5.19,0.5,2.6,2.1,0.0,0.8469,0.0942,0.0379,0.55,high
616672,System Strengthening at Koppal-II and GadagII for integration of RE generation projects [SPV Name POWERGRID Koppal Gadag Augmentation Transmission Limited],Ministry of Power,Transmission & Distribution,Karnataka,1354.0,1354.0,270.8,22.5,20.0,-2.5,0.0,0.689,0.8215,0.0332,0.4668,medium
615349,TAPIN SOUTH EXPN,Ministry of Coal,Coal,Jharkhand,230.41,230.41,22.02,22.76,9.56,-13.2,0.0,0.7953,0.5839,0.0251,0.3325,medium
602181,"TEESTA-VI HE PROJECT, SIKKIM [500 MW], executed by LANCO TEESTA HYDRO POWER LIMITED [A wholly owned Subsidiary of NHPC LTD. acquired through NCLT]",Ministry of Power,Electricity Generation,Sikkim,5748.04,5748.04,4356.15,72.51,75.78,3.27,0.0,1.5,0.9903,0.1819,0.6265,high
615843,TETARIAKHAR OC,Ministry of Coal,Coal,Jharkhand,243.52,243.52,50.82,31.27,20.87,-10.4,0.0,1.2815,0.9213,0.0299,0.5202,high
615820,TIKAK EXTENSION OCP,Ministry of Coal,Coal,Assam,159.77,159.77,111.47,88.18,69.77,-18.41,0.0,0.463,0.7451,0.1045,0.4569,medium
400186,TILABONI UG,Ministry of Coal,Coal,West Bengal,749.08,749.07,53.88,11.9,7.19,-4.71,-0.0,0.5944,0.8665,0.0298,0.49,medium
615821,TIRAP OCP,Ministry of Coal,Coal,Assam,289.46,289.46,105.61,3.26,36.49,33.23,0.0,0.4788,0.5392,0.0498,0.55,high
615347,TRANSMISSION SYSTEM FOR EVACUATION OF POWER FROM POTENTIAL RENEWABLE ENERGY ZONE IN KHAVDA AREA OF GUJARAT UNDER PHASE-V [8 GW] PART A [SPV Name POWERGRID West Central Transmission Limited],Ministry of Power,Transmission & Distribution,"Multi-States (Gujarat, Maharashtra)",24819.0,24819.0,2481.9,9.67,10.0,0.33,0.0,0.4068,0.8957,0.021,0.5021,high
615338,TRANSMISSION SYSTEM FOR EVACUATION OF POWER FROM RAJASTHAN REZ PH -IV [PART-2 5.5 GW] [JAISALMER/BARMER COMPLEX] PART F [SPV Name POWERGRID BARMER I TRANSMISSION LIMITED],Ministry of Power,Transmission & Distribution,Rajasthan,2735.0,2735.0,875.2,31.48,32.0,0.52,0.0,0.9151,0.7979,0.0453,0.4592,medium
615340,TRANSMISSION SYSTEM FOR EVACUATION OF POWER FROM RAJASTHAN REZ PH-IV [PART-3/ 6 GW] [BIKANER COMPLEX] PART B [SPV Name POWERGRID Siwani Transmission Limited],Ministry of Power,Transmission & Distribution,"Multi-States (Haryana, Rajasthan)",5357.0,5357.0,1446.39,28.27,27.0,-1.27,0.0,0.9151,0.8788,0.035,0.4991,medium
617949,Tadipatri Bypass Km 0000 to Km 6285 of 4-Lane on NH-67 in Anantapuramu district of AP state under NHO on EPC Mode under Annual Plan 2022-23,Ministry of Road Transport & Highways,Roads & Highways,Andhra Pradesh,159.66,159.66,59.26,100.0,37.12,-62.88,0.0,1.2507,0.7939,0.0891,0.4767,medium
618982,Talabira II & III OCP - FMC,Ministry of Coal,Coal,Odisha,522.45,522.45,324.74,72.65,62.16,-10.49,0.0,1.0807,0.7074,0.0612,0.4166,medium
602961,Talcher Thermal Power Station Stage III [2 x 660 MW] Expansion,Ministry of Power,Electricity Generation,Odisha,11843.75,12543.0,6454.35,50.2,51.46,1.26,5.9,0.8573,0.9258,0.0755,0.5432,high
705359,Talcher-Bimlagarh New Railway Line,Ministry of Railways,Railways,Odisha,1928.0,1928.0,2120.08,56.0,109.96,53.96,0.0,1.0741,0.7983,0.7901,0.7946,critical
618796,Tanot -Ramgarh-Bhadasar-Jaisalmer NH-68 and BhadasarMokal-Sarkaritala up to Pakisthan Border NH-968 Pkg-BM/5,Ministry of Road Transport & Highways,Roads & Highways,Rajasthan,828.58,830.37,405.43,100.0,48.83,-51.17,0.22,1.5,0.8512,0.1091,0.5173,high
602185,Tapovan-Vishnugad HEP [4x130 MW],Ministry of Power,Electricity Generation,Uttarakhand,2978.0,10907.3,7715.24,77.0,70.73,-6.27,266.26,1.5,0.9732,0.9352,0.9561,critical
400273,Tarakeshwar-Bishnupur New Line [82.47 km],Ministry of Railways,Railways,West Bengal,1189.0,1542.0,1390.59,96.9,90.18,-6.72,29.69,1.5,0.9844,0.6673,0.8417,critical
400022,Taranga Hill-Abu Road via Ambaji,Ministry of Railways,Railways,"Multi-States (Gujarat, Rajasthan)",2798.0,2798.0,2439.32,37.0,87.18,50.18,0.0,0.5209,0.7456,0.2066,0.503,high
618638,Tarsod - Fagne section of NH-6,Ministry of Road Transport & Highways,Roads & Highways,Maharashtra,2267.99,2560.5,990.0,98.84,38.66,-60.18,12.9,1.5,0.9027,0.0713,0.5285,high
705394,Tetlia-Byrnihat New Railway Line,Ministry of Railways,Railways,"Multi-States (Assam, Meghalaya)",1304.62,1304.62,1254.47,86.16,96.16,10.0,0.0,1.5,0.9853,0.4774,0.7567,critical
606112,Tezpur University Projects,Department of Higher Education,Education,Assam,153.71,153.71,137.84,97.7,89.68,-8.02,0.0,1.5,0.8794,0.115,0.5354,high
619097,Thalassery Mahe Bypass Km 170.600 to Km 189.200 of NH-17New NH-66 in Kerala,Ministry of Road Transport & Highways,Roads & Highways,"Multi-States (Kerala, Puducherry)",1181.12,1573.18,710.24,100.0,45.15,-54.85,33.19,1.5,0.8848,0.1729,0.5645,high
619165,Thanamcherla-Jamandlapally 2LPS,Ministry of Road Transport & Highways,Roads & Highways,Telangana,177.18,18.65,8.31,100.0,44.56,-55.44,-89.47,1.401,0.8696,0.1142,0.5296,high
617327,Thane Integral Ring Metro Rail Project,Ministry of Housing & Urban Affairs,Urban Public Transport,Maharashtra,12200.1,12200.1,81.63,8.25,0.67,-7.58,0.0,0.3992,0.8686,0.0251,0.489,medium
617248,Third Ladle Furnace in Secondary Refinery Unit at IISCO Steel Plant,Ministry of Steel,Steel,West Bengal,227.96,227.96,75.66,66.37,33.19,-33.18,0.0,1.1057,0.5923,0.0287,0.3386,medium
705613,Third Line [new] between Kazipet - Balharshah with electrification [201.04 Km],Ministry of Railways,Railways,"Multi-States (Maharashtra, Telangana)",2595.0,3071.0,4141.26,94.7,134.85,40.15,18.34,1.2014,0.9847,0.9192,0.9553,critical
619094,Thorapalli - Agraharam - Jittandahalli Section from km 23.350 to km 60.100 [Hosur to Dhamrapuri Pkg-2],Ministry of Road Transport & Highways,Roads & Highways,Tamil Nadu,1243.57,1272.11,623.59,82.56,49.02,-33.54,2.3,1.5,0.9231,0.1344,0.5682,high
701400,Thoubal Multipurpose Project,"Department of Water Resources, River Development & GR",Water Resources,Manipur,1449.44,1822.24,1837.91,98.9,100.86,1.96,25.72,1.2977,0.9838,0.7885,0.8959,critical
619083,Thumbipadi-Namakkal from km. 180.00 to km. 248.625 Package No. NS-2/BOT/TN- 02,Ministry of Road Transport & Highways,Roads & Highways,Tamil Nadu,255.53,395.43,206.64,100.0,52.26,-47.74,54.75,1.5,0.831,0.0878,0.4965,medium
618605,Thuravoor Thekku-Paravoor,Ministry of Road Transport & Highways,Roads & Highways,Kerala,2878.97,2638.67,2120.87,78.28,80.38,2.1,-8.35,1.5,0.9767,0.1948,0.6249,high
400275,Tindivanam-Nagari New Line Project [184.5 km],Ministry of Railways,Railways,"Multi-States (Andhra Pradesh, Tamil Nadu)",3631.0,3631.0,1259.7,16.5,34.69,18.19,0.0,1.0589,0.8498,0.0917,0.5087,high
617210,Tiupati Katpadi 104.39 kms,Ministry of Railways,Railways,Andhra Pradesh,1215.56,1215.56,0.16,0.05,0.01,-0.04,0.0,0.3615,0.0633,0.0333,0.55,high
400005,Transmission Network Expansion in Gujarat to increase its ATC from ISTS Part B,Ministry of Power,Transmission & Distribution,"Multi-States (Dadra & Nagar Haveli and Daman & Diu, Gujarat, Maharashtra)",4546.26,4546.26,4528.07,99.9,99.6,-0.3,0.0,1.5,0.9731,0.323,0.6806,high
612132,Transmission Scheme for Evacuation of power from REZ in Rajasthan [20 GW] under Phase-III Part D Phase I [Sikar Khetri Transmission Ltd],Ministry of Power,Transmission & Distribution,"Multi-States (Delhi, Rajasthan)",2423.0,2423.0,2035.32,85.45,84.0,-1.45,0.0,1.5,0.979,0.2075,0.6318,high
612140,Transmission Scheme for Integration of Renewable Energy Zone [Phase II] in Koppal II [Phase A&B] and gadag II[Phase A] in Karnataka [POWERGRID KOPPAL GADAG TRANSMISSION LIMITED],Ministry of Power,Transmission & Distribution,Karnataka,4445.0,4445.0,3733.8,86.0,84.0,-2.0,0.0,1.3735,0.9796,0.2495,0.6511,high
611967,Transmission Scheme for Solar Energy Zone in Ananthpuram 2500MW and Kurnool 1000MW,Ministry of Power,Transmission & Distribution,Andhra Pradesh,823.0,823.0,798.31,98.34,97.0,-1.34,0.0,1.4979,0.969,0.2672,0.6532,high
612138,"Transmission Scheme for Solar Energy Zone in Bidar [2500 MW], Karnataka [Bidar Transmission Ltd]",Ministry of Power,Transmission & Distribution,"Multi-States (Karnataka, Telangana)",1368.0,1368.0,1190.16,89.46,87.0,-2.46,0.0,1.2886,0.9715,0.2002,0.6244,high
617179,Transmission Scheme for evacuation of Power from Ratle HEP [850 MW] & kiru [624 MW] Part B,Ministry of Power,Transmission & Distribution,Jammu and Kashmir,218.6,218.6,3.72,1.7,1.7,0.0,0.0,1.0836,0.5296,0.0469,0.55,high
617184,Transmission Scheme for integration of Davanagere/ Chitradurga and Bellary REZ in Karnataka [POWERGRID Chitradurga Bellary REZ Transmission Limited],Ministry of Power,Transmission & Distribution,Karnataka,3453.0,3453.0,414.36,13.41,12.0,-1.41,0.0,0.5996,0.8073,0.0273,0.4563,medium
617803,Transmission System Strengthening at Davanagere for Integration of RE Generation [SPV Name - POWERGRID Davanagere Power Transmission Limited],Ministry of Power,Transmission & Distribution,Karnataka,379.0,379.0,17.06,2.5,4.5,2.0,0.0,0.4986,0.492,0.0199,0.55,high
615335,Transmission System Strengthening for Interconnections of Bhadla-III & Bikaner III Complex [SPV Name POWERGRID BHADLA BIKANER TRANSMISSION LIMITED],Ministry of Power,Transmission & Distribution,Rajasthan,1382.0,1382.0,552.8,42.0,40.0,-2.0,0.0,1.0411,0.8327,0.0587,0.55,high
619228,Transmission System Strengthening for integration of additional RE Potential at Davanagere [0.25 GW] and Bellary [2.75 GW],Ministry of Power,Transmission & Distribution,Karnataka,1111.0,1111.0,5.5,1.0,0.5,-0.5,0.0,0.289,0.3347,0.0241,0.195,low
612855,Transmission System for Evacuation of Power from Potential Energy Renewable Zone in Khavda Area of Gujarat under Ph-IV [7GW] Part E2,Ministry of Power,Transmission & Distribution,Gujarat,697.0,697.0,369.41,56.0,53.0,-3.0,0.0,1.1671,0.9548,0.1243,0.5811,high
615345,Transmission System for Evacuation of Power from Potential Renewable Energy Zone in Khavda area of Gujarat under Phase-IV [7GW] Part B [SPV Name POWERGRID South Olpad Transmission Limited],Ministry of Power,Transmission & Distribution,Gujarat,4766.0,4766.0,1239.16,27.59,26.0,-1.59,0.0,0.9575,0.8676,0.0423,0.4962,medium
611947,Transmission System for Evacuation of Power from REZ in Rajasthan 20GW under Phase III- Part E2,Ministry of Power,Transmission & Distribution,Rajasthan,428.3,428.3,415.45,98.4,97.0,-1.4,0.0,1.5,0.9649,0.176,0.6099,high
615346,Transmission System for Evacuation of Power from Rajasthan REZ Ph-IV [Part-2 5.5 GW] [Jaisalmer/Barmer Complex] Part C [SPV Name POWERGRID Mandsaur Transmission Limited],Ministry of Power,Transmission & Distribution,Madhya Pradesh,2708.0,2708.0,1489.4,57.8,55.0,-2.8,0.0,1.0411,0.8576,0.1127,0.5224,high
615333,Transmission System for Evacuation of Power from Rajasthan REZ Ph-IV [Part-2 5.5 GW] [Jaisalmer/Barmer Complex] Part D [SPV Name POWERGRID Beawar Mandsaur Transmission Limited],Ministry of Power,Transmission & Distribution,"Multi-States (Madhya Pradesh, Rajasthan)",2227.0,2227.0,979.88,38.74,44.0,5.26,0.0,1.0411,0.8322,0.0631,0.55,high
615334,Transmission System for Evacuation of Power from Rajasthan REZ Ph-IV [Part-2 5.5 GW] [Jaisalmer/Barmer Complex] Part E [SPV Name POWERGRID Mewar Transmission Limited],Ministry of Power,Transmission & Distribution,"Multi-States (Madhya Pradesh, Rajasthan)",3251.0,3251.0,1592.99,39.4,49.0,9.6,0.0,1.0411,0.8735,0.1601,0.5525,high
615332,Transmission System for Evacuation of Power from Rajasthan REZ Ph-IV [Part-2 5.5 GW][Jaisalmer/Barmer Complex] Part B [SPV Name POWERGRID Sirohi Transmission Limited],Ministry of Power,Transmission & Distribution,Rajasthan,3279.0,3279.0,1508.34,47.13,46.0,-1.13,0.0,1.0411,0.8421,0.0577,0.55,high
615344,Transmission System for Evacuation of Power from Rajasthan REZ Ph-IV [Part-2 5.5GW] [Jaisalmer/Barmer Complex] Part H1 [POWERGRID KURAWAR TRANSMISSION LIMITED],Ministry of Power,Transmission & Distribution,Madhya Pradesh,3674.0,3674.0,1396.12,39.24,38.0,-1.24,0.0,0.9575,0.8178,0.0561,0.4751,medium
611966,Transmission System for Evacuation of power from Potential RE Zone in Khavda Area of Gujarat under phase IV 7GW-Part E4,Ministry of Power,Transmission & Distribution,Maharashtra,224.41,224.41,206.45,94.8,92.0,-2.8,0.0,1.5,0.9189,0.117,0.5581,high
612134,Transmission System for Evacuation of power from Rajasthan REZ Ph-IV [Part-1] [Bikaner Complex] Part A [Bikaner Neemrana Transmission Ltd],Ministry of Power,Transmission & Distribution,Rajasthan,4741.0,4741.0,3650.57,72.22,77.0,4.78,0.0,1.3735,0.9904,0.2875,0.6741,high
612133,Transmission System for Evacuation of power from Rajasthan REZ Ph-IV [Part-1] [Bikaner Complex] Part D [Neemrana Bareilly Transmission Ltd],Ministry of Power,Transmission & Distribution,"Multi-States (Rajasthan, Uttar Pradesh)",3271.0,3271.0,2731.28,72.16,83.5,11.34,0.0,1.3735,0.9876,0.3656,0.7077,high
617806,Transmission System for Integration of Ananthapur 2 REZ Phase 1 for 4.5 GW. SPV Name Anantapuram 2 REZ Transmission Ltd,Ministry of Power,Transmission & Distribution,"Multi-States (Andhra Pradesh, Karnataka)",4535.99,4535.99,677.57,40.0,14.94,-25.06,0.0,0.7507,0.5734,0.0253,0.3267,medium
617185,Transmission System for Integration of Kurnool-IV REZ Phase-I [for 4.5 GW] [POWERGRID Kurnool-IV Transmission Limited],Ministry of Power,Transmission & Distribution,"Multi-States (Andhra Pradesh, Karnataka)",5550.0,5550.0,943.5,17.86,17.0,-0.86,0.0,0.7507,0.8534,0.0247,0.4805,medium
900808,Transmission System for Kurnool Wind Energy Zone/ Solar Energy Zone Part-A and Part-B,Ministry of Power,Transmission & Distribution,"Multi-States (Andhra Pradesh, Telangana)",3546.94,3546.94,3532.75,99.69,99.6,-0.09,0.0,1.5,0.9702,0.2845,0.6616,high
619029,Transmission System for Reliable Power Supply to Dholera,Ministry of Power,Transmission & Distribution,Gujarat,319.42,319.42,51.1,18.0,16.0,-2.0,0.0,1.3352,0.9671,0.0348,0.5475,high
617269,Transmission System for Strengthening to facilitate evacuation of power from Bhadla/Bikaner Complex,Ministry of Power,Transmission & Distribution,Uttar Pradesh,212.81,212.81,6.38,3.0,3.0,0.0,0.0,1.1664,0.9531,0.0464,0.5451,high
616670,Transmission System for evacuation of Power from Rajasthan REZ Ph-IV [Part-4 3.5 GW] Part A [SPV name POWERGRID Ghiror Transmission Limited],Ministry of Power,Transmission & Distribution,"Multi-States (Rajasthan, Uttar Pradesh)",5846.0,5846.0,1636.88,31.37,28.0,-3.37,0.0,0.874,0.9299,0.0318,0.5257,high
617279,Transmission System for evacuation of power from Mahan Energen Limited Generating Station in Madhya Pradesh [SPV Name - POWERGRID MEL Power Transmission Limited],Ministry of Power,Transmission & Distribution,Madhya Pradesh,558.0,558.0,50.22,9.75,9.0,-0.75,0.0,0.4995,0.8003,0.0229,0.4505,medium
616671,Transmission System under ISTS for evacuation of Power from Kudankulam Unit-3&4 [2x1000 MW] [SPV Name POWERGRID Kudankulam Tarnsmission Limited],Ministry of Power,Transmission & Distribution,Tamil Nadu,548.0,548.0,120.56,18.72,22.0,3.28,0.0,0.8684,0.8231,0.0325,0.4673,medium
612139,Transmission system for Evacuation of Additional 7 GW RE power from Khavda RE park under Phase-III Part B [Vataman Transmission Limited],Ministry of Power,Transmission & Distribution,Gujarat,4231.0,4231.0,2538.6,62.0,60.0,-2.0,0.0,1.3735,0.9816,0.1575,0.6108,high
615336,Transmission system for evacuation of Power from REZ in Rajasthan [20 GW] under phase-III Part-D Phase-II,Ministry of Power,Transmission & Distribution,Delhi,284.0,284.0,22.72,7.75,8.0,0.25,0.0,1.4324,0.976,0.0479,0.5584,high
611949,Transmission system for evacuation of power from REZ in Rajasthan 20 GW under Phase-III part C1,Ministry of Power,Transmission & Distribution,Rajasthan,1160.0,1160.0,1136.8,99.0,98.0,-1.0,0.0,1.5,0.9778,0.309,0.6769,high
611948,Transmission system for evacuation of power from REZ in Rajasthan 20 GW under Phase-III part H,Ministry of Power,Transmission & Distribution,Rajasthan,1910.0,1910.0,1851.81,98.33,96.95,-1.38,0.0,1.5,0.9739,0.285,0.6639,high
611735,Transmission system for evacuation of power from REZ in Rajasthan 20GW under Phase-III Part J,Ministry of Power,Transmission & Distribution,"Multi-States (Delhi, Rajasthan)",331.0,331.0,197.71,56.75,59.73,2.98,0.0,1.5,0.9662,0.0847,0.5695,high
615339,Transmission system for evacuation of power from Rajasthan REZ Ph-IV [Part- 3/6GW] [Bikaner complex] Part A [SPV Name POWERGRID Bikaner IV Transmission Limited],Ministry of Power,Transmission & Distribution,"Multi-States (Haryana, Punjab, Rajasthan)",5969.0,5969.0,1313.18,24.07,22.0,-2.07,0.0,0.9151,0.9039,0.0293,0.5103,high
617183,Transmission system strengthening at Kurnool- III PS for integration of additional RE generation projects [POWERGRID Kurnool III PS RE Transmission Limited],Ministry of Power,Transmission & Distribution,Andhra Pradesh,2886.0,2886.0,721.48,26.19,25.0,-1.19,0.0,0.5453,0.782,0.0241,0.4409,medium
617889,Treatment of landslide zone from location no. 01 to 28 km 62.860 to 152.750 on NH- 12509 in the State of Uttarakhand under EPC mode in NHO Annual Plan 2022-23,Ministry of Road Transport & Highways,Roads & Highways,Uttarakhand,192.22,192.22,0.0,97.0,0.0,-97.0,0.0,1.5,0.95,0.0908,0.5633,high
618743,Trichy 135.800 to Karur 218.000 section of NH-67 - Trichy Bypass,Ministry of Road Transport & Highways,Roads & Highways,Tamil Nadu,876.88,360.88,66.59,100.0,18.45,-81.55,-58.84,1.1109,0.1998,0.0954,0.1528,low
705635,Trivandrum- Kanyakumari,Ministry of Railways,Railways,"Multi-States (Kerala, Tamil Nadu)",1432.0,3785.45,2909.77,56.0,76.87,20.87,164.35,1.1667,0.9744,0.9663,0.9708,critical
400192,Tubed Coal Mine,Ministry of Power,Coal,Jharkhand,1581.0,1581.0,601.03,36.0,38.02,2.02,0.0,1.0349,0.8195,0.0572,0.55,high
701657,Tumakuru Node - Phase 1 - Roads and Services Development,Department for Promotion of Industry & Internal Trade,Real Estate,Karnataka,1701.81,1701.81,278.35,23.18,16.36,-6.82,0.0,0.9992,0.799,0.0406,0.4577,medium
619071,Tumkur - Nelamangala 6L,Ministry of Road Transport & Highways,Roads & Highways,Karnataka,2032.15,1664.2,580.01,59.83,34.85,-24.98,-18.11,1.3604,0.9316,0.0788,0.5478,high
619070,Tumkur-Chitradurga,Ministry of Road Transport & Highways,Roads & Highways,Karnataka,839.0,47.44,8.42,100.0,17.75,-82.25,-94.35,1.5,0.8633,0.1069,0.523,high
705496,Tumkur-Chitradurga-Davangere New Rail Line Project [191 km],Ministry of Railways,Railways,Karnataka,1876.0,1876.0,563.37,15.5,30.03,14.53,0.0,1.5,0.9862,0.1991,0.632,high
619220,Tumkur-Shimoga Pkg-III from Km 121.900 Banawara to Km 170.415 Bettadahalli of Old NH-206,Ministry of Road Transport & Highways,Roads & Highways,Karnataka,1444.5,1834.81,890.55,97.3,48.54,-48.76,27.02,1.5,0.9256,0.1704,0.5858,high
618512,Tunnel at Khambataki Ghat Section and its approaches from existing Km. 771.730 to existing Km. 782.000,Ministry of Road Transport & Highways,Roads & Highways,Maharashtra,907.03,816.12,538.76,87.27,66.01,-21.26,-10.02,1.5,0.9318,0.1289,0.5705,high
618773,Tuticorin - Tirunelveli from km. 0.00 to km. 47.250,Ministry of Road Transport & Highways,Roads & Highways,Tamil Nadu,449.85,452.48,1.17,100.0,0.26,-99.74,0.58,1.5,0.8735,0.0593,0.5071,high
618258,Two laning with paved shoulders of Gondiguda to Araku uptoBhallaguda section of NH 516E,Ministry of Road Transport & Highways,Roads & Highways,Andhra Pradesh,296.66,289.11,237.52,91.5,82.16,-9.34,-2.55,1.5,0.9167,0.0844,0.5422,high
618255,Two laning with paved shoulders of Lambasingi to Paderusection of NH 516E,Ministry of Road Transport & Highways,Roads & Highways,Andhra Pradesh,361.24,358.05,109.5,43.22,30.58,-12.64,-0.88,1.4145,0.9326,0.0247,0.5241,high
618259,Two laning with paved shoulders of Paderu to GundigudaSection of NH 516E,Ministry of Road Transport & Highways,Roads & Highways,Andhra Pradesh,222.61,222.61,122.52,100.0,55.04,-44.96,0.0,1.5,0.769,0.0799,0.4589,medium
616044,UKNI DEEP OC MINE -COST PLUS,Ministry of Coal,Coal,Maharashtra,237.06,237.06,166.87,93.51,70.39,-23.12,0.0,1.5,0.8139,0.0524,0.4712,medium
615194,URDHAN EXPANSION OC COST PLUS,Ministry of Coal,Coal,Madhya Pradesh,206.88,206.88,27.32,2.02,13.21,11.19,0.0,0.4488,0.3462,0.033,0.55,high
617937,Udgir Raavi Degloor Aadampur phata to Sagroli fata,Ministry of Road Transport & Highways,Roads & Highways,Maharashtra,809.77,809.77,0.0,0.0,0.0,0.0,0.0,0.2079,0.0635,0.0367,0.0514,low
618954,Umagaon - Saharsa Package - I Combined Umagaon-Kaluahi0.000KM to 21.609Km of NH227LSaharghat-Rahika0.000 Km to 26.130KM of NH227JRahika-Rampatti 0.00 KM to 15.00KM of NH527ABideshwarsthan-Bheja0.000KM to 25.915KM of NH527A.,Ministry of Road Transport & Highways,Roads & Highways,Bihar,1473.2,1703.02,586.95,16.41,34.47,18.06,15.6,0.6663,0.762,0.0996,0.4639,medium
618953,Umagaon-Saharsa Package-IV Koshi Bridge & approach Road - Bheja-Bakaur,Ministry of Road Transport & Highways,Roads & Highways,Bihar,1199.58,1223.94,1120.87,89.23,91.58,2.35,2.03,1.5,0.9875,0.2707,0.6649,high
619166,Umagaon-Saharsa Package-V Bakaur-Parsarma-Bangaon-Bariyahi & Spur to Mahishi,Ministry of Road Transport & Highways,Roads & Highways,Bihar,768.35,968.42,410.55,99.4,42.39,-57.01,26.04,1.3735,0.8077,0.0941,0.4866,medium
618108,Up-gradation and strengthening to 2lanePS from Km 95/500 to km 129/775 of Nh 168G Idar-Bhiloda-Samlaji in the state of Gujarat Length 34.275 km,Ministry of Road Transport & Highways,Roads & Highways,Gujarat,237.28,237.28,0.0,63.0,0.0,-63.0,0.0,1.3735,0.9365,0.0643,0.544,high
617246,Up-gradation of Blast Furnace No. 3 at Durgapur Steel Plant,Ministry of Steel,Steel,West Bengal,758.09,758.09,219.33,38.12,28.93,-9.19,0.0,1.1497,0.9513,0.0573,0.549,high
617906,Up-gradation of Dhoraji-Jamkandorna-Kalavad Section of NH-927D from Design Chainage km 0/00 to km 58/115 to Two lane with PS configuration in the State of Gujarat on EPC,Ministry of Road Transport & Highways,Roads & Highways,Gujarat,246.6,291.19,0.0,35.0,0.0,-35.0,18.08,0.8315,0.6689,0.0557,0.393,medium
618078,Up-gradation of NH-130C Abhanpur to Paund from NH Km. 0000 to KM 40380 to two lane with paved shoulders in the State of Chhattisgarh on EPC mode.,Ministry of Road Transport & Highways,Roads & Highways,Chhattisgarh,193.16,193.16,97.78,85.0,50.62,-34.38,0.0,1.5,0.9015,0.0528,0.5196,high
618064,Up-gradation of NH-930 Sherpar to Kohka from Km.67880 to Km.114860 to 2LPS in Chhattisgarh under EPC mode,Ministry of Road Transport & Highways,Roads & Highways,Chhattisgarh,278.97,278.97,201.05,90.0,72.07,-17.93,0.0,1.5,0.9077,0.0496,0.5216,high
618021,Up-gradation of Pichhore- Dinara section of NH-346 from Km 292.750 to 334.550 to two lane with paved shoulders in the state of Madhya Pradesh on EPC mode,Ministry of Road Transport & Highways,Roads & Highways,Madhya Pradesh,425.97,425.97,0.0,19.31,0.0,-19.31,0.0,0.4991,0.672,0.0579,0.3956,medium
618093,Up-gradation to 2 lane with Paved shoulder from Charbhuja at Design km 0.00 existing km 150.00 to Neechli Oden Nathdwara at Design ch. Km 88.800 existing km 55.950 of NH-162E on EPC mode.,Ministry of Road Transport & Highways,Roads & Highways,Rajasthan,838.43,838.43,55.04,0.0,6.56,6.56,0.0,1.4979,0.9298,0.145,0.5766,high
618092,Up-gradation to 2 lane with paved shoulder from Neechli Oden Nathdwara at Design Km 88.800 existing km 55.95 to Bhatewar at Design Km 142.028 existing km 0.00 of NH-162E in the State of Rajasthan on EPC mode.,Ministry of Road Transport & Highways,Roads & Highways,Rajasthan,606.61,606.61,0.0,52.5,0.0,-52.5,0.0,0.9575,0.6448,0.0634,0.3832,medium
619010,Up-gradation to 2 lane with paved shoutders of Pawlrang - Rulchawm section- of NH- 102B of Aizawl - Imphal Economic Corridor from Existing Chainage km 72.030 to km 104.129 including 2.459 km re-alignment section from Tuivai River to Rulchawm connecting km 48.150 of NH-6 [Design Chainage km 68.170 to km 98.579] in the State of Mizoram under Bharatmala Pariyojna on EPC mode under NHO-NE Package-3 Keifang- Tuivai Pkg-3,Ministry of Road Transport & Highways,Roads & Highways,Mizoram,500.88,500.88,305.45,75.35,60.98,-14.37,0.0,1.5,0.9254,0.0389,0.5264,high
618394,Up-gradation to 2-lane with Paved Shoulder from Km 12.850 to Km20.300 of 7.450Km length on Goha-Khellani section and a link road to Goha village of 2.016 km on NH- 244 in UT of Jammu and Kashmir on EPC Mode Pkg-1,Ministry of Road Transport & Highways,Roads & Highways,Jammu and Kashmir,228.39,225.37,163.81,94.26,72.68,-21.58,-1.32,1.5,0.8419,0.0554,0.488,medium
618398,Up-gradation to 2-lane with Paved Shoulder from Km 20.300 to Km 29.030 of 8.730 Km length on Goha-Khellani section on NH-244 in UT of Jammu and Kashmir on EPC Mode Package II,Ministry of Road Transport & Highways,Roads & Highways,Jammu and Kashmir,210.79,210.79,174.92,96.95,82.98,-13.97,0.0,1.5,0.9128,0.0795,0.5378,high
618341,Up-gradation to 2-lane with paved shoulders of Ngopa - Pawlrang section of NH 102B of Aizawl - Imphal Economic Corridor from Existing Chainage km 32.796 to km 72.030 [Design Chainage km 31.280 to km 68.170] in the State of Mizoram under Bharatmala Pariyojna on EPC mode under NHO-NE Package-2 Keifang- Tuivai Pkg-2,Ministry of Road Transport & Highways,Roads & Highways,Mizoram,523.78,523.78,394.29,95.31,75.28,-20.03,0.0,1.5,0.917,0.054,0.5286,high
618049,Up-gradation to 2/4 lane with paved shoulder configuration of NH-652 from Tuljapur Naldurg-Akkalkot road Chainage from Km. 00.000 to km 30.982 in the State of Maharashtra on EPC mode.,Ministry of Road Transport & Highways,Roads & Highways,Maharashtra,183.41,183.41,64.87,95.0,35.37,-59.63,0.0,1.1117,0.4242,0.04,0.2513,medium
618406,Up-gradation to 4-lane with Paved Shoulder of Jammu-Akhnoor road section of NH- 144A from Ganesh Vihar Km 6.000 to Khati Chowk Km 26.350 in UT of Jammu and Kashmir on EPC basis Pkg-3A,Ministry of Road Transport & Highways,Roads & Highways,Jammu and Kashmir,322.49,322.49,0.0,0.0,0.0,0.0,0.0,1.5,0.9062,0.0554,0.5233,high
618766,Up-gradation to Four Lane with Paved Shoulder configuration of the highway starting from existing km 88.400 Savali Vihir to km 163.400 start of Ahmednagar bypass Design Length 75.000 km section of NH-160 in the State of Maharashtra under Bharatmala Pariyojana on EPC Mode,Ministry of Road Transport & Highways,Roads & Highways,Maharashtra,862.0,617.93,210.27,36.32,34.03,-2.29,-28.31,0.7082,0.8301,0.0243,0.4675,medium
617971,Up-gradation to Two/Four lane with paved shoulder Configuration of Kondagaon- Narayanpur from design ch. 0.00 - 48.693 Design Length 47.493 Km. 1.20 Km. retained on NH-130D under EPC mode in the State Chhattisgarh.,Ministry of Road Transport & Highways,Roads & Highways,Chhattisgarh,322.4,322.4,1.1,62.0,0.34,-61.66,0.0,0.7507,0.5657,0.0309,0.325,medium
617933,Up-gradation to four lane/ Two lane with paved shoulders configuration of Kalyan - Murbad - Malshej Ghat - Nirmal Road NH- 61 km 15/200 to Km 38/00 and from Km. 58/00 to Km 84/00 Design length 48.58 km of NH-61 on EPC Mode in Thane District in the state of Maharashtra,Ministry of Road Transport & Highways,Roads & Highways,Maharashtra,984.07,984.07,0.0,100.0,0.0,-100.0,0.0,1.034,0.5292,0.129,0.3491,medium
618024,Up-gradation to two lane with paved shoulder configuration of NH-354 Section Arifkes- Ferozepur-Muktsar-Malaut from Km 201.500 to Km 212.500 & Km 229.690 to Km 269.960 and strengthening of existing pavement from Km 212.500 to Km 229.690 excluding Km 218.500 to 223.690 of NH-354 on EPC Mode in the State of Punjab. Job No. NH-354-PB-2020-21-532,Ministry of Road Transport & Highways,Roads & Highways,Punjab,263.19,263.19,0.0,83.0,0.0,-83.0,0.0,1.5,0.9686,0.0654,0.5622,high
618136,Upgradatiobn and Rehabilitation of Section of NH 361 F from Parli 00/000 to Gangakhed 30/400 to Two Lanes with paved shoulder / Four lane configurations on EPC mode in the State of Maharashtra.,Ministry of Road Transport & Highways,Roads & Highways,Maharashtra,224.44,224.44,0.0,91.0,0.0,-91.0,0.0,1.5,0.9335,0.0839,0.5512,high
616691,"Upgradation & Extension of ESIC Hospital and Construction of PG Hostel / Staff Housing for ESIC Hospital at Andheri, Mumbai",Ministry of Labour and Employment,Healthcare,Maharashtra,260.13,260.13,216.46,89.0,83.21,-5.79,0.0,1.0669,0.9207,0.1007,0.5517,high
618511,Upgradation & rehabilitation of Service Roads on both sides in urban areas of Pune City on PuneSatara section of NH48,Ministry of Road Transport & Highways,Roads & Highways,Maharashtra,604.59,388.78,44.03,14.7,11.33,-3.37,-35.7,1.2493,0.955,0.0529,0.549,high
618019,Upgradation & widening of Jharkheda- Berasia - Dholkhedi from design km 0000 to km 87900 Design length 87.90km of NH-346 including 3 nos. bypasses of 13.10 Km in the State of Madhya Pradesh under EPC mode.,Ministry of Road Transport & Highways,Roads & Highways,Madhya Pradesh,365.21,365.21,0.0,88.0,0.0,-88.0,0.0,1.5,0.9602,0.0619,0.556,high
619155,Upgradation and 4L of Haridwar Bypass from Km 0.000 Km 188.100 of NH-58 to Km. 15.100 Km 5.100 of NH 74 PKg-1,Ministry of Road Transport & Highways,Roads & Highways,Uttarakhand,1602.89,1423.89,588.94,76.74,41.36,-35.38,-11.17,1.5,0.9331,0.1044,0.5602,high
618967,Upgradation and Strengthening of Chenani to Nashri Section via Patnitop of NH244 from Km 0.000 to Km 39.100,Ministry of Road Transport & Highways,Roads & Highways,Jammu and Kashmir,295.06,295.06,175.81,63.8,59.58,-4.22,0.0,1.0411,0.8739,0.0624,0.5088,high
618043,Upgradation and reconstruction of Dindori - Mandla Section of NH 543 from Km 77100 Design to Km 170580 Design Total length 93.48km to Two lane with paved shoulder configuration along with One time improvement in 04 nos of bypassed built-up areas in a total length of 7.23 km in the state of Madhya Pradesh on EPC mode,Ministry of Road Transport & Highways,Roads & Highways,Madhya Pradesh,492.12,523.71,0.0,87.5,0.0,-87.5,6.42,1.0669,0.7481,0.064,0.4403,medium
617914,Upgradation and reconstruction of Shahpura-Dindori Section of NH 45 from Km 103.700 Design to Km 164.580 Design including 3 bypasses Total length 60.88km to Two lane with paved shoulder configuration along with One time improvement in 03 nos of bypassed built-up areas in a total length of 12.341 km in the State of Madhya Pradesh on EPC mode,Ministry of Road Transport & Highways,Roads & Highways,Madhya Pradesh,241.23,250.09,0.0,29.09,0.0,-29.09,3.67,1.39,0.8825,0.0612,0.5129,high
618036,Upgradation and reconstruction of existing intermediate lane to two Lane with paved shoulder configuration from km. 43.00 Barna River to km. 77.00 ken river length 34.00 km. on Gulganj-Amanganj-Pawai-Katni NH43 Extn. along with One time improvement in 01 no. of bypassed built-up area in a total length of 1.585 km in the state of Madhya Pradesh on EPCmode.,Ministry of Road Transport & Highways,Roads & Highways,Madhya Pradesh,315.55,315.55,0.0,25.3,0.0,-25.3,0.0,0.9151,0.5712,0.0611,0.3417,medium
618754,Upgradation of 2L/4L with Paved Shoulder of Shirwal-Lonand Section from KM 159900 To KM 188025 of NH-965DD Section I and 2L With Paved Shoulder of Lonand-Satara Section from KM 51500 To KM 96246 Of NH-965D Section II in Satara District in the State of Maharashtra on EPC Mode under NHO-,Ministry of Road Transport & Highways,Roads & Highways,Maharashtra,538.11,307.24,96.11,33.37,31.28,-2.09,-42.9,0.6247,0.8442,0.0184,0.4726,medium
618016,"Upgradation of Ambikapur Ramanujganj - Garhwa Road NH 343 of Package-I, Rajpuri Khurd Village to Padih Village section from existing km 7.830 to km 57.650 Design Ch. 13.700 to Ch. 62.700 of total length 49.00 km to two lane with paved shoulders under EPC mode in the state of Chhattisgarh",Ministry of Road Transport & Highways,Roads & Highways,Chhattisgarh,397.44,397.44,18.97,10.22,4.77,-5.45,0.0,0.6671,0.8587,0.0314,0.4865,medium
618014,"Upgradation of Ambikapur-Ramanujganj-Garwa road of NH-343, Package-III, Badki mahri village to Ramanujganj section from existing km 80.600 to km 110.330 Design Ch. 85.370 to Ch. 114.800 of total length 29.430 km to two lane with paved shoulders udner corridor scheme under EPC Mode in the of Chhattisgarh",Ministry of Road Transport & Highways,Roads & Highways,Chhattisgarh,199.05,199.05,28.95,31.0,14.54,-16.46,0.0,0.9402,0.6227,0.0277,0.3549,medium
618018,Upgradation of Bilaspur-Takhatpur-Mungeli-Pandariya-Pondi Road on N.H.-130A Package IIIA Takhatpur By-pass from existing Ch. 26.542 to 32.093 [Design Ch. 18.700 to 25.900] & Mungeli By-pass from existing Ch. 45.786 to 56.275 [Design Ch. 29.600 to 51.600] and Package IIIB Pandariya By-Pass from existing Ch. 82.582 to 87.133 [Design Ch. 77.900 to 81.1000 & Pondi By-pass from existing Ch. 103.166 to 104.756 [Design Ch. 97.000 to 103.395] to two lane with paved shoulder configuration in the,Ministry of Road Transport & Highways,Roads & Highways,Chhattisgarh,351.19,351.19,11.48,10.0,3.27,-6.73,0.0,1.5,0.9565,0.0321,0.5405,high
617915,Upgradation of Dindori-Sagartola-kabichabutra MP-CG border section of NH -45 from km 000Design to km 77.00 Design to Two lane with paved shoulder configration along with one time improvement in 04 nos. of bypaased built-up areas in a total length of 9.1 km in the state of Madhya Pradesh on EPC mode.,Ministry of Road Transport & Highways,Roads & Highways,Madhya Pradesh,329.14,319.09,0.0,93.68,0.0,-93.68,-3.05,1.4979,0.9518,0.0665,0.5534,high
618158,"Upgradation of Goras to Shyampur Road section of NH-552 Ext., from Design Chainge 48.400 to 111.800 Km Total length 63.40 km to two lane with paved shoulder configuration along with One time improvement of 8.91 km in the state of Madhya Pradesh on EPC mode",Ministry of Road Transport & Highways,Roads & Highways,Madhya Pradesh,416.96,416.96,0.0,13.11,0.0,-13.11,0.0,0.874,0.7014,0.0507,0.4086,medium
618015,"Upgradation of Keonchi - Ratanpur Road of NH 45 Package-I, from design chainage km 237.860 to km 273.200 of length 35.340 km to two lane with paved shoulders under Corridor scheme on EPC mode in the state of Chhattisgarh.",Ministry of Road Transport & Highways,Roads & Highways,Chhattisgarh,225.41,228.93,63.38,55.0,27.69,-27.31,1.56,1.4408,0.8817,0.0377,0.5019,high
618017,"Upgradation of Keonchi - Ratanpur Road of NH 45 Package-II, from design chainage km 278.75 to km 321.348 of length 42.598 km to two lane with paved shoulders under Corridor scheme on EPC mode in the state of Chhattisgarh.",Ministry of Road Transport & Highways,Roads & Highways,Chhattisgarh,286.0,286.0,78.67,60.0,27.51,-32.49,0.0,1.4408,0.9326,0.0306,0.5267,high
618107,Upgradation of Mehsana-Visnagar-vadnagar-Kheralu-Idar section from km 0/00 to 81/300 of NH 168G Mehsana to Idar in the State of GujaratTotal Length 81.300 Km on Hybrid Annuity Mode HAM,Ministry of Road Transport & Highways,Roads & Highways,Gujarat,1155.21,1155.21,32.09,11.0,2.78,-8.22,0.0,0.299,0.8048,0.0224,0.4527,medium
618085,Upgradation of Nasrullagani-Rehti-Budhni Scction to 2-lane with paved shoulder from Km 0150 to Km 50500 of NH-146B in the state of Madhya Pradesh on EPC mode.,Ministry of Road Transport & Highways,Roads & Highways,Madhya Pradesh,305.12,293.74,0.0,78.0,0.0,-78.0,-3.73,1.5,0.9732,0.0651,0.5645,high
619007,Upgradation of Sarvardewla to Pal MP/MH Border Road section of NH-347 C from Design Chainge km 81.600 to 137.400 Total length 55.80 km to two lane with paved shoulder configuration along with One time improvement of 1 .95 km in the State of Madhya Pradesh on EPC mode.,Ministry of Road Transport & Highways,Roads & Highways,Madhya Pradesh,461.23,461.23,0.0,0.0,0.0,0.0,0.0,0.3315,0.0585,0.042,0.55,high
618044,Upgradation of Shahdol- Sagartola Section of NH 543 from km 0000 to km 69400 to 2 lane with paved shoulders under Hybrid Annuity Mode HAM in the State of Madhya Pradesh,Ministry of Road Transport & Highways,Roads & Highways,Madhya Pradesh,851.4,851.4,0.0,0.0,0.0,0.0,0.0,0.2503,0.0635,0.0429,0.0542,low
618098,"Upgradation of exhisting 2 lane flexible pavement to 2 lane paved shoulders rigid pavement from design chainage Km 66.00 to Design Km 82.440 Start of Kolhapur Municipal corporation near Phulewadi to kale, design length 16.440 Km section on Talere Gaganbawada-Kolhapur road NH 166G in the state of Maharashtra on EPC mode",Ministry of Road Transport & Highways,Roads & Highways,Maharashtra,167.97,167.97,0.0,93.75,0.0,-93.75,0.0,1.5,0.9517,0.1038,0.5701,high
618118,Upgradation of two lane paved shoulder from Shahpura existing km. 0.00 Design Ch. 000 to Thanagazi existing Km.37352 Design Ch. 36810 of NH-248A on EPC mode in the State of Rajasthan.,Ministry of Road Transport & Highways,Roads & Highways,Rajasthan,174.34,174.34,63.55,100.0,36.45,-63.55,0.0,1.5,0.8221,0.082,0.489,medium
618117,Upgradation to 2-Lane with Paved Shoulder from Design Km 36300 to Design Chainage 47918 and from Design Ch 69900 to Design Ch 83940 of NH-248A Natni Ka Bara in the State of Rajasthan on EPC Mode.,Ministry of Road Transport & Highways,Roads & Highways,Rajasthan,154.89,154.89,11.94,23.0,7.71,-15.29,0.0,1.2234,0.9269,0.0409,0.5282,high
618219,Upgradation to 2-lane with Hard shoulder configuration of Suraithota Ch. 29.725 km to Malari Ch. 60.550 km road on NH- 107B under in the state of Uttarakhand.,Ministry of Road Transport & Highways,Roads & Highways,Uttarakhand,292.76,292.76,0.0,72.5,0.0,-72.5,0.0,1.1671,0.9736,0.066,0.5652,high
618787,"Upgradation to 4L PS from Bhimasar, Junction of NH-41 to Anjar- Bhuj upto Airport Junction from Km 0.000 to Km 65.478 of NH-341",Ministry of Road Transport & Highways,Roads & Highways,Gujarat,1373.06,1687.25,834.0,96.0,49.43,-46.57,22.88,1.5,0.9254,0.1715,0.5862,high
617900,Upgradation to Two Lane Paved Shoulder in km 33/0 to 126/520 of NH-23 Old NH- 11B Kothun-Lalsot-Karoli-Dholpur road in the state of Rajasthan under EPC mode Length-93.52 Km.,Ministry of Road Transport & Highways,Roads & Highways,Rajasthan,150.11,150.11,12.2,97.0,8.13,-88.87,0.0,1.5,0.8696,0.8711,0.8703,critical
619009,Upgradation to Two Lane with Paved Shoulders from Km 0.000 to Km 41.920 Green Field Alignment of Gowrelly to Valigonda Section of NH-930P in the State of Telangana on EPC Mode under Annual Plan 2022-23,Ministry of Road Transport & Highways,Roads & Highways,Telangana,690.33,690.33,0.0,0.0,0.0,0.0,0.0,0.174,0.0655,0.0362,0.0523,low
617972,Upgradation to Two lane with Paved Shoulder Configuration of Narayanpur Kasturmeta pkg-II from design ch. 48.693 to 70.453 design length21.760 Km. on NH-130D under EPC mode in the state of Chhattisgarh.,Ministry of Road Transport & Highways,Roads & Highways,Chhattisgarh,200.67,200.67,14.99,0.0,7.47,7.47,0.0,1.1664,0.8697,0.0762,0.5126,high
618069,Upgradation to Two-lane with paved shoulder of Hanumangarh to Kenchiyan section from Km 0.000existing chainage-Km 23.200 to Km 49.605existing chainage-Km 74.645 of NH-54 in the State of Rajasthan on EPC mode.,Ministry of Road Transport & Highways,Roads & Highways,Rajasthan,334.64,334.64,0.0,68.0,0.0,-68.0,0.0,0.9575,0.8361,0.0643,0.4888,medium
618022,Upgradation to two lane with paved Shoulder Configuaration from Km. 0/00 to 47/000 of NH 351 Mahuva to Badhada section in the State of Gujarat,Ministry of Road Transport & Highways,Roads & Highways,Gujarat,173.06,219.08,22.53,67.0,10.28,-56.72,26.59,1.5,0.9019,0.0447,0.5162,high
701377,Upper Tunga Irrigation Project,"Department of Water Resources, River Development & GR",Water Resources,Karnataka,770.16,1606.07,1515.6,99.32,94.37,-4.95,108.54,1.5,0.9559,0.91,0.9353,critical
400105,Urmodi Irrigation Project,"Department of Water Resources, River Development & GR",Water Resources,Maharashtra,580.79,895.81,713.46,76.22,79.64,3.42,54.24,1.5,0.9747,0.7067,0.8541,critical
619203,Vadape to Thane from km 539.202 to km 563.000 section of NH-3 new NH-848,Ministry of Road Transport & Highways,Roads & Highways,Maharashtra,1252.92,1371.27,482.26,76.6,35.17,-41.43,9.45,1.5,0.9256,0.0893,0.5493,high
618464,Vadodara Mumbai Expressway Ena -Kim Phase IB - Pkg VI [Km 217.500 to Km 254.430],Ministry of Road Transport & Highways,Roads & Highways,Gujarat,2271.86,4297.28,2574.42,98.9,59.91,-38.99,89.15,1.5,0.9682,0.7329,0.8623,critical
618465,Vadodara Mumbai Expressway Gandeva to Ena Phase IB - Pkg VII [Km 190.00 to Km 217.500],Ministry of Road Transport & Highways,Roads & Highways,Gujarat,1710.3,3392.21,2158.87,97.05,63.64,-33.41,98.34,1.5,0.9803,0.7417,0.8729,critical
618466,Vadodara Mumbai Expressway Jujuwa - Gandeva from Km. 154.600 to Km. 190.000 Phase-I Package-VIII,Ministry of Road Transport & Highways,Roads & Highways,Gujarat,3834.24,3820.2,197.13,4.85,5.16,0.31,-0.37,1.3172,0.9822,0.0845,0.5783,high
618467,Vadodara Mumbai Expressway Karvad - Jujuwa from Km. 128.000 to Km. 154.600 Phase-I Package-IX,Ministry of Road Transport & Highways,Roads & Highways,Gujarat,2594.17,2587.04,212.76,21.75,8.22,-13.53,-0.27,1.5,0.9684,0.0651,0.5619,high
618463,Vadodara Mumbai Expressway Kim to Ankleshwar Phase IA - Pkg V,Ministry of Road Transport & Highways,Roads & Highways,Gujarat,1324.84,2807.48,1248.75,91.34,44.48,-46.86,111.91,1.5,0.9647,0.2507,0.6434,high
618468,Vadodara Mumbai Expressway Phase II - Pkg XI [Km. 77.000 to Km. 103.400] Ganjad - Talsari,Ministry of Road Transport & Highways,Roads & Highways,Maharashtra,1524.71,1913.95,813.35,99.76,42.5,-57.26,25.53,1.5,0.8884,0.1113,0.5387,high
619198,Vadodara Mumbai Expressway Phase II - Pkg XII [Km. 50.700 to Km. 77.000] Masvan - Ganjad,Ministry of Road Transport & Highways,Roads & Highways,Maharashtra,1711.38,2388.52,979.26,99.38,41.0,-58.38,39.57,1.5,0.887,0.1132,0.5388,high
618469,Vadodara Mumbai Expressway Phase II - Pkg XIII [Km. 26.582 to Km. 50.700] Shirsad - Masvan,Ministry of Road Transport & Highways,Roads & Highways,Maharashtra,3536.9,4679.54,1792.74,90.86,38.31,-52.55,32.31,1.5,0.9371,0.1327,0.5751,high
618470,Vadodara Mumbai Expressway Phase II - Pkg XIV [Km. 3.000 to Km. 20.200 of Spur] Shirsad - Akloli,Ministry of Road Transport & Highways,Roads & Highways,Maharashtra,2058.79,2324.72,629.88,86.0,27.09,-58.91,12.92,1.5,0.915,0.0693,0.5344,high
618471,Vadodara Mumbai Expressway Phase II - Pkg XV [Km. 20.200 to Km. 43.000 of Spur] Akloli - Amne,Ministry of Road Transport & Highways,Roads & Highways,Maharashtra,2610.88,2918.39,621.7,91.5,21.3,-70.2,11.78,1.5,0.9282,0.0827,0.5477,high
618472,Vadodara Mumbai Expressway Phase II - Pkg XVI [Km. 43.000 to Km. 69.800 of Spur] Amne - Bhoj,Ministry of Road Transport & Highways,Roads & Highways,Maharashtra,4051.8,4315.56,905.74,90.7,20.99,-69.71,6.51,1.5,0.9471,0.071,0.5528,high
618473,Vadodara Mumbai Expressway Phase II - Pkg XVII [Km. 69.800 to Km. 79.783 of Spur] Bhoj - Morbe,Ministry of Road Transport & Highways,Roads & Highways,Maharashtra,2208.68,2463.02,827.11,84.25,33.58,-50.67,11.52,1.4671,0.9402,0.0937,0.5593,high
619064,Vadodara Mumbai Expressway Talsari to Karvad Phase IB - Pkg X [Km 103.400 to Km 128.000],Ministry of Road Transport & Highways,Roads & Highways,"Multi-States (Dadra & Nagar Haveli and Daman & Diu, Gujarat, Maharashtra)",1909.74,2652.24,671.46,36.23,25.32,-10.91,38.88,1.5,0.9791,0.108,0.5871,high
618893,Varanasi Gorakhpur Section Packege IV from km. 149.540 to km. 215.160 Mau- Gorakhpur,Ministry of Road Transport & Highways,Roads & Highways,Uttar Pradesh,2966.63,3475.65,865.21,97.35,24.89,-72.46,17.16,1.5,0.9264,0.0752,0.5434,high
618529,Varanasi Ring Road Pkg-II connecting Sandaha Village km 11.70 / NH-29 with Revasa Village km 818.80 / NH-2,Ministry of Road Transport & Highways,Roads & Highways,Uttar Pradesh,1991.71,1832.66,1008.02,94.79,55.0,-39.79,-7.99,1.5,0.9279,0.1108,0.5602,high
617213,Varanasi-Pt. Deen Dayal Upadhyaya multitracking 15km including construction of new Rail-cum-Road Bridge across Ganga River.,Ministry of Railways,Railways,Uttar Pradesh,2464.46,2464.46,59.82,2.42,2.43,0.01,0.0,0.2286,0.4777,0.0253,0.2741,medium
615863,Venkatesh Khani Coal Mine,Ministry of Coal,Coal,Telangana,484.5,484.5,477.14,97.0,98.48,1.48,0.0,1.0872,0.7807,0.1478,0.4959,medium
705632,Vijayawada - Kazipet Byepass line,Ministry of Railways,Railways,"Multi-States (Andhra Pradesh, Telangana)",647.0,904.0,1242.64,95.01,137.46,42.45,39.72,1.1899,0.9747,0.9229,0.9514,critical
705648,Vijaywada-Gudur 3rd Line,Ministry of Railways,Railways,Andhra Pradesh,6654.0,6654.0,6170.32,96.0,92.73,-3.27,0.0,1.2776,0.9767,0.1462,0.603,high
618844,Viluppuram Km.0.000 to Puducherry Km.29.000,Ministry of Road Transport & Highways,Roads & Highways,"Multi-States (Puducherry, Tamil Nadu)",1358.31,1162.44,524.82,98.32,45.15,-53.17,-14.42,1.5,0.927,0.077,0.5445,high
616254,Visakh Raipur Pipeline Project,Ministry of Petroleum & Natural Gas,Oil & Gas,"Multi-States (Andhra Pradesh, Chhattisgarh, Odisha)",2212.0,2212.0,498.11,34.0,22.52,-11.48,0.0,0.6658,0.6084,0.0264,0.3465,medium
602195,Vishnugad Pipalkoti Hydro Electric Project [444 MW],Ministry of Power,Electricity Generation,Uttarakhand,3860.35,6405.08,5429.35,80.0,84.77,4.77,65.92,1.4205,0.986,0.9128,0.9531,critical
400253,Vizianagaram - Titlagarh 3rd line [272 Km including By - pass line of 7.68 KM],Ministry of Railways,Railways,"Multi-States (Andhra Pradesh, Odisha)",4803.0,6669.91,6211.43,97.0,93.13,-3.87,38.87,1.0823,0.8306,0.807,0.82,critical
617233,WAGHODA UG MINE [1.02 MTY],Ministry of Coal,Coal,Maharashtra,379.3,379.3,0.0,0.01,0.0,-0.01,0.0,0.322,0.0596,0.0426,0.55,high
619027,WRNES Talegaon Power Transmission Limited,Ministry of Power,Transmission & Distribution,Maharashtra,2000.0,2000.0,36.0,5.0,1.8,-3.2,0.0,0.4995,0.7325,0.0237,0.4136,medium
705479,Wadsa-Gadchiroli,Ministry of Railways,Railways,Maharashtra,1886.0,1886.0,809.55,66.0,42.92,-23.08,0.0,0.9668,0.5106,0.0411,0.2993,medium
701383,Waghur Project,"Department of Water Resources, River Development & GR",Water Resources,Maharashtra,1058.99,1758.51,1557.82,89.57,88.59,-0.98,66.06,1.2852,0.981,0.9126,0.9502,critical
618769,Walajahpet/Ranipet to TN/AP Border Section of from Km.106.800 to Km.133.36 NH-4,Ministry of Road Transport & Highways,Roads & Highways,"Multi-States (Andhra Pradesh, Tamil Nadu)",1338.14,1214.7,116.15,10.07,9.56,-0.51,-9.22,0.4986,0.798,0.0227,0.4491,medium
705497,Wardha - Yavatmal Nanded Railway Line Project,Ministry of Railways,Railways,Maharashtra,3445.34,4030.69,3608.59,47.0,89.53,42.53,16.99,0.9816,0.802,0.5873,0.7054,high
400271,Wardha-Nanded Via Yavatmal New BG Line,Ministry of Railways,Railways,Maharashtra,3445.0,3445.0,3002.93,50.0,87.17,37.17,0.0,1.0887,0.8192,0.3788,0.621,high
705237,Western Dedicated Freight Corridor,Ministry of Railways,Railways,"Multi-States (Gujarat, Haryana, Maharashtra, Rajasthan, Uttar Pradesh)",51101.0,124005.0,124623.0,96.0,100.5,4.5,142.67,1.4429,0.9067,0.9671,0.9339,critical
611974,Western Railway Samakhiali Gandhidham Quadrupiling 53 Kms,Ministry of Railways,Railways,Gujarat,1430.0,1430.0,519.4,35.0,36.32,1.32,0.0,0.9245,0.8078,0.061,0.4717,medium
618354,Wideinig & Upgradation to 2-lanes with paved shoulders road from Tamenglong to Mahur NH-137 in the State of Assam starting from km 96.870 near Jiri River to km 116.550 near Hangrum Package-7 on EPC mode Package7,Ministry of Road Transport & Highways,Roads & Highways,Assam,846.82,846.82,0.0,85.29,0.0,-85.29,0.0,1.2507,0.9527,0.123,0.5793,high
618063,Widening & Strenghteningof section from Bharthana chowk to Kodarkoot km.0.00 to km.40.00 of NH-91-A on EPC mode,Ministry of Road Transport & Highways,Roads & Highways,Uttar Pradesh,262.37,343.77,112.46,92.0,32.71,-59.29,31.02,1.5,0.8754,0.0272,0.4937,medium
617983,Widening & Strengthening of Existing 2LPS to 4 lane PS from Km 150000 to Km 159000 and Km 165400 to Km 186000 of NH-163 old NH-202 under NH O for the year 2020-21 on EPC Mode in the state of Telangana.,Ministry of Road Transport & Highways,Roads & Highways,Telangana,317.19,300.56,175.26,87.0,58.31,-28.69,-5.24,1.5,0.9298,0.042,0.5303,high
617958,Widening & Strenthening from km132.895 to km 190.15 NH-80,Ministry of Road Transport & Highways,Roads & Highways,Bihar,566.1,566.1,251.12,95.0,44.36,-50.64,0.0,1.5,0.8829,0.0486,0.5075,high
618409,Widening & Up-gradation to 2 lane with Paved shoulder of NH-301 Kargil- Zanskar Road from Design km 57.000 Ex. Km. 57.905 to Km 87.000 Ex. Km. 88.2491 of 30.000 Km length Pkg-lll,Ministry of Road Transport & Highways,Roads & Highways,Ladakh,381.01,381.01,221.62,82.74,58.17,-24.57,0.0,1.5,0.915,0.0402,0.5213,high
618410,Widening & Up-gradation to 2 lane with paved shoulder of NH-301 Kargil- Zanskar Road from Design Km .30.040 Ex. Km. 30.000 to Design Km 57.000 Ex. Km. 57.905 of 26.960 Km length Pkg-II,Ministry of Road Transport & Highways,Roads & Highways,Ladakh,404.89,404.89,321.28,75.38,79.35,3.97,0.0,1.5,0.9835,0.2103,0.6355,high
618352,Widening & Upgradation to 2 lanes with paved shoulders road from Tamenglong to Mahur NH-137 in the State of Assam starting from km 136.500 near Hejaichak to km 156.489 near P. Leikul Package-9 on EPC mode under NHO-NE Package-9,Ministry of Road Transport & Highways,Roads & Highways,Assam,860.37,614.43,528.46,87.5,86.01,-1.49,-28.59,1.5,0.945,0.1176,0.5726,high
618351,Widening & Upgradation to 2 lanes with paved shoulders road from Tamenglong to Mahur NH-137 in the State of Assam starting from km 156.489 near P. Leikul to km 176.410 near Borowapu on EPC mode under NHO-NE Assam portion Package-10,Ministry of Road Transport & Highways,Roads & Highways,Assam,890.33,693.15,569.61,81.9,82.18,0.28,-22.15,1.5,0.9476,0.1439,0.586,high
618353,Widening & Upgradation to 2-lanes with paved shoulders road from Tamenglong to Mahur NH-137 in the State of Assam starting from km 116.480 near Hangrum to km 136.500 near Hejaichak Package-8 on EPC mode under NHO-NE Package 8,Ministry of Road Transport & Highways,Roads & Highways,Assam,904.04,904.04,520.05,85.2,57.53,-27.67,0.0,1.5,0.9139,0.1253,0.559,high
618082,Widening & Upgradation to four lane configuration from Km.34.900 Bhadohi to km.73.134 Jaunpur of NH-135A on EPC mode,Ministry of Road Transport & Highways,Roads & Highways,Uttar Pradesh,395.62,392.03,0.0,94.0,0.0,-94.0,-0.91,1.5,0.9445,0.0681,0.5501,high
618132,Widening & strengthening of existing carriageway in 2 lane with paved shoulders from km 25/0 to 59/2 design Ch km 25.467 to 59.200 of NH - 353C on EPC mode in the state of Telangana,Ministry of Road Transport & Highways,Roads & Highways,Telangana,206.13,206.13,152.77,98.57,74.11,-24.46,0.0,1.5,0.8457,0.0821,0.5021,high
618012,"Widening & strengthenlng to 2LPS from km 0,000 to 40.000 Dhaugaon- Podamari section of NH 326 in the State of Odisha under Annual Plan 2021.22.",Ministry of Road Transport & Highways,Roads & Highways,Odisha,186.52,186.52,42.83,60.0,22.96,-37.04,0.0,1.2886,0.902,0.0416,0.5148,high
618372,"Widening / Improvement to 4-Lane with Paved Shoulder configuration of existing single lane road from Kachukhana Harichara Paglagaunj to Dhubri - Phulbari Bridge approach Package-II of Srirampur - Dhubri Section of NH-127B from existing Km 28.050 to Km 55.060 Design Km 27.650 to Km 54.154, Design Length26.504 Km under JICA ODA Loan assistance Phase-V [Srirampur - Dhubri Pkg-2]",Ministry of Road Transport & Highways,Roads & Highways,Assam,909.02,909.02,638.5,100.0,70.24,-29.76,0.0,1.5,0.8656,0.17,0.5526,high
617928,"Widening 2 lane to 4-lane from KM 92/320 to Km 115/320 Vav Chokdi-Satlasana to to Vrundavan Chokdi, Kheralu on NH-58 in the State of Gujarat.",Ministry of Road Transport & Highways,Roads & Highways,Gujarat,151.13,171.27,0.0,98.0,0.0,-98.0,13.33,1.2507,0.9588,0.2261,0.6291,high
618141,Widening and Improvement of existing carriage way to 2 lane with paved shoulders from Km. 86/160 to 131/730 of Jangaon-Duddeda section of NH-365B in the State of Telangana on EPC Mode,Ministry of Road Transport & Highways,Roads & Highways,Telangana,423.48,423.48,160.07,76.92,37.8,-39.12,0.0,1.5,0.928,0.0285,0.5232,high
618161,Widening and Reconstruction of existing road to four lane from Km.56400 to Km 120300 i.e. from B.Kothapalli Junction to Gorantla excluding Kadiri Bypass from Km 70200 to Km 77105 of NH 716G in the State of Andhra Pradesh on EPC mode Job no. 742,Ministry of Road Transport & Highways,Roads & Highways,Andhra Pradesh,839.98,839.98,355.56,99.45,42.33,-57.12,0.0,1.3321,0.8812,0.063,0.513,high
618242,Widening and Reconstruction to 4-lane/4-lane with service road including structures from Pokharia More at Km 47.600 Ex. Km 50.230 to Govindpur at km 62.949 Ex. Km 65.325 of Nh-419 in the State of Jharkhand on EPC mode.,Ministry of Road Transport & Highways,Roads & Highways,Jharkhand,300.46,300.46,76.93,46.22,25.6,-20.62,0.0,1.3311,0.9192,0.0254,0.517,high
618206,Widening and Strengthening of Rafiabad-Kupwara-Chowkibal-Tangdhar-Chamkot NH- 701 road from design Ch. From 0000 to 51000 to two lanes with paved shoulders under Project Beacon in the UT of Jammu & Kashmir on EPC mode Package-I.,Ministry of Road Transport & Highways,Roads & Highways,Jammu and Kashmir,1404.94,1404.94,118.37,36.5,8.43,-28.07,0.0,0.7333,0.4845,0.0324,0.2811,medium
618060,Widening and Strengthening of existing paveemnt to two lane with paved shoulders from km 116.00 to km 176.355 of NH-75E in the State of Jharkhand on EPC mode.,Ministry of Road Transport & Highways,Roads & Highways,Jharkhand,315.21,315.21,129.54,87.0,41.1,-45.9,0.0,1.5,0.9355,0.0276,0.5269,high
618106,Widening and Strengthening to 2/4 lane with paved shoulders of Mahabubnagar Chincholi section from Km 0/0 to Km 60/255 of NH-167N in the state of Telangana under Annual plan 2021-22 on EPC modepackage-I under NHO Job No.167N-TS- 2021-22-75,Ministry of Road Transport & Highways,Roads & Highways,Telangana,703.68,703.68,279.58,90.69,39.73,-50.96,0.0,1.5,0.8953,0.0643,0.5213,high
617920,Widening and Strengthening to 2LPS including LA from km 318.970 to 353.450 Balikuda-Mulkani Section of NH-55 under NHO in Annual Plan 2022-23 in the State of Odisha. Job No. NH-55-OD-2022-23-656,Ministry of Road Transport & Highways,Roads & Highways,Odisha,511.54,511.54,0.0,3.0,0.0,-3.0,0.0,0.6247,0.7093,0.0809,0.55,high
617899,Widening and Strengthening to 4LPS/2LPS from km 0.000 to 35.800 Kuakhia - Mangalpur section of NH 20 in the state of Odisha on Annual Plan 2021-22,Ministry of Road Transport & Highways,Roads & Highways,Odisha,636.1,636.1,292.74,56.11,46.02,-10.09,0.0,1.2886,0.931,0.0653,0.5415,high
618264,"Widening and Strengthening to two Lane with Paved Shoulder/Four Lane with paved shoulder configuration from km. 61.500 of NH-727B near Nawalpur km 178.500 of Sonauli Balia Marg, Old SH-01 i.e. end point of Salempur Bypass to km. 106.495 of NH-727B near Sikanderpur under EPC mode",Ministry of Road Transport & Highways,Roads & Highways,Uttar Pradesh,2061.86,2061.86,0.0,25.0,0.0,-25.0,0.0,0.3095,0.5511,0.0683,0.3338,medium
618222,Widening and Strengthening up gradation to 2 lane with paved shoulder from existing chainage Km 192.98 to Km 229.820 design chainage Km 162.800 to Km 198.18 under 31 BRTF on Akhnoor-Poonch Road NH-144A in the UT of Jammu and Kashmir under Project Sampark Border Roads Organisation BRO on EPC Mode Package-VIII Job No NH-144A-J&K-2022-2023-111,Ministry of Road Transport & Highways,Roads & Highways,Jammu and Kashmir,562.45,562.45,137.07,70.03,24.37,-45.66,0.0,1.3311,0.9302,0.0524,0.5352,high
618123,Widening and Strengthening/Reconstruction to Two Lane with Paved Shoulder/ Two Lane with paved shoulders with service road from km 0000 to km 42250 excluding design Ch. 03220 to 04200 & 28350 to 29060 of NH-320G in the state of Jharkhand under EPC mode,Ministry of Road Transport & Highways,Roads & Highways,Jharkhand,423.18,423.18,4.11,0.0,0.97,0.97,0.0,1.5,0.9189,0.0592,0.532,high
618380,Widening and Up-gradation to 2- Lane with Paved Shoulder Configuration and geometric improvement from Km. 125. 000 to Km 166 Package-3 on Aizawl Tuipang Section of NH-54 in the State of Mizoram Package-3,Ministry of Road Transport & Highways,Roads & Highways,Mizoram,867.09,867.09,159.47,97.51,18.39,-79.12,0.0,1.5,0.9315,0.078,0.5474,high
618384,Widening and Up-gradation to 2- Lane with Paved Shoulder Configuration and geometric improvement from Km. 166. 000 to Km 208.000 Package-4 on Aizawl Tuipang Section of NH-54 in the State of Mizoram Package-4,Ministry of Road Transport & Highways,Roads & Highways,Mizoram,899.45,899.45,191.59,99.88,21.3,-78.58,0.0,1.5,0.8893,0.0741,0.5224,high
618379,Widening and Up-gradation to 2- Lane with Paved Shoulder Configuration and geometric improvement from Km. 208. 000 to Km 250.000 Package-5 on Aizawl Tuipang Section of NH-54 in the State of Mizoram Package-5,Ministry of Road Transport & Highways,Roads & Highways,Mizoram,752.89,752.89,125.62,95.35,16.69,-78.66,0.0,1.5,0.9152,0.0745,0.5369,high
618397,Widening and Up-gradation to 2-Lane with Paved Shoulder of configuration and geometric improvement from Km 0.000 to Km 16.990 on Chenani Sudhmahadev section of NH-244 in UT of Jammu and Kashmir to be executed on EPC basis,Ministry of Road Transport & Highways,Roads & Highways,Jammu and Kashmir,255.9,255.9,0.0,0.0,0.0,0.0,0.0,1.5,0.9276,0.056,0.5354,high
618178,Widening and strengthening of Gangakhed to Kingaon section of NH-752K in Km 38/750 to 72/304 Flexible Pavement Length33.554 km to 2-lane configuration on EPC mode in the State of Maharashtra.,Ministry of Road Transport & Highways,Roads & Highways,Maharashtra,162.67,162.67,0.0,72.0,0.0,-72.0,0.0,1.1664,0.9697,0.1704,0.61,high
617982,Widening and strengthening of existing 2-lane to 2- lane with paved shoulders from km 159/0 to 165/4 and 186/0 to 215/0 of NH-163 on EPC mode int the state of Telangana,Ministry of Road Transport & Highways,Roads & Highways,Telangana,230.03,230.03,0.0,0.0,0.0,0.0,0.0,1.5,0.8898,0.0569,0.515,high
618201,"Widening and strengthening to 2 lane with paved shoulder from existing Ch. Km 56720 to Km 100820 and Design Ch. From Km 62600 to Km 106360 Total Length43.760 Km on SRINAGAR -BARAMULA URINH-01 in the UT of Jammu & Kashmir under project BEACON, Border Roads Organization BRO on EPC mode.",Ministry of Road Transport & Highways,Roads & Highways,Jammu and Kashmir,702.1,702.1,0.0,45.0,0.0,-45.0,0.0,0.9151,0.6557,0.0786,0.396,medium
617921,Widening and strengthening to 2LPS including LA of Kandarpur-Balikuda from km 277/500 to 318/970 of NH-55 in the State of Odisha under Annual Plan 2021-22.,Ministry of Road Transport & Highways,Roads & Highways,Odisha,499.79,499.79,129.74,60.65,25.96,-34.69,0.0,1.5,0.9169,0.0302,0.5179,high
618105,Widening and strengthening to 4 lane / 2-lane with paved shoulders of Mahabubnagar - Chincholi section from km 60/255 to Km 102/834 of NH-167N in the State of Telangana on EPC mode.,Ministry of Road Transport & Highways,Roads & Highways,Telangana,631.49,631.49,92.56,30.8,14.66,-16.14,0.0,1.4569,0.9523,0.0546,0.5483,high
618381,Widening and up-gradation to 2-lane with paved shoulder configuration and geometric improvements from km 250.00 Lunglei to km 298.00 on Aizawl-Tuipang section under JICA ODA Loan assistance Phase-I Package-6,Ministry of Road Transport & Highways,Roads & Highways,Mizoram,768.76,768.76,168.78,98.73,21.95,-76.78,0.0,1.5,0.903,0.078,0.5318,high
618382,Widening and up-gradation to 2-lane with paved shoulder configuration and geometric improvements from km 298.00 to km 339.00 on Aizawl-Tuipang section under JICA ODA Loan assistance Phase-I Package-7,Ministry of Road Transport & Highways,Roads & Highways,Mizoram,605.76,750.32,0.01,100.0,0.0,-100.0,23.86,1.5,0.9104,0.1772,0.5804,high
618383,Widening and up-gradation to 2-lane with paved shoulder configuration and geometric improvements from km 339.00 to km 380.00 Siaha on Aizawl-Tuipang section under JICA ODA Loan assistance Phase-I Package-8,Ministry of Road Transport & Highways,Roads & Highways,Mizoram,637.06,637.06,101.89,99.82,15.99,-83.83,0.0,1.5,0.863,0.0791,0.5102,high
619183,Widening of Existing Road from Intermediate Lane 2-lane to 4-lane Between Km 19.994 to Km 35.180 of NH-848A Rakholi-Khadoli-Velugam Section in U.T. of Dadra and Nagar Haveli and Daman and Diu,Ministry of Road Transport & Highways,Roads & Highways,Dadra & Nagar Haveli and Daman & Diu,198.06,239.57,73.03,52.0,30.48,-21.52,20.96,1.2886,0.9003,0.0401,0.5132,high
618193,Widening of Existing Road to Two Lane with Paved Shoulder Configuration from Km 0.00 to 26.000 & Km 45.200 To 59.622 Of NH 365BB in the State of Andhra Pradesh Under Annual Plan 2023-24 through EPC Mode,Ministry of Road Transport & Highways,Roads & Highways,Andhra Pradesh,368.63,368.63,37.37,22.55,10.14,-12.41,0.0,0.8489,0.5796,0.0238,0.3295,medium
617901,Widening of Pachpadra-Bagundi Section to 4 Lane from Km 73/60 to 95/70 of NH-25 on EPC mode in the state of Rajasthan.,Ministry of Road Transport & Highways,Roads & Highways,Rajasthan,194.88,194.88,48.47,98.58,24.87,-73.71,0.0,1.5,0.8584,0.0518,0.4954,medium
612793,"Widening of basic strip at Western Side of Runway Chainage 80m to 920m i/c slope stabilization Measures [Balance work] of uphill and Improvement of Storm Water Drainage System at Pakyong Airport, Sikkim on design & build basis [EPC] with integrated 10 years maintenance.",Ministry of Civil Aviation,Aviation & Aviation Infrastructure,Sikkim,323.26,323.26,80.84,34.25,25.01,-9.24,0.0,1.0997,0.8829,0.0273,0.55,high
617886,Widening of existing Single lane / Intermediate lane road to 2 lane from Km 101 to Km 125 of NH 61,Ministry of Road Transport & Highways,Roads & Highways,Nagaland,252.2,252.2,0.0,44.46,0.0,-44.46,0.0,1.1247,0.9472,0.0536,0.5451,high
618002,Widening of existing single lane to intermediate lane road from Mokokchung to Chare via Dikhu in the state of Nagaland on EPC mode,Ministry of Road Transport & Highways,Roads & Highways,Nagaland,192.93,192.93,99.65,0.0,51.65,51.65,0.0,1.5,0.9042,0.1849,0.5805,high
618337,Widening to 2 -Lane with Paved shoulder of Imphal to Jiribam section of NH-37 from Design Chainage 33.000 km to 66.390 Km Existing Chainage from km 33.395 to km 67.496 on EPC Mode in Manipur PKG-3,Ministry of Road Transport & Highways,Roads & Highways,Manipur,467.0,467.0,568.72,86.33,121.78,35.45,0.0,1.5,0.9805,0.6467,0.8303,critical
618336,Widening to 2 -Lane with Paved shoulder of Imphal to Jiribam section of NH-37 from Design Chainage 66.110 km to 101.280 Km Existing Chainage km 67.496 to km 103.557 on EPC Mode in Manipur PKG-4,Ministry of Road Transport & Highways,Roads & Highways,Manipur,579.63,579.63,377.13,84.86,65.06,-19.8,0.0,1.5,0.927,0.0879,0.5494,high
618039,Widening to 2 Lane from Existing Chainage Km 74.700 Km 100.660 Design Chainage Km 53.365 to Km 78.785 on NH- 507 in the State of Uttarakhand.,Ministry of Road Transport & Highways,Roads & Highways,Uttarakhand,346.82,346.82,0.0,29.64,0.0,-29.64,0.0,0.3658,0.5805,0.067,0.3494,medium
618364,"Widening to 2 Lane with Hard shoulder of Akegwo-Avangkhu section of NH-202K for Package-I Design Chainage 0000 Km to 34795 Km, in the State of Nagaland on EPC mode under NH O-NE",Ministry of Road Transport & Highways,Roads & Highways,Nagaland,430.24,430.24,0.0,87.0,0.0,-87.0,0.0,1.2306,0.9588,0.064,0.5561,high
618366,Widening to 2 Lane with Hard shoulder of Akegwo-Avangkhu section of NH-202K for Package-II Design Chainage 34795 Km to 69875 Km in the State of Nagaland on EPC mode under NHO-NE,Ministry of Road Transport & Highways,Roads & Highways,Nagaland,442.54,442.54,0.0,54.66,0.0,-54.66,0.0,1.2306,0.9474,0.0531,0.545,high
618365,Widening to 2 Lane with Hard shoulder of Akegwo-Avangkhu section of NH-202K for Package-III Design Chainage 69875 Km to 106816 Km in the State of Nagaland on EPC mode under NHO-NE,Ministry of Road Transport & Highways,Roads & Highways,Nagaland,497.18,497.18,0.0,85.67,0.0,-85.67,0.0,1.2306,0.9412,0.0665,0.5476,high
618147,Widening to 2 Lane with Paved Shoulders from design Km 103.200 Existing Km 103.200 to design Km 116.700 Existing Km 118.470 on AP/KNT Border to Sira Section of NH-544E in the State of Karnatakaon EPC mode under Annual plan 2022- 23,Ministry of Road Transport & Highways,Roads & Highways,Karnataka,166.58,166.58,35.33,40.0,21.21,-18.79,0.0,1.5,0.902,0.039,0.5137,high
618335,Widening to 2 Lane with Paved shoulder of lmphal to Jiribam section of NH-37 from Design Ch. from Km 101280 Near Khongsang Village to Km 131280 near Puilon Kambiron Village on EPC Mode in Manipur PKG-5,Ministry of Road Transport & Highways,Roads & Highways,Manipur,410.68,410.68,339.14,89.95,82.58,-7.37,0.0,1.5,0.9524,0.0883,0.5635,high
618334,Widening to 2 Lane with Paved shoulder of lmphal to Jiribam section of NH-37 from Design Ch. from km 131.280 to km 169.570 on EPC mode in Manipur under NHO- TSP PKG-6,Ministry of Road Transport & Highways,Roads & Highways,Manipur,504.76,504.76,308.06,95.0,61.03,-33.97,0.0,1.5,0.8781,0.049,0.505,high
618070,Widening to 2 Lanes with paved shoulders from Km.87/000 to 133/720 Nattukal to Thanau Jn. in Palakkad of NH-966 Old NH-213 on EPC mode Basis under NHO Annual Plan 2016-17 in the state of Kerala,Ministry of Road Transport & Highways,Roads & Highways,Kerala,294.28,315.63,0.0,98.0,0.0,-98.0,7.25,1.5,0.9536,0.0685,0.5553,high
618197,Widening to 2 lane with Paved Shoulders of Medak - Siddipet section from Km 0/0 to km 69/978 of NH-765DG in the State of Telangana under Annual plan 2021-22 on EPC mode,Ministry of Road Transport & Highways,Roads & Highways,Telangana,882.18,882.18,347.73,74.06,39.42,-34.64,0.0,1.5,0.9164,0.0742,0.5374,high
618196,Widening to 2 lane with Paved Shoulders of Siddipet-Elkathurthy section from Km 69/978 to km 133/619 of NH-765DG in the State of Telangana under Annual plan 2021-22 on EPC mode,Ministry of Road Transport & Highways,Roads & Highways,Telangana,578.85,578.85,0.0,85.0,0.0,-85.0,0.0,1.5,0.9402,0.1206,0.5713,high
618333,Widening to 2 lane with Paved shoulder of lmphal to Jiribam section of NH-37 from Design Ch. from km 169570 Near Nungkao vlllage under Tamenglong District to km 205974 near Jiribam Bridge under Jiribam district under NHO-NE PKG-7,Ministry of Road Transport & Highways,Roads & Highways,Manipur,760.16,760.16,414.38,90.52,54.51,-36.01,0.0,1.3735,0.8643,0.1076,0.5238,high
618122,Widening to 2 lane with paved shoulded of Jareikela Jharkhand/Odisha Border - Dhabaleswar section from 0/0 to 36/0 of NH-320D in the State of Odisha under Annual Plan 2021-22.,Ministry of Road Transport & Highways,Roads & Highways,Odisha,172.09,172.09,0.0,20.25,0.0,-20.25,0.0,0.9575,0.6257,0.0838,0.3818,medium
618030,Widening to 2 lane with paved shoulder from Km. 103.225 Pattadakal to Km. 133.00 Shirur cross of NH-367 in the state of Karnataka on EPC Mode.Job No. NH-367-KNT- 2021-22-934,Ministry of Road Transport & Highways,Roads & Highways,Karnataka,264.14,264.14,3.58,0.0,1.36,1.36,0.0,1.5,0.9235,0.0591,0.5345,high
618130,Widening to 2 lane with paved shoulders from 0.00 to 32.970 ofAdilabadto Bela section of NH 353B in the State of Telangana,Ministry of Road Transport & Highways,Roads & Highways,Telangana,490.92,490.92,0.0,75.38,0.0,-75.38,0.0,1.1671,0.9583,0.0615,0.5547,high
618183,Widening to 2 lane with paved shoulders from Km 62/920 to km 106/830 of Medak - Yellareddy section in the State of Telangana under Annual Plan 2022-23 on EPC mode under NHO,Ministry of Road Transport & Highways,Roads & Highways,Telangana,399.01,399.01,0.0,66.04,0.0,-66.04,0.0,1.0411,0.7969,0.0606,0.4655,medium
618000,Widening to 2-Lane with Paved Shoulders from Km 116.800 to 149.070Design Changes on Hosadurga - Holalkere Section of NH-173 in the State of Karnataka on EPC mode under Annual Plan 2021-22 Job no. NH-173-KNT-2021-22-946,Ministry of Road Transport & Highways,Roads & Highways,Karnataka,170.34,147.39,106.88,92.65,72.52,-20.13,-13.47,1.5,0.8227,0.0767,0.487,medium
618338,Widening to 2-Lane with Paved shoulder of Imphal to Jiribam section of NH-37 from Design Chainage 15.940 km to 33.120 Km Existing Chainage Km 15.946 to Km 33.395 Total length17.180 Km in the State of Manipur on EPC mode PKG-2 - Balance Works & Rectification works,Ministry of Road Transport & Highways,Roads & Highways,Manipur,195.14,195.14,0.0,76.18,0.0,-76.18,0.0,1.5,0.9682,0.0818,0.5693,high
618207,Widening to 2-lane with Hard Shoulder configuration of Mana Ch. 0.00 to Mana Pass Ch. 50.987 road on NH-07 under Bharatmala Pariyojna in the state of Uttarakhand under Annual Plan 2022-23 length 50.987,Ministry of Road Transport & Highways,Roads & Highways,Uttarakhand,573.96,573.96,0.0,20.78,0.0,-20.78,0.0,0.729,0.6123,0.0664,0.3666,medium
618345,Widening to 2-lane with Hard shoulder of Churachandpur to Tuivai Section from Km 48.587 to Km 69.875 in the State of Manipur on EPC mode under NHO Package-2B,Ministry of Road Transport & Highways,Roads & Highways,Manipur,365.53,365.53,187.39,85.09,51.27,-33.82,0.0,1.5,0.9155,0.0389,0.521,high
618344,Widening to 2-lane with Hard shoulder of Churachandpur to Tuivai Section of NH- 102B from Design Chainage 69.875 Km to 121.769 Km in the State of Manipur on EPC mode Package-3,Ministry of Road Transport & Highways,Roads & Highways,Manipur,673.27,673.27,500.96,82.93,74.41,-8.52,0.0,1.5,0.938,0.1227,0.5711,high
618347,Widening to 2-lane with Hard shoulder of Churachandpur to Tuivai Section of NH- 102B from km 13.747 to km 32.835 in the State of Manipur on EPC mode under NHO Package-1B,Ministry of Road Transport & Highways,Roads & Highways,Manipur,241.52,241.52,152.85,96.54,63.29,-33.25,0.0,1.5,0.8254,0.0529,0.4778,medium
618346,Widening to 2-lane with Hard shoulder of Churachandpur to Tuivai Section of NH- 102B from km 32.835 to km 48.587 in the State of Manipur on EPC mode under NHO Package-2A,Ministry of Road Transport & Highways,Roads & Highways,Manipur,232.99,232.99,149.21,96.35,64.04,-32.31,0.0,1.5,0.8301,0.0564,0.4819,medium
618084,Widening to 2-lane with paved shoulder from km 0.00 to 44.00 Kuru-Ghaghra section of NH-143A including re-construction of culverts and bridges.,Ministry of Road Transport & Highways,Roads & Highways,Jharkhand,153.01,133.67,84.74,93.0,63.39,-29.61,-12.64,1.5,0.8227,0.0599,0.4794,medium
617996,Widening to 2/4 Lane with paved shoulders from Km 182.120 to Km 227.600 of NH 167 on Haggari-Jadcherla Road on EPC mode under NHO in the state of Telangana,Ministry of Road Transport & Highways,Roads & Highways,Telangana,298.0,298.0,234.7,95.6,78.76,-16.84,0.0,1.5,0.9313,0.0661,0.542,high
617927,Widening to 2LPS between Km 0/0 to 56/0 Khokhara Gujarat Border Vijayanagar Antrasuba Mathasur road of NH 58 in the State of Gujarat,Ministry of Road Transport & Highways,Roads & Highways,Gujarat,699.19,699.19,0.0,24.0,0.0,-24.0,0.0,0.4986,0.5946,0.0685,0.3578,medium
618185,Widening to 2LPS from Km 0.000 to 37.850 Except Ex. Km 24.45 to 27.20 of NH-766c Byndoor-Ranebennur Section in the state of Karnataka on EPC Mode under Annual Plan 2022-23 NH-766C-KNT-2022-23-969 dated 30.12.2022,Ministry of Road Transport & Highways,Roads & Highways,Karnataka,394.95,394.95,0.0,0.0,0.0,0.0,0.0,0.5411,0.0593,0.0425,0.55,high
617999,Widening to 2LPS from Km 67 to Km 115 on Kadur-Hosadurga section NH 173 in the state of Karnataka NH-173-KNT-2022-23-980 dated 13.03.2023,Ministry of Road Transport & Highways,Roads & Highways,Karnataka,471.62,471.62,80.08,64.33,16.98,-47.35,0.0,1.2634,0.9433,0.0268,0.5309,high
618027,Widening to 2LPS from Km 71.00 to 104.00 Existing chainages Sarjapur to Pattadkallu on Bhanapur to Gaddanakeri section NH-367 in the State of Karnataka under NHO on EPC mode under Annual Plan 2022-23 NH-367-KNT-2022-23-972 dated 08.02.2023,Ministry of Road Transport & Highways,Roads & Highways,Karnataka,445.62,445.62,0.0,65.0,0.0,-65.0,0.0,1.2507,0.9615,0.0579,0.5549,high
618109,Widening to 4 lane from Km 51.60 to 76.20 Hebri to Parkala and from Km 85.20 to 88.90 Karavali junction to Malpe of Thirthahalli-Udupi-Malpe Section of NH-169A in the State of Karnataka on EPC Mode under Annual plan 2021-22 Job No. NH-169A- KNT-2021-22-927,Ministry of Road Transport & Highways,Roads & Highways,Karnataka,355.72,355.72,184.79,76.86,51.95,-24.91,0.0,1.5,0.9121,0.0408,0.52,high
618029,Widening to 4 lane from Km. 133.00 to 158.04 design Chainage Km. 130.88 to 155.145 Shirur Cross to Gaddankeri of NH-367 in the State of Karnataka on EPC mode. Job No. NH-367-KNT-2021-22-930,Ministry of Road Transport & Highways,Roads & Highways,Karnataka,350.69,312.06,191.38,78.08,61.33,-16.75,-11.02,1.5,0.9217,0.0378,0.5239,high
618249,Widening to 4 lane from km. 108.50 to km 139.00 of NH-135A Pkg-II Jaunpur Akbarpur section on Hybrid Annuity Mode in the state of Uttar Pradesh,Ministry of Road Transport & Highways,Roads & Highways,Uttar Pradesh,1511.57,1511.57,0.0,32.0,0.0,-32.0,0.0,0.7507,0.6054,0.0658,0.3626,medium
618248,Widening to 4 lane from km. 139.00 to km 179.20 of NH-135A Pkg-III Jaunpur Akbarpur section and Akbarpur bypass on Hybrid Annuity Mode in the state of Uttar Pradesh.,Ministry of Road Transport & Highways,Roads & Highways,Uttar Pradesh,1653.15,1653.15,0.0,10.0,0.0,-10.0,0.0,0.3315,0.6346,0.0618,0.3768,medium
619087,Widening to 6L of Existing 4L Jetpur - Gondal - Rajkot Section from Km. 117.600 to Km. 185.00 on NH-27,Ministry of Road Transport & Highways,Roads & Highways,Gujarat,2070.44,1390.29,914.03,69.66,65.74,-3.92,-32.85,1.4979,0.9414,0.0842,0.5557,high
618072,Widening to Existing single lane /intermediate lane to 2 lane from Km185.00 to Km 220.00 of NH-61 New NH-02 in the state of Nagaland.,Ministry of Road Transport & Highways,Roads & Highways,Nagaland,297.25,297.25,149.19,100.0,50.19,-49.81,0.0,1.5,0.8016,0.0495,0.4632,medium
617964,"Widening to Four Lane rigid pavement configuration from Km 90.00 to Km 100.800 on NH-96 Km 42.0 to Km 53.300 as per new NH-330,design length of 11.300 km under EPC mode in the state of Uttar Pradesh.",Ministry of Road Transport & Highways,Roads & Highways,Uttar Pradesh,309.63,309.63,32.4,25.0,10.46,-14.54,0.0,0.9151,0.5903,0.0227,0.3349,medium
618189,Widening to Two Lane with Paved Shoulder of NH-73 New Spur Road Ujire - Dharmasthala - Periyashanthi in the State of Karnataka under on HAM under NHO Annual Plan 2023-24Job No NH-73Spur-KNT-2023-24-996,Ministry of Road Transport & Highways,Roads & Highways,Karnataka,613.65,613.65,0.0,0.0,0.0,0.0,0.0,0.4151,0.0585,0.0414,0.55,high
618086,"Widening to Two Lane with Paved Shoulders from KB Cross to Chunchanahalli ie., Design Ch. 485240 Km Existing Km 494.000 to Design Ch. 523393 Km Existing km 533.152 & From Design Ch. 530393 Existing Km 540.175 to Design Ch. 534476 Existing Km 544.200 at Nelligere of NH-150A on EPC mode under Annual Plan 2022-23 NH-150A-KNT-2022-23-977 dated 08.03.2023",Ministry of Road Transport & Highways,Roads & Highways,Karnataka,617.28,617.28,4.47,40.0,0.72,-39.28,0.0,0.776,0.5982,0.0295,0.3423,medium
618095,Widening to Two Lane with Paved Shoulders from Km 0.00 Design Chainage 0.00 to Km 23.338 Design Chainage 23310 of NH-166E MH/KNT Border- Kanamadi- Bijjargi- Tikota section in the state of Karnataka in EPC Mode under Annual plan 2022-23 NH- 166E-KNT-2022-23-974,Ministry of Road Transport & Highways,Roads & Highways,Karnataka,196.05,196.05,0.0,30.0,0.0,-30.0,0.0,1.3352,0.9212,0.0755,0.5406,high
617995,Widening to Two Lane with Paved Shoulders from Km 67.000 to Km 114.425 of Kalwakurthy- Mallapally Section of NH 167 Erstwhile section of SH 18 in the State of Telangana on EPC mode under NH O Annual Plan 2016-17,Ministry of Road Transport & Highways,Roads & Highways,Telangana,300.0,300.0,175.1,99.2,58.37,-40.83,0.0,1.5,0.8671,0.0393,0.4946,medium
618142,Widening to Two lane with Paved shoulders from km.40/410 to 84/037 of Thirumanlagiri-- Suryapet Section of NH-365B earstwhile section of SH-16,Ministry of Road Transport & Highways,Roads & Highways,Telangana,244.54,244.54,0.0,99.96,0.0,-99.96,0.0,1.5,0.9069,0.0722,0.5312,high
618182,Widening to Two lane with paved shoulders from 106/830 to 158/496 of Yellareddy- Rudrur Section of NH-765D in the state of Telangana on EPC mode under NHO under Annual plan 2022-23,Ministry of Road Transport & Highways,Roads & Highways,Telangana,499.88,499.88,187.35,63.44,37.48,-25.96,0.0,1.0836,0.3718,0.0283,0.35,medium
617981,Widening to Two with Paved shoulders from Km 59.500 to Km 132.033 of Manneguda- Ravunapally section of NH-163 Erstwhile SH-4 in the State of Telangana on EPC mode under NH O Annual Plan 2016-17,Ministry of Road Transport & Highways,Roads & Highways,Telangana,359.0,359.0,0.0,99.92,0.0,-99.92,0.0,1.5,0.9198,0.0707,0.5377,high
617998,Widening to existing 2 lane with paved Shoulder to 4 Lane with paved shoulder from design Km 153.00 to 168.27 Mala Gate to Karkala of NH -169 on Shimoga - Mangalore section in the state of Karnataka on EPC mode under Annula Plan 2021-22 Job No. NH-169-KNT-2021-22-949,Ministry of Road Transport & Highways,Roads & Highways,Karnataka,177.94,177.94,108.93,75.0,61.22,-13.78,0.0,1.5,0.9257,0.0571,0.5349,high
618168,Widening to four lane with paved shoulder from Design Km.49.200 to Km.89.285 of NH-731B on EPC mode in the state of Uttar Pradesh,Ministry of Road Transport & Highways,Roads & Highways,Uttar Pradesh,917.91,965.3,128.0,56.0,13.26,-42.74,5.16,1.3311,0.9425,0.058,0.5445,high
618087,Widening to intermediate/two lane to 2 lane with paved shoulder from Existing chanages Km 112.750 to 142.00 Liingasur to Mudabal cross & from Km. 147.070 to Km. 149.070 Maski city limit of Jewargi Chamrajnagar setion of NH-150A in the state of Karnataka on EPC mode. Job No. NH-150A-KNT-2021-22-951,Ministry of Road Transport & Highways,Roads & Highways,Karnataka,255.88,255.88,179.66,93.0,70.21,-22.79,0.0,1.5,0.8721,0.0505,0.5024,high
617955,Widening to two lane with paved Shoulders from Km 40.00 to Km 75.00 Existing chainages of Mangalore - Tumkur section of NH-73 in the State of Karnataka on EPC Mode under Annual Plan 2021-22 Job No NH-73-KNT-2021-22-945,Ministry of Road Transport & Highways,Roads & Highways,Karnataka,718.52,718.52,308.84,82.0,42.98,-39.02,0.0,1.5,0.9028,0.078,0.5316,high
618145,Widening to two lane with paved shoulder of Rampachodavaram - Koyyuru section of NH 516E from Km 43700 to Km 113820 in the State of Andhra Pradesh on EPC mode Job No. 737,Ministry of Road Transport & Highways,Roads & Highways,Andhra Pradesh,568.12,568.12,303.13,98.63,53.36,-45.27,0.0,1.5,0.8698,0.0674,0.5087,high
618149,Widening to two lane with paved shoulders from Km 0.00 to 102.310 Design Chainage of NH-548B Murrum-Maharashtra Border in the State of Karnataka,Ministry of Road Transport & Highways,Roads & Highways,Karnataka,957.09,957.09,248.13,0.0,25.93,25.93,0.0,0.8315,0.0418,0.0886,0.0629,low
617985,Widening to two lane with paved shoulders from Km 0/0 to 64/020 Pamarru to Akiveedu,Ministry of Road Transport & Highways,Roads & Highways,Andhra Pradesh,529.54,588.65,0.0,69.62,0.0,-69.62,11.16,1.5,0.952,0.0962,0.5669,high
618091,Widening to two lane with paved shoulders from Km 0/000 to Km 45/946 of Nizampet- Narayankhed-bidar section of NH-161B in the state of Telangana under Annual Plan 2021-22 on EPC mode under NHO,Ministry of Road Transport & Highways,Roads & Highways,Telangana,512.98,512.98,117.6,41.8,22.92,-18.88,0.0,1.2886,0.9446,0.0321,0.534,high
618104,Widening to two lane with paved shoulders from Km 0/000 to Km 79/300 of Kalwakurthy - Kollapur section of NH-167K in the state of Telangana under annual plan 2021-22 on EPC mode under NHO.,Ministry of Road Transport & Highways,Roads & Highways,Telangana,886.69,886.69,573.13,85.66,64.64,-21.02,0.0,1.5,0.9299,0.1335,0.5715,high
618190,Widening to two lane with paved shoulders of 'Bodhan Basar Bhainsa ' section from Km 38/900 to 95/300 of NH-161BB in the state of Telangana under Annual Plan 2021- 22 on EPC Mode under NH O.,Ministry of Road Transport & Highways,Roads & Highways,Telangana,644.45,644.45,349.38,98.6,54.21,-44.39,0.0,1.5,0.885,0.0822,0.5237,high
617936,Widening to two/four lane with paved shoulder from Km.180.600 to Km.223.000 of NH-63 on Nizamabad-Jagadalpur road on EPC mode under NHO in the state of Telangana.,Ministry of Road Transport & Highways,Roads & Highways,Telangana,253.99,183.26,0.0,100.0,0.0,-100.0,-27.85,1.5,0.9227,0.1094,0.5567,high
618140,Widening to two/four lane with paved shoulders from Km.34.250 to Km.71.830 of NH- 365A on Kodad-Khammam-Kurvi road.,Ministry of Road Transport & Highways,Roads & Highways,Telangana,445.76,445.76,18.32,10.8,4.11,-6.69,0.0,0.824,0.8574,0.0286,0.4844,medium
618905,Widening with additional 3L abetting Chhapra Bypass Section of NH-19 from Km. 143.200 to Km. 159.255 Pkg-1,Ministry of Road Transport & Highways,Roads & Highways,Bihar,470.5,528.48,243.02,68.87,45.98,-22.89,12.32,1.0411,0.6343,0.0342,0.3643,medium
618047,"Widening, Reconstruction & Up-gradation to 2 lane with Paved Shoulder/Four Lane configuration for the work of Ahmednagar to Sabalkhed & Ashti to Chinchpur Section of NH-561 from Design km 2915 to km 37728 & Design km 55100 to km 70000 in the State of Maharashtra on EPC mode. Length 49.713 km",Ministry of Road Transport & Highways,Roads & Highways,Maharashtra,657.16,657.16,0.0,72.2,0.0,-72.2,0.0,0.6671,0.8361,0.0675,0.4902,medium
618138,"Widening, Reconstruction & Up-gradation to 2 lane with Paved Shoulder/Four Lane configuration for the work of Sautada to Shirapur Section of NH-561 from Design km 86300 to km 125589 in the state of Maharashtra on EPC mode. Design length 39.289 km",Ministry of Road Transport & Highways,Roads & Highways,Maharashtra,349.57,349.57,0.0,41.13,0.0,-41.13,0.0,0.8871,0.6977,0.0628,0.412,medium
618708,Widening/Development of Existing NH-85 from Km 0.000 to Km 124.636 section to 2L/LPS section in the state of Kerala on EPC Mode under Bharatmala Pariyojana,Ministry of Road Transport & Highways,Roads & Highways,Kerala,1187.47,1265.47,631.69,52.71,49.92,-2.79,6.57,1.5,0.9826,0.1527,0.6091,high
618298,Widening/Improvement of existing 2-Lane road to 4-Lane Divided Highway from Sekmai to Nilakuthi section of Imphal-Kohima Road Design Chainage from Km 297700 to Km 308729 of NH-39 New NH-02 in state of Manipur on EPC mode Pkg-5B,Ministry of Road Transport & Highways,Roads & Highways,Manipur,211.7,211.7,227.95,90.96,107.68,16.72,0.0,1.5,0.9446,0.5669,0.7747,critical
618301,Widening/Improvement of existing 2-lane to 4-Lane Divided Highway from Kuraopokpi to Sekmai section of Imphal-Kohima Road Design Ch. km 287.00 to 297.700 of NH-39 New NH-02 in state of Manipur on EPC mode Pkg-5A,Ministry of Road Transport & Highways,Roads & Highways,Manipur,228.97,228.97,33.76,48.16,14.74,-33.42,0.0,1.0549,0.4703,0.0296,0.55,high
618304,"Widening/Improvement to 2 Lane with earthen shoulder of Jessami to Laynen bridge Nagaland border section of NH-29 of Imphal -Ukhrul - Jessami Economic Corridor from km 0.000 to km 11.009 in the State of Manipur on EPC mode under Bharatmala Pariyojana, under NHO-NE Package-7",Ministry of Road Transport & Highways,Roads & Highways,Manipur,164.89,164.89,125.76,23.56,76.27,52.71,0.0,1.1664,0.9533,0.2368,0.6309,high
618306,"Widening/Improvement to 2 lane with earthen shoulder of Choithar to Marrem Khullen section of NH-202 of Imphal Ukhrul Jessami Economic Corridor from Design Chainage km 53.110 to km 95.700 in the State of Manipur on EPC mode under Bharatmala Pariyojana, under NHO-NE Package-5",Ministry of Road Transport & Highways,Roads & Highways,Manipur,564.05,564.05,72.58,14.08,12.87,-1.21,0.0,0.728,0.7792,0.0336,0.4437,medium
618305,Widening/Improvement to 2 lane with earthen shoulder of Marrem Khullen to Jessami section of NH-202 of Imphal - Ukhrul - Jessami Economic Corridor from Design Chainage km 95.700 to km 140.180 in the State of Manipur on EPC mode under Bharatmala Pariyojana under NHO-NE Package-6,Ministry of Road Transport & Highways,Roads & Highways,Manipur,554.66,554.66,201.52,22.55,36.33,13.78,0.0,0.874,0.7993,0.0557,0.4647,medium
618339,Widening/Improvement to 2-Lane Lane with Paved Shoulder from km 16900 Bogapani to km 27150 Golai Goan on existing Dibrugarh to Ledo section with proposed Digboi Bypass Green Field and Brownfield 2-LanePS of NH-315 OLD NH-38 in Tinsukia District under NHO- NE Package-4,Ministry of Road Transport & Highways,Roads & Highways,Assam,356.65,356.65,0.0,20.45,0.0,-20.45,0.0,0.9161,0.6017,0.0602,0.3581,medium
618303,Widening/Improvement to 2-lane with earthen shoulder of Yaingangpokpi - Finch corner road section of NH-202 from Km 0.000 to Km 16.900 of NH-202 in the state of Manipur on EPC mode Package-1,Ministry of Road Transport & Highways,Roads & Highways,Manipur,222.77,222.77,0.0,88.85,0.0,-88.85,0.0,1.5,0.9521,0.0788,0.5591,high
618302,Widening/Improvement to 2-lane with earthen shoulder of Yaingangpokpi - Finch corner road section of NH-202 from Km 16.900 to Km 30.970 of NH-202 in the state of Manipur on EPC mode Package-2,Ministry of Road Transport & Highways,Roads & Highways,Manipur,256.04,256.04,0.0,97.12,0.0,-97.12,0.0,1.5,0.9537,0.0672,0.5548,high
618285,Widening/Improvement to 4 -Lane with Paved Shoulder from Ch. 88.000km to Ch.99.930 km Design Ch.84.100km to Ch.96.000 km of Sagunbashi forest near Nichinta to starting of Krishnai Bypass Section of Bilasipura Guwahati road NH 17 on EPC Package-7,Ministry of Road Transport & Highways,Roads & Highways,Assam,286.72,286.72,186.64,100.0,65.09,-34.91,0.0,1.4569,0.7899,0.0698,0.4658,medium
618371,"Widening/Improvement to 4-Lane with Paved Shoulder configuration of existing single lane road from Srirampur near Bhairiguri Village to Kachukhana Harichara Paglagaunj Package-I of Srirampur - Dhubri Section of NH-127B from existing Km 0.000 to Km 28.050 Design Km 0.000 to Km 27.650, Design Length27.650 Km under JICA ODA Loan assistance Phase-V -Balance work",Ministry of Road Transport & Highways,Roads & Highways,Assam,613.89,613.89,260.02,78.09,42.36,-35.73,0.0,0.9151,0.4823,0.0332,0.2802,medium
618327,Widening/Improvement to 4-Lane with Paved Shoulder from KM 113300 to Km 146230 Design Chainage 113830 to 145712 of Kwaram Taro Village - Dillai Section in Assam on EPC Package-6,Ministry of Road Transport & Highways,Roads & Highways,Assam,625.64,625.64,0.0,0.0,0.0,0.0,0.0,1.5,0.8878,0.1144,0.5398,high
618326,Widening/Improvement to 4-Lane with Paved Shoulder from KM 38500 to Km 51246 Design Chainage 38500 to 50959 with proposed Daboka Bypass of Daboka- Parokhaowa of NH 29 on EPC under NHO-NE Package-1,Ministry of Road Transport & Highways,Roads & Highways,Assam,516.88,516.88,0.0,97.96,0.0,-97.96,0.0,1.4145,0.9332,0.0906,0.554,high
618359,Widening/Improvement to 4-Lane with Paved Shoulder from km 55000 Nagabang Gamsuk to km 82514 Oyan in the State of Assam and Arunachal Pradesh on EPC mode under Bharatmala Pariyojna of Length 27.514 Km Package-3,Ministry of Road Transport & Highways,Roads & Highways,"Multi-States (Arunachal Pradesh, Assam)",665.47,665.47,295.3,96.7,44.37,-52.33,0.0,0.8002,0.3738,0.0361,0.2218,low
618340,Widening/Improvement to 4-Lane with Paved Shoulder from km 626030 Nalani hulla Gaon to km 650450 Chotahapjan on existing Tinsukhia -Makum Bypass of NH-15 OLD NH-37 and Strengthening of existing NH-315 OLD NH-38 from Km 0000 Chotahapjan to Km 16900 Bogapani section 2-Lane PS in Assam on EPCMode under NHO-NE Package-3,Ministry of Road Transport & Highways,Roads & Highways,Assam,458.59,458.59,217.2,83.39,47.36,-36.03,0.0,1.5,0.9161,0.0466,0.5249,high
618287,"Widening/Improvement to 4-Lane with paved Shoulder from Ch. 25.633 Km to Ch. 52.470 Km Design Ch. 21.850 Km to Ch.48.670 Km for Package-2 of Bilasipura- Guwahati road NH-17 Section Near Mowatari, before Chapar Bypass to Tulungia junction with NH-17 in the state of Assam on HAM mode under NHO-NE Package-2",Ministry of Road Transport & Highways,Roads & Highways,Assam,1338.61,1338.61,0.0,12.45,0.0,-12.45,0.0,0.6996,0.6351,0.0667,0.3793,medium
618284,Widening/Improvement to 4-Lane with paved shoulder from Km 99930 to Km 143680 Design Chainage 96000 to 139750 of Paikan to Dhupdhara Sahar of Bilasipura- Guwahati Road on NH-17 in the state of Assam on EPC mode under Bharatmala Pariyojana in Economic Corridors Project Length 43.750km under NHO-NE Package- 8,Ministry of Road Transport & Highways,Roads & Highways,Assam,1457.59,1457.59,793.68,79.46,54.45,-25.01,0.0,0.9161,0.484,0.0924,0.3078,medium
618313,Widening/lmprovement of Existing 2 lane to 4-Laning of Karimganj-Silchar section of NH-37 from Design Ch 0.000 near Silchar ISBT to Design Ch 15.970 near Kalinagar Pt I on NH-37 in Assam on HAM Mode Pkg-1,Ministry of Road Transport & Highways,Roads & Highways,Assam,1181.55,1181.55,0.0,0.0,0.0,0.0,0.0,0.4986,0.0619,0.0461,0.55,high
618310,Widening/lmprovement to 4-L of Karimgani - sutarkandi section of NH 37 from design Ch 0020 Start of proposed Karimganj Bypass from NH -8 to design Chainage Km 14380 near Sutarkandi Spur Connectivity to Indo/Bangladesh Border on Silchar- Churaibari in the State of Assam on HAM Mode Package-7,Ministry of Road Transport & Highways,Roads & Highways,Assam,791.79,791.79,0.06,40.4,0.01,-40.39,0.0,0.789,0.661,0.0378,0.3806,medium
618288,"Widening/lmprovement to 4-Lane with Paved Shoulder from Ch.5.580 Km to Ch.25.633 Km Design Ch.0.000 Km to Ch.17.737km Km 901.100 to Km 921.145 of old NH-31 of Bilasipara- Guwahati road NH-17 Section Near Chirakuta to near Mowatari, before Chapar Bypass in the state ol Assam on HAM mode Package-1",Ministry of Road Transport & Highways,Roads & Highways,Assam,1081.15,1081.15,0.0,28.74,0.0,-28.74,0.0,0.6323,0.5712,0.0682,0.3448,medium
618312,Widening/lmprovement to 4-Lane with Paved Shoulder from existing road and Greenfield alignment form Design Ch. 62.800 start of proposed Nilambazar/Cheragi Bypass to Design Ch. 87.700 near Chandkhira Village of NH-8 on Silchar-Churaibari in the state of Assam on HAM Mode Package-5,Ministry of Road Transport & Highways,Roads & Highways,Assam,1258.13,1258.13,0.0,11.0,0.0,-11.0,0.0,0.5663,0.6408,0.0638,0.3811,medium
618311,Widening/lmprovement to 4-Lane with Paved shoulder for existing as well as Greenfield alignment of Badarpur Churaibari section of NH-8 from Design chainage 87.700 Chandkhira to Km. 106.500 Churaibari section Assam-Tripura border in the state of Assam on HAM Mode Package-6,Ministry of Road Transport & Highways,Roads & Highways,Assam,870.0,870.0,0.0,31.83,0.0,-31.83,0.0,0.7507,0.613,0.0655,0.3666,medium
618309,Widening/lmprovement to 4-Laning and Greenfield alignment with Paved shoulder of Silchar-Badarpur Churaibari section of NH-37 & NH-8 from Design chainage 38.600 End point of proposed Badarpur Bypass to Km. 62.800 Start point of proposed Nilambazar/Cheragi Bypass in the state of Assam on HAM Mode Package-4,Ministry of Road Transport & Highways,Roads & Highways,Assam,1319.55,1319.55,0.0,14.6,0.0,-14.6,0.0,0.5411,0.6509,0.0605,0.3852,medium
617916,Work of 6 laning/Construction of elevated corridor from km 0/0 to 10/170 Narol Junction to Sarkhej junction including 4 lane Shastri Bridge on Sabarmati river on NH 47 in the State of Gujarat on HAM mode,Ministry of Road Transport & Highways,Roads & Highways,Gujarat,1295.39,1295.39,0.0,26.0,0.0,-26.0,0.0,0.4322,0.5613,0.0701,0.3403,medium
618171,"Work of Upgradation of Jirapur-Pachore Road including Pachore, Jirapur, Chhapiheda & Khujner Bypasses from 0000 to 58790 Design Length 58.79 Km section of NH-752C to 2LPS in the State of Madhya Pradesh under EPC mode",Ministry of Road Transport & Highways,Roads & Highways,Madhya Pradesh,352.69,352.69,0.0,47.29,0.0,-47.29,0.0,1.3311,0.9453,0.0536,0.544,high
618023,Work of Widening/upgradation of 2-Lane with paved shoulder of Sri Muktsar Sahib to Malout road from Km 279.400 to Km 307.060 section of NH-354 in the State of Punjab on EPC mode. Job No. NH-354-PB-2021-22-555,Ministry of Road Transport & Highways,Roads & Highways,Punjab,152.58,152.58,0.0,100.0,0.0,-100.0,0.0,1.5,0.9452,0.3125,0.6605,high
617976,Work of development and construction of elevated corridorfrom km 38/660 to km 42/690 Iscon junction to start point of approach of sanand flyover of NH-147 in the sate of Gujarat,Ministry of Road Transport & Highways,Roads & Highways,Gujarat,530.2,530.2,58.29,80.0,10.99,-69.01,0.0,1.1247,0.9425,0.0513,0.5415,high
619138,Yekkambi-Haveri,Ministry of Road Transport & Highways,Roads & Highways,Karnataka,309.9,309.9,82.28,21.12,26.55,5.43,0.0,1.5,0.9728,0.0554,0.56,high
703585,Yeshvanthpur - Channasandra Doubling Project [21.70 Km],Ministry of Railways,Railways,Karnataka,314.1,683.57,171.0,56.5,25.02,-31.48,117.63,1.5,0.9544,0.0702,0.5565,high
618120,construction of Four-Lane of chausa-Buxar Bypass from Km 45.000 to Km 65.915 Package - 2 in the State of Bihar on EPC Mode.,Ministry of Road Transport & Highways,Roads & Highways,Bihar,1060.16,1060.16,0.0,0.0,0.0,0.0,0.0,0.3315,0.0593,0.0451,0.55,high
618228,construction of a new 4 lane Parallel to existing MG Setu with its approaces from km 0.00 to km 14.500 across river Ganga on NH-19 at Patna in the state of Bihar.,Ministry of Road Transport & Highways,Roads & Highways,Bihar,2926.42,2926.42,0.0,72.51,0.0,-72.51,0.0,1.5,0.9606,0.1329,0.5882,high
617902,construction or By-pass road on NH-26 for Nabrangpur Town,Ministry of Road Transport & Highways,Roads & Highways,Odisha,168.95,168.95,7.84,21.0,4.64,-16.36,0.0,0.874,0.5777,0.0331,0.3326,medium
618663,i 4L Vidisha to Hinotiya from km 0.000 to Km 27.000 Vidisha Mehulwa-Talbehat Pkg- I Section of NH- 346 and ii 4L Vidisha to Morikori from Km 39.000 to 59.476 section of NH-146,Ministry of Road Transport & Highways,Roads & Highways,Madhya Pradesh,1003.87,941.12,384.59,83.34,40.87,-42.47,-6.25,1.3735,0.9174,0.0762,0.5389,high
618116,lmprovement and Up-gradation from Km. 73.300 Bikapur to Km.140.960 Patranga of NH-227B 84 Kosi Parikrama Marg to 2LPS along with Parikrama Path,Ministry of Road Transport & Highways,Roads & Highways,Uttar Pradesh,1679.75,1679.75,66.99,25.4,3.99,-21.41,0.0,0.3315,0.4717,0.0219,0.2693,medium
619014,"lmprovement and Widening to 2 lane with paved Shoulder of NH-15 old NH-52 from Existing Km 770.600 Design Km 24.819 to Existing km 805.750 Design Km 59.885 Kamlang T-Junction to Chowkham, Existing Length 35.150 Km, Design Length-35.066 Km in the state of Arunachal Pradesh on EPC mode Pkg-2",Ministry of Road Transport & Highways,Roads & Highways,Arunachal Pradesh,316.73,316.73,0.0,0.0,0.0,0.0,0.0,0.289,0.0663,0.0446,0.0565,low
618331,lmprovement to 4-Lane with Paved Shoulder from existing km 260000 Design Ch.4560 km to existing km Ch.233000 D. Ch.24560 of Silchar near Nutan Dayapur village - Budha Nagar Section Length-20.00 Km of NH-37 under Package Silchar- Jiribam Pkg-1 in the state of Assam on HAM Mode,Ministry of Road Transport & Highways,Roads & Highways,Assam,957.95,957.95,149.51,36.56,15.61,-20.95,0.0,0.5543,0.5279,0.0217,0.3001,medium
618143,widening to two lane with Paved shoulders from Km.0/970 to Km.40/410 of Jangaon - Thirumal giriof NH- 365B in the state of Telanganaon EPC mode under NHO Annual Plan 2016-17,Ministry of Road Transport & Highways,Roads & Highways,Telangana,197.0,197.0,0.0,92.74,0.0,-92.74,0.0,1.5,0.9503,0.0826,0.5598,high
