project_id,project_name,source_state,source_district,source_place,old_latitude,old_longitude,new_latitude,new_longitude,old_coordinate_source,new_coordinate_source,coordinate_status,location_resolution_level,geocoding_confidence,state_match,district_match,validation_status,coordinate_changed,change_reason
612786,"Construction of New Domestic Terminal Building Building and miscellaneous works including maintenance, operations and AICMC at Kadapa Airport",Andhra Pradesh,YSR Kadapa,Kadapa Airport Runway & Terminal,14.51,78.7725,14.51,78.7725,verified_facility,verified_facility,exact,project_site,high,True,True,VALIDATED,False,Known verified facility (Kadapa Airport Runway & Terminal)
701107,Construction of New Integrated Terminal Building and associated works including apron to park 3 code E type of aircraft or 6 code C type of aircraft at Vijayawada Airport.,Andhra Pradesh,NTR,"Vijayawada International Airport Terminal, Gannavaram",16.53,80.7968,16.53,80.7968,verified_facility,verified_facility,exact,project_site,high,True,True,VALIDATED,False,"Known verified facility (Vijayawada International Airport Terminal, Gannavaram)"
701121,Construction of New Domestic Terminal Building at Rajahmundry Airport.,Andhra Pradesh,East Godavari,Rajahmundry Airport Terminal,17.1104,81.8182,17.1104,81.8182,verified_facility,verified_facility,exact,project_site,high,True,True,VALIDATED,False,Known verified facility (Rajahmundry Airport Terminal)
706724,Guwahati Airport New Integrated Terminal Building Construction Project,Assam,Kamrup Metropolitan,"Lokpriya Gopinath Bordoloi International Airport, Guwahati",26.1061,91.5859,26.1061,91.5859,verified_facility,verified_facility,exact,project_site,high,True,True,VALIDATED,False,"Known verified facility (Lokpriya Gopinath Bordoloi International Airport, Guwahati)"
612183,Development of New Civil Enclave at Bihta,Bihar,Patna,Bihta Air Force Station Civil Enclave Airport,25.5683,84.8778,25.5683,84.8778,verified_facility,verified_facility,exact,project_site,high,True,True,VALIDATED,False,Known verified facility (Bihta Air Force Station Civil Enclave Airport)
612194,Development of New Civil Enclave and associated works at Darbhanga Airport,Bihar,Darbhanga,Darbhanga Airport Civil Enclave,26.195,85.918,26.195,85.918,verified_facility,verified_facility,exact,project_site,high,True,True,VALIDATED,False,Known verified facility (Darbhanga Airport Civil Enclave)
701101,"Construction of New Domestic Terminal Building [Phase-I and II] and other allied structures at JPNI Airport, Patna",Bihar,Patna,"Jay Prakash Narayan Airport Terminal, Patna",25.5913,85.088,25.5913,85.088,verified_facility,verified_facility,exact,project_site,high,True,True,VALIDATED,False,"Known verified facility (Jay Prakash Narayan Airport Terminal, Patna)"
701105,Goa Airport Terminal Building Extension Project,Goa,South Goa,Dabolim International Airport Terminal,15.3808,73.8314,15.3808,73.8314,verified_facility,verified_facility,exact,project_site,high,True,True,VALIDATED,False,Known verified facility (Dabolim International Airport Terminal)
619054,Development of Keshod Airport.,Gujarat,Junagadh,"Keshod Airport Development, AAI",21.3171,70.2694,21.3171,70.2694,verified_facility,verified_facility,exact,facility,high,True,True,VALIDATED,False,"Known verified facility (Keshod Airport Development, AAI)"
701126,"Development of Dholera International Greenfield Airport , Gujarat",Gujarat,Ahmedabad,Dholera International Airport Greenfield Site,22.25,72.19,22.25,72.19,verified_facility,verified_facility,exact,project_site,high,True,True,VALIDATED,False,Known verified facility (Dholera International Airport Greenfield Site)
611047,"Construction of NTB complex including apron, taxi track and other associated civil works and electrical & mechanical installations towards Tawi River side at CA Jammu.",Jammu and Kashmir,Jammu,"Jammu Airport New Terminal Complex, Tawi River",32.6891,74.8374,32.6891,74.8374,verified_facility,verified_facility,exact,project_site,high,True,True,VALIDATED,False,"Known verified facility (Jammu Airport New Terminal Complex, Tawi River)"
612787,Construction of New Domestic Terminal Building and Miscellaneous works at Hubli Airport,Karnataka,Dharwad,Hubballi Airport New Terminal,15.3617,75.0849,15.3617,75.0849,verified_facility,verified_facility,exact,facility,high,True,True,VALIDATED,False,Known verified facility (Hubballi Airport New Terminal)
612788,Construction of New Domestic Terminal Building and Miscellaneous Works at Belagavi Airport.,Karnataka,Belagavi,"Belagavi Airport Terminal Works, AAI",15.8593,74.6183,15.8593,74.6183,verified_facility,verified_facility,exact,facility,high,True,True,VALIDATED,False,"Known verified facility (Belagavi Airport Terminal Works, AAI)"
612789,"Development of additional RESA on either end on Runway 10-28 at Calicut Airport. Construction of embankment with slope protection, drainage system and associated works for additional RESA on either end on Runway 10-28",Kerala,Malappuram,"Calicut International Airport RESA, Karipur",11.1369,75.9553,11.1369,75.9553,verified_facility,verified_facility,exact,project_site,high,True,True,VALIDATED,False,"Known verified facility (Calicut International Airport RESA, Karipur)"
400010,"Construction of Terminal Building & Associated works at Leh Airport, Ladakh",Ladakh,Leh,"Kushok Bakula Rimpochee Airport Terminal, Leh",34.1359,77.5465,34.1359,77.5465,verified_facility,verified_facility,exact,project_site,high,True,True,VALIDATED,False,"Known verified facility (Kushok Bakula Rimpochee Airport Terminal, Leh)"
706718,C/o NITB Imphal Airport,Manipur,Imphal West,Bir Tikendrajit Imphal International Airport Terminal,24.76,93.8967,24.76,93.8967,verified_facility,verified_facility,exact,project_site,high,True,True,VALIDATED,False,Known verified facility (Bir Tikendrajit Imphal International Airport Terminal)
611570,"SITC of ATM Automation System and ASMGCS [Including SMR & MLAT] for Mumbai, Navi Mumbai, Jewar [earlier MOPA, without ASMGCS], HIAL & BIAL","Multi-States (Karnataka, Maharashtra, Telangana, Uttar Pradesh)",Raigad,Navi Mumbai International Airport & JNPT,18.99,73.07,18.5158,73.1822,verified_city,verified_city,exact,facility,high,True,True,VALIDATED,True,Matched infrastructure site keyword in Raigad
618977,"Development of New Greenfield Airport at Bundi, Kota Rajasthan.",Rajasthan,Bundi,Bundi-Kota Greenfield Airport,25.4411,75.6411,25.4411,75.6411,verified_facility,verified_facility,exact,project_site,high,True,True,VALIDATED,False,Known verified facility (Bundi-Kota Greenfield Airport)
701127,Construction of New Passenger Terminal Building for Domestic Operations at Jodhpur Airport.,Rajasthan,Jodhpur,Jodhpur Airport New Passenger Terminal,26.2511,73.0489,26.2511,73.0489,verified_facility,verified_facility,exact,project_site,high,True,True,VALIDATED,False,Known verified facility (Jodhpur Airport New Passenger Terminal)
701128,Construction of New Integrated Passenger Terminal Building at Udaipur Airport,Rajasthan,Udaipur,"Maharana Pratap Airport Terminal, Dabok",24.6177,73.8961,24.6177,73.8961,verified_facility,verified_facility,exact,project_site,high,True,True,VALIDATED,False,"Known verified facility (Maharana Pratap Airport Terminal, Dabok)"
612793,"Widening of basic strip at Western Side of Runway Chainage 80m to 920m i/c slope stabilization Measures [Balance work] of uphill and Improvement of Storm Water Drainage System at Pakyong Airport, Sikkim on design & build basis [EPC] with integrated 10 years maintenance.",Sikkim,Pakyong,Pakyong Greenfield Airport Basic Strip & Drainage,27.234,88.5878,27.234,88.5878,verified_facility,verified_facility,exact,project_site,high,True,True,VALIDATED,False,Known verified facility (Pakyong Greenfield Airport Basic Strip & Drainage)
611602,"Modernization of Chennai Airport, Phase II, Part 2",Tamil Nadu,Chennai,Chennai International Airport Modernization Phase II,12.9941,80.1709,12.9941,80.1709,verified_facility,verified_facility,exact,project_site,high,True,True,VALIDATED,False,Known verified facility (Chennai International Airport Modernization Phase II)
701113,"Development of Lal Bahadur Shastri International airport, Varanasi including C/o New Terminal Building, Apron Extension, Runway Extension, PTT and allied works.",Uttar Pradesh,Varanasi,"Lal Bahadur Shastri International Airport, Babatpur",25.4524,82.8593,25.4524,82.8593,verified_facility,verified_facility,exact,project_site,high,True,True,VALIDATED,False,"Known verified facility (Lal Bahadur Shastri International Airport, Babatpur)"
701122,Development of New Integrated Civil Enclave at Agra Airport,Uttar Pradesh,Agra,Agra Airport New Integrated Civil Enclave,27.1558,77.9609,27.1558,77.9609,verified_facility,verified_facility,exact,project_site,high,True,True,VALIDATED,False,Known verified facility (Agra Airport New Integrated Civil Enclave)
611495,Development of New Civil Enclave at Bagdogra Airport,West Bengal,Darjeeling,Bagdogra Airport Civil Enclave,26.6812,88.3286,26.6812,88.3286,verified_facility,verified_facility,exact,project_site,high,True,True,VALIDATED,False,Known verified facility (Bagdogra Airport Civil Enclave)
612791,"Re-Construction of Rigid portions of Secondary Runway, K and A Taxiway and Strengthening of C Taxiway at NSCBI Airport Kolkata.",West Bengal,North 24 Parganas,NSCBI Airport Kolkata Secondary Runway,22.6547,88.4467,22.6547,88.4467,verified_facility,verified_facility,exact,project_site,high,True,True,VALIDATED,False,Known verified facility (NSCBI Airport Kolkata Secondary Runway)
615820,TIKAK EXTENSION OCP,Assam,Tinsukia,"Tikak Colliery, Margherita",27.28,95.68,27.28,95.68,verified_facility,verified_facility,exact,facility,high,True,True,VALIDATED,False,"Known verified facility (Tikak Colliery, Margherita)"
615821,TIRAP OCP,Assam,Tinsukia,"Tirap Colliery, Margherita",27.29,95.71,27.29,95.71,verified_facility,verified_facility,exact,facility,high,True,True,VALIDATED,False,"Known verified facility (Tirap Colliery, Margherita)"
400144,PORDA CHIMTAPANI OCP [10 MTY],Chhattisgarh,Raigarh,"Porda Chimtapani OCP, SECL",22.1,83.25,22.1,83.25,verified_facility,verified_facility,exact,facility,high,True,True,VALIDATED,False,"Known verified facility (Porda Chimtapani OCP, SECL)"
400149,BAROUD OC EXPANSION [3.0-10.0M,Chhattisgarh,Raigarh,"Baroud OCP, SECL",22.15,83.28,22.15,83.28,verified_facility,verified_facility,exact,facility,high,True,True,VALIDATED,False,"Known verified facility (Baroud OCP, SECL)"
400354,DIPKA EXPANSION OCP [40 MTY],Chhattisgarh,Korba,"Dipka OCP Coal Mine, SECL",22.3167,82.55,22.3167,82.55,verified_facility,verified_facility,exact,facility,high,True,True,VALIDATED,False,"Known verified facility (Dipka OCP Coal Mine, SECL)"
400424,GEVRA OC [70 MTY],Chhattisgarh,Korba,"Gevra OCP Coal Mine, SECL",22.3333,82.5833,22.3333,82.5833,verified_facility,verified_facility,exact,facility,high,True,True,VALIDATED,False,"Known verified facility (Gevra OCP Coal Mine, SECL)"
613798,AMERA OC RCE [1.0 MTY],Chhattisgarh,Surajpur,"Amera, Amgaon & Jagannathpur Coalfields",23.22,82.86,23.22,82.86,verified_city,verified_city,exact,city,high,True,True,VALIDATED,False,Matched infrastructure site keyword in Surajpur
613799,AMGAON OC RCE [1.0 MTY],Chhattisgarh,Surajpur,"Amera, Amgaon & Jagannathpur Coalfields",23.22,82.86,23.220175,82.860451,verified_city,verified_city,exact,city,high,True,True,VALIDATED,True,Matched infrastructure site keyword in Surajpur
613800,JAGANNATHPUR OC RCE PROJECT,Chhattisgarh,Bilaspur,SECL Headquarters & Bilaspur Railway Zone,22.0797,82.1409,22.0797,82.1409,verified_city,verified_city,exact,city,high,True,True,VALIDATED,False,Matched infrastructure site keyword in Bilaspur
613801,MAHAMAYA OCP [1.50 MTY],Chhattisgarh,Surajpur,"Amera, Amgaon & Jagannathpur Coalfields",23.22,82.86,23.220447,82.86006,verified_city,verified_city,exact,facility,high,True,True,VALIDATED,True,Matched infrastructure site keyword in Surajpur
615191,KATKONA RO UG MINE,Chhattisgarh,Bilaspur,SECL Headquarters & Bilaspur Railway Zone,22.0797,82.1409,22.079875,82.141347,verified_city,verified_city,exact,facility,high,True,True,VALIDATED,True,Matched infrastructure site keyword in Bilaspur
616234,PELMA OC MDO,Chhattisgarh,Raigarh,"Pelma OCP MDO, SECL",22.18,83.35,22.18,83.35,verified_facility,verified_facility,exact,facility,high,True,True,VALIDATED,False,"Known verified facility (Pelma OCP MDO, SECL)"
617287,KUSMUNDA OC EXPANSION PROJECT,Chhattisgarh,Korba,"Kusmunda OCP Coal Mine, SECL",22.32,82.68,22.32,82.68,verified_facility,verified_facility,exact,facility,high,True,True,VALIDATED,False,"Known verified facility (Kusmunda OCP Coal Mine, SECL)"
617288,MANIKPUR OC EXPANSION PROJECT,Chhattisgarh,Korba,"Manikpur OCP Coal Mine, SECL",22.34,82.72,22.34,82.72,verified_facility,verified_facility,exact,facility,high,True,True,VALIDATED,False,"Known verified facility (Manikpur OCP Coal Mine, SECL)"
619171,RPR FOR DURGAPUR OCP 10 MTY,Chhattisgarh,Korba,"Gevra, Dipka, Kusmunda Mega Coalfields (SECL)",22.3595,82.7501,22.3595,82.7501,verified_city,verified_city,exact,facility,high,True,True,VALIDATED,False,Matched infrastructure site keyword in Korba
619172,MADANNAGAR OCP 12 MTY - MDO,Chhattisgarh,Surajpur,"Amera, Amgaon & Jagannathpur Coalfields",23.22,82.86,23.220271,82.859609,verified_city,verified_city,exact,facility,high,True,True,VALIDATED,True,Matched infrastructure site keyword in Surajpur
400018,HURA C OCP,Jharkhand,Godda,"Hura C OCP, Rajmahal Area",25.04,87.35,25.04,87.35,verified_facility,verified_facility,exact,facility,high,True,True,VALIDATED,False,"Known verified facility (Hura C OCP, Rajmahal Area)"
400073,KONAR EXPANSION OCP,Jharkhand,Bokaro,"Konar Expansion OCP, B&K Area",23.78,85.92,23.78,85.92,verified_facility,verified_facility,exact,facility,high,True,True,VALIDATED,False,"Known verified facility (Konar Expansion OCP, B&K Area)"
400074,KARO EXPANSION OCP,Jharkhand,Bokaro,"Karo Expansion OCP, B&K Area",23.77,85.95,23.77,85.95,verified_facility,verified_facility,exact,facility,high,True,True,VALIDATED,False,"Known verified facility (Karo Expansion OCP, B&K Area)"
400136,SANGHMITRA OC,Jharkhand,Chatra,"Sanghmitra OCP, North Karanpura",23.85,85.05,23.85,85.05,verified_facility,verified_facility,exact,facility,high,True,True,VALIDATED,False,"Known verified facility (Sanghmitra OCP, North Karanpura)"
400138,CHANDRAGUPT OCP,Jharkhand,Chatra,"Chandragupt OCP, North Karanpura",23.83,85.02,23.83,85.02,verified_facility,verified_facility,exact,facility,high,True,True,VALIDATED,False,"Known verified facility (Chandragupt OCP, North Karanpura)"
400139,KOTRE BASANTPUR PACHMO OCP,Jharkhand,Ramgarh,Kotre Basantpur Pachmo OCP,23.63,85.52,23.63,85.52,verified_facility,verified_facility,exact,facility,high,True,True,VALIDATED,False,Known verified facility (Kotre Basantpur Pachmo OCP)
400142,Pachwara South Coal Block,Jharkhand,Pakur,Pachwara South Coal Block,24.58,87.52,24.58,87.52,verified_facility,verified_facility,exact,facility,high,True,True,VALIDATED,False,Known verified facility (Pachwara South Coal Block)
400150,RPR MAGADH EXP OCP,Jharkhand,Chatra,"Magadh Expansion OCP, CCL",23.88,85.0,23.88,85.0,verified_facility,verified_facility,exact,facility,high,True,True,VALIDATED,False,"Known verified facility (Magadh Expansion OCP, CCL)"
400151,NORTH URIMARI EXPANSION OCP,Jharkhand,Hazaribagh,North Urimari Expansion OCP,23.7,85.32,23.7,85.32,verified_facility,verified_facility,exact,facility,high,True,True,VALIDATED,False,Known verified facility (North Urimari Expansion OCP)
400153,EPR ROHINI - KARKETTA OCP,Jharkhand,Hazaribagh,North Urimari & Rohini-Karketta Coal Mining Node,23.99,85.36,23.99,85.36,verified_city,verified_city,exact,facility,high,True,True,VALIDATED,False,Matched infrastructure site keyword in Hazaribagh
400154,EPR PUNDI OCP,Jharkhand,Ramgarh,"Pundi OCP, Kuju Area",23.72,85.5,23.72,85.5,verified_facility,verified_facility,exact,facility,high,True,True,VALIDATED,False,"Known verified facility (Pundi OCP, Kuju Area)"
400155,EPR ASHOK OC,Jharkhand,Chatra,"Ashok OCP, Piparwar Area",23.82,85.03,23.82,85.03,verified_facility,verified_facility,exact,facility,high,True,True,VALIDATED,False,"Known verified facility (Ashok OCP, Piparwar Area)"
400156,EPR AMRAPALI OCP,Jharkhand,Chatra,"Amrapali OCP, CCL",23.87,85.01,23.87,85.01,verified_facility,verified_facility,exact,facility,high,True,True,VALIDATED,False,"Known verified facility (Amrapali OCP, CCL)"
400160,RAJRAPPA RCE OCP,Jharkhand,Ramgarh,"Rajrappa RCE OCP, CCL",23.62,85.71,23.62,85.71,verified_facility,verified_facility,exact,facility,high,True,True,VALIDATED,False,"Known verified facility (Rajrappa RCE OCP, CCL)"
400172,CHITRA EAST OC,Jharkhand,Deoghar,"Chitra East OCP, SP Mines",24.12,86.85,24.12,86.85,verified_facility,verified_facility,exact,facility,high,True,True,VALIDATED,False,"Known verified facility (Chitra East OCP, SP Mines)"
400352,JHARKHAND-LAIYO OCP,Jharkhand,Ranchi,Ranchi Infrastructure Hub,23.3441,85.3096,23.3441,85.3096,verified_district,verified_district,approximate,district,medium,True,True,APPROXIMATE,False,Preserved validated district location
400425,MOONIDIH XV SEAM UG,Jharkhand,Dhanbad,BCCL Jharia Coking Coal Mega Extraction,23.74,86.41,23.74,86.41,verified_facility,verified_facility,exact,facility,high,True,True,VALIDATED,False,Preserved validated district location
611017,2.5 MTPA PATHERDIH NLW WASHERY,Jharkhand,Dhanbad,"Patherdih NLW Coal Washery, BCCL",23.68,86.43,23.68,86.43,verified_facility,verified_facility,exact,facility,high,True,True,VALIDATED,False,"Known verified facility (Patherdih NLW Coal Washery, BCCL)"
611864,AMALAGAMATED NTST KUJAMA OCP 8.5MTY,Jharkhand,Dhanbad,BCCL Jharia Coking Coal Mega Extraction,23.74,86.41,23.740175,86.410453,verified_facility,verified_facility,exact,facility,high,True,True,VALIDATED,True,Preserved validated district location
613808,MURAIDIH UG PROJECT,Jharkhand,Dhanbad,BCCL Jharia Coking Coal Mega Extraction,23.74,86.41,23.740447,86.410061,verified_facility,verified_facility,exact,facility,high,True,True,VALIDATED,True,Preserved validated district location
615349,TAPIN SOUTH EXPN,Jharkhand,Ramgarh,Tapin South Expansion OCP,23.82,85.54,23.82,85.54,verified_facility,verified_facility,exact,facility,high,True,True,VALIDATED,False,Known verified facility (Tapin South Expansion OCP)
615822,SIRKA OC,Jharkhand,Bokaro,Bokaro Infrastructure Hub,23.6693,86.1511,23.6693,86.1511,verified_district,verified_district,approximate,district,medium,True,True,APPROXIMATE,False,Preserved validated district location
615843,TETARIAKHAR OC,Jharkhand,Latehar,Tetariakhar OC & Chandwa Coalfields,23.74,84.5,23.74,84.5,verified_city,verified_city,exact,city,high,True,True,VALIDATED,False,Matched infrastructure site keyword in Latehar
616225,CHUPERBHITA SIMLONG OCP MDO 6,Jharkhand,Ranchi,Ranchi Infrastructure Hub,23.3441,85.3096,23.344275,85.310051,verified_district,verified_district,approximate,district,medium,True,True,APPROXIMATE,True,Preserved validated district location
616236,JARANGDIH EXPN. OCP 1.5 MTY,Jharkhand,Dhanbad,Dhanbad Infrastructure Hub,23.7957,86.4304,23.7957,86.4304,verified_district,verified_district,approximate,district,medium,True,True,APPROXIMATE,False,Preserved validated district location
616253,BLOCK E OCP,Jharkhand,Godda,Rajmahal Coalfield & Hura C OCP,25.03,87.21,25.03,87.21,verified_district,verified_district,approximate,district,medium,True,True,APPROXIMATE,False,Preserved validated district location
617416,"Revised Jharia Master Plan for Dealing with Fire, Subsidence & Rehabilitation of affected families in Jharia Coalfield- Reg.",Jharkhand,Dhanbad,Jharia Coalfield & BCCL Mining Infrastructure,23.7957,86.4304,23.795875,86.430853,verified_city,verified_city,exact,city,high,True,True,VALIDATED,True,Matched infrastructure site keyword in Dhanbad
617764,North Dhadu Western Part OCP,Jharkhand,Bokaro,Bokaro Infrastructure Hub,23.6693,86.1511,23.669475,86.151553,verified_district,verified_district,approximate,district,medium,True,True,APPROXIMATE,True,Preserved validated district location
400148,AMADAND OCP[4.0MTY],Madhya Pradesh,Anuppur,"Amadand OCP, SECL",23.18,81.85,23.18,81.85,verified_facility,verified_facility,exact,facility,high,True,True,VALIDATED,False,"Known verified facility (Amadand OCP, SECL)"
400162,BLOCK B EXPANSION [3.5 TO 8.0,Madhya Pradesh,Singrauli,"Nigahi, Jayant & Block-B Coal Mega Hub",24.1997,82.6647,24.1997,82.6647,verified_city,verified_city,exact,city,high,True,True,VALIDATED,False,Matched infrastructure site keyword in Singrauli
400321,NIGAHI EXPANSION [15 TO 25 MTP,Madhya Pradesh,Singrauli,"Nigahi, Jayant & Block-B Coal Mega Hub",24.1997,82.6647,24.199875,82.665154,verified_city,verified_city,exact,city,high,True,True,VALIDATED,True,Matched infrastructure site keyword in Singrauli
613802,KANCHAN OC EXP,Madhya Pradesh,Singrauli,"Kanchan OC Expansion, NCL",24.12,82.52,24.12,82.52,verified_facility,verified_facility,exact,facility,high,True,True,VALIDATED,False,"Known verified facility (Kanchan OC Expansion, NCL)"
613803,JHIRIA WEST OCP [1.5 MTY],Madhya Pradesh,Singrauli,"Jhiria West OCP, NCL",24.15,82.55,24.15,82.55,verified_facility,verified_facility,exact,facility,high,True,True,VALIDATED,False,"Known verified facility (Jhiria West OCP, NCL)"
613804,RPR TAWA-III UG 0.84 MTY,Madhya Pradesh,Narmadapuram,"Tawa-III Underground Mine, WCL",22.25,77.85,22.25,77.85,verified_facility,verified_facility,exact,facility,high,True,True,VALIDATED,False,"Known verified facility (Tawa-III Underground Mine, WCL)"
615185,AMALGAMATED DHANKASA & JAMUNIA,Madhya Pradesh,Chhindwara,Amalgamated Dhankasa & Jamunia Mine,22.24,78.7,22.24,78.7,verified_facility,verified_facility,exact,facility,high,True,True,VALIDATED,False,Known verified facility (Amalgamated Dhankasa & Jamunia Mine)
615187,RPR OF VISHNUPURI UG TO OC,Madhya Pradesh,Chhindwara,"Vishnupuri Mine, Pench Area WCL",22.21,78.68,22.21,78.68,verified_facility,verified_facility,exact,facility,high,True,True,VALIDATED,False,"Known verified facility (Vishnupuri Mine, Pench Area WCL)"
615194,URDHAN EXPANSION OC COST PLUS,Madhya Pradesh,Chhindwara,"Urdhan Expansion OC, Kanhan Area",22.2,78.65,22.2,78.65,verified_facility,verified_facility,exact,facility,high,True,True,VALIDATED,False,"Known verified facility (Urdhan Expansion OC, Kanhan Area)"
615195,SHARDA UG MINE,Madhya Pradesh,Shahdol,"Sharda UG Mine, Sohagpur Area",23.28,81.65,23.28,81.65,verified_facility,verified_facility,exact,facility,high,True,True,VALIDATED,False,"Known verified facility (Sharda UG Mine, Sohagpur Area)"
615206,GANDHIGRAM UG MINE,Madhya Pradesh,Umaria,Jhiria West & Gandhigram Mining Node,23.5256,80.8353,23.5256,80.8353,verified_city,verified_city,exact,facility,high,True,True,VALIDATED,False,Matched infrastructure site keyword in Umaria
619032,JAYANT EXPN. [20 TO 38 MTPA],Madhya Pradesh,Singrauli,"Nigahi, Jayant & Block-B Coal Mega Hub",24.1997,82.6647,24.200147,82.664761,verified_city,verified_city,exact,city,high,True,True,VALIDATED,True,Matched infrastructure site keyword in Singrauli
619053,RPR FOR RAMPUR BATURA OCP,Madhya Pradesh,Shahdol,Sohagpur Coalfield & Shahdol Hub,23.2844,81.3539,23.2844,81.3539,verified_city,verified_city,exact,facility,high,True,True,VALIDATED,False,Matched infrastructure site keyword in Shahdol
400033,BHATADI EXPANSION OC,Maharashtra,Chandrapur,"Bhatadi, Sasti & Yekona Coalfields",19.9615,79.2961,19.9615,79.2961,verified_city,verified_city,exact,city,high,True,True,VALIDATED,False,Matched infrastructure site keyword in Chandrapur
400177,AMALGAMATED YEKONA I & YEKONA,Maharashtra,Chandrapur,"Bhatadi, Sasti & Yekona Coalfields",19.9615,79.2961,19.961675,79.296541,verified_city,verified_city,exact,city,high,True,True,VALIDATED,True,Matched infrastructure site keyword in Chandrapur
400178,DINESH[MAKARDHOKRA-III] OC,Maharashtra,Nagpur,Saoner & Makardhokra Coal & MIHAN SEZ,21.1458,79.0882,21.1458,79.0882,verified_city,verified_city,exact,city,high,True,True,VALIDATED,False,Matched infrastructure site keyword in Nagpur
400353,DHUPTALA OC [SASTI UG TO OC ],Maharashtra,Chandrapur,"Bhatadi, Sasti & Yekona Coalfields",19.9615,79.2961,19.961947,79.296159,verified_city,verified_city,exact,city,high,True,True,VALIDATED,True,Matched infrastructure site keyword in Chandrapur
615184,SAONER UG MINE -1 EXPANSION 1.,Maharashtra,Nagpur,Saoner & Makardhokra Coal & MIHAN SEZ,21.1458,79.0882,21.145975,79.088644,verified_city,verified_city,exact,facility,high,True,True,VALIDATED,True,Matched infrastructure site keyword in Nagpur
615186,SASTI EXPANSION OPENCAST,Maharashtra,Chandrapur,"Bhatadi, Sasti & Yekona Coalfields",19.9615,79.2961,19.961771,79.295718,verified_city,verified_city,exact,city,high,True,True,VALIDATED,True,Matched infrastructure site keyword in Chandrapur
615188,NEW MAJRI UG TO OC 3 MTY COST,Maharashtra,Chandrapur,"Bhatadi, Sasti & Yekona Coalfields",19.9615,79.2961,19.961325,79.295659,verified_city,verified_city,exact,city,high,True,True,VALIDATED,True,Matched infrastructure site keyword in Chandrapur
615189,MAKARDHOKRA EXPN OC 4.9 MTY,Maharashtra,Nagpur,Saoner & Makardhokra Coal & MIHAN SEZ,21.1458,79.0882,21.146247,79.088259,verified_city,verified_city,exact,city,high,True,True,VALIDATED,True,Matched infrastructure site keyword in Nagpur
615190,SINGHORI DEEP OC MIN 2.0 MTY,Maharashtra,Nagpur,Saoner & Makardhokra Coal & MIHAN SEZ,21.1458,79.0882,21.146071,79.087815,verified_city,verified_city,exact,city,high,True,True,VALIDATED,True,Matched infrastructure site keyword in Nagpur
615192,GOKUL EXTENSION OC MINE,Maharashtra,Nagpur,Saoner & Makardhokra Coal & MIHAN SEZ,21.1458,79.0882,21.145625,79.087756,verified_city,verified_city,exact,facility,high,True,True,VALIDATED,True,Matched infrastructure site keyword in Nagpur
615199,KOLGAON EXPANSION DEEP OC MINE,Maharashtra,Nagpur,Saoner & Makardhokra Coal & MIHAN SEZ,21.1458,79.0882,21.145353,79.088141,verified_district,verified_district,approximate,district,medium,True,True,APPROXIMATE,True,Authoritative district resolution (Nagpur)
615330,BALLARPUR NORTH WEST OC MINE,Maharashtra,Chandrapur,"Bhatadi, Sasti & Yekona Coalfields",19.9615,79.2961,19.961053,79.296041,verified_city,verified_city,exact,facility,high,True,True,VALIDATED,True,Matched infrastructure site keyword in Chandrapur
615331,GADEGAON OC 3 MTY,Maharashtra,Chandrapur,"Bhatadi, Sasti & Yekona Coalfields",21.1458,79.0882,19.961229,79.296482,verified_district,verified_district,approximate,district,medium,True,True,APPROXIMATE,True,Authoritative district resolution (Chandrapur)
615914,GHONSA EXPANSION DEEP OC MINE,Maharashtra,Yavatmal,Yavatmal WCL Mining Corridor,20.3888,78.1204,20.3888,78.1204,verified_city,verified_city,exact,facility,high,True,True,VALIDATED,False,Matched infrastructure site keyword in Yavatmal
615916,AMLG GAURI PAUNI EXPANSION OC,Maharashtra,Chandrapur,"Bhatadi, Sasti & Yekona Coalfields",20.8732,79.6468,19.962146,79.296767,verified_city,verified_city,exact,city,high,True,True,VALIDATED,True,Matched infrastructure site keyword in Chandrapur
615917,GAURIDEEP/GAURI CENTRAL OCP 7.,Maharashtra,Chandrapur,"Gaurideep / Gauri Central OCP, Majri Area",18.9388,72.8354,19.852,79.3412,verified_district,verified_facility,exact,facility,high,True,True,VALIDATED,True,"Known verified facility (Gaurideep / Gauri Central OCP, Majri Area)"
615918,RPR OF BHANEGAON OC,Maharashtra,Nagpur,"Bhanegaon Open Cast Mine, Saoner-Kamptee",19.0657,72.8687,21.325,79.162,verified_district,verified_facility,exact,facility,high,True,True,VALIDATED,True,"Known verified facility (Bhanegaon Open Cast Mine, Saoner-Kamptee)"
615919,N. EXTN. MUNGOLI NIRGUDA D OCP,Maharashtra,Yavatmal,"Mungoli Nirguda Deep OCP, Wani North Area",18.5204,73.8567,19.98,79.08,verified_district,verified_facility,exact,facility,high,True,True,VALIDATED,True,"Known verified facility (Mungoli Nirguda Deep OCP, Wani North Area)"
615982,NILJAI EXPANSION DEEP OCP,Maharashtra,Thane,Kalyan-Bhiwandi Logistics Hub,19.2183,72.9781,19.2183,72.9781,verified_district,verified_district,approximate,district,medium,True,True,APPROXIMATE,False,Preserved validated district location
616044,UKNI DEEP OC MINE -COST PLUS,Maharashtra,Raigad,Navi Mumbai International Airport (NMIAL),18.99,73.07,18.99,73.07,verified_district,verified_district,approximate,district,medium,True,True,APPROXIMATE,False,Preserved validated district location
616050,AMALGAMATED INDER-KAMPTEE DEEP,Maharashtra,Nagpur,Saoner & Makardhokra Coal & MIHAN SEZ,21.1458,79.0882,21.145529,79.088585,verified_city,verified_city,exact,city,high,True,True,VALIDATED,True,Matched infrastructure site keyword in Nagpur
616223,ADASA UG TO OC MINE,Maharashtra,Nashik,Ambad & Sinnar Industrial SEZ,19.9975,73.7898,19.9975,73.7898,verified_district,verified_district,approximate,district,medium,True,True,APPROXIMATE,False,Preserved validated district location
616229,AMAL GONDEGAON GHATROHANA EXPN,Maharashtra,Raigad,Navi Mumbai International Airport (NMIAL),18.99,73.07,18.990175,73.070438,verified_city,verified_city,exact,city,high,True,True,VALIDATED,True,Preserved validated district location
617233,WAGHODA UG MINE [1.02 MTY],Maharashtra,Chhatrapati Sambhajinagar,Shendra-Bidkin DMIC Node,19.8762,75.3433,19.8762,75.3433,verified_district,verified_district,approximate,district,medium,True,True,APPROXIMATE,False,Preserved validated district location
617278,KOLARPIMPRI EXPANSION OC [2.5,Maharashtra,Chandrapur,"Kolarpimpri Expansion OCP, Majri Area",18.5204,73.8567,19.95,79.15,verified_city,verified_facility,exact,facility,high,True,True,VALIDATED,True,"Known verified facility (Kolarpimpri Expansion OCP, Majri Area)"
619055,SAONER-III EXPN UG MINE 1.54,Maharashtra,Nagpur,Saoner & Makardhokra Coal & MIHAN SEZ,21.1458,79.0882,21.146446,79.088872,verified_city,verified_city,exact,facility,high,True,True,VALIDATED,True,Matched infrastructure site keyword in Nagpur
400369,BINA KAKRI AMALGAMATION EXPANS,"Multi-States (Madhya Pradesh, Uttar Pradesh)",Sonbhadra,"Bina - Kakri Coal Mine Complex, NCL",22.5937,78.9629,24.18,82.78,verified_state,verified_facility,exact,facility,high,True,True,VALIDATED,True,"Known verified facility (Bina - Kakri Coal Mine Complex, NCL)"
615183,KHADIA EXPANSION [10 TO 16 MTP,"Multi-States (Madhya Pradesh, Uttar Pradesh)",Sonbhadra,"Khadia OCP Coal Mine, NCL",22.5937,78.9629,24.13,82.72,verified_state,verified_facility,exact,facility,high,True,True,VALIDATED,True,"Known verified facility (Khadia OCP Coal Mine, NCL)"
400165,SUBHADRA OCP,Odisha,Angul,Subhadra & Bharatpur & Hingula Coal Complex,20.84,85.1,20.84,85.1,verified_city,verified_city,exact,facility,high,True,True,VALIDATED,False,Matched infrastructure site keyword in Angul
400166,SIARMAL OCP,Odisha,Angul,Subhadra & Bharatpur & Hingula Coal Complex,20.84,85.1,20.840175,85.100443,verified_city,verified_city,exact,facility,high,True,True,VALIDATED,True,Matched infrastructure site keyword in Angul
400183,BALARAM EXPANSION OCP,Odisha,Angul,Subhadra & Bharatpur & Hingula Coal Complex,20.84,85.1,20.840447,85.100059,verified_city,verified_city,exact,facility,high,True,True,VALIDATED,True,Matched infrastructure site keyword in Angul
400185,GOPALJI KANIHA OCP [10 TO 30 M,Odisha,Angul,Subhadra & Bharatpur & Hingula Coal Complex,20.84,85.1,20.840271,85.099616,verified_city,verified_city,exact,facility,high,True,True,VALIDATED,True,Matched infrastructure site keyword in Angul
400187,INTEGRATED LAKHANPUR-BELPAHAR-,Odisha,Jharsuguda,Integrated Lakhanpur-Belpahar Mining Complex,21.855,84.008,21.855,84.008,verified_city,verified_city,exact,city,high,True,True,VALIDATED,False,Matched infrastructure site keyword in Jharsuguda
400392,BHARATPUR RE-ORGANIZATION OCP,Odisha,Angul,Subhadra & Bharatpur & Hingula Coal Complex,20.84,85.1,20.839825,85.099557,verified_city,verified_city,exact,facility,high,True,True,VALIDATED,True,Matched infrastructure site keyword in Angul
615193,BASUNDHARA WEST EXTENSION OPEN,Odisha,Sundargarh,Integrated Kulda Garjanbahal & Basundhara,22.1167,84.0333,22.1167,84.0333,verified_city,verified_city,exact,city,high,True,True,VALIDATED,False,Matched infrastructure site keyword in Sundargarh
615857,Naini Coal Mine,Odisha,Angul,"Naini Coal Mine, Chhendipada",21.05,84.85,21.05,84.85,verified_facility,verified_facility,exact,facility,high,True,True,VALIDATED,False,"Known verified facility (Naini Coal Mine, Chhendipada)"
616226,INTEGRATED KULDA GARJANBAHAL O,Odisha,Sundargarh,Integrated Kulda Garjanbahal & Basundhara,22.1167,84.0333,22.116875,84.033747,verified_city,verified_city,exact,city,high,True,True,VALIDATED,True,Matched infrastructure site keyword in Sundargarh
616231,BHUBANESWARI EXPN OCP 50 MTY,Odisha,Jharsuguda,Integrated Lakhanpur-Belpahar Mining Complex,21.855,84.008,21.855175,84.008447,verified_district,verified_district,approximate,district,medium,True,True,APPROXIMATE,True,Preserved validated district location
616232,HINGULA II OC EXPN PH III 15 M,Odisha,Angul,Subhadra & Bharatpur & Hingula Coal Complex,20.84,85.1,20.839553,85.099941,verified_city,verified_city,exact,city,high,True,True,VALIDATED,True,Matched infrastructure site keyword in Angul
616233,BALABHADRA OCP,Odisha,Sundargarh,Integrated Kulda Garjanbahal & Basundhara,22.1167,84.0333,22.117147,84.03336,verified_district,verified_district,approximate,district,medium,True,True,APPROXIMATE,True,Preserved validated district location
618982,Talabira II & III OCP - FMC,Odisha,Jharsuguda,Talabira II & III OCP FMC,21.75,83.98,21.75,83.98,verified_facility,verified_facility,exact,facility,high,True,True,VALIDATED,False,Known verified facility (Talabira II & III OCP FMC)
615818,Jawahar Khani Open Cast Mine,Telangana,Bhadradri Kothagudem,"Jawahar Khani, Venkatesh Khani & Kothagudem Thermal",17.55,80.62,17.55,80.62,verified_city,verified_city,exact,facility,high,True,True,VALIDATED,False,Matched infrastructure site keyword in Bhadradri Kothagudem
615858,Kalyanikhani Opencast Project,Telangana,Mancherial,Kalyanikhani & Indaram Coal Mines,18.87,79.46,18.87,79.46,verified_city,verified_city,exact,city,high,True,True,VALIDATED,False,Matched infrastructure site keyword in Mancherial
615860,Godavarikhani Coal Mine - 5,Telangana,Peddapalli,Godavarikhani & NTPC Ramagundam Super Thermal,18.77,79.52,18.77,79.52,verified_city,verified_city,exact,facility,high,True,True,VALIDATED,False,Matched infrastructure site keyword in Peddapalli
615861,Indaram Opencast Project,Telangana,Mancherial,Kalyanikhani & Indaram Coal Mines,18.87,79.46,18.870175,79.460438,verified_city,verified_city,exact,city,high,True,True,VALIDATED,True,Matched infrastructure site keyword in Mancherial
615862,Goleti Opencast Mine,Telangana,Kumuram Bheem Asifabad,Goleti Opencast Coal Mining Node,19.36,79.29,19.36,79.29,verified_city,verified_city,exact,facility,high,True,True,VALIDATED,False,Matched infrastructure site keyword in Kumuram Bheem Asifabad
615863,Venkatesh Khani Coal Mine,Telangana,Bhadradri Kothagudem,"Jawahar Khani, Venkatesh Khani & Kothagudem Thermal",17.55,80.62,17.550175,80.620435,verified_city,verified_city,exact,facility,high,True,True,VALIDATED,True,Matched infrastructure site keyword in Bhadradri Kothagudem
615865,Kakatiyakhani OC - 2 Project,Telangana,Jayashankar Bhupalpally,Kakatiyakhani Opencast Coal Project,18.43,79.86,18.43,79.86,verified_city,verified_city,exact,city,high,True,True,VALIDATED,False,Matched infrastructure site keyword in Jayashankar Bhupalpally
400173,MOHANPUR EXPANSION OC -PHASE I,West Bengal,Paschim Bardhaman,"Raniganj Coalfields (Jhanjra, Sonepur Bazari, Parasea)",23.6889,86.9661,23.6889,86.9661,verified_city,verified_city,exact,city,high,True,True,VALIDATED,False,Matched infrastructure site keyword in Paschim Bardhaman
400180,BONJEMEHARI EXPANSION OCP,West Bengal,Paschim Bardhaman,"Raniganj Coalfields (Jhanjra, Sonepur Bazari, Parasea)",23.6889,86.9661,23.689075,86.966553,verified_city,verified_city,exact,facility,high,True,True,VALIDATED,True,Matched infrastructure site keyword in Paschim Bardhaman
400181,NAKRAKONDA KUMARDIH- B OCP,West Bengal,Paschim Bardhaman,"Raniganj Coalfields (Jhanjra, Sonepur Bazari, Parasea)",23.6889,86.9661,23.689347,86.966161,verified_city,verified_city,exact,facility,high,True,True,VALIDATED,True,Matched infrastructure site keyword in Paschim Bardhaman
400182,SIDULI [OC & UG],West Bengal,Paschim Bardhaman,"Raniganj Coalfields (Jhanjra, Sonepur Bazari, Parasea)",23.6889,86.9661,23.689171,86.965708,verified_city,verified_city,exact,city,high,True,True,VALIDATED,True,Matched infrastructure site keyword in Paschim Bardhaman
400186,TILABONI UG,West Bengal,Paschim Bardhaman,"Raniganj Coalfields (Jhanjra, Sonepur Bazari, Parasea)",23.6889,86.9661,23.688725,86.965647,verified_city,verified_city,exact,city,high,True,True,VALIDATED,True,Matched infrastructure site keyword in Paschim Bardhaman
400312,JHANJRA EXPANSION UG,West Bengal,Paschim Bardhaman,"Raniganj Coalfields (Jhanjra, Sonepur Bazari, Parasea)",23.6889,86.9661,23.688453,86.966039,verified_city,verified_city,exact,city,high,True,True,VALIDATED,True,Matched infrastructure site keyword in Paschim Bardhaman
400315,SONEPUR BAZARI EXPANSION OCP [,West Bengal,Paschim Bardhaman,"Raniganj Coalfields (Jhanjra, Sonepur Bazari, Parasea)",23.6889,86.9661,23.688629,86.966492,verified_city,verified_city,exact,facility,high,True,True,VALIDATED,True,Matched infrastructure site keyword in Paschim Bardhaman
611016,2.0 MTPA BHOJUDIH NLW WASHERY,West Bengal,Paschim Bardhaman,"Raniganj Coalfields (Jhanjra, Sonepur Bazari, Parasea)",23.6889,86.9661,23.689546,86.966785,verified_city,verified_city,exact,city,high,True,True,VALIDATED,True,Matched infrastructure site keyword in Paschim Bardhaman
612816,ITAPARA OCP,West Bengal,Paschim Bardhaman,"Raniganj Coalfields (Jhanjra, Sonepur Bazari, Parasea)",23.6889,86.9661,23.689766,86.965832,verified_city,verified_city,exact,facility,high,True,True,VALIDATED,True,Matched infrastructure site keyword in Paschim Bardhaman
613793,SHYAMSUNDARPUR UG INCLUDING SA,West Bengal,Paschim Bardhaman,"Raniganj Coalfields (Jhanjra, Sonepur Bazari, Parasea)",23.6889,86.9661,23.68912,86.965147,verified_city,verified_city,exact,city,high,True,True,VALIDATED,True,Matched infrastructure site keyword in Paschim Bardhaman
613794,PARASEA-BELBAID UG PROJECT,West Bengal,Paschim Bardhaman,"Raniganj Coalfields (Jhanjra, Sonepur Bazari, Parasea)",23.6889,86.9661,23.688254,86.965415,verified_city,verified_city,exact,city,high,True,True,VALIDATED,True,Matched infrastructure site keyword in Paschim Bardhaman
616230,PARASCOLE JAMBAD OCP,West Bengal,Paschim Bardhaman,"Raniganj Coalfields (Jhanjra, Sonepur Bazari, Parasea)",23.6889,86.9661,23.688034,86.966368,verified_city,verified_city,exact,facility,high,True,True,VALIDATED,True,Matched infrastructure site keyword in Paschim Bardhaman
617299,50 MW Wind Power Project,Gujarat,Patan,Santalpur & Patan NH-27 Corridor,23.8347,71.3094,23.8347,71.3094,verified_district,verified_district,approximate,district,medium,True,True,APPROXIMATE,False,Preserved validated district location
617730,600 MW Khavda Solar Power Project,Gujarat,Kutch,Kandla Port & Khavda 30 GW Park,23.25,69.67,23.25,69.67,verified_city,verified_city,exact,city,high,True,True,VALIDATED,False,Matched infrastructure site keyword in Kutch
618991,200 MW SPP part of 510 MW CPSU scheme,Gujarat,Patan,Santalpur & Patan NH-27 Corridor,22.25,72.19,23.834875,71.309853,verified_district,verified_district,approximate,district,medium,True,True,APPROXIMATE,True,Authoritative district resolution (Patan)
618992,100 MW SPP part of SECI 150 MW Hybrid,Gujarat,Patan,Santalpur & Patan NH-27 Corridor,23.8347,71.3094,23.835147,71.309461,verified_district,verified_district,approximate,district,medium,True,True,APPROXIMATE,True,Preserved validated district location
400231,NLC Talabira Thermal Power Project,Odisha,Jharsuguda,NLC Talabira Thermal Power Project,21.74,83.97,21.74,83.97,verified_facility,verified_facility,exact,facility,high,True,True,VALIDATED,False,Known verified facility (NLC Talabira Thermal Power Project)
612819,300 MW SPP part of 510 MW CPSU scheme,Rajasthan,Jaipur,Jaipur Infrastructure Hub,26.9124,75.7873,26.9124,75.7873,verified_district,verified_district,approximate,district,medium,True,True,APPROXIMATE,False,Preserved validated district location
618981,810 MW Solar Power Project - Rajasthan,Rajasthan,Bundi,"Greenfield Airport at Bundi, Kota",25.4305,75.6499,25.4305,75.6499,verified_district,verified_district,approximate,district,medium,True,True,APPROXIMATE,False,Preserved validated district location
615327,50 MW Solar PP Minedout Area,Tamil Nadu,Chennai,Chennai Airport Modernization & Metro Rail Phase-II,13.0827,80.2707,13.0827,80.2707,verified_district,verified_district,approximate,district,medium,True,True,APPROXIMATE,False,Authoritative district resolution (Chennai)
400259,Ghatampur Thermal Power Plant 3 X 660 MW,Uttar Pradesh,Kanpur Nagar,Ghatampur Super Thermal Power Plant 3x660 MW,26.157,80.165,26.157,80.165,verified_facility,verified_facility,exact,facility,high,True,True,VALIDATED,False,Known verified facility (Ghatampur Super Thermal Power Plant 3x660 MW)
400203,Dharamjaigarh-Korba,Chhattisgarh,Raigarh,"Baroud, Pelma & Porda Chimtapani Coal Complex",21.8974,83.395,21.8974,83.395,verified_city,verified_city,exact,city,high,True,True,VALIDATED,False,Matched infrastructure site keyword in Raigarh
400416,Shivpur-Kathautia New Rail [BG] Line [49 km] [Package II of Tori-Shivpur-Kathautia line],Jharkhand,Dhanbad,Dhanbad-Chandrapura Rail Line,23.77,86.25,23.77,86.25,verified_facility,verified_facility,exact,facility,high,True,True,VALIDATED,False,Preserved validated district location
400192,Tubed Coal Mine,Jharkhand,Ranchi,Ranchi Infrastructure Hub,23.3441,85.3096,23.344547,85.30966,verified_district,verified_district,approximate,district,medium,True,True,APPROXIMATE,True,Preserved validated district location
603293,Badam Coal Mining project of NTPC,Jharkhand,Dhanbad,Dhanbad Infrastructure Hub,23.7957,86.4304,23.796147,86.430461,verified_district,verified_district,approximate,district,medium,True,True,APPROXIMATE,True,Preserved validated district location
602182,Dibang Multipurpose Project,Arunachal Pradesh,Lower Dibang Valley,Dibang Multipurpose Hydroelectric Project (2880 MW),28.14,95.83,28.14,95.83,verified_city,verified_city,exact,city,high,True,True,VALIDATED,False,Matched infrastructure site keyword in Lower Dibang Valley
611698,240MW Heo HE Project,Arunachal Pradesh,Papum Pare,Papum Pare Infrastructure Hub,27.0844,93.6053,27.0844,93.6053,verified_district,verified_district,approximate,district,medium,True,True,APPROXIMATE,False,Preserved validated district location
611699,186 MW Tato-I H E Project,Arunachal Pradesh,Tawang,Tawang Infrastructure Hub,27.5861,91.8653,27.5861,91.8653,verified_district,verified_district,approximate,district,medium,True,True,APPROXIMATE,False,Preserved validated district location
611716,700 MW Tato-II HE Project,Arunachal Pradesh,West Kameng,West Kameng Infrastructure Hub,27.2645,92.4172,27.2645,92.4172,verified_district,verified_district,approximate,district,medium,True,True,APPROXIMATE,False,Preserved validated district location
619311,Kalai-II Hydro Electric Project [1200 MW],Arunachal Pradesh,East Siang,East Siang Infrastructure Hub,28.0667,95.3333,28.0667,95.3333,verified_district,verified_district,approximate,district,medium,True,True,APPROXIMATE,False,Preserved validated district location
602579,Buxar Thermal Power Project [1320 MW],Bihar,Buxar,"Chausa Buxar Thermal Power Project, SJVN",25.56,83.98,25.56,83.98,verified_facility,verified_facility,exact,facility,high,True,True,VALIDATED,False,"Known verified facility (Chausa Buxar Thermal Power Project, SJVN)"
619051,"Nabinagar Super Thermal Power Project, Stage-II [3x800 MW]",Bihar,Aurangabad,Nabinagar Super Thermal Power Plant,24.7533,84.3739,24.7533,84.3739,verified_city,verified_city,exact,facility,high,True,True,VALIDATED,False,Matched infrastructure site keyword in Aurangabad
611930,Lara Super Thermal Power Project Stage-II [2 x 800 MW],Chhattisgarh,Korba,NTPC Korba Super Thermal Power Station,22.38,82.7,22.38,82.7,verified_facility,verified_facility,exact,facility,high,True,True,VALIDATED,False,Preserved validated district location
617188,"Sipat Super Thermal Power Project, Stage-III [1x800 MW]",Chhattisgarh,Korba,NTPC Korba Super Thermal Power Station,22.38,82.7,22.380175,82.700448,verified_facility,verified_facility,exact,facility,high,True,True,VALIDATED,True,Preserved validated district location
709747,Bagodara Solar Power Project,Gujarat,Ahmedabad,Dholera Smart City & Expressway,22.25,72.19,22.250175,72.190448,verified_city,verified_city,exact,facility,high,True,True,VALIDATED,True,Matched infrastructure site keyword in Ahmedabad
602582,Dhaulasidh Hydro Electric Project [66 MW],Himachal Pradesh,Shimla,SJVN Luhri Hydroelectric Power Project,31.33,77.42,31.33,77.42,verified_facility,verified_facility,exact,facility,high,True,True,VALIDATED,False,Preserved validated district location
602593,Luhri Stage-I Hydro Electric Project [210 MW],Himachal Pradesh,Shimla,SJVN Luhri Hydroelectric Power Project,31.33,77.42,31.330175,77.420485,verified_facility,verified_facility,exact,facility,high,True,True,VALIDATED,True,Preserved validated district location
611586,Sunni Dam Hydro Electric Project [382 MW],Himachal Pradesh,Shimla,SJVN Luhri Hydroelectric Power Project,31.33,77.42,31.330447,77.420065,verified_facility,verified_facility,exact,facility,high,True,True,VALIDATED,True,Preserved validated district location
602525,"Pakal Dul [Drangdhuran] Hydroelectric Project, 1000 MW",Jammu and Kashmir,Kishtwar,Pakal Dul & Kiru Hydroelectric Projects,33.31,75.76,33.31,75.76,verified_city,verified_city,exact,city,high,True,True,VALIDATED,False,Matched infrastructure site keyword in Kishtwar
602532,Kiru HE Project,Jammu and Kashmir,Kishtwar,Pakal Dul & Kiru Hydroelectric Projects,33.31,75.76,33.310175,75.760496,verified_city,verified_city,exact,city,high,True,True,VALIDATED,True,Matched infrastructure site keyword in Kishtwar
602535,"Ratle HE Project - 850 MW, Ratle Hydroelectric Power Corporation Limited.",Jammu and Kashmir,Reasi,Katra Railway Station & Chenab River Bridge Node,33.08,74.83,33.08,74.83,verified_district,verified_district,approximate,district,medium,True,True,APPROXIMATE,False,Preserved validated district location
605155,Kwar HE Project,Jammu and Kashmir,Kishtwar,Pakal Dul & Kiru Hydroelectric Projects,33.31,75.76,33.310447,75.760066,verified_city,verified_city,exact,city,high,True,True,VALIDATED,True,Matched infrastructure site keyword in Kishtwar
400261,Patratu Thermal Power Station Expansion Project Phase-I [3x800 MW],Jharkhand,Ramgarh,Rajrappa & Kotre Basantpur Pachmo Coal Complex,23.63,85.51,23.63,85.51,verified_city,verified_city,exact,facility,high,True,True,VALIDATED,False,Matched infrastructure site keyword in Ramgarh
611509,"Koderma Thermal Power Station Phase II [2X800 MW] At Koderma, Jharkhand",Jharkhand,Koderma,Koderma Thermal Power Station & Rail Junction,24.47,85.59,24.47,85.59,verified_city,verified_city,exact,facility,high,True,True,VALIDATED,False,Matched infrastructure site keyword in Koderma
618976,"Gadarwara Super Thermal Power Project, Stage-II [2x800 MW]",Madhya Pradesh,Narsinghpur,Gadarwara Super Thermal Power Project Stage-II,22.9431,79.195,22.9431,79.195,verified_city,verified_city,exact,facility,high,True,True,VALIDATED,False,Matched infrastructure site keyword in Narsinghpur
602096,Subansiri Lower HE Project [2000 MW],"Multi-States (Arunachal Pradesh, Assam)",Dhemaji,"Subansiri Lower Hydroelectric Project, Gerukamukh",22.5937,78.9629,27.55,94.26,verified_state,verified_facility,exact,facility,high,True,True,VALIDATED,True,"Known verified facility (Subansiri Lower Hydroelectric Project, Gerukamukh)"
602961,Talcher Thermal Power Station Stage III [2 x 660 MW] Expansion,Odisha,Angul,Subhadra & Bharatpur & Hingula Coal Complex,20.84,85.1,20.839729,85.100384,verified_city,verified_city,exact,facility,high,True,True,VALIDATED,True,Matched infrastructure site keyword in Angul
619056,"Darlipali Super Thermal Power Project, Stage-II [1x800 MW]",Odisha,Sundargarh,"Darlipali Super Thermal Power Project, NTPC",21.94,83.8,21.94,83.8,verified_facility,verified_facility,exact,facility,high,True,True,VALIDATED,False,"Known verified facility (Darlipali Super Thermal Power Project, NTPC)"
602181,"TEESTA-VI HE PROJECT, SIKKIM [500 MW], executed by LANCO TEESTA HYDRO POWER LIMITED [A wholly owned Subsidiary of NHPC LTD. acquired through NCLT]",Sikkim,Mangan,Teesta-VI Hydroelectric Power Plant,27.5,88.53,27.5,88.53,verified_city,verified_city,exact,city,high,True,True,VALIDATED,False,Matched infrastructure site keyword in Mangan
605156,Rangit-IV HE Project [120 MW] executed by Jal Power Corporation Ltd. [JPCL] - A wholly owned subsidiary of NHPC Ltd. acquired through NCLT,Sikkim,Namchi,Namchi & Yangang Infrastructure Hub,27.1667,88.35,27.1667,88.35,verified_city,verified_city,exact,city,high,True,True,VALIDATED,False,Matched infrastructure site keyword in Namchi
612142,"Singrauli Super Thermal Power Project, Stage-III [2x800 MW]",Uttar Pradesh,Sonbhadra,Chopan Doubling & Singrauli Thermal Stage-III,24.2,83.03,24.2,83.03,verified_city,verified_city,exact,facility,high,True,True,VALIDATED,False,Matched infrastructure site keyword in Sonbhadra
602185,Tapovan-Vishnugad HEP [4x130 MW],Uttarakhand,Chamoli,Tapovan Vishnugad Hydroelectric Project,30.4167,79.3333,30.4167,79.3333,verified_city,verified_city,exact,facility,high,True,True,VALIDATED,False,Matched infrastructure site keyword in Chamoli
602195,Vishnugad Pipalkoti Hydro Electric Project [444 MW],Uttarakhand,Chamoli,Tapovan Vishnugad Hydroelectric Project,30.4167,79.3333,30.416875,79.333781,verified_city,verified_city,exact,city,high,True,True,VALIDATED,True,Matched infrastructure site keyword in Chamoli
400062,"Raghunathpur Thermal Power Station Phase II [2X660 MW] at Raghunathpur, Purulia, West Bengal",West Bengal,Purulia,Raghunathpur Thermal Power Station Phase-II (DVC),23.49,86.68,23.49,86.68,verified_city,verified_city,exact,facility,high,True,True,VALIDATED,False,Matched infrastructure site keyword in Purulia
602184,Rammam-III HEPP [3x40 MW],West Bengal,Darjeeling,Bagdogra Airport New Civil Enclave,26.71,88.32,26.71,88.32,verified_district,verified_district,approximate,district,medium,True,True,APPROXIMATE,False,Preserved validated district location
602538,Installation of FGD for 4x210 & 2x250 MW MTPS U 1-6,West Bengal,Kolkata,Kolkata Metro & Port Modernization,22.5726,88.3639,22.5726,88.3639,verified_district,verified_district,approximate,district,medium,True,True,APPROXIMATE,False,Preserved validated district location
611967,Transmission Scheme for Solar Energy Zone in Ananthpuram 2500MW and Kurnool 1000MW,Andhra Pradesh,Kurnool,Orvakal Mega Industrial Node & Kurnool-III PS,15.8281,78.0373,15.8281,78.0373,verified_city,verified_city,exact,city,high,True,True,VALIDATED,False,Matched infrastructure site keyword in Kurnool
617183,Transmission system strengthening at Kurnool- III PS for integration of additional RE generation projects [POWERGRID Kurnool III PS RE Transmission Limited],Andhra Pradesh,Kurnool,Orvakal Mega Industrial Node & Kurnool-III PS,15.8281,78.0373,15.828275,78.037731,verified_city,verified_city,exact,city,high,True,True,VALIDATED,True,Matched infrastructure site keyword in Kurnool
617375,North Eastern Region Expansion Scheme-XXIII [NERES-XXIII],Arunachal Pradesh,Lower Dibang Valley,Lower Dibang Valley Infrastructure Hub,28.14,95.84,28.14,95.84,verified_district,verified_district,approximate,district,medium,True,True,APPROXIMATE,False,Preserved validated district location
615336,Transmission system for evacuation of Power from REZ in Rajasthan [20 GW] under phase-III Part-D Phase-II,Delhi,South Delhi,DND Maharani Bagh - Jaitpur Pushta Road NH-148NA,28.5355,77.25,28.5355,77.25,verified_district,verified_district,approximate,district,medium,True,True,APPROXIMATE,False,Preserved validated district location
612139,Transmission system for Evacuation of Additional 7 GW RE power from Khavda RE park under Phase-III Part B [Vataman Transmission Limited],Gujarat,Kutch,Kandla Port & Khavda 30 GW Park,23.25,69.67,23.250175,69.670451,verified_city,verified_city,exact,city,high,True,True,VALIDATED,True,Matched infrastructure site keyword in Kutch
612855,Transmission System for Evacuation of Power from Potential Energy Renewable Zone in Khavda Area of Gujarat under Ph-IV [7GW] Part E2,Gujarat,Kutch,Kandla Port & Khavda 30 GW Park,23.25,69.67,23.250447,69.67006,verified_city,verified_city,exact,city,high,True,True,VALIDATED,True,Matched infrastructure site keyword in Kutch
615342,Augmentation of Transformation Capacity at jam Khambhaliya PS [GIS] [SPV Name POWERGRID Jam Khambhaliya Transmission Limited],Gujarat,Devbhumi Dwarka,Jam Khambhaliya PS & Dwarka Port,22.2442,68.9685,22.2442,68.9685,verified_city,verified_city,exact,city,high,True,True,VALIDATED,False,Matched infrastructure site keyword in Devbhumi Dwarka
615343,Provision of Dynamic Reactive Compensation at Khavda pooling Station 1 [KPS1] and Khavda Pooling station 3 [KPS3],Gujarat,Kutch,Kandla Port & Khavda 30 GW Park,23.25,69.67,23.250271,69.669609,verified_city,verified_city,exact,city,high,True,True,VALIDATED,True,Matched infrastructure site keyword in Kutch
615345,Transmission System for Evacuation of Power from Potential Renewable Energy Zone in Khavda area of Gujarat under Phase-IV [7GW] Part B [SPV Name POWERGRID South Olpad Transmission Limited],Gujarat,Kutch,Kandla Port & Khavda 30 GW Park,23.25,69.67,23.249825,69.669549,verified_city,verified_city,exact,city,high,True,True,VALIDATED,True,Matched infrastructure site keyword in Kutch
617069,Augmentation of Transformation Capacity at KPS1 [GIS] and KPS2 [GIS] [Phase-V Part B1 and Part B2 Scheme] [SPV Name- POWERGRID KPS1 and 2 Augmentation Transmission Limited],Gujarat,Kutch,Kandla Port & Khavda 30 GW Park,23.25,69.67,23.249553,69.66994,verified_city,verified_city,exact,city,high,True,True,VALIDATED,True,Matched infrastructure site keyword in Kutch
617182,Augmentation of Banaskantha [Raghanesda] PS [GIS] [POWERGRID Banaskantha Transco Limited],Gujarat,Banaskantha,Palanpur & Ambaji Rail Corridor,24.172,72.4346,24.172,72.4346,verified_city,verified_city,exact,city,high,True,True,VALIDATED,False,Matched infrastructure site keyword in Banaskantha
617391,Augmentation of Transformation Capacity at Bhuj-II PS [GIS],Gujarat,Kutch,Kandla Port & Khavda 30 GW Park,23.25,69.67,23.249729,69.670391,verified_city,verified_city,exact,city,high,True,True,VALIDATED,True,Matched infrastructure site keyword in Kutch
617405,Jamnagar Transmission Limited,Gujarat,Jamnagar,Moti Khavdi & Sikka Petrochem Complex,22.4707,70.0577,22.4707,70.0577,verified_city,verified_city,exact,city,high,True,True,VALIDATED,False,Matched infrastructure site keyword in Jamnagar
617801,Provision of ICT Augmentation & Bus Reactor at Bhuj-II PS,Gujarat,Kutch,Kandla Port & Khavda 30 GW Park,23.25,69.67,23.250646,69.670682,verified_city,verified_city,exact,city,high,True,True,VALIDATED,True,Matched infrastructure site keyword in Kutch
619026,KPSIII HVDC Transmission Limited,Gujarat,Kutch,Khavda Renewable Energy Park,23.85,69.75,23.85,69.75,verified_district,verified_district,exact,project_site,high,True,True,VALIDATED,False,Preserved validated district location
619029,Transmission System for Reliable Power Supply to Dholera,Gujarat,Ahmedabad,Dholera Smart City & Expressway,22.25,72.19,22.250447,72.19006,verified_city,verified_city,exact,city,high,True,True,VALIDATED,True,Matched infrastructure site keyword in Ahmedabad
619049,Khavda IVA Power Transmission Limited,Gujarat,Kutch,Kandla Port & Khavda 30 GW Park,23.25,69.67,23.250866,69.669733,verified_city,verified_city,exact,city,high,True,True,VALIDATED,True,Matched infrastructure site keyword in Kutch
617179,Transmission Scheme for evacuation of Power from Ratle HEP [850 MW] & kiru [624 MW] Part B,Jammu and Kashmir,Kishtwar,Pakal Dul & Kiru Hydroelectric Projects,33.31,75.76,33.310271,75.75957,verified_city,verified_city,exact,city,high,True,True,VALIDATED,True,Matched infrastructure site keyword in Kishtwar
617326,Implementation of Transmission Systems in the State of Jharkhand consisting of 400/220/132/33 kV transmission lines and substations under Jharkhand Consultancy Project,Jharkhand,Hazaribagh,Hazaribagh Infrastructure Hub,23.9925,85.3637,23.9925,85.3637,verified_district,verified_district,approximate,district,medium,True,True,APPROXIMATE,False,Preserved validated district location
612140,Transmission Scheme for Integration of Renewable Energy Zone [Phase II] in Koppal II [Phase A&B] and gadag II[Phase A] in Karnataka [POWERGRID KOPPAL GADAG TRANSMISSION LIMITED],Karnataka,Koppal,Koppal Renewable Energy Substation Complex,15.3533,76.155,15.3533,76.155,verified_city,verified_city,exact,city,high,True,True,VALIDATED,False,Matched infrastructure site keyword in Koppal
616672,System Strengthening at Koppal-II and GadagII for integration of RE generation projects [SPV Name POWERGRID Koppal Gadag Augmentation Transmission Limited],Karnataka,Koppal,Koppal Renewable Energy Substation Complex,15.3533,76.155,15.353475,76.15543,verified_city,verified_city,exact,city,high,True,True,VALIDATED,True,Matched infrastructure site keyword in Koppal
617068,"Augmentation of Transformation Capacity by 3x500 MVA, 400/220 KV ICTS [6th-8th] and 1x1500 MVA, 765/400 KV ICT [4th] at Bidar PS [SPV Name- POWERGRID Bidar Augmentation Transmission Limited]",Karnataka,Bidar,Bidar Air Force & Express Node,17.9104,77.5199,17.9104,77.5199,verified_city,verified_city,exact,city,high,True,True,VALIDATED,False,Matched infrastructure site keyword in Bidar
617184,Transmission Scheme for integration of Davanagere/ Chitradurga and Bellary REZ in Karnataka [POWERGRID Chitradurga Bellary REZ Transmission Limited],Karnataka,Chitradurga,Chitradurga Renewable Power Evacuation,14.2251,76.4019,14.2251,76.4019,verified_city,verified_city,exact,city,high,True,True,VALIDATED,False,Matched infrastructure site keyword in Chitradurga
617803,Transmission System Strengthening at Davanagere for Integration of RE Generation [SPV Name - POWERGRID Davanagere Power Transmission Limited],Karnataka,Davanagere,Davanagere Transmission & Textile Hub,14.4644,75.9218,14.4644,75.9218,verified_city,verified_city,exact,city,high,True,True,VALIDATED,False,Matched infrastructure site keyword in Davanagere
619228,Transmission System Strengthening for integration of additional RE Potential at Davanagere [0.25 GW] and Bellary [2.75 GW],Karnataka,Davanagere,Davanagere Transmission & Textile Hub,14.4644,75.9218,14.464575,75.922228,verified_city,verified_city,exact,city,high,True,True,VALIDATED,True,Matched infrastructure site keyword in Davanagere
619028,Augmentation of 1x500 MVA 400/220kV ICT [3rd] at Thrissur VSC HVDC Station in Kerala,Kerala,Thrissur,Thrissur Cultural Capital & Highway Node,10.5276,76.2144,10.5276,76.2144,verified_city,verified_city,exact,city,high,True,True,VALIDATED,False,Matched infrastructure site keyword in Thrissur
615344,Transmission System for Evacuation of Power from Rajasthan REZ Ph-IV [Part-2 5.5GW] [Jaisalmer/Barmer Complex] Part H1 [POWERGRID KURAWAR TRANSMISSION LIMITED],Madhya Pradesh,Balaghat,Expansion of Malanjkhand Copper Project,22.7196,75.8577,21.81,80.18,verified_district,verified_district,approximate,district,medium,True,True,APPROXIMATE,True,Authoritative district resolution (Balaghat)
615346,Transmission System for Evacuation of Power from Rajasthan REZ Ph-IV [Part-2 5.5 GW] [Jaisalmer/Barmer Complex] Part C [SPV Name POWERGRID Mandsaur Transmission Limited],Madhya Pradesh,Mandsaur,Mandsaur Solar & Highway Node,24.0722,75.0683,24.0722,75.0683,verified_city,verified_city,exact,city,high,True,True,VALIDATED,False,Matched infrastructure site keyword in Mandsaur
617272,Implementation of LILO of both circuits of 400KV vindhyachal PS-Sasan D/C Line at Hindalco Switchyard,Madhya Pradesh,Singrauli,"Nigahi, Jayant & Block-B Coal Mega Hub",24.1997,82.6647,24.199971,82.664306,verified_city,verified_city,exact,city,high,True,True,VALIDATED,True,Matched infrastructure site keyword in Singrauli
617279,Transmission System for evacuation of power from Mahan Energen Limited Generating Station in Madhya Pradesh [SPV Name - POWERGRID MEL Power Transmission Limited],Madhya Pradesh,Singrauli,"Nigahi, Jayant & Block-B Coal Mega Hub",24.1997,82.6647,24.199525,82.664246,verified_city,verified_city,exact,city,high,True,True,VALIDATED,True,Matched infrastructure site keyword in Singrauli
617802,Augmentation of Transformation Capacity and Implementation of Line Bays at Mandsaur S/S for RE Interconnection [SPV Name- POWERGRID Mandsaur I RE Transmission Limited],Madhya Pradesh,Mandsaur,Mandsaur Solar & Highway Node,24.0722,75.0683,24.072375,75.068754,verified_city,verified_city,exact,city,high,True,True,VALIDATED,True,Matched infrastructure site keyword in Mandsaur
619024,Mahan Transmission Limited,Madhya Pradesh,Bhopal,Bhopal Infrastructure Hub,23.2599,77.4126,23.2599,77.4126,verified_district,verified_district,approximate,district,medium,True,True,APPROXIMATE,False,Preserved validated district location
611966,Transmission System for Evacuation of power from Potential RE Zone in Khavda Area of Gujarat under phase IV 7GW-Part E4,Maharashtra,Bhandara,"Gosikhurd Dam, Wainganga River, Pauni",20.92,78.98,20.8732,79.6468,verified_facility,verified_district,approximate,district,medium,True,True,APPROXIMATE,True,Authoritative district resolution (Bhandara)
619027,WRNES Talegaon Power Transmission Limited,Maharashtra,Pune,Hinjawadi IT & Ring Road,18.5204,73.8567,18.5204,73.8567,verified_city,verified_city,exact,city,high,True,True,VALIDATED,False,Matched infrastructure site keyword in Pune
619227,Network Expansion Scheme in Maharashtra for removal of Transmission constraints in Pune Region-I [765/400kV AIS Pune East],Maharashtra,Pune,Hinjawadi IT & Ring Road,18.5204,73.8567,18.520575,73.857137,verified_city,verified_city,exact,city,high,True,True,VALIDATED,True,Matched infrastructure site keyword in Pune
617185,Transmission System for Integration of Kurnool-IV REZ Phase-I [for 4.5 GW] [POWERGRID Kurnool-IV Transmission Limited],"Multi-States (Andhra Pradesh, Karnataka)",Kurnool,Kurnool-IV REZ Transmission Substation,15.8281,78.0373,15.828547,78.037358,verified_city,verified_facility,exact,facility,high,True,True,VALIDATED,True,Known verified facility (Kurnool-IV REZ Transmission Substation)
617806,Transmission System for Integration of Ananthapur 2 REZ Phase 1 for 4.5 GW. SPV Name Anantapuram 2 REZ Transmission Ltd,"Multi-States (Andhra Pradesh, Karnataka)",Ananthapuramu,Ananthapuramu REZ Transmission Substation,22.5937,78.9629,14.6819,77.6007,verified_state,verified_facility,exact,facility,high,True,True,VALIDATED,True,Known verified facility (Ananthapuramu REZ Transmission Substation)
619030,Inter-Regional Strengthening between SR Grid and ER Grid,"Multi-States (Andhra Pradesh, Odisha)",YSR Kadapa,Kadapa Airport & Kopparthy Mega Industrial Node,22.5937,78.9629,14.4673,78.8242,verified_state,verified_district,approximate,district,medium,True,True,APPROXIMATE,True,Authoritative district resolution (YSR Kadapa)
900808,Transmission System for Kurnool Wind Energy Zone/ Solar Energy Zone Part-A and Part-B,"Multi-States (Andhra Pradesh, Telangana)",Kurnool,Orvakal Mega Industrial Node & Kurnool-III PS,15.8281,78.0373,15.828371,78.036927,verified_city,verified_city,exact,city,high,True,True,VALIDATED,True,Matched infrastructure site keyword in Kurnool
602223,Comprehensive Scheme for Strengthening of Transmission and Distribution [T&D] Systems [CSST&DS] in Arunachal Pradesh and Sikkim,"Multi-States (Arunachal Pradesh, Sikkim)",Papum Pare,Donyi Polo Airport Itanagar (Hollongi),22.5937,78.9629,27.084575,93.605766,verified_state,verified_district,approximate,district,medium,True,True,APPROXIMATE,True,Authoritative district resolution (Papum Pare)
607709,NORTH EASTERN REGION POWER SYSTEM IMPROVEMENT PROJECT [NERPSIP],"Multi-States (Assam, Manipur, Meghalaya, Mizoram, Nagaland, Tripura)",East Khasi Hills,"NERPSIP Power System Control Hub, Shillong",22.5937,78.9629,25.5788,91.8933,verified_state,verified_facility,exact,facility,high,True,True,VALIDATED,True,"Known verified facility (NERPSIP Power System Control Hub, Shillong)"
617271,Eastern Region Expansion Scheme-43 [ERES-43],"Multi-States (Bihar, Odisha, West Bengal)",Patna,Bihta Airport & Patna Metro,22.5937,78.9629,25.5941,85.1376,verified_state,verified_district,approximate,district,medium,True,True,APPROXIMATE,True,Authoritative district resolution (Patna)
617807,Inter-regional [NR-WR] Transmission System strengthening to relieve the loading of 765 kV Vindhyachal-Varanasi D/c line,"Multi-States (Bihar, Uttar Pradesh)",Mirzapur,Chunar Junction & Mirzapur Terminal,25.1337,82.5644,25.1337,82.5644,verified_city,verified_city,exact,city,high,True,True,VALIDATED,False,Matched infrastructure site keyword in Mirzapur
617270,Eastern Region Expansion Scheme-44 [ERES-44],"Multi-States (Bihar, West Bengal)",Patna,Bihta Airport & Patna Metro,22.5937,78.9629,25.594275,85.13806,verified_state,verified_district,approximate,district,medium,True,True,APPROXIMATE,True,Authoritative district resolution (Patna)
400005,Transmission Network Expansion in Gujarat to increase its ATC from ISTS Part B,"Multi-States (Dadra & Nagar Haveli and Daman & Diu, Gujarat, Maharashtra)",Daman,Daman Coastal & Industrial Hub,22.5937,78.9629,20.4283,72.8397,verified_state,verified_district,approximate,district,medium,True,True,APPROXIMATE,True,Authoritative district resolution (Daman)
611735,Transmission system for evacuation of power from REZ in Rajasthan 20GW under Phase-III Part J,"Multi-States (Delhi, Rajasthan)",South Delhi,DND Maharani Bagh - Jaitpur Pushta Road NH-148NA,22.5937,78.9629,28.535675,77.250472,verified_state,verified_district,approximate,district,medium,True,True,APPROXIMATE,True,Authoritative district resolution (South Delhi)
612132,Transmission Scheme for Evacuation of power from REZ in Rajasthan [20 GW] under Phase-III Part D Phase I [Sikar Khetri Transmission Ltd],"Multi-States (Delhi, Rajasthan)",Jhunjhunu,Khetri Copper Complex & Jhunjhunu,28.1289,75.3992,28.1289,75.3992,verified_city,verified_city,exact,city,high,True,True,VALIDATED,False,Matched infrastructure site keyword in Jhunjhunu
615347,TRANSMISSION SYSTEM FOR EVACUATION OF POWER FROM POTENTIAL RENEWABLE ENERGY ZONE IN KHAVDA AREA OF GUJARAT UNDER PHASE-V [8 GW] PART A [SPV Name POWERGRID West Central Transmission Limited],"Multi-States (Gujarat, Maharashtra)",Kutch,"Khavda Renewable Energy Park Substation, Kutch",23.25,69.67,23.850175,69.750453,verified_city,verified_facility,exact,facility,high,True,True,VALIDATED,True,"Known verified facility (Khavda Renewable Energy Park Substation, Kutch)"
615339,Transmission system for evacuation of power from Rajasthan REZ Ph-IV [Part- 3/6GW] [Bikaner complex] Part A [SPV Name POWERGRID Bikaner IV Transmission Limited],"Multi-States (Haryana, Punjab, Rajasthan)",Bikaner,"Bikaner REZ Phase-IV Substation Complex, Bikaner",28.0229,73.3119,28.0176,73.3119,verified_city,verified_facility,exact,facility,high,True,True,VALIDATED,True,"Known verified facility (Bikaner REZ Phase-IV Substation Complex, Bikaner)"
615340,TRANSMISSION SYSTEM FOR EVACUATION OF POWER FROM RAJASTHAN REZ PH-IV [PART-3/ 6 GW] [BIKANER COMPLEX] PART B [SPV Name POWERGRID Siwani Transmission Limited],"Multi-States (Haryana, Rajasthan)",Bhiwani,"Siwani 765kV Inter-State Transmission Substation, Bhiwani",28.0229,73.3119,28.91,75.62,verified_city,verified_facility,exact,facility,high,True,True,VALIDATED,True,"Known verified facility (Siwani 765kV Inter-State Transmission Substation, Bhiwani)"
617808,Inter-Regional Strengthening between SR Grid and WR Grid,"Multi-States (Karnataka, Maharashtra)",Bengaluru Urban,Bengaluru Metro & Tech Hub,22.5937,78.9629,12.9716,77.5946,verified_state,verified_district,approximate,district,medium,True,True,APPROXIMATE,True,Authoritative district resolution (Bengaluru Urban)
612138,"Transmission Scheme for Solar Energy Zone in Bidar [2500 MW], Karnataka [Bidar Transmission Ltd]","Multi-States (Karnataka, Telangana)",Bidar,Bidar Air Force & Express Node,17.9104,77.5199,17.910575,77.520336,verified_city,verified_city,exact,city,high,True,True,VALIDATED,True,Matched infrastructure site keyword in Bidar
615333,Transmission System for Evacuation of Power from Rajasthan REZ Ph-IV [Part-2 5.5 GW] [Jaisalmer/Barmer Complex] Part D [SPV Name POWERGRID Beawar Mandsaur Transmission Limited],"Multi-States (Madhya Pradesh, Rajasthan)",Jaisalmer,Fatehgarh Solar PS & Renewable Evacuation,26.9157,70.9083,26.9157,70.9083,verified_city,verified_city,exact,city,high,True,True,VALIDATED,False,Matched infrastructure site keyword in Jaisalmer
615334,Transmission System for Evacuation of Power from Rajasthan REZ Ph-IV [Part-2 5.5 GW] [Jaisalmer/Barmer Complex] Part E [SPV Name POWERGRID Mewar Transmission Limited],"Multi-States (Madhya Pradesh, Rajasthan)",Jaisalmer,Fatehgarh Solar PS & Renewable Evacuation,26.9157,70.9083,26.915875,70.908765,verified_city,verified_city,exact,city,high,True,True,VALIDATED,True,Matched infrastructure site keyword in Jaisalmer
617186,Rajasthan REZ Ph-V [Part-1- 4 GW] [Sirohi/Nagaur] Complex [Rajasthan V Power Transmission Limited],"Multi-States (Madhya Pradesh, Rajasthan)",Sirohi,Abu Road & Mount Abu Highway Node,24.8826,72.8589,24.8826,72.8589,verified_city,verified_city,exact,city,high,True,True,VALIDATED,False,Matched infrastructure site keyword in Sirohi
619025,RAJASTHAN PART I POWER TRANSMISSION LIMITED,"Multi-States (Madhya Pradesh, Rajasthan, Uttar Pradesh)",Balaghat,Expansion of Malanjkhand Copper Project,22.5937,78.9629,21.810175,80.180446,verified_state,verified_district,approximate,district,medium,True,True,APPROXIMATE,True,Authoritative district resolution (Balaghat)
612133,Transmission System for Evacuation of power from Rajasthan REZ Ph-IV [Part-1] [Bikaner Complex] Part D [Neemrana Bareilly Transmission Ltd],"Multi-States (Rajasthan, Uttar Pradesh)",Bareilly,Bareilly Smart City & Airport Hub,28.367,79.4304,28.367,79.4304,verified_city,verified_city,exact,city,high,True,True,VALIDATED,False,Matched infrastructure site keyword in Bareilly
616670,Transmission System for evacuation of Power from Rajasthan REZ Ph-IV [Part-4 3.5 GW] Part A [SPV name POWERGRID Ghiror Transmission Limited],"Multi-States (Rajasthan, Uttar Pradesh)",Bundi,"Greenfield Airport at Bundi, Kota",22.5937,78.9629,25.430675,75.650359,verified_state,verified_district,approximate,district,medium,True,True,APPROXIMATE,True,Authoritative district resolution (Bundi)
611947,Transmission System for Evacuation of Power from REZ in Rajasthan 20GW under Phase III- Part E2,Rajasthan,Kota,Kota Energy & Industrial Hub,25.18,75.83,25.18,75.83,verified_district,verified_district,approximate,district,medium,True,True,APPROXIMATE,False,Preserved validated district location
611948,Transmission system for evacuation of power from REZ in Rajasthan 20 GW under Phase-III part H,Rajasthan,Jodhpur,Jodhpur Airport Terminal & AIIMS,26.2389,73.0243,26.2389,73.0243,verified_district,verified_district,approximate,district,medium,True,True,APPROXIMATE,False,Preserved validated district location
611949,Transmission system for evacuation of power from REZ in Rajasthan 20 GW under Phase-III part C1,Rajasthan,Udaipur,Udaipur Airport & Zinc City,24.5854,73.7125,24.5854,73.7125,verified_district,verified_district,approximate,district,medium,True,True,APPROXIMATE,False,Preserved validated district location
612134,Transmission System for Evacuation of power from Rajasthan REZ Ph-IV [Part-1] [Bikaner Complex] Part A [Bikaner Neemrana Transmission Ltd],Rajasthan,Bikaner,Bikaner Solar Complex & Ceramic Hub,28.0229,73.3119,28.0229,73.3119,verified_city,verified_city,exact,city,high,True,True,VALIDATED,False,Matched infrastructure site keyword in Bikaner
615332,Transmission System for Evacuation of Power from Rajasthan REZ Ph-IV [Part-2 5.5 GW][Jaisalmer/Barmer Complex] Part B [SPV Name POWERGRID Sirohi Transmission Limited],Rajasthan,Jaisalmer,Fatehgarh Solar PS & Renewable Evacuation,26.9157,70.9083,26.916147,70.908362,verified_city,verified_city,exact,city,high,True,True,VALIDATED,True,Matched infrastructure site keyword in Jaisalmer
615335,Transmission System Strengthening for Interconnections of Bhadla-III & Bikaner III Complex [SPV Name POWERGRID BHADLA BIKANER TRANSMISSION LIMITED],Rajasthan,Bikaner,Bikaner Solar Complex & Ceramic Hub,28.0229,73.3119,28.023075,73.31237,verified_city,verified_city,exact,city,high,True,True,VALIDATED,True,Matched infrastructure site keyword in Bikaner
615337,Additional Transmission System for evacuation of Power from Bhadla-III PS as part of Rajasthan REZ Phase III Scheme [20 GW] [SPV Name POWERGRID Bhadla-III Power Transmission Limited],Rajasthan,Jodhpur,Jodhpur Airport Terminal & AIIMS,26.2389,73.0243,26.239075,73.024762,verified_city,verified_city,exact,city,high,True,True,VALIDATED,True,Matched infrastructure site keyword in Jodhpur
615338,TRANSMISSION SYSTEM FOR EVACUATION OF POWER FROM RAJASTHAN REZ PH -IV [PART-2 5.5 GW] [JAISALMER/BARMER COMPLEX] PART F [SPV Name POWERGRID BARMER I TRANSMISSION LIMITED],Rajasthan,Jaisalmer,Fatehgarh Solar PS & Renewable Evacuation,26.9157,70.9083,26.915971,70.907897,verified_city,verified_city,exact,city,high,True,True,VALIDATED,True,Matched infrastructure site keyword in Jaisalmer
617181,"Augmentation at Fatehgarh-II PS, Fatehgarh-IV PS [Section-II] and Barmer-I PS [POWERGRID Fatehgarh Barmer Augmentation Transmission Limited]",Rajasthan,Jaisalmer,Fatehgarh Solar PS & Renewable Evacuation,26.9157,70.9083,26.915525,70.907835,verified_city,verified_city,exact,city,high,True,True,VALIDATED,True,Matched infrastructure site keyword in Jaisalmer
616671,Transmission System under ISTS for evacuation of Power from Kudankulam Unit-3&4 [2x1000 MW] [SPV Name POWERGRID Kudankulam Tarnsmission Limited],Tamil Nadu,Tirunelveli,Kudankulam Nuclear Power Project Units,8.7139,77.7567,8.7139,77.7567,verified_city,verified_city,exact,city,high,True,True,VALIDATED,False,Matched infrastructure site keyword in Tirunelveli
617269,Transmission System for Strengthening to facilitate evacuation of power from Bhadla/Bikaner Complex,Uttar Pradesh,Gautam Buddha Nagar,Gautam Buddha Nagar Infrastructure Hub,28.5355,77.391,28.5355,77.391,verified_district,verified_district,approximate,district,medium,True,True,APPROXIMATE,False,Preserved validated district location
617412,"Construction of One Tower of Office Complex and another Tower of Residential quarters consisting of 10Nos. Type-V, 10Nos. Type-VI & 1No.Type-VII Quarters i/c internal water supply, sanitary installation and all development and bulk services, Horticulture works on EPC Mode-I basis i/c comprehensive operation and maintenance of Civil, E&M services for 7 years after completion of original construction work for Ranga Reddy, Secunderabad, Medchal, AuditI, Audit-II Commissionerates of Central Tax at Khajaguda, Serilingampally, Hyderabad.",Telangana,Hyderabad,Hyderabad Metro & Urban Infrastructure,17.385,78.4867,17.385,78.4867,verified_city,verified_city,exact,city,high,True,True,VALIDATED,False,Matched infrastructure site keyword in Hyderabad
707229,"Integrated Command control Center [ICCC] - Construction and Development of Integrated Command Control Center with Security, Surveillance, ITMS, Connecting Port, Ship Service, Smart Solid Waste Management, Smart Public Transport System",Andaman & Nicobar,South Andaman,Port Blair International Terminal & Great Nicobar Node,11.6234,92.7265,11.6234,92.7265,verified_district,verified_district,approximate,district,medium,True,True,APPROXIMATE,False,Preserved validated district location
400188,Redevelopment of Seven General Pool Residential Accommodation [GPRA] Colonies in Delhi,Delhi,New Delhi,New Delhi Railway Station Modernization,28.643,77.219,28.643,77.219,verified_facility,verified_facility,exact,facility,high,True,True,VALIDATED,False,Preserved validated district location
701719,Rehablitation in Junavadaj Area Smart City Project,Gujarat,Ahmedabad,Dholera Smart City & Expressway,23.0225,72.5714,22.250271,72.189612,verified_district,verified_district,approximate,district,medium,True,True,APPROXIMATE,True,Authoritative district resolution (Ahmedabad)
701766,Green Building Development Project,Uttarakhand,Haridwar,BHEL Integrated Industrial Estate (SIDCUL),29.96,78.1,29.96,78.1,verified_facility,verified_facility,exact,facility,high,True,True,VALIDATED,False,Preserved validated district location
702627,Patna Metro Rail Project,Bihar,Patna,Patna Metro Rail Project Corridors,25.5941,85.1376,25.594547,85.137662,verified_facility,verified_facility,exact,facility,high,True,True,VALIDATED,True,Known verified facility (Patna Metro Rail Project Corridors)
617207,Delhi Metro Rail Phase-IV [2 Corridors],Delhi,New Delhi,Delhi Metro Rail Phase-IV Lines,28.6139,77.209,28.6139,77.209,verified_facility,verified_facility,exact,facility,high,True,True,VALIDATED,False,Known verified facility (Delhi Metro Rail Phase-IV Lines)
619031,Delhi Metro Rail Phase V A,Delhi,New Delhi,Delhi Metro Rail Phase V A Lines,28.6139,77.209,28.614075,77.209472,verified_facility,verified_facility,exact,facility,high,True,True,VALIDATED,True,Known verified facility (Delhi Metro Rail Phase V A Lines)
702632,DMRTS Phase - IV [3 Priority Corridors],Delhi,New Delhi,Central Vista Executive Enclave & Ministries,28.6139,77.209,28.614347,77.209063,verified_city,verified_city,exact,facility,high,True,True,VALIDATED,True,Matched infrastructure site keyword in New Delhi
702630,Surat Metro Rail Project,Gujarat,Surat,Hazira Petrochem & Surat Metro,21.1702,72.8311,21.1702,72.8311,verified_city,verified_city,exact,facility,high,True,True,VALIDATED,False,Matched infrastructure site keyword in Surat
702639,Ahmedabad Metro Rail Project [Phase-I],Gujarat,Ahmedabad,Dholera Smart City & Expressway,22.25,72.19,22.249825,72.189552,verified_city,verified_city,exact,facility,high,True,True,VALIDATED,True,Matched infrastructure site keyword in Ahmedabad
619022,"Metro connectivity from Millennium City Centre to Cyber City with Spur to Dwarka Expressway, Gurugram.",Haryana,Gurugram,Cyber City & Dwarka Expressway Haryana,28.4595,77.0266,28.4595,77.0266,verified_city,verified_city,exact,facility,high,True,True,VALIDATED,False,Matched infrastructure site keyword in Gurugram
612878,Bangalore Metro Rail Project - PHASE-3,Karnataka,Bengaluru Urban,Bangalore Metro Phase 3 Depot & Line,12.9716,77.5946,12.971775,77.595025,verified_facility,verified_facility,exact,facility,high,True,True,VALIDATED,True,Known verified facility (Bangalore Metro Phase 3 Depot & Line)
702635,Construction of Bangalore Metro Rail Project Phase 2.,Karnataka,Bengaluru Urban,Bangalore Metro Phase 2 Elevated Corridor,12.9716,77.5946,12.972047,77.594657,verified_facility,verified_facility,exact,facility,high,True,True,VALIDATED,True,Known verified facility (Bangalore Metro Phase 2 Elevated Corridor)
702665,Construction Bangalore Metro Rail Project Phase-2A & 2B,Karnataka,Bengaluru Urban,Bengaluru Metro & Tech Hub,12.9716,77.5946,12.971871,77.594232,verified_city,verified_city,exact,facility,high,True,True,VALIDATED,True,Matched infrastructure site keyword in Bengaluru Urban
702664,Kochi Metro Rail Phase 2 Development Project,Kerala,Ernakulam,Kochi Metro Phase 2 & BPCL Kochi Refinery (MSVI),9.9816,76.2999,9.9816,76.2999,verified_city,verified_city,exact,facility,high,True,True,VALIDATED,False,Matched infrastructure site keyword in Ernakulam
702625,Bhopal Metro Rail Project,Madhya Pradesh,Bhopal,Bhopal Metro Rail Project Phase-1,23.2599,77.4126,23.260075,77.413051,verified_city,verified_city,exact,facility,high,True,True,VALIDATED,True,Matched infrastructure site keyword in Bhopal
702626,Indore Metro Rail Project,Madhya Pradesh,Indore,Indore Metro Rail Corridor & Pithampur,22.7196,75.8577,22.7196,75.8577,verified_city,verified_city,exact,facility,high,True,True,VALIDATED,False,Matched infrastructure site keyword in Indore
617225,PCMC To Nigdi- Extension Of North South Corridor Of Phase-1,Maharashtra,Pune,PCMC to Nigdi Metro Extension Corridor,18.9388,72.8354,18.6485,73.7869,verified_district,verified_facility,exact,project_site,high,True,True,VALIDATED,True,Known verified facility (PCMC to Nigdi Metro Extension Corridor)
617226,Pune Metro Phase-1 Extension line towards south from Swargate to Katraj,Maharashtra,Pune,Hinjawadi IT & Ring Road,18.5204,73.8567,18.520847,73.856759,verified_city,verified_city,exact,facility,high,True,True,VALIDATED,True,Matched infrastructure site keyword in Pune
617327,Thane Integral Ring Metro Rail Project,Maharashtra,Thane,Kalyan-Bhiwandi Logistics Hub,19.2183,72.9781,19.218475,72.978539,verified_city,verified_city,exact,facility,high,True,True,VALIDATED,True,Matched infrastructure site keyword in Thane
618971,Pune Metro Rail Project Phase-2 Corridor 2A Vanaz to Chandani Chowk and Corridor 2B Ramwadi to Wagholi/Vitthalwadi,Maharashtra,Pune,Hinjawadi IT & Ring Road,18.5204,73.8567,18.520671,73.856321,verified_city,verified_city,exact,facility,high,True,True,VALIDATED,True,Matched infrastructure site keyword in Pune
618985,Pune Metro Rail Project Phase-2 Line-4 Kharadi to Khadakwasla with Spur Line 4A Nal Stop - Warje - Manikbaug,Maharashtra,Pune,Hinjawadi IT & Ring Road,18.5204,73.8567,18.520225,73.856263,verified_city,verified_city,exact,facility,high,True,True,VALIDATED,True,Matched infrastructure site keyword in Pune
701745,New Suburba Station Development Project,Maharashtra,Thane,"Digha Gaon Suburban Station, Thane-Airoli Link",19.0657,72.8687,19.182,72.998,verified_district,verified_facility,exact,project_site,high,True,True,VALIDATED,True,"Known verified facility (Digha Gaon Suburban Station, Thane-Airoli Link)"
701991,Kalyan Station Precinct Imporvement Project,Maharashtra,Thane,Kalyan-Bhiwandi Logistics Hub,19.2183,72.9781,19.218747,72.978159,verified_city,verified_city,exact,facility,high,True,True,VALIDATED,True,Matched infrastructure site keyword in Thane
702637,Mumbai Metro Line 3,Maharashtra,Mumbai Suburban,"BKC Metro Operations Centre & Junction, Line 3",18.9388,72.8354,19.0607,72.8644,verified_city,verified_facility,exact,project_site,high,True,True,VALIDATED,True,"Known verified facility (BKC Metro Operations Centre & Junction, Line 3)"
702658,Nagpur Metro Rail Phase II Development Project,Maharashtra,Nagpur,Saoner & Makardhokra Coal & MIHAN SEZ,21.1458,79.0882,21.146666,79.087937,verified_city,verified_city,exact,facility,high,True,True,VALIDATED,True,Matched infrastructure site keyword in Nagpur
617206,Delhi Metro Rail Phase-IV [Rithala - Kundli Corridor],"Multi-States (Delhi, Haryana)",Sonipat,Kundli-Manesar-Palwal (KMP) Logistics Node,28.9931,77.0151,28.9931,77.0151,verified_city,verified_city,exact,facility,high,True,True,VALIDATED,False,Matched infrastructure site keyword in Sonipat
702668,Chennai Metro Rail Phase-II Development Project,Tamil Nadu,Chennai,Chennai Airport Modernization & Metro Rail Phase-II,13.0827,80.2707,13.082875,80.271126,verified_city,verified_city,exact,facility,high,True,True,VALIDATED,True,Matched infrastructure site keyword in Chennai
619052,LUCKNOW METRO RAIL PROJECT PHASE-1B EAST WEST CORRIDOR,Uttar Pradesh,Lucknow,Lucknow Metro Phase-1B & Sewerage System,26.8467,80.9462,26.8467,80.9462,verified_city,verified_city,exact,facility,high,True,True,VALIDATED,False,Matched infrastructure site keyword in Lucknow
702628,Kanpur Metro Rail Project,Uttar Pradesh,Kanpur Nagar,Ghatampur Power & Kanpur Metro & LPG Hub,26.4499,80.3319,26.4499,80.3319,verified_city,verified_city,exact,facility,high,True,True,VALIDATED,False,Matched infrastructure site keyword in Kanpur Nagar
702629,Agra Metro Rail Project,Uttar Pradesh,Agra,Agra Civil Enclave & Agra Metro Rail,27.1767,78.0081,27.1767,78.0081,verified_city,verified_city,exact,facility,high,True,True,VALIDATED,False,Matched infrastructure site keyword in Agra
702674,"ESR - 8 nos., distribution system - 216 Km, new house service connections - 38760 nos. upgrading of feeder mains, pumping station etc. - Phase II",Andhra Pradesh,YSR Kadapa,Kadapa Airport & Kopparthy Mega Industrial Node,17.6868,83.2185,14.467475,78.824628,verified_district,verified_district,approximate,district,medium,True,True,APPROXIMATE,True,Authoritative district resolution (YSR Kadapa)
702699,Muzaffarpur Storm Water Drainage Phase-I Project,Bihar,Muzaffarpur,Kanti Power & 4-Lane Highway,26.1209,85.3647,26.1209,85.3647,verified_city,verified_city,exact,city,high,True,True,VALIDATED,False,Matched infrastructure site keyword in Muzaffarpur
702355,Storm water drainag Development Project,Dadra & Nagar Haveli and Daman & Diu,Daman,Daman Coastal & Industrial Hub,20.4283,72.8397,20.4283,72.8397,verified_district,verified_district,approximate,district,medium,True,True,APPROXIMATE,False,Authoritative district resolution (Daman) (snapped inside state polygon)
702734,Sewerage Management Scheme Part-3 Implementation,Haryana,Gurugram,Gurugram Infrastructure Hub,28.4595,77.0266,28.459675,77.027071,verified_district,verified_district,approximate,district,medium,True,True,APPROXIMATE,True,Preserved validated district location
702741,Dhanbad Water Supply Infrastructure Project,Jharkhand,Dhanbad,Jharia Coalfield & BCCL Mining Infrastructure,23.7957,86.4304,23.795971,86.430008,verified_city,verified_city,exact,city,high,True,True,VALIDATED,True,Matched infrastructure site keyword in Dhanbad
702742,SAAP-3 Water Supply Infrastructure SAAP-3 Project,Jharkhand,Ranchi,Ranchi Infrastructure Hub,23.3441,85.3096,23.344371,85.309209,verified_district,verified_district,approximate,district,medium,True,True,APPROXIMATE,True,Preserved validated district location
702746,Augmentation and Strenghthning of Urban Water Supply Phase 1 - SAAP 3,Jharkhand,Dhanbad,Dhanbad Infrastructure Hub,23.7957,86.4304,23.795525,86.429947,verified_district,verified_district,approximate,district,medium,True,True,APPROXIMATE,True,Preserved validated district location
702760,Belgavi Improvement in Sewerage System Project,Karnataka,Belagavi,Belagavi Industrial & Smart City Node,15.8497,74.4977,15.8497,74.4977,verified_city,verified_city,exact,city,high,True,True,VALIDATED,False,Matched infrastructure site keyword in Belagavi
702793,Indore Water Supply Infrastructure Project,Madhya Pradesh,Indore,Indore Metro Rail Corridor & Pithampur,22.7196,75.8577,22.719775,75.858149,verified_city,verified_city,exact,city,high,True,True,VALIDATED,True,Matched infrastructure site keyword in Indore
702808,Satna Sewerage Management and Treatment Infrastructure Project,Madhya Pradesh,Satna,Satna Cement Cluster & Smart City,24.58,80.83,24.58,80.83,verified_city,verified_city,exact,city,high,True,True,VALIDATED,False,Matched infrastructure site keyword in Satna
702810,Singrauli Sewerage Management and Treatment Infrastructure Project,Madhya Pradesh,Singrauli,"Nigahi, Jayant & Block-B Coal Mega Hub",24.1997,82.6647,24.199253,82.664639,verified_city,verified_city,exact,city,high,True,True,VALIDATED,True,Matched infrastructure site keyword in Singrauli
702833,Kalyan-Dombivali Water Supply Infrastructure Project,Maharashtra,Thane,Kalyan-Bhiwandi Logistics Hub,19.2183,72.9781,19.218571,72.97772,verified_city,verified_city,exact,city,high,True,True,VALIDATED,True,Matched infrastructure site keyword in Thane
702840,Mira-Bhayandar Water Supply Infrastructure Project,Maharashtra,Palghar,Palghar & Talasari Expressway Corridor,18.5204,73.8567,19.6967,72.7699,verified_district,verified_district,approximate,district,medium,True,True,APPROXIMATE,True,Authoritative district resolution (Palghar)
702851,Pune Water Supply Infrastructure Project,Maharashtra,Pune,Hinjawadi IT & Ring Road,18.5204,73.8567,18.519953,73.856641,verified_city,verified_city,exact,city,high,True,True,VALIDATED,True,Matched infrastructure site keyword in Pune
702854,Solapur Sewerage Management Infrastructure Project,Maharashtra,Solapur,Solapur NTPC & Highway,17.6599,75.9064,17.6599,75.9064,verified_city,verified_city,exact,city,high,True,True,VALIDATED,False,Matched infrastructure site keyword in Solapur
703021,Jalandhar Water Supply Infrastructure Project,Punjab,Jalandhar,Jalandhar Smart City & Sports Industrial Hub,31.326,75.5762,31.326,75.5762,verified_city,verified_city,exact,city,high,True,True,VALIDATED,False,Matched infrastructure site keyword in Jalandhar
703057,Patiala Water Supply Infrastructure Part-2 Project,Punjab,Pathankot,City Gas Distribution Project at Pathankot,32.2689,75.6499,32.2689,75.6499,verified_district,verified_district,approximate,district,medium,True,True,APPROXIMATE,False,Preserved validated district location
702949,Jhansi Water Supply Infrastructure Phase-II Project,Uttar Pradesh,Jhansi,Jhansi Water Supply Infrastructure Phase-II,25.4484,78.5685,25.4484,78.5685,verified_city,verified_city,exact,city,high,True,True,VALIDATED,False,Matched infrastructure site keyword in Jhansi
702958,Lucknow Sewerage Management Infrastructure Project,Uttar Pradesh,Lucknow,Lucknow Metro Phase-1B & Sewerage System,26.8467,80.9462,26.846875,80.946665,verified_city,verified_city,exact,city,high,True,True,VALIDATED,True,Matched infrastructure site keyword in Lucknow
617280,"Construction of Basement + Ground Floor+ 10 Storeyed building for State of the Art Director General, GSI Building at plot No.GN-40, Sector-V, Salt Lake, Kolkata",West Bengal,Kolkata,Kolkata Metro & Port Modernization,22.5726,88.3639,22.572775,88.364349,verified_city,verified_city,exact,city,high,True,True,VALIDATED,True,Matched infrastructure site keyword in Kolkata
400426,Expansion of Malanjkhand Copper Project,Madhya Pradesh,Balaghat,Expansion of Malanjkhand Copper Project,21.81,80.18,21.810447,80.18006,verified_city,verified_city,exact,city,high,True,True,VALIDATED,True,Matched infrastructure site keyword in Balaghat
400141,Expansion of Alumina Refinery Plant with addition of 5th Stream having capacity enhancement of 1.0 Million Tonee Per Annum,Odisha,Koraput,"Damanjodi Alumina Refinery 5th Stream, NALCO",18.77,82.99,18.77,82.99,verified_facility,verified_facility,exact,facility,high,True,True,VALIDATED,False,"Known verified facility (Damanjodi Alumina Refinery 5th Stream, NALCO)"
400299,Pottangi Bauxite Mines Project,Odisha,Angul,Subhadra & Bharatpur & Hingula Coal Complex,20.84,85.1,20.840646,85.100671,verified_city,verified_city,exact,facility,high,True,True,VALIDATED,True,Matched infrastructure site keyword in Angul
709831,SOURCING OF BAUXITE ARRANGEMENT FOR 5TH STREAM ALUMINA REFINERY FROM SOUTH BLOCK MINING LEASE OF PANCHPATMAILI MINES,Odisha,Rayagada,Bauxite Mining Corridor for Alumina Refinery,19.17,83.42,19.17,83.42,verified_facility,verified_facility,exact,facility,high,True,True,VALIDATED,False,Known verified facility (Bauxite Mining Corridor for Alumina Refinery)
709832,25.5 MW WIND POWER PROJECT AT KAYATHAR IN TAMILNADU,Tamil Nadu,Thoothukudi,VO Chidambaranar Port & Kayathar Wind Hub,8.7642,78.1348,8.7642,78.1348,verified_city,verified_city,exact,city,high,True,True,VALIDATED,False,Matched infrastructure site keyword in Thoothukudi
613008,Construction of Permanent Campus of Central Tribal University of Andhra Pradesh Phase-1,Andhra Pradesh,Parvathipuram Manyam,Central Tribal University of AP (Salur),14.4673,78.8242,18.77,83.42,verified_district,verified_city,exact,city,high,True,True,VALIDATED,True,Matched infrastructure site keyword in Parvathipuram Manyam
612898,Construction of Permanent Campus of National Institute of Technology Arunachal Pradesh,Arunachal Pradesh,Papum Pare,Papum Pare Infrastructure Hub,27.0844,93.6053,27.084847,93.605362,verified_district,verified_district,approximate,district,medium,True,True,APPROXIMATE,True,Preserved validated district location
606112,Tezpur University Projects,Assam,Sonitpur,Tezpur University & Highway Corridor,26.6528,92.7926,26.6528,92.7926,verified_city,verified_city,exact,city,high,True,True,VALIDATED,False,Matched infrastructure site keyword in Sonitpur
606013,Additional Campus of NITPatna,Bihar,Patna,Bihta Airport & Patna Metro,25.5941,85.1376,25.594371,85.137202,verified_city,verified_city,exact,city,high,True,True,VALIDATED,True,Matched infrastructure site keyword in Patna
617877,Phase B Construction of Permanent Campus of IIT Bhilai,Chhattisgarh,Durg,"Permanent Campus of IIT Bhilai, Kutelabhata",21.19,81.28,21.19,81.28,verified_facility,verified_facility,exact,facility,high,True,True,VALIDATED,False,"Known verified facility (Permanent Campus of IIT Bhilai, Kutelabhata)"
612851,"Phase 1B - Construction of Academic Block, Hostel, Residential Tower, Directors Residence and External Development works at National Institute of Technology, Delhi Campus on Engineering, Procurement and Construction basis",Delhi,New Delhi,New Delhi Railway Station Modernization,28.643,77.219,28.643175,77.219472,verified_facility,verified_facility,exact,facility,high,True,True,VALIDATED,True,Preserved validated district location
616886,Delhi University Eastern Campus at Surajmal Vihar,Delhi,New Delhi,New Delhi Railway Station Modernization,28.643,77.219,28.643447,77.219063,verified_facility,verified_facility,exact,facility,high,True,True,VALIDATED,True,Preserved validated district location
612916,"Construction of permanent campus of Central University of Gujarat at Village kundhela, Dist. Vadodara, Gujarat.",Gujarat,Vadodara,Koyali Refinery & Bullet Train Depot,22.3072,73.1812,22.3072,73.1812,verified_city,verified_city,exact,city,high,True,True,VALIDATED,False,Matched infrastructure site keyword in Vadodara
602099,Establishment of Permanent campus Phase 1 of IIM Sirmaur,Himachal Pradesh,Shimla,Shimla Infrastructure Hub,31.1048,77.1734,31.1048,77.1734,verified_district,verified_district,approximate,district,medium,True,True,APPROXIMATE,False,Preserved validated district location
612128,Hostel blocks & dining hall block,Himachal Pradesh,Mandi,IIT Mandi Permanent Campus & Kiratpur-Nerchowk,31.7087,76.932,31.7087,76.932,verified_city,verified_city,exact,city,high,True,True,VALIDATED,False,Matched infrastructure site keyword in Mandi
612894,"Construction of Permanent Campus of Central University of Himachal Pradesh at Dehra, District - Kangra, [H.P.] on Engineering. Procurement and Construction [EPC Mode 1] Basis.",Himachal Pradesh,Kullu,Kullu Infrastructure Hub,31.9579,77.1095,31.9579,77.1095,verified_district,verified_district,approximate,district,medium,True,True,APPROXIMATE,False,Preserved validated district location
602098,"Construction of Permanent Campus for IIM Jammu Phase-1 at Jagti, Nagrota, Jammu, J&K",Jammu and Kashmir,Jammu,Jammu Civil Airport & Ring Road,32.7266,74.857,32.7266,74.857,verified_city,verified_city,exact,city,high,True,True,VALIDATED,False,Matched infrastructure site keyword in Jammu
606431,CONSTRUCTION OF PERMANENT CAMPUS FOR IIT PALAKKAD UNDER PHASE 1A,Kerala,Palakkad,Permanent Campus for IIT Palakkad Phase 1A,10.7867,76.6548,10.7867,76.6548,verified_facility,verified_facility,exact,facility,high,True,True,VALIDATED,False,Known verified facility (Permanent Campus for IIT Palakkad Phase 1A)
617878,Phase B of Construction of Permanent Campus of IIT Palakkad,Kerala,Palakkad,Permanent Campus of IIT Palakkad Phase B,10.7867,76.6548,10.786875,76.655222,verified_facility,verified_facility,exact,facility,high,True,True,VALIDATED,True,Known verified facility (Permanent Campus of IIT Palakkad Phase B)
611957,"Phase III A works at IIT Indore [03 Hostels, 01 Studio Apartment, 01 Housing, Heavy & Sophisticated lab complex, Academic POD and Infrastructure for center of excellence]",Madhya Pradesh,Indore,Indore Metro Rail Corridor & Pithampur,22.7196,75.8577,22.720047,75.85776,verified_city,verified_city,exact,facility,high,True,True,VALIDATED,True,Matched infrastructure site keyword in Indore
612885,Construction and Developement of National Institute of Technology Meghalaya Permanent Campus at Sohra,Meghalaya,East Khasi Hills,East Khasi Hills Infrastructure Hub,25.5788,91.8933,25.578975,91.89376,verified_city,verified_city,exact,city,high,True,True,VALIDATED,True,Preserved validated district location
612876,"Construction of Permanent Campus for NIT Mizoram at Lengpui, Aizawl",Mizoram,Aizawl,Bairabi-Sairang Rail Terminal & Lengpui,23.7271,92.7176,23.7271,92.7176,verified_city,verified_city,exact,city,high,True,True,VALIDATED,False,Matched infrastructure site keyword in Aizawl
613013,Establishment of NIT Nagaland,Nagaland,Kohima,Kohima Infrastructure Hub,25.6751,94.1086,25.6751,94.1086,verified_district,verified_district,approximate,district,medium,True,True,APPROXIMATE,False,Preserved validated district location
610315,IISER BERHAMPUR,Odisha,Ganjam,Gopalpur Port & SEZ & IISER Berhampur,19.315,84.7941,19.315,84.7941,verified_city,verified_city,exact,city,high,True,True,VALIDATED,False,Matched infrastructure site keyword in Ganjam
611961,Construction of IIT Bhubaneswar -Phase III,Odisha,Khordha,Bhubaneswar Smart City & Metro Corridor,20.2961,85.8245,20.2961,85.8245,verified_city,verified_city,exact,facility,high,True,True,VALIDATED,False,Matched infrastructure site keyword in Khordha
619033,"1000 seater Boys hostel, 500 seater Girls hostel, 1.5 MLD Sewage Treatment Plant and Faculty Residence - 72 nos. Flats",Odisha,Sundargarh,Integrated Kulda Garjanbahal & Basundhara,22.1167,84.0333,22.116971,84.032912,verified_city,verified_city,exact,facility,high,True,True,VALIDATED,True,Matched infrastructure site keyword in Sundargarh
612877,Establishment of NIT Puducherry Permanent Campus [Phase-I and Phase-II],Puducherry,Puducherry,Puducherry Port & Smart City Infrastructure,11.9416,79.8083,11.9416,79.8083,verified_city,verified_city,exact,city,high,True,True,VALIDATED,False,Matched infrastructure site keyword in Puducherry
605292,"Construction of Permanent Campus of Indian Institute of Management [IIM] Amritsar, Punjab, Phase-I",Punjab,Amritsar,Sri Guru Ram Dass Jee International Airport & Attari,31.634,74.8723,31.634,74.8723,verified_city,verified_city,exact,city,high,True,True,VALIDATED,False,Matched infrastructure site keyword in Amritsar
617221,"Construction of Girls Hostel 400 seater, Boys Hostel 600 seater, Academic Block, International Hostel 100 seater, VC Residence and Purchase of Equipment",Punjab,Amritsar,Amritsar Infrastructure Hub,31.634,74.8723,31.634175,74.872787,verified_district,verified_district,approximate,district,medium,True,True,APPROXIMATE,True,Preserved validated district location
609736,"Construction of Sikkim University Campus Phase-I Package-II at Yangang, South Sikkim",Sikkim,Namchi,Namchi & Yangang Infrastructure Hub,27.1667,88.35,27.166875,88.350466,verified_city,verified_city,exact,city,high,True,True,VALIDATED,True,Matched infrastructure site keyword in Namchi
612883,Establishment of Permanent Campus of NIT SIkkim at Khamdong-Gangtok District,Sikkim,Gangtok,Gangtok Smart City & Sivok-Rangpo Rail,27.3389,88.6065,27.3389,88.6065,verified_city,verified_city,exact,city,high,True,True,VALIDATED,False,Matched infrastructure site keyword in Gangtok
609996,Construction of Precast housing and hostels at IIT Hyderabad,Telangana,Hyderabad,Hyderabad Metro & Urban Infrastructure,17.385,78.4867,17.385175,78.487134,verified_city,verified_city,exact,facility,high,True,True,VALIDATED,True,Matched infrastructure site keyword in Hyderabad
606479,Banaras Hindu University [ Kayakalp of Institute of Medical Sciences],Uttar Pradesh,Varanasi,Lal Bahadur Shastri Airport & BHU Kayakalp,25.3176,82.9739,25.3176,82.9739,verified_city,verified_city,exact,city,high,True,True,VALIDATED,False,Matched infrastructure site keyword in Varanasi
611963,"Construction & Development of Infrastructural Facilities in the main campus of NIT Uttarakhand at Sumari, Pauri Garhwal",Uttarakhand,Pauri Garhwal,Kotdwar & Pauri Rail/Road Corridor,30.15,78.78,30.15,78.78,verified_city,verified_city,exact,city,high,True,True,VALIDATED,False,Matched infrastructure site keyword in Pauri Garhwal
609019,"HEFA projects on development of student hostels, playgrounds, departmental buildings, class room complex and other campus facilities in IIT Kharagpur",West Bengal,Paschim Medinipur,IIT Kharagpur & Railway Division,22.42,87.32,22.42,87.32,verified_city,verified_city,exact,facility,high,True,True,VALIDATED,False,Matched infrastructure site keyword in Paschim Medinipur
400081,"National Sports University [NSU], Imphal [Manipur]",Manipur,Imphal West,Bir Tikendrajit International Airport & Smart City,24.817,93.9368,24.817,93.9368,verified_city,verified_city,exact,facility,high,True,True,VALIDATED,False,Matched infrastructure site keyword in Imphal West
709754,"Construction of LPG Facilities at Kamardanga, Assam",Assam,Dhubri,Kamardanga LPG & POL Rail Fed Facility,26.02,89.97,26.02,89.97,verified_city,verified_city,exact,city,high,True,True,VALIDATED,False,Matched infrastructure site keyword in Dhubri
709755,"Setting up of new rail fed POL facility at Kamardanga, Assam",Assam,Dhubri,Kamardanga LPG & POL Rail Fed Facility,26.02,89.97,26.020175,89.970461,verified_city,verified_city,exact,city,high,True,True,VALIDATED,True,Matched infrastructure site keyword in Dhubri
617839,Capacity Augmentation of Kandla LPG Import Terminal [KLIT] from 0.6 MMTPA to 2.5 MMTPA,Gujarat,Kutch,Kandla Port & Khavda 30 GW Park,23.25,69.67,23.25022,69.66905,verified_city,verified_city,exact,facility,high,True,True,VALIDATED,True,Matched infrastructure site keyword in Kutch
604833,"Andheri Residential Towers, Mumbai",Maharashtra,Mumbai Suburban,Andheri Residential Development Site,19.0657,72.8687,19.1197,72.8464,verified_city,verified_facility,exact,project_site,high,True,True,VALIDATED,True,Known verified facility (Andheri Residential Development Site)
619313,Setting up of 50 MW [plus/minus 5 percent] Wind Power Plant for Captive Consumption at MR,Maharashtra,Thane,Kalyan-Bhiwandi Logistics Hub,21.1458,79.0882,19.218125,72.977661,verified_district,verified_district,approximate,district,medium,True,True,APPROXIMATE,True,Authoritative district resolution (Thane)
617829,LPG Bottling Plant at Mualkhang,Mizoram,Aizawl,Aizawl Infrastructure Hub,23.7271,92.7176,23.727275,92.718053,verified_district,verified_district,approximate,district,medium,True,True,APPROXIMATE,True,Preserved validated district location
701343,Srikakulam Angul Gas Pipeline Project,"Multi-States (Andhra Pradesh, Odisha)",Srikakulam,Bhavanapadu Port & Srikakulam Corridor,18.2949,83.8938,18.2949,83.8938,verified_city,verified_city,exact,city,high,True,True,VALIDATED,False,Matched infrastructure site keyword in Srikakulam
701349,Paradip-Numaligarh Crude Oil Pipeline [PNCPL] & Crude Oil Import Terminal [COIT] at Paradip,"Multi-States (Assam, Bihar, Jharkhand, Odisha, West Bengal)",Jagatsinghpur,Paradip Port Mega Petrochemical Complex,20.2644,86.6667,20.2644,86.6667,verified_city,verified_city,exact,facility,high,True,True,VALIDATED,False,Matched infrastructure site keyword in Jagatsinghpur
400078,New Mundra Panipat Crude Oil Pipeline,"Multi-States (Gujarat, Haryana, Rajasthan)",Panipat,Panipat Refinery & Petrochemical Complex,29.3909,76.9635,29.3909,76.9635,verified_city,verified_city,exact,city,high,True,True,VALIDATED,False,Matched infrastructure site keyword in Panipat
400012,Kandla Gorakhpur LPG Pipeline,"Multi-States (Gujarat, Madhya Pradesh, Uttar Pradesh)",Gorakhpur,Gorakhpur AIIMS & Fertilizer Complex,26.7606,83.3732,26.7606,83.3732,verified_city,verified_city,exact,city,high,True,True,VALIDATED,False,Matched infrastructure site keyword in Gorakhpur
400301,Multi Product Pipeline from Irugur to Devangonthi,"Multi-States (Karnataka, Tamil Nadu)",Coimbatore,"Irugur - Devangonthi Petroleum Pipeline Terminal, Irugur",22.5937,78.9629,11.02,77.06,verified_state,verified_facility,exact,facility,high,True,True,VALIDATED,True,"Known verified facility (Irugur - Devangonthi Petroleum Pipeline Terminal, Irugur)"
701263,Rajasthan Refinery Project,Rajasthan,Balotra,Pachpadra HRRL Rajasthan Refinery Project,25.925,72.247,25.925,72.247,verified_facility,verified_facility,exact,facility,high,True,True,VALIDATED,False,Known verified facility (Pachpadra HRRL Rajasthan Refinery Project)
709759,"Petrochemical evacuation marketing terminal at Barmer, Rajasthan",Rajasthan,Barmer,Barmer Petrochemical Evacuation Marketing Terminal,25.7521,71.3967,25.7521,71.3967,verified_city,verified_city,exact,city,high,True,True,VALIDATED,False,Matched infrastructure site keyword in Barmer
400043,Laying of POL Pipelines in Common Corridor for proposed grass root terminal at Vallur [Chennai],Tamil Nadu,Chennai,Chennai Airport Modernization & Metro Rail Phase-II,13.0827,80.2707,13.083147,80.270757,verified_city,verified_city,exact,city,high,True,True,VALIDATED,True,Matched infrastructure site keyword in Chennai
400035,"Grass Root Rail-fed Depot at Sekerkote, Agartala as resitement of existing Dharmanagar Depot",Tripura,West Tripura,Agartala Smart City & Agartala Airport,23.8315,91.2868,23.8315,91.2868,verified_city,verified_city,exact,city,high,True,True,VALIDATED,False,Matched infrastructure site keyword in West Tripura
604852,"Grass-root Terminal at Mirzapur, Uttar Pradesh",Uttar Pradesh,Mirzapur,Chunar Junction & Mirzapur Terminal,25.1337,82.5644,25.133875,82.564858,verified_city,verified_city,exact,city,high,True,True,VALIDATED,True,Matched infrastructure site keyword in Mirzapur
400120,KG-DWN-98/2 Cluster - II Development Project - NELP Block,Andhra Pradesh,Kakinada,Kakinada Deep Water Port & SEZ Node,14.4673,78.8242,16.9891,82.2475,verified_district,verified_city,exact,city,high,True,True,VALIDATED,True,Matched infrastructure site keyword in Kakinada
619226,Provision of four bitumen tanks with capacity of 5 TMT each at Visakh Refinery,Andhra Pradesh,Visakhapatnam,Visakh Refinery (HPCL) & ESIC Sheelanagar,17.6868,83.2185,17.6868,83.2185,verified_city,verified_city,exact,facility,high,True,True,VALIDATED,False,Matched infrastructure site keyword in Visakhapatnam
709752,HP-COAT [Crude to Olefins and Aromatics Technology] demo unit at Visakh Refinery,Andhra Pradesh,Visakhapatnam,Visakh Refinery (HPCL) & ESIC Sheelanagar,17.6868,83.2185,17.686975,83.218935,verified_city,verified_city,exact,facility,high,True,True,VALIDATED,True,Matched infrastructure site keyword in Visakhapatnam
604791,Numaligarh Refinery Expansion Project,Assam,Golaghat,Numaligarh Refinery Bio-Ethanol Expansion (NRL),26.52,93.97,26.52,93.97,verified_city,verified_city,exact,facility,high,True,True,VALIDATED,False,Matched infrastructure site keyword in Golaghat
604863,Development of Surface Facilities for production and evacuation of Crude Oil and Natural Gas from Nadua and East Khagorija,Assam,Sonitpur,Sonitpur Infrastructure Hub,26.65,92.8,26.65,92.8,verified_district,verified_district,approximate,district,medium,True,True,APPROXIMATE,False,Preserved validated district location
607701,"Guwahati Refinery Expansion [1.0 to 1.2 MMTPA] along with installation of CRU, Guwahati Refinery",Assam,Kamrup Metropolitan,Guwahati Airport Terminal & AIIMS Changsari,26.1445,91.7362,26.1445,91.7362,verified_city,verified_city,exact,facility,high,True,True,VALIDATED,False,Matched infrastructure site keyword in Kamrup Metropolitan
616858,"Construction of Field Gas Gathering Station at Baghjan area for collection, processing & transportation of natural Gas to be produced from Baghjan Field",Assam,Tinsukia,"Digboi Refinery, Baghjan & Margherita Coalfields",27.4922,95.3468,27.4922,95.3468,verified_city,verified_city,exact,facility,high,True,True,VALIDATED,False,Matched infrastructure site keyword in Tinsukia
617836,Coke Drum Structure Package,Assam,Kamrup Metropolitan,Guwahati Airport Terminal & AIIMS Changsari,26.1445,91.7362,26.144675,91.736662,verified_district,verified_district,approximate,district,medium,True,True,APPROXIMATE,True,Preserved validated district location
619316,"Group Gathering Station, Lakwagaon",Assam,Sivasagar,Lakwagaon & Rudrasagar ONGC Oil Assets,26.9826,94.6425,26.9826,94.6425,verified_city,verified_city,exact,city,high,True,True,VALIDATED,False,Matched infrastructure site keyword in Sivasagar
709776,Augmentation/Revamping of Facilities at existing Guwahati Terminal at Betkuchi,Assam,Kamrup Metropolitan,Guwahati Airport Terminal & AIIMS Changsari,26.1445,91.7362,26.144947,91.736262,verified_city,verified_city,exact,city,high,True,True,VALIDATED,True,Matched infrastructure site keyword in Kamrup Metropolitan
709779,Capacity Expansion of Digboi Refinery from 0.65 to 1.0 MMTPA,Assam,Tinsukia,"Digboi Refinery, Baghjan & Margherita Coalfields",27.4922,95.3468,27.492375,95.347267,verified_city,verified_city,exact,facility,high,True,True,VALIDATED,True,Matched infrastructure site keyword in Tinsukia
709847,Pipeline Network Project Rudrasagar,Assam,Sivasagar,Lakwagaon & Rudrasagar ONGC Oil Assets,26.9826,94.6425,26.982775,94.642965,verified_city,verified_city,exact,city,high,True,True,VALIDATED,True,Matched infrastructure site keyword in Sivasagar
709850,Borholla GGS Life Extension Project [BLEP],Assam,Cachar,Cachar Infrastructure Hub,24.8333,92.7789,24.8333,92.7789,verified_district,verified_district,approximate,district,medium,True,True,APPROXIMATE,False,Preserved validated district location
709864,DCU Revamp Project,Assam,Sonitpur,Sonitpur Infrastructure Hub,26.65,92.8,26.650175,92.800464,verified_district,verified_district,approximate,district,medium,True,True,APPROXIMATE,True,Preserved validated district location
709865,Power Recovery Turbine [PRT] in PFCCU unit as an Energy Conservation Scheme,Assam,Tinsukia,"Digboi Refinery, Baghjan & Margherita Coalfields",27.4922,95.3468,27.492647,95.346863,verified_district,verified_district,approximate,district,medium,True,True,APPROXIMATE,True,Preserved validated district location
617304,"Setting up of LPG Plant with Rail Unloading Facility at Hathua, Dist. Gopalganj, Bihar",Bihar,Gopalganj,Gopalganj & Thawe Junction,26.4678,84.4444,26.4678,84.4444,verified_city,verified_city,exact,facility,high,True,True,VALIDATED,False,Matched infrastructure site keyword in Gopalganj
701324,Barauni Refinery Capacity Expansion from 6.0 to 9.0 MMTPA,Bihar,Begusarai,Barauni Refinery & Fertilizer Complex,25.4184,86.1272,25.4184,86.1272,verified_city,verified_city,exact,facility,high,True,True,VALIDATED,False,Matched infrastructure site keyword in Begusarai
709777,Installation of Bitumen Manufacturing Unit along with allied facilities at Barauni Refinery,Bihar,Begusarai,Barauni Refinery & Fertilizer Complex,25.4184,86.1272,25.418575,86.127659,verified_city,verified_city,exact,facility,high,True,True,VALIDATED,True,Matched infrastructure site keyword in Begusarai
709792,"City Gas Distribution Projects at Darbhanga, Madhubani, Supaul, Sitamarhi and Sheohar districts",Bihar,Darbhanga,Darbhanga Airport & AIIMS,26.1542,85.8918,26.1542,85.8918,verified_city,verified_city,exact,city,high,True,True,VALIDATED,False,Matched infrastructure site keyword in Darbhanga
709793,"City Gas Distribution Projects at Gopalganj, Siwan, West Champaran, East Champaran and Deoria districts",Bihar,Gopalganj,Gopalganj & Thawe Junction,26.4678,84.4444,26.467975,84.444863,verified_city,verified_city,exact,city,high,True,True,VALIDATED,True,Matched infrastructure site keyword in Gopalganj
617819,"City Gas Distribution [CGD] Project in Kondagaon, Bastar, Sukma, Narayanpur, Bijapur & Dantewada GA",Chhattisgarh,Narayanpur,Rowghat Iron Ore Mining Rail Link,19.72,81.25,19.72,81.25,verified_city,verified_city,exact,city,high,True,True,VALIDATED,False,Matched infrastructure site keyword in Narayanpur
400087,Redevelopment of Sobhasan Complex,Gujarat,Surat,Hazira Petrochem & Surat Metro,22.3072,73.1812,21.170375,72.831544,verified_district,verified_district,approximate,district,medium,True,True,APPROXIMATE,True,Authoritative district resolution (Surat)
400167,Redevelopment of Santhal Field [Onshore-Mehsana Asset],Gujarat,Mehsana,"Santhal Field, ONGC Mehsana Asset",23.5134,72.3352,23.5134,72.3352,manual_verified,manual_verified,exact,project_site,high,True,True,VALIDATED,False,"Known verified facility (Santhal Field, ONGC Mehsana Asset)"
400169,Redevelopment of Linch Field,Gujarat,Bharuch,Dahej PCPIR Petrochemical SEZ,21.7051,72.9959,21.7051,72.9959,verified_district,verified_district,approximate,district,medium,True,True,APPROXIMATE,False,Preserved validated district location
701329,Petrochemical and Lube Integration Project at Gujarat Refinery,Gujarat,Surat,Hazira Port & Industrial Petrochemical Hub,21.1,72.63,21.1,72.63,verified_facility,verified_facility,exact,facility,high,True,True,VALIDATED,False,Preserved validated district location
709778,Installation of new Biturox Unit along with allied facilities at Gujarat Refinery,Gujarat,Kutch,Kandla Port & Khavda 30 GW Park,22.35,73.12,23.249354,69.669318,verified_facility,verified_district,approximate,district,medium,True,True,APPROXIMATE,True,Authoritative district resolution (Kutch)
709838,Commercial Polymer Flooding Project in Bechraji field,Gujarat,Mehsana,Bechraji Field Polymer Flooding,23.5012,72.0365,23.5012,72.0365,manual_verified,manual_verified,exact,project_site,high,True,True,VALIDATED,False,Known verified facility (Bechraji Field Polymer Flooding)
709840,"Restoration of Gas Terminal, Phase-I [Part-A], Hazira",Gujarat,Surat,Hazira Petrochem & Surat Metro,21.1702,72.8311,21.170647,72.831159,verified_city,verified_city,exact,city,high,True,True,VALIDATED,True,Matched infrastructure site keyword in Surat
709841,Old Pipe Line Replacement [OPRP] Group-A,Gujarat,Jamnagar,Moti Khavdi & Sikka Petrochem Complex,22.4707,70.0577,22.470875,70.058149,verified_district,verified_district,approximate,district,medium,True,True,APPROXIMATE,True,Preserved validated district location
709842,"Kalol Redevelopment Project, Ahmedabad Asset",Gujarat,Ahmedabad,Dholera Smart City & Expressway,22.25,72.19,22.249553,72.18994,verified_city,verified_city,exact,city,high,True,True,VALIDATED,True,Matched infrastructure site keyword in Ahmedabad
709845,"Revamping of SV Stations, Gas Terminal & Kribhco Terminal",Gujarat,Surat,Hazira Petrochemical Terminal & Surat Metro,21.1702,72.8311,21.170471,72.830715,verified_district,verified_district,approximate,district,medium,True,True,APPROXIMATE,True,Preserved validated district location
604853,"Indian Oil Technology Development and Deployment Centre at R&D Campus-II, Faridabad",Haryana,Faridabad,Faridabad Smart City & Industrial Node,28.4089,77.3178,28.4089,77.3178,verified_city,verified_city,exact,city,high,True,True,VALIDATED,False,Matched infrastructure site keyword in Faridabad
611917,Poly Butadiene Rubber plant at Panipat,Haryana,Panipat,Panipat Refinery & Petrochemical Complex,29.3909,76.9635,29.391075,76.963976,verified_city,verified_city,exact,facility,high,True,True,VALIDATED,True,Matched infrastructure site keyword in Panipat
619196,Change of service of existing Mundra-Panipat Pipeline [Panipat - Churwa section] from Crude oil to Product,Haryana,Panipat,Panipat Refinery & Petrochemical Complex,29.3909,76.9635,29.391347,76.963564,verified_city,verified_city,exact,city,high,True,True,VALIDATED,True,Matched infrastructure site keyword in Panipat
701289,Capacity Expansion of Panipat Refinery from 15 to 25 MMTPA,Haryana,Panipat,Panipat Refinery & Petrochemical Complex,29.3909,76.9635,29.391171,76.963088,verified_city,verified_city,exact,facility,high,True,True,VALIDATED,True,Matched infrastructure site keyword in Panipat
709783,"Installation of Multiple Effect Evaporator [MEE] for ETP-1, 2 & 4 of Panipat Refinery and Petrochemical Complex.",Haryana,Panipat,Panipat Refinery & Petrochemical Complex,29.3909,76.9635,29.390725,76.963024,verified_city,verified_city,exact,facility,high,True,True,VALIDATED,True,Matched infrastructure site keyword in Panipat
709773,"City Gas Distribution Project at Jammu, Udhampur, Reasi, Samba and Kathua Districts",Jammu and Kashmir,Jammu,Jammu Civil Airport & Ring Road,32.7266,74.857,32.726775,74.857493,verified_city,verified_city,exact,city,high,True,True,VALIDATED,True,Matched infrastructure site keyword in Jammu
610984,Development of Jharia CBM Block [Phase-1],Jharkhand,Dhanbad,Jharia Coalfield & BCCL Mining Infrastructure,23.7957,86.4304,23.795253,86.430339,verified_city,verified_city,exact,city,high,True,True,VALIDATED,True,Matched infrastructure site keyword in Dhanbad
709785,Laying of Natural Gas Pipeline from Hazaribagh to Ranchi [HRPL],Jharkhand,Hazaribagh,North Urimari & Rohini-Karketta Coal Mining Node,23.99,85.36,23.990175,85.360454,verified_city,verified_city,exact,city,high,True,True,VALIDATED,True,Matched infrastructure site keyword in Hazaribagh
612790,Power System Upgradation Project,Karnataka,Dakshina Kannada,New Mangalore Port & Petrochemicals (MRPL),12.8703,74.8806,12.8703,74.8806,verified_city,verified_city,exact,city,high,True,True,VALIDATED,False,Matched infrastructure site keyword in Dakshina Kannada
616879,Demo Bio-ATF Project,Karnataka,Bengaluru Urban,Bengaluru Metro & Tech Hub,12.9716,77.5946,12.971425,77.594175,verified_district,verified_district,approximate,district,medium,True,True,APPROXIMATE,True,Preserved validated district location
709774,Revamping/ Augmentation of facilities at existing port terminal at Mangalore,Karnataka,Dakshina Kannada,New Mangalore Port & Petrochemicals (MRPL),12.8703,74.8806,12.870475,74.881025,verified_city,verified_city,exact,facility,high,True,True,VALIDATED,True,Matched infrastructure site keyword in Dakshina Kannada
617838,Augmentation of CCKPL and IDPL Pipelines capacity along with setting up of Palakkad TOP,Kerala,Palakkad,IIT Palakkad Permanent Campus (Kanjikode),10.7867,76.6548,10.787147,76.654856,verified_city,verified_city,exact,city,high,True,True,VALIDATED,True,Matched infrastructure site keyword in Palakkad
709799,Setting up Polypropylene Unit at Kochi Refinery,Kerala,Ernakulam,Kochi Metro Phase 2 & BPCL Kochi Refinery (MSVI),9.9816,76.2999,9.981775,76.300321,verified_city,verified_city,exact,facility,high,True,True,VALIDATED,True,Matched infrastructure site keyword in Ernakulam
617830,C2/C3 Vijaipur Pata Pipeline,Madhya Pradesh,Jabalpur,Jabalpur Infrastructure Hub,23.1815,79.9864,23.1815,79.9864,verified_district,verified_district,approximate,district,medium,True,True,APPROXIMATE,False,Preserved validated district location
709798,Ethylene Cracker Project at Bina Refinery including downstream Petrochemical Plants and expansion of Refinery,Madhya Pradesh,Umaria,Jhiria West & Gandhigram Mining Node,23.5256,80.8353,23.525775,80.835752,verified_district,verified_district,approximate,district,medium,True,True,APPROXIMATE,True,Preserved validated district location
400168,"500 KTA PDHPP Project, Usar",Maharashtra,Raigad,Navi Mumbai International Airport & JNPT,19.2183,72.9781,18.515975,73.182637,verified_district,verified_city,exact,city,high,True,True,VALIDATED,True,Matched infrastructure site keyword in Raigad
616933,Lube Modernization & Bottom Upgradation Project at Mumbai Refinery,Maharashtra,Mumbai Suburban,"BPCL Mumbai Refinery Lube Plant, Mahul, Chembur",18.9388,72.8354,19.0062,72.8945,verified_city,verified_facility,exact,facility,high,True,True,VALIDATED,True,"Known verified facility (BPCL Mumbai Refinery Lube Plant, Mahul, Chembur)"
619223,Petro Resid Fluidized Catalytic Cracking [PRFCC] Unit and its associated facilities at Mumbai Refinery,Maharashtra,Mumbai Suburban,"HPCL Mumbai Refinery PRFCC Unit, Mahul, Chembur",18.9388,72.8354,19.009,72.898,verified_city,verified_facility,exact,facility,high,True,True,VALIDATED,True,"Known verified facility (HPCL Mumbai Refinery PRFCC Unit, Mahul, Chembur)"
619224,Augmentation of DUPL-DPPL Pipeline,Maharashtra,Raigad,Navi Mumbai International Airport & JNPT,18.99,73.07,18.516247,73.182259,verified_city,verified_city,exact,city,high,True,True,VALIDATED,True,Matched infrastructure site keyword in Raigad
619225,Installation of Compression facility at GAIL Usar,Maharashtra,Raigad,Navi Mumbai International Airport & JNPT,19.9975,73.7898,18.516071,73.181821,verified_district,verified_city,exact,city,high,True,True,VALIDATED,True,Matched infrastructure site keyword in Raigad
709760,HP TDAE Unit in Mumbai Refinery,Maharashtra,Mumbai Suburban,"HPCL Mumbai Refinery TDAE Unit, Mahul, Chembur",18.9388,72.8354,19.004,72.892,verified_city,verified_facility,exact,facility,high,True,True,VALIDATED,True,"Known verified facility (HPCL Mumbai Refinery TDAE Unit, Mahul, Chembur)"
709771,"City Gas Distribution Project at Beed, Jalgaon and Jalna Districts",Maharashtra,Beed,Parli Vaijanath & Beed Rail Corridor,18.9897,75.76,18.9897,75.76,verified_city,verified_city,exact,city,high,True,True,VALIDATED,False,Matched infrastructure site keyword in Beed
709780,Construction of Additional Tankages and Allied Facilities at JNPT Terminal,Maharashtra,Raigad,Navi Mumbai International Airport & JNPT,18.99,73.07,18.515625,73.181763,verified_city,verified_city,exact,city,high,True,True,VALIDATED,True,Matched infrastructure site keyword in Raigad
709782,ATF Pipeline from Jawaharlal Nehru Port Trust to Navi Mumbai International Airport,Maharashtra,Raigad,Navi Mumbai International Airport & JNPT,18.99,73.07,18.515353,73.182141,verified_city,verified_city,exact,facility,high,True,True,VALIDATED,True,Matched infrastructure site keyword in Raigad
709797,POL & LOBS Installations with Receipt Pipelines at Rasayani,Maharashtra,Chhatrapati Sambhajinagar,Shendra-Bidkin DMIC Node,19.8762,75.3433,19.876375,75.343741,verified_district,verified_district,approximate,district,medium,True,True,APPROXIMATE,True,Preserved validated district location
616254,Visakh Raipur Pipeline Project,"Multi-States (Andhra Pradesh, Chhattisgarh, Odisha)",Visakhapatnam,Visakh Refinery (HPCL) & ESIC Sheelanagar,17.6868,83.2185,17.687247,83.218558,verified_city,verified_city,exact,city,high,True,True,VALIDATED,True,Matched infrastructure site keyword in Visakhapatnam
701346,North East Gas Grid,"Multi-States (Arunachal Pradesh, Assam, Manipur, Meghalaya, Mizoram, Nagaland, Sikkim, Tripura, West Bengal)",Kamrup Metropolitan,"North East Natural Gas Pipeline Grid Hub, Guwahati",22.5937,78.9629,26.18,91.75,verified_state,verified_facility,exact,project_site,high,True,True,VALIDATED,True,"Known verified facility (North East Natural Gas Pipeline Grid Hub, Guwahati)"
617827,"Pipeline Rehabilitation Project, Phase-II","Multi-States (Assam, Bihar, West Bengal)",Kamrup Metropolitan,Guwahati Airport Terminal & AIIMS Changsari,22.5937,78.9629,26.144771,91.7358,verified_state,verified_district,approximate,district,medium,True,True,APPROXIMATE,True,Authoritative district resolution (Kamrup Metropolitan)
709757,"CGD Project in Banka, Dumka, Godda, Jamtara, Pakur, Sahibganj GA ID 11A.02","Multi-States (Bihar, Jharkhand)",Sahibganj,Sahibganj Multi-Modal Inland Water Terminal,25.25,87.65,25.25,87.65,verified_city,verified_city,exact,city,high,True,True,VALIDATED,False,Matched infrastructure site keyword in Sahibganj
701354,Mumbai Nagpur Jharsuguda Pipeline Project,"Multi-States (Chhattisgarh, Madhya Pradesh, Maharashtra, Odisha)",Jharsuguda,Integrated Lakhanpur-Belpahar Mining Complex,21.855,84.008,21.855447,84.00806,verified_city,verified_city,exact,city,high,True,True,VALIDATED,True,Matched infrastructure site keyword in Jharsuguda
701330,Mehsana-Bhatinda & Bhatinda-Jammu Natural Gas Pipeline,"Multi-States (Gujarat, Haryana, Punjab, Rajasthan)",Mehsana,Mehsana Industrial & ONGC Asset,23.588,72.3693,23.588,72.3693,verified_city,verified_city,exact,city,high,True,True,VALIDATED,False,Matched infrastructure site keyword in Mehsana
612853,Gurdaspur Jammu Pipeline,"Multi-States (Jammu and Kashmir, Punjab)",Jammu,Jammu Civil Airport & Ring Road,32.7266,74.857,32.727047,74.857066,verified_city,verified_city,exact,city,high,True,True,VALIDATED,True,Matched infrastructure site keyword in Jammu
701228,Kochi - Koottanad - Bangalore - Mangalore Pipeline Phase-II,"Multi-States (Karnataka, Kerala, Tamil Nadu)",Bengaluru Urban,Bengaluru Metro & Tech Hub,12.9716,77.5946,12.971153,77.594543,verified_city,verified_city,exact,city,high,True,True,VALIDATED,True,Matched infrastructure site keyword in Bengaluru Urban
701338,City Gas Distribution Maharashtra Natural Gas Limited,"Multi-States (Karnataka, Maharashtra)",Pune,"MNGL City Gas Distribution Network, Pune",22.5937,78.9629,18.53,73.84,verified_state,verified_facility,exact,facility,high,True,True,VALIDATED,True,"Known verified facility (MNGL City Gas Distribution Network, Pune)"
701344,Dhamra Haldia Pipeline Project,"Multi-States (Odisha, West Bengal)",Bhadrak,Dhamra Port & LNG Terminal,21.0544,86.5056,21.0544,86.5056,verified_city,verified_city,exact,city,high,True,True,VALIDATED,False,Matched infrastructure site keyword in Bhadrak
709794,"City Gas Distribution Projects at Fazilka [except area already authorized], Ganganagar and Hanumangarh districts","Multi-States (Punjab, Rajasthan)",Fazilka,Relining of Rajasthan Feeder & Sirhind Feeder Canal,30.4036,74.0253,30.4036,74.0253,verified_city,verified_city,exact,city,high,True,True,VALIDATED,False,Matched infrastructure site keyword in Fazilka
709786,"Augmentation/ Revamping of Dimapur Depot, Dimapur",Nagaland,Dimapur,Dimapur Airport & Dimapur-Kohima Rail Link,25.9068,93.7271,25.9068,93.7271,verified_city,verified_city,exact,city,high,True,True,VALIDATED,False,Matched infrastructure site keyword in Dimapur
604859,Integrated Para Xylene [PX] and Purified Terephthalic Acid [PTA] Project at Paradip Refinery,Odisha,Jagatsinghpur,Paradip Port Mega Petrochemical Complex,20.2644,86.6667,20.264575,86.667142,verified_city,verified_city,exact,facility,high,True,True,VALIDATED,True,Matched infrastructure site keyword in Jagatsinghpur
617818,"City Gas Distribution [CGD] Project in Gajapati, Kandhamal, Boudh, & Sonepur GA",Odisha,Kandhamal,Phulbani & Kandhamal Highway Corridor,20.4667,84.2333,20.4667,84.2333,verified_city,verified_city,exact,city,high,True,True,VALIDATED,False,Matched infrastructure site keyword in Kandhamal
709800,"CUF POL Depot at Sadashibpur [Meramundali], Odisha",Odisha,Jharsuguda,Jharsuguda Infrastructure Hub,21.855,84.006,21.855,84.006,verified_district,verified_district,approximate,district,medium,True,True,APPROXIMATE,False,Preserved validated district location
400119,Life Extension of 48 well platforms of Mumbai High & Heera Fields,Offshore,Offshore Western Basin,Offshore Western Basin Infrastructure Hub,19.2,71.5,19.2,71.5,verified_city,verified_city,exact,city,high,True,True,VALIDATED,False,Preserved validated district location
616950,PRP-VIII [Group-A],Offshore,Offshore Energy Basin,Offshore Continental Shelf Energy Block,19.2,71.5,19.200175,71.500439,verified_district,verified_district,exact,project_site,high,True,True,VALIDATED,True,Preserved validated district location
619314,Pipeline Replacement Project- PRP-IX,Offshore,Offshore Energy Basin,Offshore Continental Shelf Energy Block,19.2,71.5,19.200447,71.500059,verified_district,verified_district,exact,project_site,high,True,True,VALIDATED,True,Preserved validated district location
709839,Daman Upside Development Project,Offshore,Offshore Energy Basin,Offshore Continental Shelf Energy Block,19.2,71.5,19.200271,71.49962,verified_district,verified_district,exact,project_site,high,True,True,VALIDATED,True,Preserved validated district location
709848,MHN TCPP PGC BGC Project [MTPBP],Offshore,Offshore Energy Basin,Offshore Continental Shelf Energy Block,19.2,71.5,19.199825,71.499561,verified_district,verified_district,exact,project_site,high,True,True,VALIDATED,True,Preserved validated district location
709849,PRP-VIII Group B [NH & BS Asset],Offshore,Offshore Energy Basin,Offshore Continental Shelf Energy Block,19.2,71.5,19.199553,71.499941,verified_district,verified_district,exact,project_site,high,True,True,VALIDATED,True,Preserved validated district location
709851,Integrated Development of 4 Contract Areas under DSF-II,Offshore,Offshore Energy Basin,Offshore Continental Shelf Energy Block,19.2,71.5,19.199729,71.50038,verified_district,verified_district,exact,project_site,high,True,True,VALIDATED,True,Preserved validated district location
400171,2G Ethanol Biorefinery at Bathinda,Punjab,Bathinda,Bathinda Refinery (HMEL) & AIIMS,30.211,74.9455,30.211,74.9455,verified_city,verified_city,exact,facility,high,True,True,VALIDATED,False,Matched infrastructure site keyword in Bathinda
709770,City Gas Distribution Project at Pathankot District,Punjab,Pathankot,City Gas Distribution Project at Pathankot,32.2689,75.6499,32.269075,75.65039,verified_city,verified_city,exact,city,high,True,True,VALIDATED,True,Matched infrastructure site keyword in Pathankot
604795,CBR 9 MMTPA Project,Tamil Nadu,Chennai,Chennai Airport Modernization & Metro Rail Phase-II,13.0827,80.2707,13.082971,80.270331,verified_city,verified_city,exact,city,high,True,True,VALIDATED,True,Matched infrastructure site keyword in Chennai
709750,Laying of new 28 inch Desal Water Pipeline and 10 inch Reject Water Pipeline between CPCL Manali Refinery and CPCL Desalination plant at Ennore,Tamil Nadu,Chennai,Chennai Airport Modernization & Metro Rail Phase-II,13.0827,80.2707,13.082525,80.270274,verified_city,verified_city,exact,facility,high,True,True,VALIDATED,True,Matched infrastructure site keyword in Chennai
709796,City Gas Distribution Projects at the Nilgiris and Erode districts,Tamil Nadu,Nilgiris,Nilgiris CGD Project & Tourism Rail,11.4102,76.695,11.4102,76.695,verified_city,verified_city,exact,city,high,True,True,VALIDATED,False,Matched infrastructure site keyword in Nilgiris
617822,ATF Pipeline from BPCLs Malkapur POL Installation to Hyderabad International airport,Telangana,Hyderabad,Hyderabad Metro & Urban Infrastructure,17.385,78.4867,17.385447,78.486758,verified_city,verified_city,exact,facility,high,True,True,VALIDATED,True,Matched infrastructure site keyword in Hyderabad
709837,"Creation of Gas Dehydration Facilities, Tripura Asset",Tripura,West Tripura,West Tripura Infrastructure Hub,23.8315,91.2868,23.831675,91.287253,verified_district,verified_district,approximate,district,medium,True,True,APPROXIMATE,True,Preserved validated district location
619191,Kanpur LPG Bottling Plant,Uttar Pradesh,Kanpur Nagar,Ghatampur Power & Kanpur Metro & LPG Hub,26.4499,80.3319,26.450075,80.332363,verified_city,verified_city,exact,facility,high,True,True,VALIDATED,True,Matched infrastructure site keyword in Kanpur Nagar
619312,Bulk Loading Hub- Kanpur,Uttar Pradesh,Kanpur Nagar,Ghatampur Power & Kanpur Metro & LPG Hub,26.4499,80.3319,26.450347,80.331962,verified_city,verified_city,exact,city,high,True,True,VALIDATED,True,Matched infrastructure site keyword in Kanpur Nagar
709781,Revamping / Augmentation of Facilities at Mathura Bitumen Plant,Uttar Pradesh,Mathura,Mathura Refinery & Bitumen Augmentation,27.4924,77.6737,27.4924,77.6737,verified_city,verified_city,exact,facility,high,True,True,VALIDATED,False,Matched infrastructure site keyword in Mathura
709795,"City Gas Distribution Projects at Lakhimpur Kheri , Sitapur, Bahraich, Shravasti,Balrampur, Siddharth Nagar & Maharajganj districts",Uttar Pradesh,Lakhimpur Kheri,Kheri Bio-Energy & Rail Node,27.9482,80.7788,27.9482,80.7788,verified_city,verified_city,exact,city,high,True,True,VALIDATED,False,Matched infrastructure site keyword in Lakhimpur Kheri
617302,Durgapur - Haldia Pipeline [Section-3B of JHBDPL Project],West Bengal,Paschim Bardhaman,"Raniganj Coalfields (Jhanjra, Sonepur Bazari, Parasea)",23.6889,86.9661,23.68868,86.967053,verified_city,verified_city,exact,city,high,True,True,VALIDATED,True,Matched infrastructure site keyword in Paschim Bardhaman
617828,Siliguri-Jhapa Pipeline Project,West Bengal,Darjeeling,Bagdogra Airport New Civil Enclave,26.71,88.32,26.710175,88.320464,verified_city,verified_city,exact,city,high,True,True,VALIDATED,True,Matched infrastructure site keyword in Darjeeling
617837,Siliguri Marketing Terminal [SMT] Capacity Augmentation Project,West Bengal,Darjeeling,Bagdogra Airport New Civil Enclave,26.71,88.32,26.710447,88.320062,verified_city,verified_city,exact,city,high,True,True,VALIDATED,True,Matched infrastructure site keyword in Darjeeling
709753,Haldia Panagarh Pipeline Project,West Bengal,Purba Medinipur,Haldia Port Complex & Petrochemicals,22.0667,88.1,22.0667,88.1,verified_city,verified_city,exact,city,high,True,True,VALIDATED,False,Matched infrastructure site keyword in Purba Medinipur
709758,"CGD Project in Malda, Birbhum, Murshidabad, Dakshin Dinajpur GA ID 11A.03",West Bengal,Dakshin Dinajpur,Balurghat Airport & Rail Link,25.22,88.76,25.22,88.76,verified_city,verified_city,exact,city,high,True,True,VALIDATED,False,Matched infrastructure site keyword in Dakshin Dinajpur
709772,"City Gas Distribution Project at East Mednipore, West Mednipore & Jhargram Districts",West Bengal,Jhargram,Jhargram Tribal & CGD Corridor,22.45,86.98,22.45,86.98,verified_city,verified_city,exact,city,high,True,True,VALIDATED,False,Matched infrastructure site keyword in Jhargram
709791,City Gas Distribution Projects at Alipurduar and Cooch Behar,West Bengal,Cooch Behar,Cooch Behar Airport & Heritage Node,26.32,89.45,26.32,89.45,verified_city,verified_city,exact,city,high,True,True,VALIDATED,False,Matched infrastructure site keyword in Cooch Behar
701172,AIIMS Darbhanga,Bihar,Darbhanga,AIIMS Darbhanga Hospital Complex,26.1542,85.8918,26.154375,85.892262,verified_facility,verified_facility,exact,facility,high,True,True,VALIDATED,True,Known verified facility (AIIMS Darbhanga Hospital Complex)
707020,Establishment of new GMC Jamui,Bihar,Jamui,GMC Jamui & Rail Corridor,24.9214,86.2258,24.9214,86.2258,verified_city,verified_city,exact,city,high,True,True,VALIDATED,False,Matched infrastructure site keyword in Jamui
707044,Establishment of new GMC Korba,Chhattisgarh,Korba,"Gevra, Dipka, Kusmunda Mega Coalfields (SECL)",22.3595,82.7501,22.359675,82.750548,verified_city,verified_city,exact,city,high,True,True,VALIDATED,True,Matched infrastructure site keyword in Korba
707045,Establishment of new GMC Mahasamund,Chhattisgarh,Mahasamund,Mahasamund Railway & Highway Node,21.11,82.1,21.11,82.1,verified_city,verified_city,exact,city,high,True,True,VALIDATED,False,Matched infrastructure site keyword in Mahasamund
707046,Establishment of new GMC Kanker,Chhattisgarh,Kanker,North Bastar Kanker & Rail Link,20.27,81.49,20.27,81.49,verified_city,verified_city,exact,city,high,True,True,VALIDATED,False,Matched infrastructure site keyword in Kanker
617882,"Setting up IT Infrastructure including Network Security and Hosting at AIIMS, New Delhi",Delhi,New Delhi,Central Vista Executive Enclave & Ministries,28.6139,77.209,28.614171,77.208591,verified_city,verified_city,exact,facility,high,True,True,VALIDATED,True,Matched infrastructure site keyword in New Delhi
617883,"Redevelopment of Residential colonies at Ayur Vigyan Nagar and West Ansari Nagar campuses of AIIMS, New Delhi",Delhi,New Delhi,Central Vista Executive Enclave & Ministries,28.6139,77.209,28.613725,77.208528,verified_city,verified_city,exact,facility,high,True,True,VALIDATED,True,Matched infrastructure site keyword in New Delhi
701170,AIIMS Rajkot,Gujarat,Rajkot,Hirasar International Airport & AIIMS,22.3039,70.8022,22.3039,70.8022,verified_city,verified_city,exact,facility,high,True,True,VALIDATED,False,Matched infrastructure site keyword in Rajkot
707049,Establishment of new GMC Panchmahal,Gujarat,Panchmahal,Godhra & Halol Industrial Corridor,22.7758,73.6149,22.7758,73.6149,verified_city,verified_city,exact,city,high,True,True,VALIDATED,False,Matched infrastructure site keyword in Panchmahal
707050,Establishment of new GMC Porbandar,Gujarat,Porbandar,Porbandar Port & Coast Highway,21.6417,69.6293,21.6417,69.6293,verified_city,verified_city,exact,city,high,True,True,VALIDATED,False,Matched infrastructure site keyword in Porbandar
701173,AIIMS Majra Rewari Haryana,Haryana,Rewari,Rewari DFC & Industrial Corridor,28.18,76.62,28.18,76.62,verified_city,verified_city,exact,facility,high,True,True,VALIDATED,False,Matched infrastructure site keyword in Rewari
701167,AIIMS Kashmir at Awantipora Jammu & Kashmir,Jammu and Kashmir,Pulwama,"AIIMS Awantipora Medical Campus, Pulwama",32.7266,74.857,33.9189,74.9967,verified_city,verified_facility,exact,facility,high,True,True,VALIDATED,True,"Known verified facility (AIIMS Awantipora Medical Campus, Pulwama)"
707021,Establishment of new GMC Koderma,Jharkhand,Koderma,Koderma Thermal Power Station & Rail Junction,24.47,85.59,24.470175,85.590455,verified_city,verified_city,exact,city,high,True,True,VALIDATED,True,Matched infrastructure site keyword in Koderma
707022,Establishment of new GMC Chaibasa [Singhbhum],Jharkhand,West Singhbhum,Chaiabasa & Gua Iron Ore Mines,22.58,85.81,22.58,85.81,verified_city,verified_city,exact,city,high,True,True,VALIDATED,False,Matched infrastructure site keyword in West Singhbhum
707058,Establishment of new GMC Rajgarh,Madhya Pradesh,Rajgarh,Biaora & Rajgarh Highway Junction,24.0064,76.7303,24.0064,76.7303,verified_city,verified_city,exact,city,high,True,True,VALIDATED,False,Matched infrastructure site keyword in Rajgarh
707059,Establishment of new GMC Mandla,Madhya Pradesh,Mandla,Mandla Tribal & Highway Corridor,22.5975,80.3714,22.5975,80.3714,verified_city,verified_city,exact,city,high,True,True,VALIDATED,False,Matched infrastructure site keyword in Mandla
707069,Establishment of new GMC Kapurthala,Punjab,Kapurthala,Rail Coach Factory Kapurthala,31.38,75.38,31.38,75.38,verified_city,verified_city,exact,city,high,True,True,VALIDATED,False,Matched infrastructure site keyword in Kapurthala
707070,Establishment of new GMC Hoshiarpur,Punjab,Hoshiarpur,Hoshiarpur & Dasuya Highway Corridor,31.53,75.92,31.53,75.92,verified_city,verified_city,exact,city,high,True,True,VALIDATED,False,Matched infrastructure site keyword in Hoshiarpur
707039,Establishment of new GMC Gangtok,Sikkim,Gangtok,Gangtok Smart City & Sivok-Rangpo Rail,27.3389,88.6065,27.339075,88.606967,verified_city,verified_city,exact,city,high,True,True,VALIDATED,True,Matched infrastructure site keyword in Gangtok
701168,ALL India Institute of Medical Sciences-AIIMS Madurai,Tamil Nadu,Madurai,AIIMS Madurai & Achambathu-Viratipathu Bypass,9.9252,78.1198,9.9252,78.1198,verified_city,verified_city,exact,facility,high,True,True,VALIDATED,False,Matched infrastructure site keyword in Madurai
701171,AIIMS Bibinagar,Telangana,Yadadri Bhuvanagiri,AIIMS Bibinagar Hospital Campus,17.4728,78.7894,17.4728,78.7894,verified_facility,verified_facility,exact,facility,high,True,True,VALIDATED,False,Known verified facility (AIIMS Bibinagar Hospital Campus)
707086,Establishment of new GMC Rudrapur,Uttarakhand,Udham Singh Nagar,Pantnagar Airport & Industrial Node,28.98,79.4,28.98,79.4,verified_city,verified_city,exact,city,high,True,True,VALIDATED,False,Matched infrastructure site keyword in Udham Singh Nagar
707087,Establishment of new GMC Pithoragarh,Uttarakhand,Pithoragarh,GMC Pithoragarh & Border Highway,29.5833,80.2167,29.5833,80.2167,verified_city,verified_city,exact,city,high,True,True,VALIDATED,False,Matched infrastructure site keyword in Pithoragarh
612167,"Construction of 350 beds + 50 Super Specialty beds ESIC Hospital Sheelanagar, Visakhapatnam, Andhra Pradesh",Andhra Pradesh,Visakhapatnam,Visakh Refinery (HPCL) & ESIC Sheelanagar,17.6868,83.2185,17.687071,83.218123,verified_city,verified_city,exact,city,high,True,True,VALIDATED,True,Matched infrastructure site keyword in Visakhapatnam
612201,"Construction of 200 bedded ESIC Hospital with 62 Nos Staff quarters , Beltola",Assam,Golaghat,Numaligarh Refinery Bio-Ethanol Expansion (NRL),26.52,93.97,26.520175,93.970463,verified_district,verified_district,approximate,district,medium,True,True,APPROXIMATE,True,Preserved validated district location
612186,350 Bedded [Upgradable to 500 beds] ESI Hospital at Sanand,Gujarat,Ahmedabad,Dholera Smart City & Expressway,22.25,72.19,22.249729,72.190388,verified_city,verified_city,exact,city,high,True,True,VALIDATED,True,Matched infrastructure site keyword in Ahmedabad
612211,"Demolition, Construction and upgradation of ESI Hospital, Kalol, Gujarat from 50 beds to 150 beds.",Gujarat,Gandhinagar,GIFT City & Mahatma Mandir,23.2156,72.6369,23.2156,72.6369,verified_city,verified_city,exact,city,high,True,True,VALIDATED,False,Matched infrastructure site keyword in Gandhinagar
612745,"Construction of 200 bed ESI Hospital at Bommasandra, Karnataka",Karnataka,Bengaluru Urban,Bengaluru Metro & Tech Hub,12.9716,77.5946,12.971329,77.594968,verified_city,verified_city,exact,city,high,True,True,VALIDATED,True,Matched infrastructure site keyword in Bengaluru Urban
612748,"Construction of 100 bed ESI Hospital and Staff Quarters [32 Nos.] at Harohalli, Karnataka",Karnataka,Ramanagara,Harohalli & Ramanagara Industrial Corridor,12.715,77.281,12.715,77.281,verified_city,verified_city,exact,city,high,True,True,VALIDATED,False,Matched infrastructure site keyword in Ramanagara
612188,"Construction of 200 Bedded [Upgradable to 500 Bedded including 50 beds of SST] ESIC Hospital at Bibewadi, Pune",Maharashtra,Pune,Hinjawadi IT & Ring Road,18.5204,73.8567,18.520129,73.857079,verified_city,verified_city,exact,city,high,True,True,VALIDATED,True,Matched infrastructure site keyword in Pune
612213,"Construction of 200 Bedded ESIC Hospital at Butibori, Nagpur, Maharashtra.",Maharashtra,Nagpur,Saoner & Makardhokra Coal & MIHAN SEZ,21.1458,79.0882,21.14602,79.087264,verified_city,verified_city,exact,city,high,True,True,VALIDATED,True,Matched infrastructure site keyword in Nagpur
616691,"Upgradation & Extension of ESIC Hospital and Construction of PG Hostel / Staff Housing for ESIC Hospital at Andheri, Mumbai",Maharashtra,Mumbai Suburban,"ESIC Model Hospital & PGIMSR, Andheri East",19.0657,72.8687,19.1245,72.8682,verified_city,verified_facility,exact,facility,high,True,True,VALIDATED,True,"Known verified facility (ESIC Model Hospital & PGIMSR, Andheri East)"
612513,"Construction of 100 Bedded ESI Hospital at Duburi, Odisha.",Odisha,Jharsuguda,Integrated Lakhanpur-Belpahar Mining Complex,21.855,84.008,21.855271,84.007613,verified_district,verified_district,approximate,district,medium,True,True,APPROXIMATE,True,Preserved validated district location
612259,CONSTRUCTION OF 300 BEDDED HOSPITAL AT HARIDWAR,Uttarakhand,Haridwar,Haridwar Ring Road & SIDCUL Industrial Area,29.9457,78.1642,29.9457,78.1642,verified_city,verified_city,exact,city,high,True,True,VALIDATED,False,Matched infrastructure site keyword in Haridwar
701565,Jal Marg Vikas Project,"Multi-States (Bihar, Jharkhand, Uttar Pradesh, West Bengal)",Varanasi,"National Waterway-1 Multi-Modal Terminal, Varanasi",22.5937,78.9629,25.32,83.05,verified_state,verified_facility,exact,project_site,high,True,True,VALIDATED,True,"Known verified facility (National Waterway-1 Multi-Modal Terminal, Varanasi)"
609424,"Development of Container Terminal at Tuna-Tekra, Deendayal Port on BOT Basis Under PPP Mode",Gujarat,Kutch,Kandla Port & Khavda 30 GW Park,23.25,69.67,23.249134,69.670267,verified_city,verified_city,exact,facility,high,True,True,VALIDATED,True,Matched infrastructure site keyword in Kutch
701570,"Replacement and revamping of pipeline projects in oil jetty area, Kandla",Gujarat,Kutch,Kandla Port & Khavda 30 GW Park,23.25,69.67,23.24978,69.67095,verified_city,verified_city,exact,facility,high,True,True,VALIDATED,True,Matched infrastructure site keyword in Kutch
617804,Mechanization of Berth No.14 for handling Containers and other cargo on DBFOT basis - Phase II,Karnataka,Dakshina Kannada,New Mangalore Port & Petrochemicals (MRPL),12.8703,74.8806,12.870747,74.880657,verified_city,verified_city,exact,facility,high,True,True,VALIDATED,True,Matched infrastructure site keyword in Dakshina Kannada
400382,Rewas Port Project,Maharashtra,Raigad,Navi Mumbai International Airport & JNPT,17.6599,75.9064,18.515529,73.182579,verified_district,verified_city,exact,facility,high,True,True,VALIDATED,True,Matched infrastructure site keyword in Raigad
701574,Deepening and Optimization of Inner Harbour facilities including development of Western Dock on BOT basis to handle Cape size vessels,Odisha,Jagatsinghpur,Paradip Port Mega Petrochemical Complex,20.2644,86.6667,20.264847,86.666759,verified_city,verified_city,exact,facility,high,True,True,VALIDATED,True,Matched infrastructure site keyword in Jagatsinghpur
707215,National Maritime Heritage Complex [NMHC] Phase-I,Gujarat,Surat,Surat Metro Rail Priority Corridor,21.19,72.82,21.19,72.82,verified_facility,verified_facility,exact,facility,high,True,True,VALIDATED,False,Preserved validated district location
707410,Integrated Multi Modal Logistics Hub at Nangal Chaudhary in Haryana - Other Trunk Infrastructure Development Phase 1,Haryana,Mahendragarh,Nangal Chaudhary Integrated Multi-Modal Logistics Hub,27.98,76.13,27.98,76.13,verified_city,verified_city,exact,city,high,True,True,VALIDATED,False,Matched infrastructure site keyword in Mahendragarh
617727,Orvakal Industrial Area,Andhra Pradesh,Kurnool,Orvakal Mega Industrial Node & Kurnool-III PS,15.8281,78.0373,15.827925,78.036869,verified_city,verified_city,exact,city,high,True,True,VALIDATED,True,Matched infrastructure site keyword in Kurnool
617729,Kopparthy Industrial Area,Andhra Pradesh,YSR Kadapa,Kadapa Airport & Kopparthy Mega Industrial Node,14.4673,78.8242,14.467747,78.824257,verified_city,verified_city,exact,city,high,True,True,VALIDATED,True,Matched infrastructure site keyword in YSR Kadapa
701658,Krishnapatnam Node - Phase 1 - Roads and Services Development,Andhra Pradesh,Sri Potti Sriramulu Nellore,Krishnapatnam Port Node Phase-1,14.4426,79.9865,14.4426,79.9865,verified_city,verified_city,exact,city,high,True,True,VALIDATED,False,Matched infrastructure site keyword in Sri Potti Sriramulu Nellore
701657,Tumakuru Node - Phase 1 - Roads and Services Development,Karnataka,Tumakuru,Tumakuru Industrial Smart City (CBIC),13.3379,77.1006,13.3379,77.1006,verified_city,verified_city,exact,city,high,True,True,VALIDATED,False,Matched infrastructure site keyword in Tumakuru
701668,Development of Palakkad Node under extension of CBIC to Kochi,Kerala,Palakkad,"NICDC Palakkad Industrial Smart City Node, Pudussery",9.9816,76.2999,10.81,76.75,verified_city,verified_facility,exact,facility,high,True,True,VALIDATED,True,"Known verified facility (NICDC Palakkad Industrial Smart City Node, Pudussery)"
601812,Development of Zaheerabad Node under Hyderabad Nagpur Industrial Corridor,Telangana,Hyderabad,Hyderabad Metro & Urban Infrastructure,17.385,78.4867,17.385271,78.486324,verified_city,verified_city,exact,city,high,True,True,VALIDATED,True,Matched infrastructure site keyword in Hyderabad
707419,IMC at Prayagraj,Uttar Pradesh,Prayagraj,Jasra Bypass & Prayagraj Ring Road,25.4358,81.8463,25.4358,81.8463,verified_city,verified_city,exact,city,high,True,True,VALIDATED,False,Matched infrastructure site keyword in Prayagraj
615202,Capacity expansion of Deposit-14 and 14 NMZ at Kirandul,Chhattisgarh,Dantewada,Bailadila Iron Ore Mines NMDC,18.9,81.35,18.9,81.35,verified_city,verified_city,exact,facility,high,True,True,VALIDATED,False,Matched infrastructure site keyword in Dantewada
617243,Replacement of Hot Leveller No.1 of Plate Mill at Bhilai Steel Plant,Chhattisgarh,Durg,Bhilai Steel Plant & IIT Bhilai Campus (Kutelabhata),21.19,81.28,21.190175,81.280445,verified_city,verified_city,exact,facility,high,True,True,VALIDATED,True,Matched infrastructure site keyword in Durg
617255,"Replacement of Converter Vessels, Trunnion Rings, Support System & Installation of Secondary Emission at Bhilai Steel Plant",Chhattisgarh,Durg,Bhilai Steel Plant & IIT Bhilai Campus (Kutelabhata),21.19,81.28,21.190447,81.28006,verified_city,verified_city,exact,facility,high,True,True,VALIDATED,True,Matched infrastructure site keyword in Durg
617256,Rebuilding of Coke Oven Battery No.7 & 8 at Bhilai Steel Plant,Chhattisgarh,Durg,Bhilai Steel Plant & IIT Bhilai Campus (Kutelabhata),21.19,81.28,21.190271,81.279615,verified_city,verified_city,exact,facility,high,True,True,VALIDATED,True,Matched infrastructure site keyword in Durg
706811,NMDC Slurry Pipeline Project Phase-1,Chhattisgarh,Korba,Korba Infrastructure Hub,22.3595,82.7501,22.359947,82.75016,verified_district,verified_district,approximate,district,medium,True,True,APPROXIMATE,True,Preserved validated district location
709826,SCREENING PLANT-III AT KIRANDUL,Chhattisgarh,Dantewada,Bailadila Iron Ore Mines NMDC,18.9,81.35,18.900175,81.350438,verified_city,verified_city,exact,facility,high,True,True,VALIDATED,True,Matched infrastructure site keyword in Dantewada
400174,"New Sinter Plant at BSL, SAIL",Jharkhand,Bokaro,Bokaro Steel Plant (SAIL) Modernization,23.65,86.17,23.65,86.17,verified_facility,verified_facility,exact,facility,high,True,True,VALIDATED,False,Preserved validated district location
617249,Replacement of existing Grinders in CRM-I & II at Bokaro Steel Plant,Jharkhand,Bokaro,Bokaro Steel City & Konar / Karo Coalfields,23.6693,86.1511,23.669747,86.151161,verified_city,verified_city,exact,facility,high,True,True,VALIDATED,True,Matched infrastructure site keyword in Bokaro
617250,Secondary Emission Control in Converters of SMS-II at Bokaro Steel Plant,Jharkhand,Bokaro,Bokaro Steel City & Konar / Karo Coalfields,23.6693,86.1511,23.669571,86.150708,verified_city,verified_city,exact,facility,high,True,True,VALIDATED,True,Matched infrastructure site keyword in Bokaro
617253,Revamping of old sub-systems of Blast Furnace 3 at Bokaro Steel Plant,Jharkhand,Bokaro,Bokaro Steel City & Konar / Karo Coalfields,23.6693,86.1511,23.669125,86.150647,verified_city,verified_city,exact,facility,high,True,True,VALIDATED,True,Matched infrastructure site keyword in Bokaro
617254,Replacement of remaining 04 sets of Battery Cyclones with 04 Nos. of ESPs in Sinter Plant-1 at Bokaro Steel Plant,Jharkhand,Bokaro,Bokaro Steel City & Konar / Karo Coalfields,23.6693,86.1511,23.668853,86.151039,verified_city,verified_city,exact,facility,high,True,True,VALIDATED,True,Matched infrastructure site keyword in Bokaro
617257,Rebuilding of Coke Oven Battery No.6 at Bokaro Steel Plant,Jharkhand,Bokaro,Bokaro Steel City & Konar / Karo Coalfields,23.6693,86.1511,23.669029,86.151492,verified_city,verified_city,exact,facility,high,True,True,VALIDATED,True,Matched infrastructure site keyword in Bokaro
400121,"Construction of Screening Plant-II for Donimalai and Kumaraswamy Iron Ore Mining Complex of NMDC Limited at Ballari Dt, Karnataka.",Karnataka,Ballari,Ballari Steel & Solar Energy Park,15.1394,76.9214,15.1394,76.9214,verified_city,verified_city,exact,facility,high,True,True,VALIDATED,False,Matched infrastructure site keyword in Ballari
612781,Rebuilding of COB 4 at Durgapur Steel Plant,West Bengal,Paschim Bardhaman,"Raniganj Coalfields (Jhanjra, Sonepur Bazari, Parasea)",23.6889,86.9661,23.690158,86.966634,verified_city,verified_city,exact,facility,high,True,True,VALIDATED,True,Matched infrastructure site keyword in Paschim Bardhaman
617242,Installation of New Bar Mill at Durgapur Steel Plant,West Bengal,Paschim Bardhaman,"Raniganj Coalfields (Jhanjra, Sonepur Bazari, Parasea)",23.6889,86.9661,23.689953,86.965177,verified_city,verified_city,exact,facility,high,True,True,VALIDATED,True,Matched infrastructure site keyword in Paschim Bardhaman
617246,Up-gradation of Blast Furnace No. 3 at Durgapur Steel Plant,West Bengal,Paschim Bardhaman,"Raniganj Coalfields (Jhanjra, Sonepur Bazari, Parasea)",23.6889,86.9661,23.688695,86.964643,verified_city,verified_city,exact,facility,high,True,True,VALIDATED,True,Matched infrastructure site keyword in Paschim Bardhaman
617248,Third Ladle Furnace in Secondary Refinery Unit at IISCO Steel Plant,West Bengal,Paschim Bardhaman,"Raniganj Coalfields (Jhanjra, Sonepur Bazari, Parasea)",23.6889,86.9661,23.687642,86.965566,verified_district,verified_district,approximate,district,medium,True,True,APPROXIMATE,True,Preserved validated district location
617251,Revamping of Air Pollution Control Systems of SP-1 at Durgapur Steel Plant,West Bengal,Paschim Bardhaman,"Raniganj Coalfields (Jhanjra, Sonepur Bazari, Parasea)",23.6889,86.9661,23.687847,86.967023,verified_city,verified_city,exact,facility,high,True,True,VALIDATED,True,Matched infrastructure site keyword in Paschim Bardhaman
617338,Stamp Charge Battery No.12 Battery Proper at IISCO Steel Plant,West Bengal,Purulia,Raghunathpur Thermal Power Station Phase-II (DVC),23.49,86.68,23.490175,86.680452,verified_district,verified_district,approximate,district,medium,True,True,APPROXIMATE,True,Preserved validated district location
400298,Nadikudi - Srikalahasti New Line,Andhra Pradesh,Tirupati,Tirupati Airport & Srikalahasti Node,13.6288,79.4192,13.6288,79.4192,verified_city,verified_city,exact,city,high,True,True,VALIDATED,False,Matched infrastructure site keyword in Tirupati
611752,GOOTY-PENDEKALLU DOUBLING 29.225 Km,Andhra Pradesh,Ananthapuramu,Tadipatri Bypass NH-67 & Solar Energy Zone,15.8281,78.0373,14.6819,77.6006,verified_city,verified_city,exact,city,high,True,True,VALIDATED,True,Matched infrastructure site keyword in Ananthapuramu
611754,GUNTAKAL WEST-MALLAPPA GATE RAIL OVER RAIL - ROR TRACK,Andhra Pradesh,Ananthapuramu,Tadipatri Bypass NH-67 & Solar Energy Zone,14.6819,77.6006,14.682075,77.601028,verified_city,verified_city,exact,city,high,True,True,VALIDATED,True,Matched infrastructure site keyword in Ananthapuramu
611927,Kurnool - Setting up facilities for coach midlife rehabilitation workshop,Andhra Pradesh,Kurnool,Orvakal Mega Industrial Node & Kurnool-III PS,15.8281,78.0373,15.827653,78.037242,verified_city,verified_city,exact,city,high,True,True,VALIDATED,True,Matched infrastructure site keyword in Kurnool
612827,Flyover between Pendurthi and Simhachalam North to avoid surface crossing at Simhachalam 7.135 km PB 73 of 2023 24 NR,Andhra Pradesh,Visakhapatnam,Visakh Refinery (HPCL) & ESIC Sheelanagar,17.6868,83.2185,17.686625,83.218065,verified_city,verified_city,exact,city,high,True,True,VALIDATED,True,Matched infrastructure site keyword in Visakhapatnam
616697,3rd & 4th line between Vadlapudi -Gate Jn. cabin and Tie line between Gate Junction to Gangavaram port,Andhra Pradesh,Visakhapatnam,Visakh Refinery (HPCL) & ESIC Sheelanagar,17.6868,83.2185,17.686353,83.218442,verified_city,verified_city,exact,facility,high,True,True,VALIDATED,True,Matched infrastructure site keyword in Visakhapatnam
617210,Tiupati Katpadi 104.39 kms,Andhra Pradesh,Tirupati,Tirupati Airport & Srikalahasti Node,13.6288,79.4192,13.628975,79.419626,verified_city,verified_city,exact,city,high,True,True,VALIDATED,True,Matched infrastructure site keyword in Tirupati
617216,3rd Line between Gudur Renigunta 83.17 Km,Andhra Pradesh,Tirupati,Tirupati Airport & Srikalahasti Node,13.6288,79.4192,13.629247,79.419257,verified_city,verified_city,exact,city,high,True,True,VALIDATED,True,Matched infrastructure site keyword in Tirupati
705253,Kurnool Coach Midlife Rehabilitation Project,Andhra Pradesh,Kurnool,Orvakal Mega Industrial Node & Kurnool-III PS,15.8281,78.0373,15.827829,78.037673,verified_city,verified_city,exact,city,high,True,True,VALIDATED,True,Matched infrastructure site keyword in Kurnool
705436,Kotapalli - Narasapur New Line,Andhra Pradesh,West Godavari,Narasapur-Kotipalli Rail Link & Bhimavaram,16.5449,81.5212,16.5449,81.5212,verified_city,verified_city,exact,city,high,True,True,VALIDATED,False,Matched infrastructure site keyword in West Godavari
705633,Guntur-Guntakal Doubling Project,Andhra Pradesh,Ananthapuramu,Tadipatri Bypass NH-67 & Solar Energy Zone,14.6819,77.6006,14.682347,77.600657,verified_city,verified_city,exact,city,high,True,True,VALIDATED,True,Matched infrastructure site keyword in Ananthapuramu
705648,Vijaywada-Gudur 3rd Line,Andhra Pradesh,Sri Potti Sriramulu Nellore,Krishnapatnam Port Node Phase-1,14.4426,79.9865,14.442775,79.986928,verified_city,verified_city,exact,city,high,True,True,VALIDATED,True,Matched infrastructure site keyword in Sri Potti Sriramulu Nellore
618986,Furkating-New Tinsukia[194 Km],Assam,Tinsukia,"Digboi Refinery, Baghjan & Margherita Coalfields",27.4922,95.3468,27.492471,95.346395,verified_city,verified_city,exact,city,high,True,True,VALIDATED,True,Matched infrastructure site keyword in Tinsukia
705572,Doubling of New Bonggigaon to Kamakhya via Goalpara - 176 km,Assam,Goalpara,Goalpara Rail Doubling Corridor,26.18,90.62,26.18,90.62,verified_city,verified_city,exact,city,high,True,True,VALIDATED,False,Matched infrastructure site keyword in Goalpara
706922,Guwahati-Dibrugarh via Tinsukia & Simaluguri-Dibrugarh,Assam,Dibrugarh,Bogibeel Rail-cum-Road Bridge & BCPL Lepetkata,27.4728,94.912,27.4728,94.912,verified_city,verified_city,exact,city,high,True,True,VALIDATED,False,Matched infrastructure site keyword in Dibrugarh
706940,"Mariani-Jorhat, Tinsukia-Dangri and Makum -TirapTrack Electrification Project",Assam,Tinsukia,"Digboi Refinery, Baghjan & Margherita Coalfields",27.4922,95.3468,27.492025,95.346333,verified_city,verified_city,exact,city,high,True,True,VALIDATED,True,Matched infrastructure site keyword in Tinsukia
706942,Harmuty-Murkongselek Branch Line Electrification Project,Assam,Dhemaji,Bogibeel Bridge North Bank & Dhemaji,27.48,94.58,27.48,94.58,verified_city,verified_city,exact,city,high,True,True,VALIDATED,False,Matched infrastructure site keyword in Dhemaji
400254,Sakri -Hasanpur [via Harnagar - Kusheshwar Asthan] New Railway line,Bihar,Khagaria,Khagaria-Kusheshwar Asthan Rail Link,25.5033,86.4819,25.5033,86.4819,verified_city,verified_city,exact,city,high,True,True,VALIDATED,False,Matched infrastructure site keyword in Khagaria
617231,Construction of Bulb line at Nabinagar Ankorah of East Central Railway,Bihar,Aurangabad,Nabinagar Super Thermal Power Plant,24.7533,84.3739,24.753475,84.374356,verified_city,verified_city,exact,city,high,True,True,VALIDATED,True,Matched infrastructure site keyword in Aurangabad
617239,Doubling of Narkatiaganj Raxaul Sitamarhi Darbhanga & Sitamarhi Muzaffarpur 256 KM,Bihar,Sitamarhi,Raxaul - Sitamarhi - Darbhanga Doubling,27.0,84.3667,26.59,85.49,verified_city,verified_facility,exact,project_site,high,True,True,VALIDATED,True,Known verified facility (Raxaul - Sitamarhi - Darbhanga Doubling)
705364,Khagaria-Kusheshwar Asthan [42Km] new line project,Bihar,Khagaria,Khagaria-Kusheshwar Asthan Rail Link,25.5033,86.4819,25.503475,86.482359,verified_city,verified_city,exact,city,high,True,True,VALIDATED,True,Matched infrastructure site keyword in Khagaria
705366,Hajipur-Sagauli New line,Bihar,Vaishali,Hajipur Rail Zonal Headquarters,25.6858,85.2146,25.6858,85.2146,verified_city,verified_city,exact,city,high,True,True,VALIDATED,False,Matched infrastructure site keyword in Vaishali
705368,Araria Supaul New BG Line,Bihar,Supaul,Araria-Supaul Rail Line Project,26.1247,86.6047,26.1247,86.6047,verified_city,verified_city,exact,city,high,True,True,VALIDATED,False,Matched infrastructure site keyword in Supaul
705373,"Fatuha-Islampur incl. MM for extn.of NL from Neora to Daniawan , Daniawan to Biharsharif, Biharsharif to Barbigha , Barbigha to Shekhpura",Bihar,Sheikhpura,Sheikhpura Highway Node,25.1389,85.8611,25.1389,85.8611,verified_city,verified_city,exact,city,high,True,True,VALIDATED,False,Matched infrastructure site keyword in Sheikhpura
705450,Jogbani-Biratnagar New Rail Line project,Bihar,Araria,"Jogbani - Biratnagar Rail Link, Jogbani",25.66,85.11,26.3,87.27,verified_facility,verified_facility,exact,project_site,high,True,True,VALIDATED,True,"Known verified facility (Jogbani - Biratnagar Rail Link, Jogbani)"
705526,Samastipur-Darbhanga Doubling Railway Project,Bihar,Samastipur,Samastipur Rail Division & Highway,25.8628,85.7811,25.8628,85.7811,verified_city,verified_city,exact,city,high,True,True,VALIDATED,False,Matched infrastructure site keyword in Samastipur
705527,Sagauli-Valmiknagar,Bihar,Vaishali,Hajipur Rail Zonal Headquarters,25.6858,85.2146,25.685975,85.21506,verified_district,verified_district,approximate,district,medium,True,True,APPROXIMATE,True,Preserved validated district location
705528,Muzaffarpur-Sugauli,Bihar,Muzaffarpur,Kanti Power & 4-Lane Highway,26.1209,85.3647,26.121075,85.365162,verified_city,verified_city,exact,city,high,True,True,VALIDATED,True,Matched infrastructure site keyword in Muzaffarpur
706759,Rampur Dumra-Tal-Rajendrapul Additional Bridge and Railway Line Doubling,Bihar,Rohtas,Sasaram Dedicated Freight Corridor,24.95,84.03,24.95,84.03,verified_district,verified_district,approximate,district,medium,True,True,APPROXIMATE,False,Preserved validated district location
706860,Barauni-Bachwara [16 km] - 3rd & 4th line incl. Barauni yard remodelling [32 km],Bihar,Begusarai,Barauni Refinery & Fertilizer Complex,25.4184,86.1272,25.418847,86.127261,verified_city,verified_city,exact,city,high,True,True,VALIDATED,True,Matched infrastructure site keyword in Begusarai
900874,JHAJHA - BATIA,Bihar,Jamui,GMC Jamui & Rail Corridor,24.9214,86.2258,24.921575,86.226257,verified_city,verified_city,exact,city,high,True,True,VALIDATED,True,Matched infrastructure site keyword in Jamui
400220,Kharsia-Dharamjaygarh with Spur line [East Corridor-Phase 1],Chhattisgarh,Bilaspur,Bilaspur Infrastructure Hub,22.0797,82.1409,22.080147,82.14096,verified_district,verified_district,approximate,district,medium,True,True,APPROXIMATE,True,Preserved validated district location
400291,Doubling of Kirandul-Jagdalpur Line [150 km],Chhattisgarh,Bastar,NMDC Steel Plant Nagarnar Jagdalpur,19.07,82.03,19.07,82.03,verified_city,verified_city,exact,city,high,True,True,VALIDATED,False,Matched infrastructure site keyword in Bastar
602792,Gauge Conversion of Kendri-Dhamtari including Abhanpur - Rajim Branch line 67.20 Kms - 2nd Material Modification to Raipur Titlagarh doubling.,Chhattisgarh,Raipur,Swami Vivekananda Airport & Nava Raipur Smart City,21.2514,81.6296,21.2514,81.6296,verified_city,verified_city,exact,city,high,True,True,VALIDATED,False,Matched infrastructure site keyword in Raipur
612815,4th line between Nipania Bhatapara 14.4 Km,Chhattisgarh,Baloda Bazar,Baloda Bazar Cement Hub of India,21.66,81.98,21.66,81.98,verified_city,verified_city,exact,city,high,True,True,VALIDATED,False,Matched infrastructure site keyword in Baloda Bazar
617200,KHARSIA- NAYA RAIPUR-PARMALKASA 5th and 6th Line [278KM],Chhattisgarh,Raipur,Swami Vivekananda Airport & Nava Raipur Smart City,21.2514,81.6296,21.251575,81.630045,verified_city,verified_city,exact,city,high,True,True,VALIDATED,True,Matched infrastructure site keyword in Raipur
617374,"Dallirajhara - Rowghat New Rail Line Project, Phase-I",Chhattisgarh,Narayanpur,Rowghat Iron Ore Mining Rail Link,19.72,81.25,19.720175,81.25044,verified_city,verified_city,exact,city,high,True,True,VALIDATED,True,Matched infrastructure site keyword in Narayanpur
705433,Dallirajhra- Rowghat New Railway Line - Phase I [95 km],Chhattisgarh,Balod,Dalli Rajhara Iron Ore Mines,20.73,81.2,20.73,81.2,verified_city,verified_city,exact,city,high,True,True,VALIDATED,False,Matched infrastructure site keyword in Balod
705444,Gevra Road-Pendra Road New Railway Line [135 km],Chhattisgarh,Gaurela-Pendra-Marwahi,Pendra Road Rail Link & Anuppur Border,22.75,81.9,22.75,81.9,verified_city,verified_city,exact,city,high,True,True,VALIDATED,False,Matched infrastructure site keyword in Gaurela-Pendra-Marwahi
706854,Boridand - Ambikapur Doubling Line Project,Chhattisgarh,Raipur,Raipur Infrastructure Hub,21.2514,81.6296,21.251847,81.62966,verified_district,verified_district,approximate,district,medium,True,True,APPROXIMATE,True,Preserved validated district location
709815,4TH LINE - BHATAPARA-HATHBAND [8.8 KM] [PB-72/NR/2022-23],Chhattisgarh,Baloda Bazar,Baloda Bazar Cement Hub of India,21.66,81.98,21.660175,81.980446,verified_city,verified_city,exact,city,high,True,True,VALIDATED,True,Matched infrastructure site keyword in Baloda Bazar
709816,4TH LINE - BHILAI-BHILAI NAGAR [8.8 KM] [PB-72/NR/2022-23],Chhattisgarh,Durg,Bhilai Steel Plant & IIT Bhilai Campus (Kutelabhata),21.19,81.28,21.189825,81.279555,verified_city,verified_city,exact,city,high,True,True,VALIDATED,True,Matched infrastructure site keyword in Durg
709817,4TH LINE - DADHAPARA-BELHA [9.2 KM] [PB-72/NR/2022-23],Chhattisgarh,Durg,Durg Infrastructure Hub,21.1904,81.2849,21.1904,81.2849,verified_district,verified_district,approximate,district,medium,True,True,APPROXIMATE,False,Preserved validated district location
709818,4TH LINE RAJNANDGAON-DONGARHGARH [31.2 KM] [PB-72/NR/2022-23],Chhattisgarh,Rajnandgaon,Rajnandgaon Solar & Industrial Corridor,21.1,81.03,21.1,81.03,verified_city,verified_city,exact,city,high,True,True,VALIDATED,False,Matched infrastructure site keyword in Rajnandgaon
709819,3RD AND 4TH LINE - SARAGBUNDIA AND MADWARANI,Chhattisgarh,Raipur,Raipur Infrastructure Hub,21.2514,81.6296,21.251671,81.629215,verified_district,verified_district,approximate,district,medium,True,True,APPROXIMATE,True,Preserved validated district location
613785,Redevelopment of New Delhi Railway Station and construction of associated infrastructure,Delhi,New Delhi,Central Vista Executive Enclave & Ministries,28.6139,77.209,28.613453,77.208937,verified_city,verified_city,exact,city,high,True,True,VALIDATED,True,Matched infrastructure site keyword in New Delhi
617379,Development of New Bijwasan Railway Terminal,Delhi,South West Delhi,"Dwarka Expressway, UER-II & IGI Airport Terminal",28.58,77.05,28.58,77.05,verified_city,verified_city,exact,city,high,True,True,VALIDATED,False,Matched infrastructure site keyword in South West Delhi
705583,Anand Vihar-Tilak Bridge 3rd & 4th line,Delhi,East Delhi,East Delhi RRTS & Multi-Modal Hub,28.6279,77.2954,28.6279,77.2954,verified_city,verified_city,exact,city,high,True,True,VALIDATED,False,Matched infrastructure site keyword in East Delhi
706865,Chandargaon - Cansaulium Rail Flyover Project [16 Km],Goa,North Goa,North Goa Infrastructure Hub,15.55,73.85,15.55,73.85,verified_district,verified_district,approximate,district,medium,True,True,APPROXIMATE,False,Preserved validated district location
611918,Kosamba Umarpada 70 Km,Gujarat,Surat,Hazira Petrochem & Surat Metro,21.1702,72.8311,21.170025,72.830656,verified_city,verified_city,exact,city,high,True,True,VALIDATED,True,Matched infrastructure site keyword in Surat
611943,New Broad Gauge line between Naliya to Jakhau Port,Gujarat,Kutch,Kandla Port & Khavda 30 GW Park,23.25,69.67,23.251258,69.670532,verified_city,verified_city,exact,facility,high,True,True,VALIDATED,True,Matched infrastructure site keyword in Kutch
611945,Petlad Bhadran 23 Kms,Gujarat,Anand,Anand Milk City & Petlad Rail Corridor,22.5645,72.9289,22.5645,72.9289,verified_city,verified_city,exact,city,high,True,True,VALIDATED,False,Matched infrastructure site keyword in Anand
611970,Samlaya Timba Road 54 km,Gujarat,Panchmahal,Godhra & Halol Industrial Corridor,22.7758,73.6149,22.775975,73.61535,verified_city,verified_city,exact,city,high,True,True,VALIDATED,True,Matched infrastructure site keyword in Panchmahal
611971,Samni Jambusar 24 km,Gujarat,Bharuch,Dahej PCPIR Petrochemical SEZ,21.7051,72.9959,21.705275,72.996346,verified_city,verified_city,exact,city,high,True,True,VALIDATED,True,Matched infrastructure site keyword in Bharuch
611974,Western Railway Samakhiali Gandhidham Quadrupiling 53 Kms,Gujarat,Kutch,Kandla Port & Khavda 30 GW Park,23.25,69.67,23.251053,69.66908,verified_city,verified_city,exact,city,high,True,True,VALIDATED,True,Matched infrastructure site keyword in Kutch
611977,Dahod Creation of Infrastructure facilities for 9000 HP Electric locomotives Manufacturing at,Gujarat,Dahod,Dahod Locomotive & Greenfield Alignment,22.8378,74.253,22.8378,74.253,verified_city,verified_city,exact,city,high,True,True,VALIDATED,False,Matched infrastructure site keyword in Dahod
611978,Dahod Rolling Stock Workshop Provision of Infrastructure for CBS at,Gujarat,Dahod,Dahod Locomotive & Greenfield Alignment,22.8378,74.253,22.837975,74.25345,verified_city,verified_city,exact,city,high,True,True,VALIDATED,True,Matched infrastructure site keyword in Dahod
611979,Sabarmati Setting up of Maintenance Facilities for Train Sets Phase ii,Gujarat,Ahmedabad,Dholera Smart City & Expressway,22.25,72.19,22.250646,72.190677,verified_city,verified_city,exact,city,high,True,True,VALIDATED,True,Matched infrastructure site keyword in Ahmedabad
612072,4th LINE BETWEEN BAREJADI NANDEJ-SANAND-AHMEDABAD BYPASS,Gujarat,Ahmedabad,Dholera Smart City & Expressway,22.25,72.19,22.250866,72.189735,verified_city,verified_city,exact,city,high,True,True,VALIDATED,True,Matched infrastructure site keyword in Ahmedabad
613786,"Redevelopment of Ahmedabad railway station and associated infrastructure on engineering, procurement and construction mode",Gujarat,Ahmedabad,Dholera Smart City & Expressway,22.25,72.19,22.25022,72.189057,verified_city,verified_city,exact,city,high,True,True,VALIDATED,True,Matched infrastructure site keyword in Ahmedabad
616983,Kosamba Umarpada GC PROJECT,Gujarat,Surat,Hazira Petrochem & Surat Metro,21.1702,72.8311,21.169753,72.831041,verified_city,verified_city,exact,city,high,True,True,VALIDATED,True,Matched infrastructure site keyword in Surat
617880,Desalpar-Hajipir-Luna and Vayor-Lakhpat New Line,Gujarat,Kutch,Kandla Port & Khavda 30 GW Park,23.25,69.67,23.249795,69.668548,verified_city,verified_city,exact,city,high,True,True,VALIDATED,True,Matched infrastructure site keyword in Kutch
618972,Devbhumi Dwarka [Okha] - Kanalus Doubling,Gujarat,Devbhumi Dwarka,Jam Khambhaliya PS & Dwarka Port,22.2442,68.9685,22.244375,68.968948,verified_city,verified_city,exact,city,high,True,True,VALIDATED,True,Matched infrastructure site keyword in Devbhumi Dwarka
705458,Miyagam-Karjan-Dabhoi-Samlaya [GC],Gujarat,Vadodara,Koyali Refinery & Bullet Train Depot,22.3072,73.1812,22.307375,73.181648,verified_city,verified_city,exact,city,high,True,True,VALIDATED,True,Matched infrastructure site keyword in Vadodara
706757,Modasa-Shamlaji Road Railway Line Project,Gujarat,Aravalli,Modasa & Shamlaji Rail Corridor,23.5419,73.1706,23.5419,73.1706,verified_city,verified_city,exact,city,high,True,True,VALIDATED,False,Matched infrastructure site keyword in Aravalli
706763,Rajkot - Kanalus Doubling Project [111.2 Kms],Gujarat,Rajkot,Hirasar International Airport & AIIMS,22.3039,70.8022,22.304075,70.802648,verified_city,verified_city,exact,city,high,True,True,VALIDATED,True,Matched infrastructure site keyword in Rajkot
709812,NADIAD-PETLAD [37.26 KM],Gujarat,Anand,Anand Milk City & Petlad Rail Corridor,22.5645,72.9289,22.564675,72.929349,verified_city,verified_city,exact,city,high,True,True,VALIDATED,True,Matched infrastructure site keyword in Anand
709813,NEW BG LINE INTERSECTION [5 NOS] BETWEEN GERATPUR-SANAND & BOTAD-AHMEDABAD [16.51 KM],Gujarat,Ahmedabad,Dholera Smart City & Expressway,22.25,72.19,22.249354,72.189323,verified_city,verified_city,exact,city,high,True,True,VALIDATED,True,Matched infrastructure site keyword in Ahmedabad
611884,Bhiwani - Dobh Bahali Doubling Project [42.30 Km],Haryana,Bhiwani,Bhiwani Rail & Highway Junction,28.7833,76.1333,28.7833,76.1333,verified_city,verified_city,exact,city,high,True,True,VALIDATED,False,Matched infrastructure site keyword in Bhiwani
617372,Doubling between Pradhankunta-Patherih-Bhojudih of East Central Railway,Jharkhand,Ranchi,Hatia Railway Yard & Line Doubling,23.3,85.29,23.3,85.29,verified_facility,verified_facility,exact,facility,high,True,True,VALIDATED,False,Preserved validated district location
617832,Koderma-Arigada Doubling 133.38 Km of East Central Railway,Jharkhand,Koderma,Koderma Thermal Power Station & Rail Junction,24.47,85.59,24.470447,85.590061,verified_city,verified_city,exact,city,high,True,True,VALIDATED,True,Matched infrastructure site keyword in Koderma
705747,Parasnath-Madhuban-Giridih new line,Jharkhand,Giridih,Giridih Coal Mining & Parasnath Node,24.18,86.3,24.18,86.3,verified_city,verified_city,exact,city,high,True,True,VALIDATED,False,Matched infrastructure site keyword in Giridih
705765,Gomoh - Flyover for DN trains,Jharkhand,Bokaro,Bokaro Infrastructure Hub,23.6693,86.1511,23.669946,86.151785,verified_district,verified_district,approximate,district,medium,True,True,APPROXIMATE,True,Preserved validated district location
705785,Lodhma - Piska - Link Line bypassing Hatia/Ranchi with Y connection,Jharkhand,Ranchi,Ranchi Smart City & Core Infrastructure,23.3441,85.3096,23.343925,85.309149,verified_city,verified_city,exact,city,high,True,True,VALIDATED,True,Matched infrastructure site keyword in Ranchi
706837,Pradhan Kuntha Jn Line Doubling Project,Jharkhand,Ranchi,Hatia Railway Yard & Line Doubling,23.3,85.29,23.300175,85.290451,verified_facility,verified_facility,exact,facility,high,True,True,VALIDATED,True,Preserved validated district location
400023,Construction of New BG line between Hassan to Belur [27 Km],Karnataka,Hassan,Hassan Industrial Corridor & Yettinahole,13.0033,76.1004,13.0033,76.1004,verified_city,verified_city,exact,city,high,True,True,VALIDATED,False,Matched infrastructure site keyword in Hassan
703585,Yeshvanthpur - Channasandra Doubling Project [21.70 Km],Karnataka,Bengaluru Rural,Bengaluru Rural Logistics Corridor,13.23,77.57,13.23,77.57,verified_district,verified_district,approximate,district,medium,True,True,APPROXIMATE,False,Preserved validated district location
705434,New Railway Line between Ginigera and Raichur [165.57 km],Karnataka,Raichur,Raichur Thermal Power & Mining Hub,16.2076,77.3463,16.2076,77.3463,verified_city,verified_city,exact,city,high,True,True,VALIDATED,False,Matched infrastructure site keyword in Raichur
705464,Bangalore-Satyamanglam New Line Project [260 Km] - Part Hejjala - Chamarajanagar [142 Km],Karnataka,Chamarajanagar,Chamarajanagar Border Corridor,11.9261,76.9437,11.9261,76.9437,verified_city,verified_city,exact,city,high,True,True,VALIDATED,False,Matched infrastructure site keyword in Chamarajanagar
705490,Gadag-Wadi New Railway Line [257 km],Karnataka,Gadag,Gadag Wind-Solar Hybrid Corridor,15.4319,75.6355,15.4319,75.6355,verified_city,verified_city,exact,city,high,True,True,VALIDATED,False,Matched infrastructure site keyword in Gadag
705492,Kadur - Chickamagalur - Sakleshpur [93km],Karnataka,Hassan,Hassan Industrial Corridor & Yettinahole,13.0033,76.1004,13.003475,76.100825,verified_city,verified_city,exact,city,high,True,True,VALIDATED,True,Matched infrastructure site keyword in Hassan
705493,Hubli-Ankola New Line Project [164.44 km],Karnataka,Uttara Kannada,Karwar Naval Base & Port Node,14.8185,74.1416,14.8185,74.1416,verified_city,verified_city,exact,city,high,True,True,VALIDATED,False,Matched infrastructure site keyword in Uttara Kannada
705495,Bagalkot-Kudachi New Railway Line [142 km],Karnataka,Bagalkot,Bagalkot Upper Krishna Project Hub,16.1691,75.6615,16.1691,75.6615,verified_city,verified_city,exact,city,high,True,True,VALIDATED,False,Matched infrastructure site keyword in Bagalkot
705496,Tumkur-Chitradurga-Davangere New Rail Line Project [191 km],Karnataka,Chitradurga,Chitradurga Renewable Power Evacuation,14.2251,76.4019,14.225275,76.402328,verified_city,verified_city,exact,city,high,True,True,VALIDATED,True,Matched infrastructure site keyword in Chitradurga
705663,Bangalore-Whitefield-Bangalore City-Krishnarajapuram [23.08 km] - Quadrupling,Karnataka,Bengaluru Urban,Bengaluru Metro & Tech Hub,12.9716,77.5946,12.972246,77.595243,verified_city,verified_city,exact,city,high,True,True,VALIDATED,True,Matched infrastructure site keyword in Bengaluru Urban
705761,SHIMOGA - SHIKARIPURA - RANEBENNUR [96 Km],Karnataka,Shivamogga,Shivamogga Airport & Rail Infrastructure,13.9299,75.5681,13.9299,75.5681,verified_city,verified_city,exact,city,high,True,True,VALIDATED,False,Matched infrastructure site keyword in Shivamogga
705762,Construction of New BG line between Hassan [Alur] to Belur [ Km 27.34],Karnataka,Hassan,Hassan Industrial Corridor & Yettinahole,13.0033,76.1004,13.003747,76.100457,verified_city,verified_city,exact,city,high,True,True,VALIDATED,True,Matched infrastructure site keyword in Hassan
705941,Bangalore Suburban Railway Project,Karnataka,Bengaluru Urban,Bengaluru Metro & Tech Hub,12.9716,77.5946,12.972466,77.594348,verified_city,verified_city,exact,city,high,True,True,VALIDATED,True,Matched infrastructure site keyword in Bengaluru Urban
706835,Belgaum-Dharwad via Kittur [73.10Km],Karnataka,Dharwad,Hubballi-Dharwad Twin City & Airport,15.3647,75.124,15.3647,75.124,verified_city,verified_city,exact,city,high,True,True,VALIDATED,False,Matched infrastructure site keyword in Dharwad
705638,Kumbalam-Turavur doubling project [15.59 Km],Kerala,Thiruvananthapuram,Thiruvananthapuram Infrastructure Hub,8.5241,76.9366,8.5241,76.9366,verified_district,verified_district,approximate,district,medium,True,True,APPROXIMATE,False,Preserved validated district location
705639,Ernakulam-Kumbalam doubling project [7.71 Km],Kerala,Ernakulam,Kochi Metro Phase 2 & BPCL Kochi Refinery (MSVI),9.9816,76.2999,9.982047,76.299956,verified_city,verified_city,exact,city,high,True,True,VALIDATED,True,Matched infrastructure site keyword in Ernakulam
705480,"Lalitpur-Satna, Rewa-Singrauli & Mahoba-Khajuraho",Madhya Pradesh,Singrauli,"Nigahi, Jayant & Block-B Coal Mega Hub",24.1997,82.6647,24.199429,82.665094,verified_city,verified_city,exact,city,high,True,True,VALIDATED,True,Matched infrastructure site keyword in Singrauli
705659,Satna-Rewa Railway Line Doubling Project,Madhya Pradesh,Satna,Satna Cement Cluster & Smart City,24.58,80.83,24.580175,80.830456,verified_city,verified_city,exact,city,high,True,True,VALIDATED,True,Matched infrastructure site keyword in Satna
705660,Doubling of Katni - Singrauli Railway Line [261 km],Madhya Pradesh,Singrauli,"Nigahi, Jayant & Block-B Coal Mega Hub",24.1997,82.6647,24.200346,82.665387,verified_city,verified_city,exact,city,high,True,True,VALIDATED,True,Matched infrastructure site keyword in Singrauli
705661,Katni Grade Separator/Bye Pass,Madhya Pradesh,Katni,Katni Rail Grade Separator Hub,23.8343,80.3957,23.8343,80.3957,verified_city,verified_city,exact,city,high,True,True,VALIDATED,False,Matched infrastructure site keyword in Katni
705763,Indore - Budni New Railway Line [198 kms],Madhya Pradesh,Indore,Indore Metro Rail Corridor & Pithampur,22.7196,75.8577,22.719871,75.857311,verified_city,verified_city,exact,city,high,True,True,VALIDATED,True,Matched infrastructure site keyword in Indore
705933,Nimach-Ratlam Doubling [133 Km],Madhya Pradesh,Ratlam,Ratlam Railway Junction & DFC,23.3315,75.0367,23.3315,75.0367,verified_city,verified_city,exact,city,high,True,True,VALIDATED,False,Matched infrastructure site keyword in Ratlam
400019,DHULE [BORVIHIR] - NARDANA NEW LINE [50.60 KMS],Maharashtra,Dhule,Dhule-Nardana DMIC Corridor,20.9042,74.7749,20.9042,74.7749,verified_city,verified_city,exact,city,high,True,True,VALIDATED,False,Matched infrastructure site keyword in Dhule
400271,Wardha-Nanded Via Yavatmal New BG Line,Maharashtra,Yavatmal,Yavatmal WCL Mining Corridor,20.3888,78.1204,20.388975,78.120842,verified_city,verified_city,exact,city,high,True,True,VALIDATED,True,Matched infrastructure site keyword in Yavatmal
611751,AURANGABAD-ANKAI - DOUBLING PROJECT 98.25 Km,Maharashtra,Chhatrapati Sambhajinagar,Shendra-Bidkin DMIC Node,19.8762,75.3433,19.876647,75.343359,verified_city,verified_city,exact,city,high,True,True,VALIDATED,True,Matched infrastructure site keyword in Chhatrapati Sambhajinagar
612845,Gauge Conversion of Pachora-Jamner with Extension upto Malkapur [Bodwad] [84.34 Kms],Maharashtra,Buldhana,Malkapur & Bodwad Rail Link,20.5311,76.1839,20.5311,76.1839,verified_city,verified_city,exact,city,high,True,True,VALIDATED,False,Matched infrastructure site keyword in Buldhana
613015,Redevelopment of Chhatrapati Shivaji Maharaj Terminus [CSMT] and construction of associated infrastructure,Maharashtra,Mumbai City,"Chhatrapati Shivaji Maharaj Terminus [CSMT] Complex, Fort",18.9388,72.8354,18.94,72.8353,verified_city,verified_facility,exact,project_site,high,True,True,VALIDATED,True,"Known verified facility (Chhatrapati Shivaji Maharaj Terminus [CSMT] Complex, Fort)"
617201,Gondia-Balharshah [Chanda Fort] Doubling [240 Km],Maharashtra,Chandrapur,Gondia - Balharshah [Chanda Fort] Railway Doubling,21.4624,80.221,19.95,79.3,verified_city,verified_facility,exact,project_site,high,True,True,VALIDATED,True,Known verified facility (Gondia - Balharshah [Chanda Fort] Railway Doubling)
617215,Doubling between Parbhani Parli Vaijanath stations 64.71 Km,Maharashtra,Parbhani,Parbhani - Parli Vaijanath Line Doubling,18.9897,75.76,19.26,76.77,verified_city,verified_facility,exact,project_site,high,True,True,VALIDATED,True,Known verified facility (Parbhani - Parli Vaijanath Line Doubling)
617361,Babupeth - Sasti New Rail Line [13.114 KMs],Maharashtra,Chandrapur,"Bhatadi, Sasti & Yekona Coalfields",19.9615,79.2961,19.962366,79.295839,verified_city,verified_city,exact,city,high,True,True,VALIDATED,True,Matched infrastructure site keyword in Chandrapur
617364,Double Chord line Between Nilaje-Kopar,Maharashtra,Dhule,Dhule-Nardana DMIC Corridor,20.9042,74.7749,20.904375,74.775344,verified_district,verified_district,approximate,district,medium,True,True,APPROXIMATE,True,Preserved validated district location
705356,Ahmednagar - Beed - Parli - Vaijnath New Broad Gauge Line Railway Project [261.3 km],Maharashtra,Beed,Parli Vaijanath & Beed Rail Corridor,18.9897,75.76,18.989875,75.760438,verified_city,verified_city,exact,city,high,True,True,VALIDATED,True,Matched infrastructure site keyword in Beed
705357,Baramati Lonand New Line Project,Maharashtra,Yavatmal,Yavatmal WCL Mining Corridor,20.3888,78.1204,20.389247,78.120459,verified_district,verified_district,approximate,district,medium,True,True,APPROXIMATE,True,Preserved validated district location
705479,Wadsa-Gadchiroli,Maharashtra,Gadchiroli,Surjagarh Iron Ore Mining & Corridor,20.1844,80.0028,20.1844,80.0028,verified_city,verified_city,exact,city,high,True,True,VALIDATED,False,Matched infrastructure site keyword in Gadchiroli
705497,Wardha - Yavatmal Nanded Railway Line Project,Maharashtra,Yavatmal,Yavatmal WCL Mining Corridor,20.3888,78.1204,20.389071,78.120017,verified_city,verified_city,exact,city,high,True,True,VALIDATED,True,Matched infrastructure site keyword in Yavatmal
705498,3rd Line Kalyan - Kasara [67.35 Kilometres],Maharashtra,Thane,Kalyan-Bhiwandi Logistics Hub,19.2183,72.9781,19.217853,72.978041,verified_city,verified_city,exact,city,high,True,True,VALIDATED,True,Matched infrastructure site keyword in Thane
705500,3rd Line Wardha - Sewagram - Nagpur,Maharashtra,Wardha,Wardha Sevagram Junction,20.7453,78.6022,20.7453,78.6022,verified_city,verified_city,exact,city,high,True,True,VALIDATED,False,Matched infrastructure site keyword in Wardha
705502,3rd Line Wardha - Ballarshah [132 Kilometres],Maharashtra,Wardha,Wardha Sevagram Junction,20.7453,78.6022,20.745475,78.602643,verified_city,verified_city,exact,city,high,True,True,VALIDATED,True,Matched infrastructure site keyword in Wardha
705504,Doubling of Daund Manmad Line [247.6 km],Maharashtra,Gondia,Gondia Tiroda Thermal,21.4624,80.221,21.4624,80.221,verified_district,verified_district,approximate,district,medium,True,True,APPROXIMATE,False,Preserved validated district location
705505,4th Line Wardha - Nagpur [78.7 Kilometres],Maharashtra,Nagpur,Saoner & Makardhokra Coal & MIHAN SEZ,21.1458,79.0882,21.145154,79.087528,verified_city,verified_city,exact,city,high,True,True,VALIDATED,True,Matched infrastructure site keyword in Nagpur
705506,3rd Line Manmad - Jalgaon [160 Kilometres],Maharashtra,Jalgaon,Jalgaon Bhusawal Hub,21.0077,75.5626,21.0077,75.5626,verified_city,verified_city,exact,city,high,True,True,VALIDATED,False,Matched infrastructure site keyword in Jalgaon
705735,Solapur-tuljapur-Osmanabad,Maharashtra,Dharashiv,Solapur - Tuljapur - Dharashiv Rail Line,18.1856,76.0419,18.01,76.07,verified_city,verified_facility,exact,project_site,high,True,True,VALIDATED,True,Known verified facility (Solapur - Tuljapur - Dharashiv Rail Line)
705799,Nagpur- Nagbhir Railway Line Gauge Conversion Project,Maharashtra,Nagpur,Saoner & Makardhokra Coal & MIHAN SEZ,21.1458,79.0882,21.144934,79.088463,verified_city,verified_city,exact,city,high,True,True,VALIDATED,True,Matched infrastructure site keyword in Nagpur
706779,Mumbai Urban Transport Project [MUTP] - PHASE II,Maharashtra,Mumbai Suburban,"MUTP-II Kurla-CST 5th & 6th Rail Corridor, Kurla",18.9388,72.8354,19.066,72.879,verified_city,verified_facility,exact,project_site,high,True,True,VALIDATED,True,"Known verified facility (MUTP-II Kurla-CST 5th & 6th Rail Corridor, Kurla)"
706780,Mumbai Urban Transport Project [MUTP] Phase-IIIA,Maharashtra,Thane,"MUTP-3A Suburban Rail Expansion, Diva-Kalyan",18.9388,72.8354,19.2,73.0,verified_city,verified_facility,exact,project_site,high,True,True,VALIDATED,True,"Known verified facility (MUTP-3A Suburban Rail Expansion, Diva-Kalyan)"
706781,Mumbai Urban Transport Project Phase-III,Maharashtra,Palghar,"MUTP-3 Quadrupling Corridor, Virar-Palghar-Dahanu",18.9388,72.8354,19.55,72.8,verified_city,verified_facility,exact,project_site,high,True,True,VALIDATED,True,"Known verified facility (MUTP-3 Quadrupling Corridor, Virar-Palghar-Dahanu)"
705391,Jiribam-Imphal new line project,Manipur,Tamenglong,Jiribam-Imphal Railway Line & Makru Bridge,24.98,93.49,24.98,93.49,verified_city,verified_city,exact,city,high,True,True,VALIDATED,False,Matched infrastructure site keyword in Tamenglong
705396,Byrnihat-Shillong New Rail Line- 108 km,Meghalaya,East Khasi Hills,Shillong Airport (Umroi) & NEIGRIHMS,25.5788,91.8933,25.579247,91.893362,verified_city,verified_city,exact,city,high,True,True,VALIDATED,True,Matched infrastructure site keyword in East Khasi Hills
705491,Marikuppam - Kuppam New Line Project [23.70 Km],"Multi-States (Andhra Pradesh, Karnataka)",Chittoor,Chittoor Industrial Cluster & NH-69,13.2172,79.1003,13.2172,79.1003,verified_city,verified_city,exact,city,high,True,True,VALIDATED,False,Matched infrastructure site keyword in Chittoor
705494,Rayadurg-Tumkur via Kalyandurg New Line [207 km],"Multi-States (Andhra Pradesh, Karnataka)",Ananthapuramu,Tadipatri Bypass NH-67 & Solar Energy Zone,14.6819,77.6006,14.682171,77.600229,verified_city,verified_city,exact,city,high,True,True,VALIDATED,True,Matched infrastructure site keyword in Ananthapuramu
705610,"Renigunta, Wadi & Gooty Bypass Railway Project","Multi-States (Andhra Pradesh, Karnataka)",Tirupati,Tirupati Airport & Srikalahasti Node,13.6288,79.4192,13.629071,79.418831,verified_city,verified_city,exact,city,high,True,True,VALIDATED,True,Matched infrastructure site keyword in Tirupati
617212,Doubling between Mudkhed Medchal & Mahbubnagar Dhone section 417.88 Km,"Multi-States (Andhra Pradesh, Maharashtra, Telangana)",Nanded,Nanded Express Corridor,19.1383,77.321,19.1383,77.321,verified_city,verified_city,exact,city,high,True,True,VALIDATED,False,Matched infrastructure site keyword in Nanded
400253,Vizianagaram - Titlagarh 3rd line [272 Km including By - pass line of 7.68 KM],"Multi-States (Andhra Pradesh, Odisha)",Vizianagaram,Bhogapuram International Airport Node,18.1124,83.3956,18.1124,83.3956,verified_city,verified_city,exact,city,high,True,True,VALIDATED,False,Matched infrastructure site keyword in Vizianagaram
705512,Doubling of Kottavalasa-Koraput Rail Line [189 KM],"Multi-States (Andhra Pradesh, Odisha)",Koraput,NALCO Alumina Refinery & Pottangi Bauxite Mines,18.8135,82.7123,18.8135,82.7123,verified_city,verified_city,exact,city,high,True,True,VALIDATED,False,Matched infrastructure site keyword in Koraput
400275,Tindivanam-Nagari New Line Project [184.5 km],"Multi-States (Andhra Pradesh, Tamil Nadu)",Viluppuram,Viluppuram Railway Junction & Highway,11.9401,79.4861,11.9401,79.4861,verified_city,verified_city,exact,city,high,True,True,VALIDATED,False,Matched infrastructure site keyword in Viluppuram
616857,Doubling between Motumari Vishnupuram - 88.81 Km and Rail over Rail - RoR at Motumari - 10.877 Km,"Multi-States (Andhra Pradesh, Telangana)",Nalgonda,Motumari - Vishnupuram Rail Line Doubling,22.5937,78.9629,16.85,79.62,verified_state,verified_facility,exact,project_site,high,True,True,VALIDATED,True,Known verified facility (Motumari - Vishnupuram Rail Line Doubling)
617211,Doubling of Guntur Bibinagar 239 Km,"Multi-States (Andhra Pradesh, Telangana)",Yadadri Bhuvanagiri,AIIMS Bibinagar & Malkapur ATF Pipeline,17.4728,78.7894,17.472975,78.789835,verified_city,verified_city,exact,city,high,True,True,VALIDATED,True,Matched infrastructure site keyword in Yadadri Bhuvanagiri
617214,Rail Connectivity to Errupalem Amravati Namburu 57 Km,"Multi-States (Andhra Pradesh, Telangana)",Guntur,Errupalem - Amaravati - Namburu Rail Link,22.5937,78.9629,16.51,80.52,verified_state,verified_facility,exact,project_site,high,True,True,VALIDATED,True,Known verified facility (Errupalem - Amaravati - Namburu Rail Link)
705612,Kazipet-Vijayawada 3rd line with electrification [220 km],"Multi-States (Andhra Pradesh, Telangana)",NTR,Vijayawada International Airport & Rail Hub,16.5062,80.648,16.5062,80.648,verified_city,verified_city,exact,city,high,True,True,VALIDATED,False,Matched infrastructure site keyword in NTR
705632,Vijayawada - Kazipet Byepass line,"Multi-States (Andhra Pradesh, Telangana)",NTR,Vijayawada International Airport & Rail Hub,16.5062,80.648,16.506375,80.648432,verified_city,verified_city,exact,city,high,True,True,VALIDATED,True,Matched infrastructure site keyword in NTR
705401,Murkongselek-Pasighat,"Multi-States (Arunachal Pradesh, Assam)",Dhemaji,Bogibeel Bridge North Bank & Dhemaji,27.48,94.58,27.480175,94.580467,verified_city,verified_city,exact,city,high,True,True,VALIDATED,True,Matched infrastructure site keyword in Dhemaji
705394,Tetlia-Byrnihat New Railway Line,"Multi-States (Assam, Meghalaya)",Ri-Bhoi,Nongpoh & Byrnihat Industrial Corridor,25.9,91.88,25.9,91.88,verified_city,verified_city,exact,city,high,True,True,VALIDATED,False,Matched infrastructure site keyword in Ri-Bhoi
616701,Lumding Furkating Doubling Project 140 km,"Multi-States (Assam, Nagaland)",Hojai,Lumding Railway Division & Hojai,26.0,92.85,26.0,92.85,verified_city,verified_city,exact,city,high,True,True,VALIDATED,False,Matched infrastructure site keyword in Hojai
705392,Dimapur [Dhansiri]-Sukhobi Kohima [Zubza] NL [82.5 Km],"Multi-States (Assam, Nagaland)",Dimapur,Dimapur Airport & Dimapur-Kohima Rail Link,25.9068,93.7271,25.906975,93.727561,verified_city,verified_city,exact,city,high,True,True,VALIDATED,True,Matched infrastructure site keyword in Dimapur
705794,New Delhi- Howrah Speed Booster[160Kmph] Project,"Multi-States (Bihar, Delhi, Jharkhand, Uttar Pradesh, West Bengal)",New Delhi,Central Vista Executive Enclave & Ministries,28.6139,77.209,28.613629,77.209409,verified_city,verified_city,exact,city,high,True,True,VALIDATED,True,Matched infrastructure site keyword in New Delhi
616699,Multi tracking of Son Nagar-Andal 374.53 rkm & 814.38 tkm,"Multi-States (Bihar, Jharkhand)",Aurangabad,Son Nagar - Andal Multi-Tracking Rail Corridor,22.5937,78.9629,24.75,84.18,verified_state,verified_facility,exact,project_site,high,True,True,VALIDATED,True,Known verified facility (Son Nagar - Andal Multi-Tracking Rail Corridor)
705375,Koderma-Tilaiya New Line,"Multi-States (Bihar, Jharkhand)",Koderma,Koderma Thermal Power Station & Rail Junction,24.47,85.59,24.470271,85.589606,verified_city,verified_city,exact,city,high,True,True,VALIDATED,True,Matched infrastructure site keyword in Koderma
705385,Pirpainti - Jasidih [100.52 Km] New BG line,"Multi-States (Bihar, Jharkhand)",Deoghar,Chitra East OCP & Deoghar AIIMS / Airport,24.4826,86.6975,24.4826,86.6975,verified_city,verified_city,exact,city,high,True,True,VALIDATED,False,Matched infrastructure site keyword in Deoghar
611669,NER Provision of Automatic Block Signalling on Gorakhpur Cantt[Excl] Chhapra Gramin & Burhwal Jn [Excl] Sitapur Jn section of high density routes,"Multi-States (Bihar, Uttar Pradesh)",Gorakhpur,Gorakhpur AIIMS & Fertilizer Complex,26.7606,83.3732,26.760775,83.373664,verified_city,verified_city,exact,city,high,True,True,VALIDATED,True,Matched infrastructure site keyword in Gorakhpur
617224,Gorakhpur-Valmikinagar Doubling project,"Multi-States (Bihar, Uttar Pradesh)",Gorakhpur,Gorakhpur AIIMS & Fertilizer Complex,26.7606,83.3732,26.761047,83.373262,verified_city,verified_city,exact,city,high,True,True,VALIDATED,True,Matched infrastructure site keyword in Gorakhpur
705562,Chhapra-Ballia Patch Doubling,"Multi-States (Bihar, Uttar Pradesh)",Ballia,Ballia Green Field Expressway,25.7607,84.1491,25.7607,84.1491,verified_city,verified_city,exact,city,high,True,True,VALIDATED,False,Matched infrastructure site keyword in Ballia
617245,Katihar Kumedpur & Katihar Mukuria BG Doubling Project,"Multi-States (Bihar, West Bengal)",Katihar,Katihar Railway Junction,25.5394,87.5667,25.5394,87.5667,verified_city,verified_city,exact,city,high,True,True,VALIDATED,False,Matched infrastructure site keyword in Katihar
618978,Gondia - Dongargarh 4th line [84 Km],"Multi-States (Chhattisgarh, Maharashtra)",Rajnandgaon,Rajnandgaon Solar & Industrial Corridor,21.1,81.03,21.100175,81.030444,verified_city,verified_city,exact,city,high,True,True,VALIDATED,True,Matched infrastructure site keyword in Rajnandgaon
705617,Rajnandgaon - Nagpur [Kalumna] Third Railway Line [228.30 km],"Multi-States (Chhattisgarh, Maharashtra)",Rajnandgaon,Rajnandgaon Solar & Industrial Corridor,21.1,81.03,21.100447,81.030059,verified_city,verified_city,exact,city,high,True,True,VALIDATED,True,Matched infrastructure site keyword in Rajnandgaon
617390,Sardega -Bhalumuda New Double line [37.24 Km],"Multi-States (Chhattisgarh, Odisha)",Sundargarh,"Sardega - Bhalumuda Coal Railway Line, Sundargarh",22.5937,78.9629,21.95,83.75,verified_state,verified_facility,exact,project_site,high,True,True,VALIDATED,True,"Known verified facility (Sardega - Bhalumuda Coal Railway Line, Sundargarh)"
705511,Jagdalpur-Koraput,"Multi-States (Chhattisgarh, Odisha)",Bastar,NMDC Steel Plant Nagarnar Jagdalpur,19.07,82.03,19.070175,82.030439,verified_city,verified_city,exact,city,high,True,True,VALIDATED,True,Matched infrastructure site keyword in Bastar
705616,Jharsuguda-Bilaspur Fourth Railway Line [206 km],"Multi-States (Chhattisgarh, Odisha)",Jharsuguda,Integrated Lakhanpur-Belpahar Mining Complex,21.855,84.008,21.854825,84.007553,verified_city,verified_city,exact,city,high,True,True,VALIDATED,True,Matched infrastructure site keyword in Jharsuguda
705728,Mumbai-Ahmedabad High Speed Rail Project- 508 km,"Multi-States (Dadra & Nagar Haveli and Daman & Diu, Gujarat, Maharashtra)",Ahmedabad,Dholera Smart City & Expressway,22.25,72.19,22.249134,72.190265,verified_city,verified_city,exact,city,high,True,True,VALIDATED,True,Matched infrastructure site keyword in Ahmedabad
705793,Raising of speed to 160 kmph/200 kmph on existing New Delhi-Mumbai route incl. Vadodara-Ahmedabad,"Multi-States (Delhi, Gujarat, Madhya Pradesh, Maharashtra, Rajasthan)",New Delhi,Central Vista Executive Enclave & Ministries,28.6139,77.209,28.614546,77.209714,verified_city,verified_city,exact,city,high,True,True,VALIDATED,True,Matched infrastructure site keyword in New Delhi
705650,Hospet - Tinaighat - Vasco Rail Doubling Project,"Multi-States (Goa, Karnataka)",South Goa,Mormugao Port & Dabolim Airport Hub,15.39,73.81,15.39,73.81,verified_city,verified_city,exact,city,high,True,True,VALIDATED,False,Matched infrastructure site keyword in South Goa
706950,Hospet-Hubli-Vasco da Gama Line Electrification Project,"Multi-States (Goa, Karnataka)",Vijayanagara,Vijayanagara Industrial & Tourism Node,15.27,76.39,15.27,76.39,verified_city,verified_city,exact,city,high,True,True,VALIDATED,False,Matched infrastructure site keyword in Vijayanagara
705237,Western Dedicated Freight Corridor,"Multi-States (Gujarat, Haryana, Maharashtra, Rajasthan, Uttar Pradesh)",Vadodara,"Western DFC Heavy Freight Corridor, Vadodara Feeder Node",22.5937,78.9629,22.35,73.2,verified_state,verified_facility,exact,project_site,high,True,True,VALIDATED,True,"Known verified facility (Western DFC Heavy Freight Corridor, Vadodara Feeder Node)"
705453,"New line Dahod-Indore via Sardarpur, Jabuwa and Dhar","Multi-States (Gujarat, Madhya Pradesh)",Dhar,Pithampur Industrial Area & Dhar,22.5978,75.3014,22.5978,75.3014,verified_city,verified_city,exact,city,high,True,True,VALIDATED,False,Matched infrastructure site keyword in Dhar
705454,Chhota Udaipur - Dhar New Line Project [157 km],"Multi-States (Gujarat, Madhya Pradesh)",Chhota Udaipur,Bodeli & Chhota Udaipur Highway,22.3089,74.0131,22.3089,74.0131,verified_city,verified_city,exact,city,high,True,True,VALIDATED,False,Matched infrastructure site keyword in Chhota Udaipur
611452,MUMBAI CENTRAL VIRAR VADODARA AHMEDABAAD TRAIN PROTECTION SYSTEM 500 RKM,"Multi-States (Gujarat, Maharashtra)",Vadodara,Koyali Refinery & Bullet Train Depot,22.3072,73.1812,22.307647,73.18126,verified_city,verified_city,exact,city,high,True,True,VALIDATED,True,Matched infrastructure site keyword in Vadodara
400022,Taranga Hill-Abu Road via Ambaji,"Multi-States (Gujarat, Rajasthan)",Sirohi,Abu Road & Mount Abu Highway Node,24.8826,72.8589,24.882775,72.859357,verified_city,verified_city,exact,city,high,True,True,VALIDATED,True,Matched infrastructure site keyword in Sirohi
616842,LUNI- SAMDARI- BHILDI DOUBLING,"Multi-States (Gujarat, Rajasthan)",Balotra,Pachpadra HRRL Rajasthan Refinery Project,25.83,72.24,25.83,72.24,verified_city,verified_city,exact,city,high,True,True,VALIDATED,False,Matched infrastructure site keyword in Balotra
705424,Chandigarh-Baddi New Rail Line- 36 km,"Multi-States (Haryana, Himachal Pradesh)",Solan,Baddi-Barotiwala-Nalagarh (BBN) Pharma Hub,30.9084,77.0999,30.9084,77.0999,verified_city,verified_city,exact,city,high,True,True,VALIDATED,False,Matched infrastructure site keyword in Solan
611861,Rewari - Kathuwas Doubling Project [27.72 Km],"Multi-States (Haryana, Rajasthan)",Rewari,Rewari DFC & Industrial Corridor,28.18,76.62,28.180175,76.62047,verified_city,verified_city,exact,city,high,True,True,VALIDATED,True,Matched infrastructure site keyword in Rewari
705410,Nangal Dam-Talwara New Broad Gauge Line [84 KM] and Taking Over Siding Mukerian-Talwara [29 KM],"Multi-States (Himachal Pradesh, Punjab)",Hoshiarpur,Hoshiarpur & Dasuya Highway Corridor,31.53,75.92,31.530175,75.920486,verified_city,verified_city,exact,facility,high,True,True,VALIDATED,True,Matched infrastructure site keyword in Hoshiarpur
705428,Bhanupalli-Bilaspur-Beri New Railway Line Project,"Multi-States (Himachal Pradesh, Punjab)",Bilaspur,"Bhanupalli - Bilaspur - Beri Rail Link, Bilaspur",22.5937,78.9629,31.33,76.6,verified_state,verified_facility,exact,project_site,high,True,True,VALIDATED,True,"Known verified facility (Bhanupalli - Bilaspur - Beri Rail Link, Bilaspur)"
705628,Doubling of Hatia [Ranchi]-Bondamunda Rail Line - 159 km,"Multi-States (Jharkhand, Odisha)",Ranchi,Ranchi Smart City & Core Infrastructure,23.3441,85.3096,23.343653,85.30954,verified_city,verified_city,exact,facility,high,True,True,VALIDATED,True,Matched infrastructure site keyword in Ranchi
616588,Buramara-Chakulia new line [59.96 km],"Multi-States (Jharkhand, Odisha, West Bengal)",Mayurbhanj,"Buramara - Chakulia New Rail Line, Mayurbhanj",22.5937,78.9629,22.15,86.72,verified_state,verified_facility,exact,project_site,high,True,True,VALIDATED,True,"Known verified facility (Buramara - Chakulia New Rail Line, Mayurbhanj)"
616227,Chandil - Anara - Damodar - 3rd line [121.26 km],"Multi-States (Jharkhand, West Bengal)",Saraikela Kharsawan,Adityapur Industrial Area & DFC,22.7,85.93,22.7,85.93,verified_city,verified_city,exact,facility,high,True,True,VALIDATED,False,Matched infrastructure site keyword in Saraikela Kharsawan
705668,KHARAGPUR-ADITYAPUR THIRD RAIL LINE- 132 KM,"Multi-States (Jharkhand, West Bengal)",Saraikela Kharsawan,Adityapur Industrial Area & DFC,22.7,85.93,22.700175,85.930449,verified_city,verified_city,exact,city,high,True,True,VALIDATED,True,Matched infrastructure site keyword in Saraikela Kharsawan
703586,Baiyyappanahalli - Hosur Doubling Project [48 km],"Multi-States (Karnataka, Tamil Nadu)",Krishnagiri,Hosur Electronics & EV Manufacturing Hub,12.5186,78.2137,12.5186,78.2137,verified_city,verified_city,exact,city,high,True,True,VALIDATED,False,Matched infrastructure site keyword in Krishnagiri
705635,Trivandrum- Kanyakumari,"Multi-States (Kerala, Tamil Nadu)",Kanniyakumari,Kanyakumari International Container Transhipment,8.0883,77.5385,8.0883,77.5385,verified_city,verified_city,exact,city,high,True,True,VALIDATED,False,Matched infrastructure site keyword in Kanniyakumari
705457,Ratlam-Mhow-Khandwa-Akola Gauge Conversion,"Multi-States (Madhya Pradesh, Maharashtra)",Khandwa,Khandwa & Dhangaon Rail/Road Corridor,21.8242,76.3508,21.8242,76.3508,verified_city,verified_city,exact,city,high,True,True,VALIDATED,False,Matched infrastructure site keyword in Khandwa
705507,Itarsi - Nagpur Third Railway Line [280 km],"Multi-States (Madhya Pradesh, Maharashtra)",Narmadapuram,Itarsi Railway Junction & Narmadapuram,22.7511,77.7289,22.7511,77.7289,verified_city,verified_city,exact,city,high,True,True,VALIDATED,False,Matched infrastructure site keyword in Narmadapuram
617406,RATLAM- DUNGARPUR VIA BANSWARA NEW LINE PROJECT,"Multi-States (Madhya Pradesh, Rajasthan)",Dungarpur,Dungarpur Border Highway & Rail Link,23.8364,73.7147,23.8364,73.7147,verified_city,verified_city,exact,city,high,True,True,VALIDATED,False,Matched infrastructure site keyword in Dungarpur
705419,Gwalior - Seopurkala with extension to Kota [Gauge Conversion],"Multi-States (Madhya Pradesh, Rajasthan)",Kota,Kota Energy & Industrial Hub,25.18,75.83,25.180175,75.830458,verified_city,verified_city,exact,city,high,True,True,VALIDATED,True,Matched infrastructure site keyword in Kota
705481,Ramganjmandi-Bhopal New Line Project [276.50 km],"Multi-States (Madhya Pradesh, Rajasthan)",Bhopal,Bhopal Metro Rail Project Phase-1,23.2599,77.4126,23.260347,77.41266,verified_city,verified_city,exact,city,high,True,True,VALIDATED,True,Matched infrastructure site keyword in Bhopal
705764,Nimach-Badi Sadri New Rail Line Project,"Multi-States (Madhya Pradesh, Rajasthan)",Raisen,Mandideep & Badi Industrial Corridor,23.3303,77.7816,23.3303,77.7816,verified_city,verified_city,exact,city,high,True,True,VALIDATED,False,Matched infrastructure site keyword in Raisen
705667,Mathura-Jhansi Third Railway Line [274 Km],"Multi-States (Madhya Pradesh, Rajasthan, Uttar Pradesh)",Mathura,Mathura Refinery & Bitumen Augmentation,27.4924,77.6737,27.492575,77.674167,verified_city,verified_city,exact,city,high,True,True,VALIDATED,True,Matched infrastructure site keyword in Mathura
705598,Jhansi - Bina Third Railway Line [153 Km],"Multi-States (Madhya Pradesh, Uttar Pradesh)",Jhansi,Jhansi Water Supply Infrastructure Phase-II,25.4484,78.5685,25.448575,78.568959,verified_city,verified_city,exact,city,high,True,True,VALIDATED,True,Matched infrastructure site keyword in Jhansi
705608,Jhansi-Khairar-Manikpur & Khirar-Bhimsen,"Multi-States (Madhya Pradesh, Uttar Pradesh)",Chitrakoot,Chitrakoot Airport & Defense Node,25.2064,80.9234,25.2064,80.9234,verified_city,verified_city,exact,city,high,True,True,VALIDATED,False,Matched infrastructure site keyword in Chitrakoot
705613,Third Line [new] between Kazipet - Balharshah with electrification [201.04 Km],"Multi-States (Maharashtra, Telangana)",Hanamkonda,Kazipet Railway Manufacturing & Overhauling Unit,18.0,79.58,18.0,79.58,verified_city,verified_city,exact,city,high,True,True,VALIDATED,False,Matched infrastructure site keyword in Hanamkonda
705629,Narayangarh-Bhadrak 3rd line,"Multi-States (Odisha, West Bengal)",Bhadrak,Dhamra Port & LNG Terminal,21.0544,86.5056,21.054575,86.506044,verified_city,verified_city,exact,city,high,True,True,VALIDATED,True,Matched infrastructure site keyword in Bhadrak
400223,Nagapattinam-Tiruturaipundi and Karaikal-Peralam New Line,"Multi-States (Puducherry, Tamil Nadu)",Nagapattinam,Cauvery Basin Refinery (CBR 9 MMTPA) CPCL,10.7672,79.8449,10.7672,79.8449,verified_city,verified_city,exact,city,high,True,True,VALIDATED,False,Matched infrastructure site keyword in Nagapattinam
705432,Sivok-Rangpo New Rail Line,"Multi-States (Sikkim, West Bengal)",Gangtok,Gangtok Smart City & Sivok-Rangpo Rail,27.3389,88.6065,27.339347,88.606562,verified_city,verified_city,exact,city,high,True,True,VALIDATED,True,Matched infrastructure site keyword in Gangtok
602797,"Sainthia, Sitarampur, Mughalsarai, Allahabad & Etawah - Bypass Line Project","Multi-States (Uttar Pradesh, West Bengal)",Chandauli,Pt. Deen Dayal Upadhyaya Junction (Mughalsarai),25.2605,83.2652,25.2605,83.2652,verified_city,verified_city,exact,city,high,True,True,VALIDATED,False,Matched infrastructure site keyword in Chandauli
400006,Jharsuguda-Barpali-Sardega Ph II Works- Rail Connectivity for Coal Loading Bulb at Barpali.,Odisha,Jharsuguda,Jharsuguda - Barpali - Sardega Coal Rail Line,21.3333,83.6167,21.85,83.92,verified_city,verified_facility,exact,project_site,high,True,True,VALIDATED,True,Known verified facility (Jharsuguda - Barpali - Sardega Coal Rail Line)
400045,Proposed 6 nos Road Over Bridge [ROB] at different locations under MCL Talcher Under Deposit Scheme.,Odisha,Angul,Subhadra & Bharatpur & Hingula Coal Complex,20.84,85.1,20.840866,85.099737,verified_city,verified_city,exact,city,high,True,True,VALIDATED,True,Matched infrastructure site keyword in Angul
400047,Doubling of Lingaraj SILO connectivity of NTPC line and augmentation of NTPC exchange yard and NTPC Block Cabin.,Odisha,Koraput,NALCO Alumina Refinery & Pottangi Bauxite Mines,18.8135,82.7123,18.813675,82.712738,verified_district,verified_district,approximate,district,medium,True,True,APPROXIMATE,True,Preserved validated district location
400048,Doubling of lines connecting the loading spurs in Talcher Yard.,Odisha,Angul,Subhadra & Bharatpur & Hingula Coal Complex,20.84,85.1,20.84022,85.099066,verified_city,verified_city,exact,city,high,True,True,VALIDATED,True,Matched infrastructure site keyword in Angul
400232,Brundamal-Jharsuguda- flyover connection for joining downline,Odisha,Jharsuguda,Integrated Lakhanpur-Belpahar Mining Complex,21.855,84.008,21.854553,84.00794,verified_city,verified_city,exact,facility,high,True,True,VALIDATED,True,Matched infrastructure site keyword in Jharsuguda
612834,3rd & 4th line between Sarla - Sason [8 km] [PB 73/2023-24/NR],Odisha,Khordha,Bhubaneswar Smart City & Metro Corridor,20.2961,85.8245,20.296275,85.824942,verified_district,verified_district,approximate,district,medium,True,True,APPROXIMATE,True,Preserved validated district location
615915,Rourkela-Bondamunda A-Cabin 5th line [9.6 km],Odisha,Sundargarh,Integrated Kulda Garjanbahal & Basundhara,22.1167,84.0333,22.116525,84.032853,verified_city,verified_city,exact,facility,high,True,True,VALIDATED,True,Matched infrastructure site keyword in Sundargarh
616586,Bangriposi-Gorumahisani new line [ 85.60 km ],Odisha,Mayurbhanj,Bangriposi & Gorumahisani Rail Link,21.9287,86.7411,21.9287,86.7411,verified_city,verified_city,exact,city,high,True,True,VALIDATED,False,Matched infrastructure site keyword in Mayurbhanj
616587,Badampahar-Kendujhargarh new line [82.06 km],Odisha,Kendujhar,Kendujhargarh Iron Ore Rail Corridor,21.6289,85.5817,21.6289,85.5817,verified_city,verified_city,exact,facility,high,True,True,VALIDATED,False,Matched infrastructure site keyword in Kendujhar
616694,Flyover between Siju and Paradeep coaching Yard to avoid Surface crossing of trains,Odisha,Jagatsinghpur,Paradip Port Mega Petrochemical Complex,20.2644,86.6667,20.264671,86.666317,verified_city,verified_city,exact,city,high,True,True,VALIDATED,True,Matched infrastructure site keyword in Jagatsinghpur
616695,Paradeep - Badabandha 3rd & 4th Line / 18.51kms,Odisha,Jagatsinghpur,Paradip Port Mega Petrochemical Complex,20.2644,86.6667,20.264225,86.666258,verified_city,verified_city,exact,city,high,True,True,VALIDATED,True,Matched infrastructure site keyword in Jagatsinghpur
616839,Naupada-Gunupur - New line upto Theruvali [73.62 km],Odisha,Rayagada,Rayagada Alumina & Railway Division,19.1667,83.4167,19.1667,83.4167,verified_city,verified_city,exact,city,high,True,True,VALIDATED,False,Matched infrastructure site keyword in Rayagada
618995,New Line between Junagarh - Nabarangpur [116.21 Km],Odisha,Nabarangpur,Nabarangpur Rail Link & Highway,19.23,82.55,19.23,82.55,verified_city,verified_city,exact,city,high,True,True,VALIDATED,False,Matched infrastructure site keyword in Nabarangpur
705358,Khurda-Bolangir New Broad Gauge Rail Link [301km],Odisha,Balangir,Khurda-Balangir Rail Project,20.71,83.48,20.71,83.48,verified_city,verified_city,exact,city,high,True,True,VALIDATED,False,Matched infrastructure site keyword in Balangir
705359,Talcher-Bimlagarh New Railway Line,Odisha,Angul,Subhadra & Bharatpur & Hingula Coal Complex,20.84,85.1,20.839354,85.099329,verified_city,verified_city,exact,city,high,True,True,VALIDATED,True,Matched infrastructure site keyword in Angul
705510,Bhadrak-Nergundi Third Line,Odisha,Bhadrak,Dhamra Port & LNG Terminal,21.0544,86.5056,21.054847,86.505659,verified_city,verified_city,exact,city,high,True,True,VALIDATED,True,Matched infrastructure site keyword in Bhadrak
705513,Koraput - Singapur Railway Doubling,Odisha,Koraput,NALCO Alumina Refinery & Pottangi Bauxite Mines,18.8135,82.7123,18.813947,82.712359,verified_city,verified_city,exact,city,high,True,True,VALIDATED,True,Matched infrastructure site keyword in Koraput
705514,Jarapada- Budhapank with flyover at Talcher road 3rd and 4th Line,Odisha,Angul,Subhadra & Bharatpur & Hingula Coal Complex,20.84,85.1,20.839134,85.100263,verified_city,verified_city,exact,city,high,True,True,VALIDATED,True,Matched infrastructure site keyword in Angul
705515,3rd & 4th Railway Line Project from Salegaon to Budhapank via Rajathgarh.,Odisha,Cuttack,Cuttack Infrastructure Hub,20.4625,85.8828,20.4625,85.8828,verified_district,verified_district,approximate,district,medium,True,True,APPROXIMATE,False,Preserved validated district location
705741,Jeypore-Navarangpur New Rail Line Project,Odisha,Koraput,NALCO Alumina Refinery & Pottangi Bauxite Mines,18.8135,82.7123,18.813771,82.711921,verified_city,verified_city,exact,city,high,True,True,VALIDATED,True,Matched infrastructure site keyword in Koraput
705742,Jeypore-Malkanagiri New Railway Line Project,Odisha,Koraput,NALCO Alumina Refinery & Pottangi Bauxite Mines,18.8135,82.7123,18.813325,82.711862,verified_city,verified_city,exact,city,high,True,True,VALIDATED,True,Matched infrastructure site keyword in Koraput
706898,Khurda Road - Balangir Electrification of Railway Track Project,Odisha,Balangir,Khurda-Balangir Rail Project,20.71,83.48,20.710175,83.480443,verified_city,verified_city,exact,city,high,True,True,VALIDATED,True,Matched infrastructure site keyword in Balangir
709811,GANDHAMARDAN IRON ORE MINES TO GOALDIH STATION/12.76kms,Odisha,Jharsuguda,Integrated Lakhanpur-Belpahar Mining Complex,21.855,84.008,21.854729,84.008387,verified_district,verified_district,approximate,district,medium,True,True,APPROXIMATE,True,Preserved validated district location
705362,"Jaynagar-Bijalpura, incl. extn. Bet, Bijalpura-Bardibas [Nepal]",Bihar,Madhubani,Jaynagar Nepal Border Rail,26.3568,86.0712,26.3568,86.0712,verified_city,verified_city,exact,city,high,True,True,VALIDATED,False,Matched infrastructure site keyword in Madhubani
705298,North Region Video Surveillance Project,PAN India,New Delhi,"Northern Railway Central Surveillance Centre, Baroda House",28.6139,77.209,28.618,77.215,verified_district,verified_facility,exact,facility,high,True,True,VALIDATED,True,"Known verified facility (Northern Railway Central Surveillance Centre, Baroda House)"
607653,Ludhiana Mullanpur 21Km Doubling Railway project,Punjab,Ludhiana,Ludhiana Freight Logistics & Smart City,30.901,75.8573,30.901,75.8573,verified_city,verified_city,exact,city,high,True,True,VALIDATED,False,Matched infrastructure site keyword in Ludhiana
705783,Ludhiana- Killa Raipur Railway Doubling Project,Punjab,Ludhiana,Ludhiana Freight Logistics & Smart City,30.901,75.8573,30.901175,75.857783,verified_city,verified_city,exact,city,high,True,True,VALIDATED,True,Matched infrastructure site keyword in Ludhiana
611855,Devgarh Madariya - Nathdwara Gauge Conversion [82.54 Km] part of Marwar - Mavli Gauge Conversion [152 Km],Rajasthan,Rajsamand,Devgarh Madariya - Nathdwara Rail Corridor,25.07,73.88,25.07,73.88,verified_city,verified_city,exact,city,high,True,True,VALIDATED,False,Matched infrastructure site keyword in Rajsamand
611929,Maintenance cum workshop depot for Vande Bharat Sleeper Trains as per conditions under WTA 527,Rajasthan,Jodhpur,Jodhpur Infrastructure Hub,26.2389,73.0243,26.239347,73.024362,verified_district,verified_district,approximate,district,medium,True,True,APPROXIMATE,True,Preserved validated district location
616841,PUSHKAR- MERTA CITY NEW LINE,Rajasthan,Ajmer,Pushkar-Merta & Ajmer Rail Junction,26.4499,74.6399,26.4499,74.6399,verified_city,verified_city,exact,city,high,True,True,VALIDATED,False,Matched infrastructure site keyword in Ajmer
616843,AJMER- CHANDERIYA DOUBLING,Rajasthan,Chittorgarh,Chanderiya & Chittorgarh Doubling Node,24.8887,74.6269,24.8887,74.6269,verified_city,verified_city,exact,city,high,True,True,VALIDATED,False,Matched infrastructure site keyword in Chittorgarh
617403,SADULPUR - CHURU DOUBLING PROJECT,Rajasthan,Churu,Churu Highway & Rail Junction,28.29,74.96,28.29,74.96,verified_city,verified_city,exact,city,high,True,True,VALIDATED,False,Matched infrastructure site keyword in Churu
617404,POKHRAN - RAMDEVRA New Line,Rajasthan,Kota,Kota Infrastructure Hub,25.2138,75.8648,25.2138,75.8648,verified_district,verified_district,approximate,district,medium,True,True,APPROXIMATE,False,Preserved validated district location
617408,NATHDWARA- NATHDWARA TOWN NL,Rajasthan,Rajsamand,Devgarh Madariya - Nathdwara Rail Corridor,25.07,73.88,25.070175,73.880458,verified_city,verified_city,exact,city,high,True,True,VALIDATED,True,Matched infrastructure site keyword in Rajsamand
705482,Dholpur - Sirmuttra Gauge Conversion,Rajasthan,Dholpur,Dholpur Gas Thermal & Chambal Bridge,26.7025,77.8931,26.7025,77.8931,verified_city,verified_city,exact,city,high,True,True,VALIDATED,False,Matched infrastructure site keyword in Dholpur
705752,Gudha-Thatha Mithri Construction of Railway Track Project,Rajasthan,Bundi,"Greenfield Airport at Bundi, Kota",25.4305,75.6499,25.430947,75.649961,verified_district,verified_district,approximate,district,medium,True,True,APPROXIMATE,True,Preserved validated district location
705912,Sawai Madhopur-Jaipur Railway Line Project,Rajasthan,Sawai Madhopur,Sawai Madhopur Expressway & Tourism Corridor,25.9928,76.3533,25.9928,76.3533,verified_city,verified_city,exact,city,high,True,True,VALIDATED,False,Matched infrastructure site keyword in Sawai Madhopur
705919,Agra Fort-Bandikui Doubling Line Project,Rajasthan,Dausa,Bandikui & Dausa Greenfield Expressway Spur,26.8928,76.3375,26.8928,76.3375,verified_city,verified_city,exact,city,high,True,True,VALIDATED,False,Matched infrastructure site keyword in Dausa
706836,Dedicated Test Track for RDSO /Phase-II Project,Rajasthan,Udaipur,Udaipur Infrastructure Hub,24.5854,73.7125,24.585575,73.712956,verified_district,verified_district,approximate,district,medium,True,True,APPROXIMATE,True,Preserved validated district location
706866,Sawaimadhopur Bye Pass Line Project,Rajasthan,Kota,Kota Infrastructure Hub,25.2138,75.8648,25.213975,75.865258,verified_district,verified_district,approximate,district,medium,True,True,APPROXIMATE,True,Preserved validated district location
400280,Phase II extension of MRTS from Velachery to St Thomas Mount,Tamil Nadu,Chennai,Chennai Airport Modernization & Metro Rail Phase-II,13.0827,80.2707,13.082253,80.270643,verified_city,verified_city,exact,city,high,True,True,VALIDATED,True,Matched infrastructure site keyword in Chennai
613002,Redevelopment of Chennai Egmore Station,Tamil Nadu,Chennai,Chennai Airport Modernization & Metro Rail Phase-II,13.0827,80.2707,13.082429,80.271069,verified_city,verified_city,exact,city,high,True,True,VALIDATED,True,Matched infrastructure site keyword in Chennai
705244,Coach Production Factory Upgradation Project,Tamil Nadu,Coimbatore,Coimbatore Infrastructure Hub,11.0168,76.9558,11.0168,76.9558,verified_district,verified_district,approximate,district,medium,True,True,APPROXIMATE,False,Preserved validated district location
705489,Madurai- Tuticorin New Line,Tamil Nadu,Thoothukudi,VO Chidambaranar Port & Kayathar Wind Hub,8.7642,78.1348,8.764375,78.135219,verified_city,verified_city,exact,city,high,True,True,VALIDATED,True,Matched infrastructure site keyword in Thoothukudi
616856,Doubling between Bhadrachalam Road and Dornakal,Telangana,Bhadradri Kothagudem,"Jawahar Khani, Venkatesh Khani & Kothagudem Thermal",17.55,80.62,17.550447,80.620058,verified_city,verified_city,exact,city,high,True,True,VALIDATED,True,Matched infrastructure site keyword in Bhadradri Kothagudem
617409,Railway Manufacturing Unit,Telangana,Bhadradri Kothagudem,"Jawahar Khani, Venkatesh Khani & Kothagudem Thermal",17.55,80.62,17.550271,80.619623,verified_district,verified_district,approximate,district,medium,True,True,APPROXIMATE,True,Preserved validated district location
705252,Kazipet Wagon Overhauling Project,Telangana,Hanamkonda,Kazipet Railway Manufacturing & Overhauling Unit,18.0,79.58,18.000175,79.580436,verified_city,verified_city,exact,city,high,True,True,VALIDATED,True,Matched infrastructure site keyword in Hanamkonda
705437,Manoharabad-Kothapalli New Rail Line [151 km],Telangana,Mancherial,Kalyanikhani & Indaram Coal Mines,18.87,79.46,18.870447,79.460059,verified_district,verified_district,approximate,district,medium,True,True,APPROXIMATE,True,Preserved validated district location
400204,Bahraich-Shravasti-Balrampur-Siddharthnagar -Santkabir nagar,Uttar Pradesh,Siddharthnagar,Shohratgarh Bypass & Siddharthnagar Rail,27.2917,82.8167,27.2917,82.8167,verified_city,verified_city,exact,city,high,True,True,VALIDATED,False,Matched infrastructure site keyword in Siddharthnagar
400205,Sahjanwa-Dohrighat,Uttar Pradesh,Mau,Mau Textile & Rail Hub,25.9417,83.5614,25.9417,83.5614,verified_city,verified_city,exact,city,high,True,True,VALIDATED,False,Matched infrastructure site keyword in Mau
617213,Varanasi-Pt. Deen Dayal Upadhyaya multitracking 15km including construction of new Rail-cum-Road Bridge across Ganga River.,Uttar Pradesh,Varanasi,Lal Bahadur Shastri Airport & BHU Kayakalp,25.3176,82.9739,25.317775,82.974359,verified_city,verified_city,exact,city,high,True,True,VALIDATED,True,Matched infrastructure site keyword in Varanasi
617252,Anandnagar - Ghugli via Maharajganj New line 52.7 km,Uttar Pradesh,Raebareli,Raebareli Ring Road & Rail Coach Factory,26.2236,81.2409,26.2236,81.2409,verified_city,verified_city,exact,city,high,True,True,VALIDATED,False,Matched infrastructure site keyword in Raebareli
617284,Chunar-Chopan doubling project,Uttar Pradesh,Mirzapur,Chunar Junction & Mirzapur Terminal,25.1337,82.5644,25.134147,82.564461,verified_city,verified_city,exact,city,high,True,True,VALIDATED,True,Matched infrastructure site keyword in Mirzapur
617333,Surface triangle line bet. Bhadura stn and new crossing stn Karma,Uttar Pradesh,Meerut,Meerut Infrastructure Hub,28.9845,77.7064,28.9845,77.7064,verified_district,verified_district,approximate,district,medium,True,True,APPROXIMATE,False,Preserved validated district location
617370,Doubling between Jaunpur Jn - Zaffarabad 6.28 km,Uttar Pradesh,Jaunpur,Mariahu Bypass & Jaunpur Hub,25.7464,82.6837,25.7464,82.6837,verified_city,verified_city,exact,city,high,True,True,VALIDATED,False,Matched infrastructure site keyword in Jaunpur
705567,Burhwal Gonda 3rd line,Uttar Pradesh,Gonda,Gonda Rail & Highway Corridor,27.1337,81.9619,27.1337,81.9619,verified_city,verified_city,exact,city,high,True,True,VALIDATED,False,Matched infrastructure site keyword in Gonda
705588,Janghai-Pratapgarh- Amethi,Uttar Pradesh,Pratapgarh,Pratapgarh Bypass NH-31 to NH-330,25.9,81.98,25.9,81.98,verified_city,verified_city,exact,city,high,True,True,VALIDATED,False,Matched infrastructure site keyword in Pratapgarh
705766,Lalitpur-Birari with flyover at Lalitpur- 16 Km,Uttar Pradesh,Lalitpur,Lalitpur Bulk Drug Park & Solar,24.6865,78.411,24.6865,78.411,verified_city,verified_city,exact,city,high,True,True,VALIDATED,False,Matched infrastructure site keyword in Lalitpur
705771,Allahabad-Bamhrauli Flyover Construction & 4th Railway Line Project,Uttar Pradesh,Prayagraj,Jasra Bypass & Prayagraj Ring Road,25.4358,81.8463,25.435975,81.846759,verified_city,verified_city,exact,city,high,True,True,VALIDATED,True,Matched infrastructure site keyword in Prayagraj
705772,"Mughalsarai-Allahabad, 3rd line",Uttar Pradesh,Chandauli,Pt. Deen Dayal Upadhyaya Junction (Mughalsarai),25.2605,83.2652,25.260675,83.265658,verified_city,verified_city,exact,city,high,True,True,VALIDATED,True,Matched infrastructure site keyword in Chandauli
705774,Aligarh -Daud Khan Flyover Construction & 3rd Railway Line Project,Uttar Pradesh,Aligarh,Aligarh Defense Industrial Corridor,27.8974,78.088,27.8974,78.088,verified_city,verified_city,exact,city,high,True,True,VALIDATED,False,Matched infrastructure site keyword in Aligarh
705777,Bhandai - Flyover for Etawah bound down train- 10 Km,Uttar Pradesh,Etawah,Etawah Rail & Wildlife Safari Node,26.7855,79.0154,26.7855,79.0154,verified_city,verified_city,exact,city,high,True,True,VALIDATED,False,Matched infrastructure site keyword in Etawah
705780,Bhatni-Aurnihar with electrification excluding Indara-Mau,Uttar Pradesh,Gautam Buddha Nagar,Gautam Buddha Nagar Infrastructure Hub,28.5355,77.391,28.535675,77.391472,verified_district,verified_district,approximate,district,medium,True,True,APPROXIMATE,True,Preserved validated district location
705782,Barabanki-Malhaur 3rd & 4th Railway Line Project,Uttar Pradesh,Varanasi,Varanasi Infrastructure Hub,25.3176,82.9739,25.318047,82.973961,verified_district,verified_district,approximate,district,medium,True,True,APPROXIMATE,True,Preserved validated district location
705918,Allahabad division - Aligarh - Harduaganj Flyover,Uttar Pradesh,Aligarh,"Aligarh - Harduaganj Railway Flyover, Aligarh",25.4358,81.8463,27.91,78.1,verified_city,verified_facility,exact,project_site,high,True,True,VALIDATED,True,"Known verified facility (Aligarh - Harduaganj Railway Flyover, Aligarh)"
705429,Rishikesh-Karnaprayag New Rail Line- 125 km,Uttarakhand,Chamoli,Tapovan Vishnugad Hydroelectric Project,30.4167,79.3333,30.417147,79.333364,verified_city,verified_city,exact,city,high,True,True,VALIDATED,True,Matched infrastructure site keyword in Chamoli
400247,Kalinarayanpur-Krishnanagar Doubling Alongwith Krishnanagar - Chapra New Line And Naihati-Ranaghat 3rd Line.,West Bengal,Nadia,Kalyani AIIMS & Expressway Corridor,23.47,88.55,23.47,88.55,verified_city,verified_city,exact,city,high,True,True,VALIDATED,False,Matched infrastructure site keyword in Nadia
400273,Tarakeshwar-Bishnupur New Line [82.47 km],West Bengal,North 24 Parganas,North 24 Parganas Infrastructure Hub,22.72,88.48,22.72,88.48,verified_district,verified_district,approximate,district,medium,True,True,APPROXIMATE,False,Preserved validated district location
400277,Dum Dum Airport-New Garia via Rajarhat-Construction of Metro Railway,West Bengal,North 24 Parganas,Netaji Subhash Chandra Bose Airport Upgradation,22.65,88.45,22.65,88.45,verified_city,verified_city,exact,facility,high,True,True,VALIDATED,False,Matched infrastructure site keyword in North 24 Parganas
612096,Construction of Balurghat-Hilli new BG Line,West Bengal,Dakshin Dinajpur,Balurghat Airport & Rail Link,25.22,88.76,25.220175,88.760458,verified_city,verified_city,exact,city,high,True,True,VALIDATED,True,Matched infrastructure site keyword in Dakshin Dinajpur
617345,SER Upgradation of maintenance infrastructure at Shalimar into Vande Bharat Chair Car maintenance cum workshop depot.,West Bengal,Howrah,Howrah Railway Division & Kolkata Metro East-West,22.5958,88.2636,22.5958,88.2636,verified_city,verified_city,exact,city,high,True,True,VALIDATED,False,Matched infrastructure site keyword in Howrah
705730,Joka-BBD Bag new metro project,West Bengal,Darjeeling,Darjeeling Infrastructure Hub,27.041,88.2663,27.041,88.2663,verified_district,verified_district,approximate,district,medium,True,True,APPROXIMATE,False,Preserved validated district location
706776,Noapara-Barasat via Bimanbandar - Construction of Metro railway [18 km],West Bengal,Kolkata,Kolkata Metro & Port Modernization,22.5726,88.3639,22.573047,88.36396,verified_city,verified_city,exact,facility,high,True,True,VALIDATED,True,Matched infrastructure site keyword in Kolkata
706777,Baranagar-Barrackpore and Dakshineshwar- Construction of Metro Railway,West Bengal,North 24 Parganas,Netaji Subhash Chandra Bose Airport Upgradation,22.65,88.45,22.650175,88.450449,verified_city,verified_city,exact,facility,high,True,True,VALIDATED,True,Matched infrastructure site keyword in North 24 Parganas
619184,"Rehabilitation and up-gradation of section to Intermediate/2-Lane with hard shoulder from Km 107.760 to Km 129.445 After Middle strait to Humphrey, Km 130.600 to Km 138.00 After Humphrey to Kadamtala & Km 155.00 to Km 181.0 End of Jarwa to Rangat of NH-04 in UT of A&N on EPC Package-IIIA",Andaman & Nicobar,North & Middle Andaman,Mayabunder & Diglipur Highway Corridor,12.92,92.92,12.92,92.92,verified_city,verified_city,exact,facility,high,True,True,VALIDATED,False,Matched infrastructure site keyword in North & Middle Andaman
619185,Rehabilitation and up-gradation and completion of balance work of section from Km 155.00 to Km 181.00 End of Jarwa to Rangat of NH -4 Total length 26 Km to Intermediate Lane/2-lane with hard shoulders in the UT of A&N Islands on EPC basis - Package-III.B Balance work,Andaman & Nicobar,North & Middle Andaman,Mayabunder & Diglipur Highway Corridor,12.92,92.92,12.920175,92.920425,verified_city,verified_city,exact,city,high,True,True,VALIDATED,True,Matched infrastructure site keyword in North & Middle Andaman
619186,Construction of Balance works of Major Bridge over Middle Strait Creek between Km.106.590 to km108.553 of NH-04 connecting South Andaman & Baratang Island in the Union Territory of Andaman & Nicobar Islands on EPC basis,Andaman & Nicobar,South Andaman,Port Blair International Terminal & Great Nicobar Node,11.6234,92.7265,11.623575,92.726923,verified_city,verified_city,exact,facility,high,True,True,VALIDATED,True,Matched infrastructure site keyword in South Andaman
617907,Rehabilitation and Up-gradation from Km 170700 Bhadrachalam to Km 234567 Konta on NH-30 to Two lane with Paved Shoulder in the State of Andra Pradesh on EPC mode.,Andhra Pradesh,Kurnool,Kurnool Infrastructure Hub,15.8281,78.0373,15.828746,78.037952,verified_district,verified_district,approximate,district,medium,True,True,APPROXIMATE,True,Preserved validated district location
617949,Tadipatri Bypass Km 0000 to Km 6285 of 4-Lane on NH-67 in Anantapuramu district of AP state under NHO on EPC Mode under Annual Plan 2022-23,Andhra Pradesh,Ananthapuramu,Tadipatri Bypass NH-67 & Solar Energy Zone,14.6819,77.6006,14.681725,77.600172,verified_city,verified_city,exact,city,high,True,True,VALIDATED,True,Matched infrastructure site keyword in Ananthapuramu
617984,"Gudivada Town 2 RoB, and Road improvement NH-165",Andhra Pradesh,Krishna,Machilipatnam Deep Sea Port,16.1809,81.1303,16.1809,81.1303,verified_city,verified_city,exact,city,high,True,True,VALIDATED,False,Matched infrastructure site keyword in Krishna
617985,Widening to two lane with paved shoulders from Km 0/0 to 64/020 Pamarru to Akiveedu,Andhra Pradesh,Krishna,Machilipatnam Deep Sea Port,16.1809,81.1303,16.181075,81.130732,verified_city,verified_city,exact,city,high,True,True,VALIDATED,True,Matched infrastructure site keyword in Krishna
617986,Kurnool/Kadapa Border-Jammalamadugu section of NH-167K i.e. Design Ch. Km 248010 to km 269900 to 2,Andhra Pradesh,YSR Kadapa,Kadapa Airport & Kopparthy Mega Industrial Node,14.4673,78.8242,14.467571,78.823829,verified_city,verified_city,exact,city,high,True,True,VALIDATED,True,Matched infrastructure site keyword in YSR Kadapa
617987,Nandyala-Kurnool/Kadapa Border section of NH-167K i.e. Km 186/000 to Km 250/000Design Ch.186000 to 248010 to 2LPS,Andhra Pradesh,Kurnool,Orvakal Mega Industrial Node & Kurnool-III PS,15.8281,78.0373,15.828966,78.037045,verified_city,verified_city,exact,city,high,True,True,VALIDATED,True,Matched infrastructure site keyword in Kurnool
617988,Sangameswaram - Atmakuru section from Km 96 to Km 124 & Velegodu- Nandyal section including Nandyal Bypass from Km 143/6 to 185/9 NH-167K,Andhra Pradesh,Nandyal,Sangameswaram-Atmakuru & Velugodu-Nandyal Hub,15.4886,78.4836,15.4886,78.4836,verified_city,verified_city,exact,city,high,True,True,VALIDATED,False,Matched infrastructure site keyword in Nandyal
617990,Construction of bypass road to Adoni town connecting NH-167 Hagari - Jadcharla road from km.62/700 to 71/400 in Kurnool District in the State of Andhra Pradesh.,Andhra Pradesh,Kurnool,Orvakal Mega Industrial Node & Kurnool-III PS,15.8281,78.0373,15.82832,78.036393,verified_city,verified_city,exact,city,high,True,True,VALIDATED,True,Matched infrastructure site keyword in Kurnool
617991,"Rehabilitation and up-gradation of NH-167 from Km 14/900 to Km70/000 Design Ch. 14/900 to 69/700 Chintakunta to Adoni section to two lane with paved shoulders in the State of Andhra Pradesh under Corridor Approach through Engineering, Procurement",Andhra Pradesh,Kurnool,Orvakal Mega Industrial Node & Kurnool-III PS,15.8281,78.0373,15.827454,78.036648,verified_city,verified_city,exact,city,high,True,True,VALIDATED,True,Matched infrastructure site keyword in Kurnool
618013,4-laning of Puttaparthi-Koduru Section of NH-342,Andhra Pradesh,Sri Sathya Sai,Gorantla-Hindupur NH-716G & Puttaparthi,14.1667,77.8167,14.1667,77.8167,verified_city,verified_city,exact,city,high,True,True,VALIDATED,False,Matched infrastructure site keyword in Sri Sathya Sai
618037,Rehabilitation and Up-gradation of existin of road from 2-lane to 2-lane with paved shoulders from km. 0.00 to km 53.590 total length-53.590 km of Raychoti to Vempalli section of NH-440 in the State of Andhra Pradesh on EPC mode.,Andhra Pradesh,NTR,Vijayawada International Airport & Rail Hub,17.6868,83.2185,16.506647,80.648058,verified_district,verified_district,approximate,district,medium,True,True,APPROXIMATE,True,Authoritative district resolution (NTR)
618052,Gorantla - Hindupur section from Km 120/300 to 165/000 of NH716G in the State of Andhra Pradesh,Andhra Pradesh,Sri Sathya Sai,Gorantla-Hindupur NH-716G & Puttaparthi,14.1667,77.8167,14.166875,77.817127,verified_city,verified_city,exact,city,high,True,True,VALIDATED,True,Matched infrastructure site keyword in Sri Sathya Sai
618053,Muddanur to B. Kothapalli section of NH-716G from Km. 0/000 to Km. 56/500 56.500 Km in the State of Andhra Pradesh on EPC mode Job no. 741,Andhra Pradesh,YSR Kadapa,YSR Kadapa Infrastructure Hub,14.4673,78.8242,14.467125,78.823772,verified_district,verified_district,approximate,district,medium,True,True,APPROXIMATE,True,Preserved validated district location
618062,Dornala to Kunta Junction from Design Chainage Km 244000 to 267990 section of NH-765 Package-2,Andhra Pradesh,Guntur,Guntur Infrastructure Hub,16.3067,80.4365,16.3067,80.4365,verified_district,verified_district,approximate,district,medium,True,True,APPROXIMATE,False,Preserved validated district location
618101,Kondamodu to Perecherla Section Design Ch. Km 000 to Km 49917 of NH-167AG to to 4LPS,Andhra Pradesh,Palnadu,"NH-167AG Kondamodu - Perecherla Section, Palnadu",13.6288,79.4192,16.32,80.35,verified_district,verified_facility,exact,project_site,high,True,True,VALIDATED,True,"Known verified facility (NH-167AG Kondamodu - Perecherla Section, Palnadu)"
618103,Rehabilitation and upgradation from Km 22300 to 58635 of MudireddyPalle to Kadapa/Nellore Border via porumamilla Section of NH 167 Two Lane with paved Shoulder in,Andhra Pradesh,YSR Kadapa,Kadapa Airport & Kopparthy Mega Industrial Node,14.4673,78.8242,14.466853,78.824143,verified_city,verified_city,exact,city,high,True,True,VALIDATED,True,Matched infrastructure site keyword in YSR Kadapa
618125,Rehabilitation and upgradation of NH 326A from km 0/0 to 41/979 excluding km 2/255 to 3/372 and km 36/820 to 38/275 Odisha border to Narasamapeta to two lane with paved Shoulders in the State of Andhra Pradesh under NHO on EPC Mode,Andhra Pradesh,Kurnool,Kurnool Infrastructure Hub,15.8281,78.0373,15.827234,78.037555,verified_district,verified_district,approximate,district,medium,True,True,APPROXIMATE,True,Preserved validated district location
618145,Widening to two lane with paved shoulder of Rampachodavaram - Koyyuru section of NH 516E from Km 43700 to Km 113820 in the State of Andhra Pradesh on EPC mode Job No. 737,Andhra Pradesh,Alluri Sitharama Raju,Paderu & Upper Sileru Hydro Node,18.0667,82.5333,18.0667,82.5333,verified_city,verified_city,exact,city,high,True,True,VALIDATED,False,Matched infrastructure site keyword in Alluri Sitharama Raju
618161,Widening and Reconstruction of existing road to four lane from Km.56400 to Km 120300 i.e. from B.Kothapalli Junction to Gorantla excluding Kadiri Bypass from Km 70200 to Km 77105 of NH 716G in the State of Andhra Pradesh on EPC mode Job no. 742,Andhra Pradesh,Sri Sathya Sai,Gorantla-Hindupur NH-716G & Puttaparthi,14.1667,77.8167,14.167147,77.816757,verified_city,verified_city,exact,city,high,True,True,VALIDATED,True,Matched infrastructure site keyword in Sri Sathya Sai
618191,"Rehabilitation and upgradation of NH-167AD from Macherla to Dachepalli via Paluvai Junction, Rentachinthala, Gurazala from Km.0.000 to 43.659 to two lane with paved shoulders in the state of Andhra Pradesh job-729",Andhra Pradesh,Kakinada,Kakinada Infrastructure Hub,16.9891,82.2475,16.989275,82.247933,verified_district,verified_district,approximate,district,medium,True,True,APPROXIMATE,True,Preserved validated district location
618192,Duttalur at NH-565 Junction to Kavali Joining on NH-16 Chainage Km. 36/400 to Km. 107/224 excluding the stretch from Km 101.880 to 105.300 67.404 Km of NH-167BG from in the State of Andhra Pradesh on EPC mode,Andhra Pradesh,Sri Potti Sriramulu Nellore,Krishnapatnam Port Node Phase-1,14.4426,79.9865,14.443047,79.986557,verified_city,verified_city,exact,city,high,True,True,VALIDATED,True,Matched infrastructure site keyword in Sri Potti Sriramulu Nellore
618193,Widening of Existing Road to Two Lane with Paved Shoulder Configuration from Km 0.00 to 26.000 & Km 45.200 To 59.622 Of NH 365BB in the State of Andhra Pradesh Under Annual Plan 2023-24 through EPC Mode,Andhra Pradesh,East Godavari,Rajahmundry Airport & Godavari Bridge Corridor,17.0005,81.804,17.0005,81.804,verified_district,verified_district,approximate,district,medium,True,True,APPROXIMATE,False,Preserved validated district location
618194,Rehabilitation and upgradation of New NH 544DD from design Chainage Km. 56/000 to 102/20 of Kalyandrg - Molakalmuru Section,Andhra Pradesh,Kakinada,Kakinada Deep Water Port & SEZ Node,16.9891,82.2475,16.989547,82.247558,verified_district,verified_district,approximate,district,medium,True,True,APPROXIMATE,True,Preserved validated district location
618236,Rehabilitation and Up-gradation of Dhindi - Digamarru section from Km 126/510 to Km 135/740 of NH -214New NH -216 and digamarru -Losari section from Km 0/000 tp Km 34/230 of NH-214 ANew Nh-216 to two lane with paved shoulder in the state of AP- NH,Andhra Pradesh,Dr. B.R. Ambedkar Konaseema,Pasarlapudi-Dhindi & Kotipalli Rail Terminal,16.57,82.0,16.57,82.0,verified_city,verified_city,exact,city,high,True,True,VALIDATED,False,Matched infrastructure site keyword in Dr. B.R. Ambedkar Konaseema
618237,Rehabilitation and Up-gradation of Pasarlapudi to Dhindi section from Km 105/170 to Km 126/510 of NH -214 New NH -216 to two lane with paved shoulder in the state of Andhra Pradesh under NHDP-IV,Andhra Pradesh,Dr. B.R. Ambedkar Konaseema,Pasarlapudi-Dhindi & Kotipalli Rail Terminal,16.57,82.0,16.570175,82.000432,verified_city,verified_city,exact,city,high,True,True,VALIDATED,True,Matched infrastructure site keyword in Dr. B.R. Ambedkar Konaseema
618238,Rehabilitation and Up-gradation of Thimmapuram to Gurajanapalli section from Km 26/150 to Km 41/161 of NH - 214 New NH - 216 to two lane with paved shoulder in the state of Andhra Pradesh under NHDP-IV,Andhra Pradesh,YSR Kadapa,YSR Kadapa Infrastructure Hub,14.4673,78.8242,14.467029,78.824571,verified_district,verified_district,approximate,district,medium,True,True,APPROXIMATE,True,Preserved validated district location
618239,"Rehabilitation & Upgradation of NH214New NH-216 from Km 34/230 to Km 84/550 Losari to Machavaram Section to two lane with paved shoulder in the state of Andhrapradesh under NHDP-IV through Engineering, Procurement& Construction EPC mode.",Andhra Pradesh,Guntur,Guntur Infrastructure Hub,16.3067,80.4365,16.306875,80.436932,verified_district,verified_district,approximate,district,medium,True,True,APPROXIMATE,True,Preserved validated district location
618254,Construction of Paderu bypass Km 0000 to Km 13000 of 2- lane with paved shoulder on NH-516E,Andhra Pradesh,Alluri Sitharama Raju,Paderu & Upper Sileru Hydro Node,18.0667,82.5333,18.066875,82.533736,verified_city,verified_city,exact,city,high,True,True,VALIDATED,True,Matched infrastructure site keyword in Alluri Sitharama Raju
618255,Two laning with paved shoulders of Lambasingi to Paderusection of NH 516E,Andhra Pradesh,Alluri Sitharama Raju,Paderu & Upper Sileru Hydro Node,15.8281,78.0373,18.067147,82.533358,verified_district,verified_city,exact,city,high,True,True,VALIDATED,True,Matched infrastructure site keyword in Alluri Sitharama Raju
618256,"Rehabilitation and Upgradation to 2-lane with paved should ders Sir, configuration of Chaprathipalem to Lambasingi section Km 165500 to Km 205000 of NH-516E in the State of Andhra Pradesh under Green National Highways Corridor Project GNHCP with the loan assistance of World Bank on EPC mode",Andhra Pradesh,Alluri Sitharama Raju,Paderu & Upper Sileru Hydro Node,18.1067,83.3956,18.066971,82.532922,verified_district,verified_city,exact,city,high,True,True,VALIDATED,True,Matched infrastructure site keyword in Alluri Sitharama Raju
618257,Rehabilitation and Upgradation to 2-lane with paved shoulders configuration of Koyyuru to Chaprathipalem section Km 120000 to Km 165500 of NH-516E in the State of Andhra Pradesh under Green National Highways Corridor Project GNHCP with the loan assistance of World Bank on EPC mode,Andhra Pradesh,East Godavari,East Godavari Infrastructure Hub,17.0005,81.804,17.000675,81.804433,verified_district,verified_district,approximate,district,medium,True,True,APPROXIMATE,True,Preserved validated district location
618258,Two laning with paved shoulders of Gondiguda to Araku uptoBhallaguda section of NH 516E,Andhra Pradesh,Alluri Sitharama Raju,Paderu & Upper Sileru Hydro Node,18.0667,82.5333,18.066525,82.532864,verified_city,verified_city,exact,city,high,True,True,VALIDATED,True,Matched infrastructure site keyword in Alluri Sitharama Raju
618259,Two laning with paved shoulders of Paderu to GundigudaSection of NH 516E,Andhra Pradesh,Alluri Sitharama Raju,Paderu & Upper Sileru Hydro Node,18.0667,82.5333,18.066253,82.533242,verified_city,verified_city,exact,city,high,True,True,VALIDATED,True,Matched infrastructure site keyword in Alluri Sitharama Raju
618412,Construction of i Connecting Road from Z-Morh Tunnel to Zojila Tunnel Road Length 18.475km and ii 14.150 Km long 2-L Bi-directional single tube Zoji-la Tunnel across Zojila Pass on Sonamarg - Kargil section from Km 82 to Km 118 of NH-01 under PMDP,Andhra Pradesh,Ananthapuramu,Tadipatri Bypass NH-67 & Solar Energy Zone,14.6819,77.6006,14.681453,77.600543,verified_district,verified_district,approximate,district,medium,True,True,APPROXIMATE,True,Preserved validated district location
618475,Bangalore Chennai Expressway Phase-II Pkg-II from km.96.000 to Km 127.000 Baireddypalle to Bangarupalem section,Andhra Pradesh,Chittoor,"Bangalore-Chennai Expressway Pkg-2, Baireddypalli",17.6868,83.2185,13.12,78.65,verified_district,verified_facility,exact,project_site,high,True,True,VALIDATED,True,"Known verified facility (Bangalore-Chennai Expressway Pkg-2, Baireddypalli)"
618476,Bangalore Chennai Expressway Phase-II Pkg-III from km.127.000 to Km 156.000 Bangarupalem to Gudipala section,Andhra Pradesh,Chittoor,Chittoor Industrial Cluster & NH-69,15.8281,78.0373,13.217375,79.100726,verified_district,verified_city,exact,city,high,True,True,VALIDATED,True,Matched infrastructure site keyword in Chittoor
618524,Construction of 6 lane elevated corridor including its approaches from Km. 629880 to Km. 634470 Design Chainage of NH-16 in Ranasthalam Town portion in the state of Andhra Pradesh on EPC Mode under NHO.,Andhra Pradesh,YSR Kadapa,YSR Kadapa Infrastructure Hub,14.4673,78.8242,14.467946,78.824848,verified_district,verified_district,approximate,district,medium,True,True,APPROXIMATE,True,Preserved validated district location
618525,Construction of flyover at Gammon Junction at Km.903.265 on NH16 including vent at Diwancheruvu junction at Km.902.308 Blackspot ID No.AP03299 in Andhra Pradesh on EPC mode under NHO,Andhra Pradesh,Guntur,Guntur Infrastructure Hub,16.3067,80.4365,16.307147,80.436558,verified_district,verified_district,approximate,district,medium,True,True,APPROXIMATE,True,Preserved validated district location
618526,6L of Gundugolanu Design km 1023.280 to Kalaparru Design km 1050.680 of NH-5 New NH-16,Andhra Pradesh,Eluru,"NH-16 Gundugolanu - Kalaparru Bypass Section, Eluru",13.6288,79.4192,16.71,81.1,verified_district,verified_facility,exact,project_site,high,True,True,VALIDATED,True,"Known verified facility (NH-16 Gundugolanu - Kalaparru Bypass Section, Eluru)"
618527,Six Laning of Vijayawada Bypass from Gollapudi to Chinnakakani in Vijayawada - Gundugolanu Section from km. 30.00 to km. 47.881 Pkg-IV,Andhra Pradesh,Eluru,Eluru Smart City Corridor,16.5062,80.648,16.7107,81.0952,verified_city,verified_city,exact,city,high,True,True,VALIDATED,True,Matched infrastructure site keyword in Eluru
618579,6L of Anandapuram Pendurthi Anakapalli Section from km. 681.000 to km. 731.780 of NH-16,Andhra Pradesh,Anakapalli,NH-16 Anandapuram - Pendurthi - Anakapalli 6-Lane,17.6868,83.2185,17.7,83.0,verified_city,verified_facility,exact,project_site,high,True,True,VALIDATED,True,Known verified facility (NH-16 Anandapuram - Pendurthi - Anakapalli 6-Lane)
618629,Nandigama Bypass and Kanchikacherla bypass,Andhra Pradesh,NTR,Vijayawada International Airport & Rail Hub,16.5062,80.648,16.506471,80.647626,verified_city,verified_city,exact,city,high,True,True,VALIDATED,True,Matched infrastructure site keyword in NTR
618633,4L of Kadapa China Orampadu section of NH-716 Package I of Kadapa-Renigunta section,Andhra Pradesh,Tirupati,Tirupati Airport & Srikalahasti Node,13.6288,79.4192,13.628625,79.418774,verified_city,verified_city,exact,city,high,True,True,VALIDATED,True,Matched infrastructure site keyword in Tirupati
618682,6L Korlam-Kantakapalle Section of NH-130CD Road from Km 421.100 to Km 445.100 Pkg-3,Andhra Pradesh,Srikakulam,Bhavanapadu Port & Srikakulam Corridor,17.0005,81.804,18.295075,83.894237,verified_district,verified_city,exact,city,high,True,True,VALIDATED,True,Matched infrastructure site keyword in Srikakulam
618700,Renigunta - Poyya - Naidupeta km 124.60 to km 183.4 of NH 71,Andhra Pradesh,Tirupati,Tirupati Airport & Srikalahasti Node,13.6288,79.4192,13.628353,79.419143,verified_city,verified_city,exact,city,high,True,True,VALIDATED,True,Matched infrastructure site keyword in Tirupati
618712,6L Access Controlled Greenfield Highway from Kodur Ch. 0000 to Vanavolu Ch. 24300 of [NH-544G] Package-1,Andhra Pradesh,Nandyal,Sangameswaram-Atmakuru & Velugodu-Nandyal Hub,15.4886,78.4836,15.488775,78.48403,verified_district,verified_district,approximate,district,medium,True,True,APPROXIMATE,True,Preserved validated district location
618713,6L Access Controlled Greenfield Highway from Yerragudipadu Ch. 129000 to Audireddipalle Ch. 160000 of [NH 544G] Package-6,Andhra Pradesh,YSR Kadapa,Greenfield Highway Yerragudipadu Section,17.6868,83.2185,14.88,78.5,verified_district,verified_facility,exact,project_site,high,True,True,VALIDATED,True,Known verified facility (Greenfield Highway Yerragudipadu Section)
618714,6L Access Controlled Greenfield Highway from Nallacheruvu palli Ch. 96300 to Yerragudipadu Ch. 129000 of [NH-544G] Package-5,Andhra Pradesh,Sri Sathya Sai,Gorantla-Hindupur NH-716G & Puttaparthi,17.6913,83.0039,14.166971,77.81633,verified_district,verified_city,exact,city,high,True,True,VALIDATED,True,Matched infrastructure site keyword in Sri Sathya Sai
618715,6L Access Controlled Greenfield Highway from Odulapalle Ch. 72000 to Nallacheruvu- palli Ch. 96300 of [NH-544G]Package-4,Andhra Pradesh,Sri Sathya Sai,Gorantla-Hindupur NH-716G & Puttaparthi,13.6288,79.4192,14.166525,77.816273,verified_district,verified_city,exact,city,high,True,True,VALIDATED,True,Matched infrastructure site keyword in Sri Sathya Sai
618716,6L Access Controlled Greenfield Highway from Vankarakunta Ch. 45700 to Odulapalle Ch. 72000 of [NH-544G]Package-3,Andhra Pradesh,Sri Sathya Sai,Gorantla-Hindupur NH-716G & Puttaparthi,13.2172,79.1003,14.166253,77.816643,verified_district,verified_city,exact,city,high,True,True,VALIDATED,True,Matched infrastructure site keyword in Sri Sathya Sai
618717,6L Access Controlled Greenfield Highway from Vanavolu Ch. 24300 to Vankarakunta Ch. 45700 of [NH-544G] Package-2,Andhra Pradesh,Sri Potti Sriramulu Nellore,Krishnapatnam Port Node Phase-1,14.4426,79.9865,14.442871,79.986129,verified_district,verified_district,approximate,district,medium,True,True,APPROXIMATE,True,Preserved validated district location
618718,6L Access Controlled Greenfield Highway from Kavulakuntla Ch. 196000 to Narayanmpet Ch. 203500Package-09,Andhra Pradesh,Guntur,Guntur Smart City & Amaravati Capital Node,16.3067,80.4365,16.306971,80.436126,verified_district,verified_district,approximate,district,medium,True,True,APPROXIMATE,True,Preserved validated district location
618719,6L Access Controlled Greenfield Highway from Mallapalle Ch. 176000 to Kavulakuntla Ch. 196000 Package-08,Andhra Pradesh,Palnadu,Nadikudi Junction & Palnadu Mining Node,16.23,80.05,16.23,80.05,verified_district,verified_district,approximate,district,medium,True,True,APPROXIMATE,False,Preserved validated district location
618720,6L Access Controlled Greenfield Highway from Audireddipalle Ch. 160000 to Mallapalle Ch. 176000Package-07,Andhra Pradesh,Bapatla,Bapatla Coastal Corridor,15.9042,80.4678,15.9042,80.4678,verified_district,verified_district,approximate,district,medium,True,True,APPROXIMATE,False,Preserved validated district location
618721,6L Access Controlled Greenfield Highway from Chandrasekharapuram Ch. 228000 to Polavaram Ch. 260000of [NH-544G] Package-11,Andhra Pradesh,Eluru,Eluru Smart City Corridor,16.7107,81.0952,16.710875,81.095633,verified_city,verified_city,exact,city,high,True,True,VALIDATED,True,Matched infrastructure site keyword in Eluru
618748,Khammam-Devarapalle Pkg IV [4L Access Controlled Greenfield from Recherla village to Gurvaygudem village Design Chainage 105236 to 132664],Andhra Pradesh,Prakasam,Ongole Industrial Node & Ramayapatnam Port,15.5057,80.0499,15.5057,80.0499,verified_district,verified_district,approximate,district,medium,True,True,APPROXIMATE,False,Preserved validated district location
618749,Khammam-Devarapalle Pkg V [4L Access Controlled Greenfield from Gurvaygudem village to Devarapalle village Design Chainage 132664 to 162126,Andhra Pradesh,West Godavari,Narasapur-Kotipalli Rail Link & Bhimavaram,16.5449,81.5212,16.545075,81.521632,verified_district,verified_district,approximate,district,medium,True,True,APPROXIMATE,True,Preserved validated district location
618759,4L PS Mydukur - Badvel from Km 585.820 to Km 630.960 of NH-67,Andhra Pradesh,YSR Kadapa,Kadapa Airport & Kopparthy Mega Industrial Node,14.4673,78.8242,14.468166,78.823946,verified_city,verified_city,exact,city,high,True,True,VALIDATED,True,Matched infrastructure site keyword in YSR Kadapa
618777,4L of Pileru to Kalur Section from Km 55.900 to Km 92.800 & Km 94.500 to Km 95.717 of NH-71Package-II,Andhra Pradesh,Annamayya,Rayachoti & Madanapalle Industrial Node,14.0,78.75,14.0,78.75,verified_city,verified_city,exact,city,high,True,True,VALIDATED,False,Matched infrastructure site keyword in Annamayya
618778,4L of Madanapalle to Pileru Section from Km 0.000 to Km 55.900 of NH-71Package-I,Andhra Pradesh,Annamayya,Rayachoti & Madanapalle Industrial Node,14.0,78.75,14.000175,78.750427,verified_city,verified_city,exact,city,high,True,True,VALIDATED,True,Matched infrastructure site keyword in Annamayya
618803,Development of 4L Road from Samarlakota to Achampeta Junction as part of Kakinada Port Connectivity to NH-16 Rajanagaram Junction in East Godavari District,Andhra Pradesh,East Godavari,Rajahmundry Airport & Godavari Bridge Corridor,17.0005,81.804,17.000947,81.804058,verified_city,verified_city,exact,facility,high,True,True,VALIDATED,True,Matched infrastructure site keyword in East Godavari
618804,Dedicated Port road to Krishnapatnam Port Package-I from Km. 0.000 to Km. 18.000,Andhra Pradesh,Sri Potti Sriramulu Nellore,Krishnapatnam Port Node Phase-1,14.4426,79.9865,14.442425,79.986072,verified_city,verified_city,exact,facility,high,True,True,VALIDATED,True,Matched infrastructure site keyword in Sri Potti Sriramulu Nellore
618805,6L Connectivity to Port Road from Sabbavaram Sheelanagar-NH516C,Andhra Pradesh,Visakhapatnam,Visakh Refinery (HPCL) & ESIC Sheelanagar,17.6868,83.2185,17.686529,83.218877,verified_city,verified_city,exact,facility,high,True,True,VALIDATED,True,Matched infrastructure site keyword in Visakhapatnam
618806,Improvement of 4L road to 6L road and 4L dedicated Port Roads for the Port connectivity road from Convent junction to Sheelanagar Junction,Andhra Pradesh,Visakhapatnam,Visakh Refinery (HPCL) & ESIC Sheelanagar,17.6868,83.2185,17.687446,83.219158,verified_city,verified_city,exact,facility,high,True,True,VALIDATED,True,Matched infrastructure site keyword in Visakhapatnam
618807,"4L Greenfield Road connecting North and South industrial cluster of Khandaleru Creek near Krishnapatnam port at Thamminapatnam to Mollur from Km 0.0 to Km 16.046, Part I & 6L extension of dedicated port road of NH-67 Km 18.0 to Km 19.3, Part II",Andhra Pradesh,Sri Potti Sriramulu Nellore,Krishnapatnam Port Node Phase-1,14.4426,79.9865,14.442153,79.986443,verified_city,verified_city,exact,facility,high,True,True,VALIDATED,True,Matched infrastructure site keyword in Sri Potti Sriramulu Nellore
618826,4 Laning of NH-544D from Km 0.000 to km 37.000 of Anantapur- Muchukota section Pkg-1,Andhra Pradesh,Ananthapuramu,Tadipatri Bypass NH-67 & Solar Energy Zone,14.6819,77.6006,14.681629,77.600971,verified_city,verified_city,exact,city,high,True,True,VALIDATED,True,Matched infrastructure site keyword in Ananthapuramu
618827,4 Laning of NH-544D from Km 37.000 to km 69.000 of Muchukota- Bugga section Pkg-2,Andhra Pradesh,YSR Kadapa,YSR Kadapa Infrastructure Hub,14.4673,78.8242,14.46752,78.823299,verified_district,verified_district,approximate,district,medium,True,True,APPROXIMATE,True,Preserved validated district location
618919,4L PS from Mandlem Existing Km. 38.000/Design Km.30.600 to Atmakur Existing Km.73.000/Design Km 66.115 of NH340C Package2,Andhra Pradesh,Nandyal,Sangameswaram-Atmakuru & Velugodu-Nandyal Hub,15.4886,78.4836,15.489047,78.483658,verified_city,verified_city,exact,city,high,True,True,VALIDATED,True,Matched infrastructure site keyword in Nandyal
618920,Access Controlled Highway of 4 Lane with Paved Shoulders from TN/AP Border Design Chainage Km 6151 to Puttur Design Chainage Km 81540 of NH-716 & 6 Lane with Paved Shoulders from Mallavaram to Renigunta,Andhra Pradesh,Tirupati,Tirupati Airport & Srikalahasti Node,13.6288,79.4192,13.628529,79.419569,verified_city,verified_city,exact,city,high,True,True,VALIDATED,True,Matched infrastructure site keyword in Tirupati
619076,Six Laning of Vijayawada Bypass from Chinna Avutapalli to Gollapudi in Vijayawada - Gundugolanu Section from km. 0.00 to km. 30.00 Pkg-III,Andhra Pradesh,Eluru,Eluru Smart City Corridor,16.5062,80.648,16.711147,81.095258,verified_city,verified_city,exact,city,high,True,True,VALIDATED,True,Matched infrastructure site keyword in Eluru
619102,4 L of China Orampadu-Renigunta section of NH-716 Package-II of Kadapa- Renigunta section,Andhra Pradesh,Tirupati,Tirupati Airport & Srikalahasti Node,13.6288,79.4192,13.629446,79.419845,verified_city,verified_city,exact,city,high,True,True,VALIDATED,True,Matched infrastructure site keyword in Tirupati
619111,6L Jakkuva Korlam Section of NH-130CD Road from km 396.800 to km 421.100 Pkg 2,Andhra Pradesh,Vizianagaram,NH-130CD Jakkuva - Korlam Section,13.6288,79.4192,18.52,83.45,verified_district,verified_facility,exact,project_site,high,True,True,VALIDATED,True,Known verified facility (NH-130CD Jakkuva - Korlam Section)
619112,6L Kantakapalle Sabbavaram Section of NH-130CD Road from Km 445.100 to Km 464.662 Pkg-4,Andhra Pradesh,Kurnool,Kurnool Infrastructure Hub,15.8281,78.0373,15.82788,78.038207,verified_district,verified_district,approximate,district,medium,True,True,APPROXIMATE,True,Preserved validated district location
619123,6L Access Controlled Greenfield Highway from Narayanmpet Ch. 203500 to Chandrasekharpuram Ch. 228000Package-10,Andhra Pradesh,Eluru,Eluru Smart City Corridor,16.7107,81.0952,16.710971,81.094825,verified_district,verified_district,approximate,district,medium,True,True,APPROXIMATE,True,Preserved validated district location
619124,6L Access Controlled Greenfield Highway from Polavaram Ch. 260000 to Marripudi Ch. 285500 of [NH-544G]Package-12,Andhra Pradesh,Eluru,Eluru Smart City Corridor,16.7107,81.0952,16.710525,81.094767,verified_city,verified_city,exact,city,high,True,True,VALIDATED,True,Matched infrastructure site keyword in Eluru
619125,6L Access Controlled Greenfield Highway from Somavarappadu Ch.314.600 to Muppavaram Ch.343240 of [NH-544G] Package-14,Andhra Pradesh,Dr. B.R. Ambedkar Konaseema,Pasarlapudi-Dhindi & Kotipalli Rail Terminal,16.57,82.0,16.570447,82.000058,verified_district,verified_district,approximate,district,medium,True,True,APPROXIMATE,True,Preserved validated district location
619126,6L Access Controlled Greenfield Highway from Marripudi Ch. 285500 to Somavarappadu Ch. 314600 of [NH-544G] Package-13,Andhra Pradesh,Krishna,Machilipatnam Deep Sea Port,16.1809,81.1303,16.181347,81.130358,verified_district,verified_district,approximate,district,medium,True,True,APPROXIMATE,True,Preserved validated district location
619140,6L of Naidupeta Junction - Turpukanupur Section from km 57.046 to km 91.927,Andhra Pradesh,Tirupati,Tirupati Airport & Srikalahasti Node,13.6288,79.4192,13.629666,79.418947,verified_city,verified_city,exact,city,high,True,True,VALIDATED,True,Matched infrastructure site keyword in Tirupati
619141,Construction of four lane access controlled highway from Chillakuru cross road to Turpu KanupurPart 1 of Package - II km 0.000 131.500 of NH - 16 to km 23.770 on New NH-516W including sixlane flyover and approaches on NH-16 length km 1.050 and six lane access controlled from TurpuKanupur to Port South Gate Part 2 of Package - II km 23.770 to km 35.015 on New NH-516W inthe state of Andhra Pradesh on HAM Mode under Bharatmala Pariyojana Phase I,Andhra Pradesh,Tirupati,Tirupati Airport & Srikalahasti Node,18.1124,83.3956,13.62902,79.418302,verified_district,verified_city,exact,facility,high,True,True,VALIDATED,True,Matched infrastructure site keyword in Tirupati
619160,Balance works in AP Portion and punch list items in TN & AP portion of NH-205,Andhra Pradesh,Vizianagaram,Vizianagaram Infrastructure Hub,18.1067,83.3956,18.1067,83.3956,verified_district,verified_district,approximate,district,medium,True,True,APPROXIMATE,False,Preserved validated district location
617892,Construction of 2-lane road of Potin to Pangin section of NH-13 from Km 163.59 to Km 206.66 Package-5 on EPC Mode in the State of Arunachal Pradesh under Arunachal Pradesh Package of Roads and Highways of SARDP-NE [Job No SARDP-NE/P- P/Pkg-A/NH-13/Ar.Pr./PWD/2018-19/116],Arunachal Pradesh,Tawang,Tawang Infrastructure Hub,27.5861,91.8653,27.586275,91.865768,verified_district,verified_district,approximate,district,medium,True,True,APPROXIMATE,True,Preserved validated district location
618033,4-Laning of Itanagar to Bandardewa section of NH-415from km 40430 to km 51735 Package-Bon EPC Mode in the state of Arunachal Pradesh Job NO. 415/Ar. P/2020- 21/031,Arunachal Pradesh,Papum Pare,Donyi Polo Airport Itanagar (Hollongi),27.0844,93.6053,27.084671,93.604897,verified_city,verified_city,exact,city,high,True,True,VALIDATED,True,Matched infrastructure site keyword in Papum Pare
618401,"Construction of Intermediate Lane with Hard Shoulder of Hunli to Hayuliang Package- III from design Km 60.000 to Km 121.500 Design Length 61.500 km, Greenfield Section of Frontier Highway NH-913 in the State of Arunachal Pradesh on EPC Mode Pkg-3",Arunachal Pradesh,West Kameng,West Kameng Infrastructure Hub,27.2645,92.4172,27.264675,92.417666,verified_district,verified_district,approximate,district,medium,True,True,APPROXIMATE,True,Preserved validated district location
618402,"Construction of Intermediate Lane with Hard Shoulder of Hunli to Hayuliang from Design Km 0.000 to Km 53.000 Design Length 53.000 km, Greenfield Section of Frontier Highway NH-913 in the State of Arunachal Pradesh on EPC Mode Package-I",Arunachal Pradesh,East Siang,East Siang Infrastructure Hub,28.0667,95.3333,28.066875,95.33377,verified_district,verified_district,approximate,district,medium,True,True,APPROXIMATE,True,Preserved validated district location
618403,Construction of Intermediate Lane Road with hard shoulder from design Km 0.000 to Km 17.387 Total length 17.387 km of Hunli to Ithun Bridge section on NH-913 Frontier Highway in State of Arunachal Pradesh on EPC mode under NHO-NE,Arunachal Pradesh,Lower Dibang Valley,Lower Dibang Valley Infrastructure Hub,28.14,95.84,28.140175,95.84047,verified_district,verified_district,approximate,district,medium,True,True,APPROXIMATE,True,Preserved validated district location
618404,Construction of lntermediate Lane Road with hard shoulder from design chainage Km 0.000 to Km 53.040 Existing Length68.500 Km & Total Design length 53.04 km of Tato to Monigong section of NH-913 Frontier Highway on Nafra Bomdila to Vijaynagar along China border in state of Arunachal pradesh on EPC mode,Arunachal Pradesh,West Kameng,Kameng Hydroelectric Project (600 MW),27.26,92.42,27.26,92.42,verified_city,verified_city,exact,city,high,True,True,VALIDATED,False,Matched infrastructure site keyword in West Kameng
618405,"Construction of Intermediate Lane of Pango to Jorging Road from 0000 to Design Km Design Km 40000 Design Length 40.00 Km, Pkg-l, Greenfield Alignment in the State of Arunachal Pradesh on EPC mode Pkg-1",Arunachal Pradesh,Papum Pare,Papum Pare Infrastructure Hub,27.0844,93.6053,27.084225,93.604834,verified_district,verified_district,approximate,district,medium,True,True,APPROXIMATE,True,Preserved validated district location
618432,Construction of Balance work of 2-Lane with PS of Joram-Koloriang Road NH-713 on EPC basis from Design Km 44.989 to Km 61.547 Existing Km 50.050 to Km 70.000 in the state of Arunachal Pradesh under SARDP-NE Pkg-3,Arunachal Pradesh,Tawang,Tawang Infrastructure Hub,27.5861,91.8653,27.586547,91.865363,verified_district,verified_district,approximate,district,medium,True,True,APPROXIMATE,True,Preserved validated district location
618433,Construction of Balance work of 2-Lane with PS of Joram Koloriang Road from existing Km122.600 to km138.00 [Design Km108.724 to Km123.714] in Arunachal Pradesh on EPC Mode under SARDP-NE Pkg-7,Arunachal Pradesh,West Kameng,West Kameng Infrastructure Hub,27.2645,92.4172,27.264947,92.417262,verified_district,verified_district,approximate,district,medium,True,True,APPROXIMATE,True,Preserved validated district location
618434,Roing-Hunli Road Greenfield Alignment Project,Arunachal Pradesh,Lower Dibang Valley,Dibang Multipurpose Hydroelectric Project (2880 MW),28.14,95.83,28.140175,95.83047,verified_city,verified_city,exact,city,high,True,True,VALIDATED,True,Matched infrastructure site keyword in Lower Dibang Valley
618445,Construction of 2-Laning with hard shoulders of Demwe-Brahmakund section of NH- 13 from Ch.0.00 km to 18.464 km on EPC under SARDP-NE NHO-NE -Balance Work,Arunachal Pradesh,East Siang,East Siang Infrastructure Hub,28.0667,95.3333,28.067147,95.333363,verified_district,verified_district,approximate,district,medium,True,True,APPROXIMATE,True,Preserved validated district location
619014,"lmprovement and Widening to 2 lane with paved Shoulder of NH-15 old NH-52 from Existing Km 770.600 Design Km 24.819 to Existing km 805.750 Design Km 59.885 Kamlang T-Junction to Chowkham, Existing Length 35.150 Km, Design Length-35.066 Km in the state of Arunachal Pradesh on EPC mode Pkg-2",Arunachal Pradesh,Lower Dibang Valley,Lower Dibang Valley Infrastructure Hub,28.14,95.84,28.140447,95.840063,verified_district,verified_district,approximate,district,medium,True,True,APPROXIMATE,True,Preserved validated district location
617895,Construction of Mangaldoi Bypass NH-15 starting at Ch 26400 and terminating at Ch 41505 under Rangia NH Division L 15.105 Km in the State of Assam. Job No. 15/AS/2021-22/234,Assam,Cachar,Cachar Infrastructure Hub,24.8333,92.7789,24.833475,92.779357,verified_district,verified_district,approximate,district,medium,True,True,APPROXIMATE,True,Preserved validated district location
617896,"Construction of 4 lane Gauripur Bypass Starting bfrom Km 852.56 of NH- 31Dumardoha Pt-II and Terminating at Km 862.17 Baladmara via. Khudimari Pt.- II, Fulkumari, Charaldanga, Sajuakuti,Geramari Pt.-III and finally meeting at km 862.17 of NH-17New/ NH-31Old in the State of Assam under EPC Mode Job no. 31/AS/ 2023- 24/265",Assam,Dhubri,Kamardanga LPG & POL Rail Fed Facility,26.02,89.97,26.020447,89.970062,verified_city,verified_city,exact,city,high,True,True,VALIDATED,True,Matched infrastructure site keyword in Dhubri
618034,Construction of 2 lane Barpeta Bypass from Km 77900Baradi to Km 86150 Deurikuchi Length8.25Km on NH-427 in the state of Assam under EPC ModeJob No.427/AS/2022-23/245,Assam,Barpeta,Barpeta Road & Highway Corridor,26.32,91.0,26.32,91.0,verified_city,verified_city,exact,city,high,True,True,VALIDATED,False,Matched infrastructure site keyword in Barpeta
618159,"Construction of new 2 Lane with paved shoulders of NH Standards from km 0.080 to km 11.690 L11.610 km in Majuli and from km 19.715 to km 27.484 L 7.769 km in Jorhat on the newly declared NH 715K and construction of 1.10 km flyover on NH-715 with its approaches and service roads L1.10 km, Total Length 20.479 km in the State of Assam Job No. 715K/AS/2023-24/256",Assam,Jorhat,Jorhat Airport & Tea Research Centre,26.75,94.22,26.75,94.22,verified_city,verified_city,exact,city,high,True,True,VALIDATED,False,Matched infrastructure site keyword in Jorhat
618160,"Construction of 2 lane Major Bridge including approaches over Brahmaputra between Majuli on North Bank and Jorhat on South Bank from km. 11.690 to km. 19.715 length of bridge 6,812.5m Package - II on NH-715K in the state of Assam Job no. 715/AS/2020-21/213",Assam,Jorhat,Jorhat Airport & Tea Research Centre,26.75,94.22,26.750175,94.220464,verified_city,verified_city,exact,city,high,True,True,VALIDATED,True,Matched infrastructure site keyword in Jorhat
618282,4-L Bilasipara-Guwahati Package-10,Assam,Dhubri,Kamardanga LPG & POL Rail Fed Facility,26.02,89.97,26.020271,89.969601,verified_city,verified_city,exact,city,high,True,True,VALIDATED,True,Matched infrastructure site keyword in Dhubri
618283,4-L Bilasipara-Guwahati Package-9,Assam,Dhubri,Kamardanga LPG & POL Rail Fed Facility,26.02,89.97,26.019825,89.969539,verified_city,verified_city,exact,city,high,True,True,VALIDATED,True,Matched infrastructure site keyword in Dhubri
618284,Widening/Improvement to 4-Lane with paved shoulder from Km 99930 to Km 143680 Design Chainage 96000 to 139750 of Paikan to Dhupdhara Sahar of Bilasipura- Guwahati Road on NH-17 in the state of Assam on EPC mode under Bharatmala Pariyojana in Economic Corridors Project Length 43.750km under NHO-NE Package- 8,Assam,Kamrup Metropolitan,Guwahati Airport Terminal & AIIMS Changsari,26.1445,91.7362,26.144325,91.735738,verified_city,verified_city,exact,city,high,True,True,VALIDATED,True,Matched infrastructure site keyword in Kamrup Metropolitan
618285,Widening/Improvement to 4 -Lane with Paved Shoulder from Ch. 88.000km to Ch.99.930 km Design Ch.84.100km to Ch.96.000 km of Sagunbashi forest near Nichinta to starting of Krishnai Bypass Section of Bilasipura Guwahati road NH 17 on EPC Package-7,Assam,Kamrup Metropolitan,Guwahati Airport Terminal & AIIMS Changsari,26.1445,91.7362,26.144053,91.736138,verified_city,verified_city,exact,city,high,True,True,VALIDATED,True,Matched infrastructure site keyword in Kamrup Metropolitan
618286,Construction of New 2-Lane Bridge with its approaches from km 0000 to Km 4385 across River Brahmaputra on NH-17 at Jogighopa in Assam on EPC mode,Assam,Dibrugarh,BCPL Brahmaputra Petrochemical Plant (Lepetkata),27.42,94.88,27.42,94.88,verified_facility,verified_facility,exact,facility,high,True,True,VALIDATED,False,Preserved validated district location
618287,"Widening/Improvement to 4-Lane with paved Shoulder from Ch. 25.633 Km to Ch. 52.470 Km Design Ch. 21.850 Km to Ch.48.670 Km for Package-2 of Bilasipura- Guwahati road NH-17 Section Near Mowatari, before Chapar Bypass to Tulungia junction with NH-17 in the state of Assam on HAM mode under NHO-NE Package-2",Assam,Kamrup Metropolitan,Guwahati Airport Terminal & AIIMS Changsari,26.1445,91.7362,26.144229,91.7366,verified_city,verified_city,exact,city,high,True,True,VALIDATED,True,Matched infrastructure site keyword in Kamrup Metropolitan
618288,"Widening/lmprovement to 4-Lane with Paved Shoulder from Ch.5.580 Km to Ch.25.633 Km Design Ch.0.000 Km to Ch.17.737km Km 901.100 to Km 921.145 of old NH-31 of Bilasipara- Guwahati road NH-17 Section Near Chirakuta to near Mowatari, before Chapar Bypass in the state ol Assam on HAM mode Package-1",Assam,Dhubri,Kamardanga LPG & POL Rail Fed Facility,26.02,89.97,26.019553,89.969938,verified_city,verified_city,exact,city,high,True,True,VALIDATED,True,Matched infrastructure site keyword in Dhubri
618289,Construction and up gradation to 4-Lane of existing two lane with paved shoulder from Hapachara to Tulungia road of NH-117 of existing Km 0.00 to km 14.050 and Design Km 0.000 to km 14.660 under BMP on EPC mode,Assam,Kamrup Metropolitan,Kamrup Metropolitan Infrastructure Hub,26.1445,91.7362,26.145146,91.736899,verified_district,verified_district,approximate,district,medium,True,True,APPROXIMATE,True,Preserved validated district location
618308,Construction of 4-Lane Panchgram Bypass from Design Chainage km 15500 on NH- 37 Old NH-53 at Kalinagar Pt.-I Village to Design Chainage km 27300 at crossing with NH-6 Old NH-44 Near Siddeswar Pt.-I Village on Silchar - Churaibari stretch in the State of Assam on EPC Mode under Bharatmala Pariyojana in Economic Corridors Silchar- Churaibari Package-2,Assam,Cachar,Silchar Multi-Modal Logistics Park,24.8333,92.7789,24.833747,92.778961,verified_city,verified_city,exact,city,high,True,True,VALIDATED,True,Matched infrastructure site keyword in Cachar
618309,Widening/lmprovement to 4-Laning and Greenfield alignment with Paved shoulder of Silchar-Badarpur Churaibari section of NH-37 & NH-8 from Design chainage 38.600 End point of proposed Badarpur Bypass to Km. 62.800 Start point of proposed Nilambazar/Cheragi Bypass in the state of Assam on HAM Mode Package-4,Assam,Karimganj,Karimganj Border River Port & ICP,24.87,92.35,24.87,92.35,verified_city,verified_city,exact,city,high,True,True,VALIDATED,False,Matched infrastructure site keyword in Karimganj
618310,Widening/lmprovement to 4-L of Karimgani - sutarkandi section of NH 37 from design Ch 0020 Start of proposed Karimganj Bypass from NH -8 to design Chainage Km 14380 near Sutarkandi Spur Connectivity to Indo/Bangladesh Border on Silchar- Churaibari in the State of Assam on HAM Mode Package-7,Assam,Karimganj,Karimganj Border River Port & ICP,24.87,92.35,24.870175,92.350457,verified_city,verified_city,exact,city,high,True,True,VALIDATED,True,Matched infrastructure site keyword in Karimganj
618311,Widening/lmprovement to 4-Lane with Paved shoulder for existing as well as Greenfield alignment of Badarpur Churaibari section of NH-8 from Design chainage 87.700 Chandkhira to Km. 106.500 Churaibari section Assam-Tripura border in the state of Assam on HAM Mode Package-6,Assam,Karimganj,Karimganj Border River Port & ICP,24.87,92.35,24.870447,92.350061,verified_city,verified_city,exact,city,high,True,True,VALIDATED,True,Matched infrastructure site keyword in Karimganj
618312,Widening/lmprovement to 4-Lane with Paved Shoulder from existing road and Greenfield alignment form Design Ch. 62.800 start of proposed Nilambazar/Cheragi Bypass to Design Ch. 87.700 near Chandkhira Village of NH-8 on Silchar-Churaibari in the state of Assam on HAM Mode Package-5,Assam,Cachar,Silchar Multi-Modal Logistics Park,24.8333,92.7789,24.833571,92.778504,verified_city,verified_city,exact,city,high,True,True,VALIDATED,True,Matched infrastructure site keyword in Cachar
618313,Widening/lmprovement of Existing 2 lane to 4-Laning of Karimganj-Silchar section of NH-37 from Design Ch 0.000 near Silchar ISBT to Design Ch 15.970 near Kalinagar Pt I on NH-37 in Assam on HAM Mode Pkg-1,Assam,Karimganj,Karimganj Border River Port & ICP,24.87,92.35,24.870271,92.349604,verified_city,verified_city,exact,city,high,True,True,VALIDATED,True,Matched infrastructure site keyword in Karimganj
618314,4-Laning of Dhanehari Lailapur / Vairengte section from Existing Chainage km 12920 to km 43000 of NH 306 Design Chainage km 20000 to km 49360 on Silchar - Vairengte Sairang road in the State of Assam under Bharatmala Pariyojna on EPC mode. Project Length 29.360 km under NHO-NE Package-2,Assam,Cachar,Silchar Multi-Modal Logistics Park,24.8333,92.7789,24.833125,92.778443,verified_city,verified_city,exact,city,high,True,True,VALIDATED,True,Matched infrastructure site keyword in Cachar
618315,4-Laning of Silchar - Dhanehari section from Existing Chainage km 263800 of NH 37 to km 12920 of NH 306 Design Chainage km 0000 to km 20000 on Silchar - Vairengte - Sairang road in the State of Assam under Bharatmala Pariyojna on EPC mode Package-1,Assam,Cachar,Silchar Multi-Modal Logistics Park,24.8333,92.7789,24.832853,92.778839,verified_city,verified_city,exact,city,high,True,True,VALIDATED,True,Matched infrastructure site keyword in Cachar
618325,Dillai to Lahorijan Package-7,Assam,Dibrugarh,Dibrugarh Infrastructure Hub,27.4728,94.912,27.472975,94.912467,verified_district,verified_district,approximate,district,medium,True,True,APPROXIMATE,True,Preserved validated district location
618326,Widening/Improvement to 4-Lane with Paved Shoulder from KM 38500 to Km 51246 Design Chainage 38500 to 50959 with proposed Daboka Bypass of Daboka- Parokhaowa of NH 29 on EPC under NHO-NE Package-1,Assam,Golaghat,Golaghat Infrastructure Hub,26.5167,93.9667,26.5167,93.9667,verified_district,verified_district,approximate,district,medium,True,True,APPROXIMATE,False,Preserved validated district location
618327,Widening/Improvement to 4-Lane with Paved Shoulder from KM 113300 to Km 146230 Design Chainage 113830 to 145712 of Kwaram Taro Village - Dillai Section in Assam on EPC Package-6,Assam,Cachar,Cachar Infrastructure Hub,24.8333,92.7789,24.833029,92.779296,verified_district,verified_district,approximate,district,medium,True,True,APPROXIMATE,True,Preserved validated district location
618330,Construction of 4/6 Laning from existing Km 159.400 of NH-36 to existing Km 102.500 of NH-39 and upto end point of Assam portion [Design Km 118.050 to design Km 132.375] Total New Alignment length of 14.325 Km of Daboka -Dimapur Section Dimapur Bypass in the state of Assam under SARDP-NE 'Phase-A' on EPC mode Assam Portion,Assam,Dhubri,Kamardanga LPG & POL Rail Fed Facility,26.02,89.97,26.019729,89.970399,verified_district,verified_district,approximate,district,medium,True,True,APPROXIMATE,True,Preserved validated district location
618331,lmprovement to 4-Lane with Paved Shoulder from existing km 260000 Design Ch.4560 km to existing km Ch.233000 D. Ch.24560 of Silchar near Nutan Dayapur village - Budha Nagar Section Length-20.00 Km of NH-37 under Package Silchar- Jiribam Pkg-1 in the state of Assam on HAM Mode,Assam,Cachar,Silchar Multi-Modal Logistics Park,24.8333,92.7789,24.833946,92.779591,verified_city,verified_city,exact,city,high,True,True,VALIDATED,True,Matched infrastructure site keyword in Cachar
618339,Widening/Improvement to 2-Lane Lane with Paved Shoulder from km 16900 Bogapani to km 27150 Golai Goan on existing Dibrugarh to Ledo section with proposed Digboi Bypass Green Field and Brownfield 2-LanePS of NH-315 OLD NH-38 in Tinsukia District under NHO- NE Package-4,Assam,Dibrugarh,Bogibeel Rail-cum-Road Bridge & BCPL Lepetkata,27.4728,94.912,27.473247,94.912063,verified_city,verified_city,exact,city,high,True,True,VALIDATED,True,Matched infrastructure site keyword in Dibrugarh
618340,Widening/Improvement to 4-Lane with Paved Shoulder from km 626030 Nalani hulla Gaon to km 650450 Chotahapjan on existing Tinsukhia -Makum Bypass of NH-15 OLD NH-37 and Strengthening of existing NH-315 OLD NH-38 from Km 0000 Chotahapjan to Km 16900 Bogapani section 2-Lane PS in Assam on EPCMode under NHO-NE Package-3,Assam,Tinsukia,"Digboi Refinery, Baghjan & Margherita Coalfields",27.4922,95.3468,27.491753,95.346737,verified_city,verified_city,exact,city,high,True,True,VALIDATED,True,Matched infrastructure site keyword in Tinsukia
618351,Widening & Upgradation to 2 lanes with paved shoulders road from Tamenglong to Mahur NH-137 in the State of Assam starting from km 156.489 near P. Leikul to km 176.410 near Borowapu on EPC mode under NHO-NE Assam portion Package-10,Assam,Dibrugarh,Bogibeel Rail-cum-Road Bridge & BCPL Lepetkata,27.4728,94.912,27.473071,94.911595,verified_district,verified_district,approximate,district,medium,True,True,APPROXIMATE,True,Preserved validated district location
618352,Widening & Upgradation to 2 lanes with paved shoulders road from Tamenglong to Mahur NH-137 in the State of Assam starting from km 136.500 near Hejaichak to km 156.489 near P. Leikul Package-9 on EPC mode under NHO-NE Package-9,Assam,Kamrup Metropolitan,Kamrup Metropolitan Infrastructure Hub,26.1445,91.7362,26.145366,91.735926,verified_district,verified_district,approximate,district,medium,True,True,APPROXIMATE,True,Preserved validated district location
618353,Widening & Upgradation to 2-lanes with paved shoulders road from Tamenglong to Mahur NH-137 in the State of Assam starting from km 116.480 near Hangrum to km 136.500 near Hejaichak Package-8 on EPC mode under NHO-NE Package 8,Assam,Dibrugarh,Dibrugarh Infrastructure Hub,27.4728,94.912,27.472625,94.911533,verified_district,verified_district,approximate,district,medium,True,True,APPROXIMATE,True,Preserved validated district location
618354,Wideinig & Upgradation to 2-lanes with paved shoulders road from Tamenglong to Mahur NH-137 in the State of Assam starting from km 96.870 near Jiri River to km 116.550 near Hangrum Package-7 on EPC mode Package7,Assam,Golaghat,Golaghat Infrastructure Hub,26.5167,93.9667,26.516875,93.967163,verified_district,verified_district,approximate,district,medium,True,True,APPROXIMATE,True,Preserved validated district location
618371,"Widening/Improvement to 4-Lane with Paved Shoulder configuration of existing single lane road from Srirampur near Bhairiguri Village to Kachukhana Harichara Paglagaunj Package-I of Srirampur - Dhubri Section of NH-127B from existing Km 0.000 to Km 28.050 Design Km 0.000 to Km 27.650, Design Length27.650 Km under JICA ODA Loan assistance Phase-V -Balance work",Assam,Dhubri,Kamardanga LPG & POL Rail Fed Facility,26.02,89.97,26.020646,89.970698,verified_city,verified_city,exact,city,high,True,True,VALIDATED,True,Matched infrastructure site keyword in Dhubri
618372,"Widening / Improvement to 4-Lane with Paved Shoulder configuration of existing single lane road from Kachukhana Harichara Paglagaunj to Dhubri - Phulbari Bridge approach Package-II of Srirampur - Dhubri Section of NH-127B from existing Km 28.050 to Km 55.060 Design Km 27.650 to Km 54.154, Design Length26.504 Km under JICA ODA Loan assistance Phase-V [Srirampur - Dhubri Pkg-2]",Assam,Dhubri,Kamardanga LPG & POL Rail Fed Facility,26.02,89.97,26.020866,89.969727,verified_city,verified_city,exact,city,high,True,True,VALIDATED,True,Matched infrastructure site keyword in Dhubri
618373,"Construction of 4-Lane Bridge including approaches over River Brahmaputra between Dhubri on North Bank,Assam and Phulbari on south Bank,Meghalaya on NH-127B under JICA ODA Loan assistance Phase-III",Assam,Dhubri,Kamardanga LPG & POL Rail Fed Facility,26.02,89.97,26.02022,89.969029,verified_city,verified_city,exact,city,high,True,True,VALIDATED,True,Matched infrastructure site keyword in Dhubri
618435,4-Laning from Rangagara to Kaliabor Tiniali from km 297.00 to km 315.315 of NH-37 on EPC basis under SARDP-NE in state of Assam,Assam,Nagaon,Nagaon Bypass & Kaliabor Highway,26.35,92.68,26.35,92.68,verified_city,verified_city,exact,city,high,True,True,VALIDATED,False,Matched infrastructure site keyword in Nagaon
618436,4-Laning of Jamugurihat to end of Biswanath Chariali By-Pass from Km 182.000 to Km 208.000 of NH-52 on EPC mode in state of Assam under SARDP-NE,Assam,Biswanath,Biswanath Chariali & Highway Corridor,26.73,93.15,26.73,93.15,verified_city,verified_city,exact,city,high,True,True,VALIDATED,False,Matched infrastructure site keyword in Biswanath
618437,"Construction of Balance Work of 4-Laning of NH-37 Section between End of Moran Bypass to Bogibeel junction near Lapetketa Km. 561.700-Km. 580.875 under SARDP- NE, Phase 'A' in the State of Assam on EPC mode Pkg-I Road works & Toll Plaza",Assam,Dibrugarh,Bogibeel Rail-cum-Road Bridge & BCPL Lepetkata,27.4728,94.912,27.472353,94.911937,verified_city,verified_city,exact,city,high,True,True,VALIDATED,True,Matched infrastructure site keyword in Dibrugarh
618438,"4-Laning of NH-37 Section between Demow to End of Moran Bypass From Km. 534.800 to Km. 561.700 including Emergency Landing Facility ELF under SARDP-NE, Phase 'A' in the State of Assam on EPC mode",Assam,Sivasagar,Lakwagaon & Rudrasagar ONGC Oil Assets,26.9826,94.6425,26.983047,94.642562,verified_city,verified_city,exact,city,high,True,True,VALIDATED,True,Matched infrastructure site keyword in Sivasagar
618439,"Construction of Balance Work of 4-Laning of the Section from Jorhat to Jhanji of NH- 37 Old from Km 453000 to Km 463000 10.000 Km, under SARDP- NE under EPC Mode in the state of Assam Pkg-I Road Works",Assam,Jorhat,Jorhat Airport & Tea Research Centre,26.75,94.22,26.750447,94.220062,verified_city,verified_city,exact,city,high,True,True,VALIDATED,True,Matched infrastructure site keyword in Jorhat
618440,"Construction of Balance Work of 4-Laning of the Section from Jhanji to Demow of NH- 37 Old from Km 490.800 to Km 534.800, under SARDP- NE on EPC Mode in the state of Assam Pkg- IV Structures & Toll Plaza",Assam,Sivasagar,Lakwagaon & Rudrasagar ONGC Oil Assets,26.9826,94.6425,26.982871,94.642097,verified_city,verified_city,exact,city,high,True,True,VALIDATED,True,Matched infrastructure site keyword in Sivasagar
618441,"Construction of Balance Work of 4-Laning of the Section from Jhanji to Demow of NH- 37 Old from Km 490.800 to Km 501.800 11.000 Km, under SARDP- NE under EPC Mode in the state of Assam Pkg-I Road Works",Assam,Sivasagar,Lakwagaon & Rudrasagar ONGC Oil Assets,26.9826,94.6425,26.982425,94.642035,verified_city,verified_city,exact,city,high,True,True,VALIDATED,True,Matched infrastructure site keyword in Sivasagar
618442,"Construction of Balance Work of the 4-Laning of the Section from Jorhat to Jhanji of NH-37 Old from Km 477.000 to Km 490800 13.800 Km, under SARDP- NE under EPC Mode in the state of Assam Pkg-III Road Works",Assam,Jorhat,Jorhat Airport & Tea Research Centre,26.75,94.22,26.750271,94.219598,verified_city,verified_city,exact,city,high,True,True,VALIDATED,True,Matched infrastructure site keyword in Jorhat
618443,"Construction of Balance Work of the 4-Laning of the Section from Jorhat to Jhanji of NH-37 Old from Km 463.00 to Km 477.000 14.000 Km, under SARDP- NE under EPC Mode in the state of Assam Pkg-II Road Works",Assam,Jorhat,Jorhat Airport & Tea Research Centre,26.75,94.22,26.749825,94.219536,verified_city,verified_city,exact,city,high,True,True,VALIDATED,True,Matched infrastructure site keyword in Jorhat
618444,"Construction of Balance Work of the 4-Laning of the Section from Jorhat to Jhanji of NH-37 Old from Km 453.000 to Km 490.800, under SARDP- NE , under EPC Mode in the state of Assam Pkg-IV Structures & Toll Plaza",Assam,Jorhat,Jorhat Airport & Tea Research Centre,26.75,94.22,26.749553,94.219938,verified_city,verified_city,exact,city,high,True,True,VALIDATED,True,Matched infrastructure site keyword in Jorhat
618454,"Earthwork in Formation, Road Work, Construction of Bridges, Blanketing, P. Way Linking works including Supply of P. Way Fittings and Track Ballast in connection with Construction of Railway Siding from Jogighopa Railway Station to MMLP at Jogighopa from Ch. 00 to 3760 on Item Rate basis Package -3, Railway Siding from Jogighopa Railway Station to MMLP",Assam,Golaghat,Golaghat Infrastructure Hub,26.5167,93.9667,26.517147,93.966762,verified_district,verified_district,approximate,district,medium,True,True,APPROXIMATE,True,Preserved validated district location
618455,Development of External Trunk Connectivity and Internal Infrastructure Works at Multi Model Logistics ParkMMLP at Jogighopa in the State of Assam on EPC Mode Package-I Road and Utility Works,Assam,Sonitpur,Tezpur University & Highway Corridor,26.6528,92.7926,26.652975,92.793064,verified_district,verified_district,approximate,district,medium,True,True,APPROXIMATE,True,Preserved validated district location
618576,"6L Standalone Flyovers at Raha, Demow, Borghat, Kathiatali junctions and ROB at Jagiroad on stretches of NH 36 and NH 27",Assam,Nagaon,Nagaon Bypass & Kaliabor Highway,26.35,92.68,26.350175,92.680463,verified_city,verified_city,exact,city,high,True,True,VALIDATED,True,Matched infrastructure site keyword in Nagaon
618934,Guwahati Ring Road in the State of Assam,Assam,Kamrup Metropolitan,Guwahati Airport Terminal & AIIMS Changsari,26.1445,91.7362,26.14472,91.735228,verified_city,verified_city,exact,city,high,True,True,VALIDATED,True,Matched infrastructure site keyword in Kamrup Metropolitan
618958,2L with ES of Yagyi - Kalewa section from Milepost 40/0 to Milepost 115/5 in Myanmar,Assam,Dhubri,Kamardanga LPG & POL Rail Fed Facility,26.02,89.97,26.019354,89.969302,verified_district,verified_district,approximate,district,medium,True,True,APPROXIMATE,True,Preserved validated district location
619013,"Construction of Balance Work of 4-Laning of the Section from Jhanji to Demow of NH- 37 Old from Km 501.800 to Km 514.800 13.000 Km, under SARDP- NE under EPC Mode in the state of Assam Pkg-II Road Works",Assam,Sivasagar,Lakwagaon & Rudrasagar ONGC Oil Assets,26.9826,94.6425,26.982153,94.642438,verified_city,verified_city,exact,city,high,True,True,VALIDATED,True,Matched infrastructure site keyword in Sivasagar
619057,Construction of 4-Lane Badarpur Bypass from Design Chainage km 27300 at crossing with NH-6 Old NH-44 Near Siddeswar Pt.-I Village to Design Chainage km 38600 on NH-37 Old NH-44 at Kandigram Chaita Village on Silchar - Churaibari stretch in the State of Assam on EPC Mode under Bharatmala Pariyojana in Economic Corridors Silchar- Churaibari Pkg-3,Assam,Karimganj,Karimganj Border River Port & ICP,24.87,92.35,24.869825,92.349543,verified_city,verified_city,exact,city,high,True,True,VALIDATED,True,Matched infrastructure site keyword in Karimganj
619060,"Construction of Balance Work of 4-Laning of the Section from Jhanji to Demow of NH- 37 Old from Km 514.800 to Km 534.800 20.000 Km, under SARDP- NE under EPC Mode in the state of Assam Pkg-III Road Works",Assam,Sivasagar,Lakwagaon & Rudrasagar ONGC Oil Assets,26.9826,94.6425,26.982329,94.642903,verified_city,verified_city,exact,city,high,True,True,VALIDATED,True,Matched infrastructure site keyword in Sivasagar
619089,Balance work of 4L of NarimbangloJatinga Junction- Harangajoroad section from Km 0.000 to Km 49.230 of NH-27,Assam,Dibrugarh,Dibrugarh Infrastructure Hub,27.4728,94.912,27.472529,94.912405,verified_district,verified_district,approximate,district,medium,True,True,APPROXIMATE,True,Preserved validated district location
617897,Construction of proposed 4Lane Revelgunj bypass NH-19 in the State of Bihar on EPC mode connecting NH 19 to 85 origin,Bihar,Saran,Chapra Wheel Plant & Sonepur Rail,25.7796,84.7499,25.7796,84.7499,verified_district,verified_district,approximate,district,medium,True,True,APPROXIMATE,False,Preserved validated district location
617958,Widening & Strenthening from km132.895 to km 190.15 NH-80,Bihar,Bhojpur,Arrah Rail Bridge Corridor,25.5702,84.4616,25.5702,84.4616,verified_district,verified_district,approximate,district,medium,True,True,APPROXIMATE,False,Preserved validated district location
617959,Rehabilitation & Widening work for 2 Lane with Paved Shoulder of Existing NH-80 from km 70.15 to Km 121.025 of Munger-Suttanganj -BhagatpurMirzachowki section on EPC Mode in the State of Bihar.,Bihar,Munger,Munger Rail-cum-Road Ganga Bridge,25.3756,86.4739,25.3756,86.4739,verified_city,verified_city,exact,city,high,True,True,VALIDATED,False,Matched infrastructure site keyword in Munger
617961,Gaya-Hisua-Rajgir-Nalanda-Biharsharif section km0.00 to 92.935 NH-82,Bihar,Nalanda,Rajgir Tourism & Highway,25.1315,85.4476,25.1315,85.4476,verified_city,verified_city,exact,city,high,True,True,VALIDATED,False,Matched infrastructure site keyword in Nalanda
617966,Rehabilitation and Upgrading to 2 lanes/2-lane with paved shoulders configuration and strengthening of of Birpur and Bihpur Section from km 0.0 to Km 106 of NH 106 under phase I of National Highways Interconnectivity Improvement Projects NHIIP ICB No. NHIIP-BR-106-7 [NHIIP-BR-106-7],Bihar,East Champaran,Motihari Highway & ICP Raxaul,26.658,84.91,26.658,84.91,verified_district,verified_district,approximate,district,medium,True,True,APPROXIMATE,False,Preserved validated district location
617969,Construction of 4 Lane ROB and its approaches at the level crossing LC No 29 B of Km 29 Ekangarsarai at NH 110 New NH 33 & Railway Km 32.63 at Fatwa FUT Islampur IPR section in the state of Bihar on EPC mode.,Bihar,West Champaran,Bettiah Narkatiaganj Corridor,27.0,84.3667,27.0,84.3667,verified_district,verified_district,approximate,district,medium,True,True,APPROXIMATE,False,Preserved validated district location
618004,Construction of Bhabhua Bypass from Ch. 10800Design Ch. 10800 to Ch. 19860 Design Ch. 18150 and Chand Bypass from Ch. 38060 Design Ch. 36250 to Ch. 40460 Design Ch. 38650 and widening of existing road to 2 - lane with Paved shoulder from Ch. 40460 Design Ch. 38650 to Ch. 46860 Design Ch. 45050 of NH-219 Total length- 16.150 Kmunder EPC mode in the state of Bihar,Bihar,Katihar,Katihar Railway Junction,25.5394,87.5667,25.539575,87.567159,verified_district,verified_district,approximate,district,medium,True,True,APPROXIMATE,True,Preserved validated district location
618005,Sheohar-Sitamarhi Section km 40.000 to 79.400 km Lot-I,Bihar,Sitamarhi,Bairgania & Sitamarhi Rail Corridor,26.5939,85.4914,26.5939,85.4914,verified_city,verified_city,exact,city,high,True,True,VALIDATED,False,Matched infrastructure site keyword in Sitamarhi
618006,Sitamarhi-Jaynagar Section km 79.400 to km 156.500 Lot-II,Bihar,Sitamarhi,Bairgania & Sitamarhi Rail Corridor,26.5939,85.4914,26.594075,85.491864,verified_city,verified_city,exact,city,high,True,True,VALIDATED,True,Matched infrastructure site keyword in Sitamarhi
618007,Jaynagar-Narahia Section km 156.500 to km 219.945 Lot-III,Bihar,Madhubani,Jaynagar Nepal Border Rail,26.3568,86.0712,26.356975,86.071663,verified_city,verified_city,exact,city,high,True,True,VALIDATED,True,Matched infrastructure site keyword in Madhubani
618073,Improvement to Two lane with Paved Shoulder from Junction of NH22 near Hajipur to Junction of NH -122 at Bachhwara via Mahnar and Mohiuddin Nagar from Km 0.00 to Km 29.730 of NH 122 B in the State of Bihar.,Bihar,Vaishali,Hajipur Rail Zonal Headquarters,25.6858,85.2146,25.686247,85.214662,verified_city,verified_city,exact,city,high,True,True,VALIDATED,True,Matched infrastructure site keyword in Vaishali
618074,Pre construction activity of NH 122B from km 0 to 72.348 and Improvement to two lane with paved shoulders of NH 122B from km 29.730 to km 72.348 in state of Bihar under EPC mode,Bihar,Patna,Bihta Airport & Patna Metro,25.5941,85.1376,25.593925,85.13714,verified_district,verified_district,approximate,district,medium,True,True,APPROXIMATE,True,Authoritative district resolution (Patna)
618080,Improvement to two lane with paved shoulders of BH WB Border Amdabad Manihari section from design Km 0.000 to Km 23.945 of NH 131 A Total length 23.945 Km under EPC mode in the state of Bihar,Bihar,Katihar,Katihar Railway Junction,25.5394,87.5667,25.539847,87.566761,verified_city,verified_city,exact,city,high,True,True,VALIDATED,True,Matched infrastructure site keyword in Katihar
618120,construction of Four-Lane of chausa-Buxar Bypass from Km 45.000 to Km 65.915 Package - 2 in the State of Bihar on EPC Mode.,Bihar,Buxar,Chausa Buxar Thermal Power Project,25.56,83.98,25.560175,83.980459,verified_city,verified_city,exact,city,high,True,True,VALIDATED,True,Matched infrastructure site keyword in Buxar
618121,Improvement to two lane with paved shoulders of NH-319A from km 0 to km 45 in state of Bihar under EPC mode,Bihar,Begusarai,Barauni Refinery & Fertilizer Complex,25.4184,86.1272,25.418671,86.126803,verified_district,verified_district,approximate,district,medium,True,True,APPROXIMATE,True,Preserved validated district location
618126,"Pre-Construction activities from Km 134.000 to Km 190.233 of NH-333A and Construction of 4 no. of Bypasses at Katoria, Lakhpura, Banka & Panjwara total length-14.359 Km to two lane with paved shoulders standard in State of Bihar.",Bihar,Banka,Banka Power & Rail Corridor,24.8833,86.92,24.8833,86.92,verified_city,verified_city,exact,city,high,True,True,VALIDATED,False,Matched infrastructure site keyword in Banka
618146,Estimate for Improvement to two lane with paved shoulder from Ramnagar to Roseda from km 3.500 to 43.000 of NH 527 E on EPC mode in State of Bihar,Bihar,Bhagalpur,Vikramshila 4-Lane Ganga Bridge,25.2425,87.0139,25.2425,87.0139,verified_district,verified_district,approximate,district,medium,True,True,APPROXIMATE,False,Preserved validated district location
618228,construction of a new 4 lane Parallel to existing MG Setu with its approaces from km 0.00 to km 14.500 across river Ganga on NH-19 at Patna in the state of Bihar.,Bihar,Patna,Bihta Airport & Patna Metro,25.5941,85.1376,25.593653,85.137538,verified_city,verified_city,exact,city,high,True,True,VALIDATED,True,Matched infrastructure site keyword in Patna
618234,Construction of a new 4-lane major bridge across river Kosi at Phulaut including Rehabilitation and upgradation of existing Birpur and Bihpur section of NH-106 from km 106.000 to km 136.000 to 2-lane with paved shoulders in the State of Bihar on EPC mode,Bihar,Muzaffarpur,Kanti Power & 4-Lane Highway,26.1209,85.3647,26.121347,85.364762,verified_district,verified_district,approximate,district,medium,True,True,APPROXIMATE,True,Preserved validated district location
618246,Construction of New 4-Lane Bridge Parallel to existing Vikramashila Setufrom km 8920 to Km 13375including approach road 35m Naugachhia side &53 m Bhagalpur sideacross River Ganga on newly declared NH-131B at Bhagalpur in the State of Bihar,Bihar,Bhagalpur,Vikramshila 4-Lane Ganga Bridge,25.2425,87.0139,25.242675,87.014358,verified_city,verified_city,exact,city,high,True,True,VALIDATED,True,Matched infrastructure site keyword in Bhagalpur
618250,Construction of 6-Lane Elevated / Extra Dose Cable Bridge on River Ganga parallel to & Western side of Digha-Sonepur Rail cum-Road Bridge of NH 139W in the State of Bihar,Bihar,Saran,Chapra Wheel Plant & Sonepur Rail,25.7796,84.7499,25.779775,84.75036,verified_city,verified_city,exact,city,high,True,True,VALIDATED,True,Matched infrastructure site keyword in Saran
618251,"Improvement and Up gradation to four lane with Paved shoulder configuration from Existing Km 0000 to Km 39500 design km 0500 to Km 40342, Design length km of NH 227A near Mehrauna GhatUP Bihar Border to Siwan on the state of Bihar on Hybrid Annuity Model HAM basis",Bihar,Siwan,Siwan Junction & Highway Node,26.2194,84.3564,26.2194,84.3564,verified_city,verified_city,exact,city,high,True,True,VALIDATED,False,Matched infrastructure site keyword in Siwan
618569,Balance work - WB-10 Gandak Bridge Km 402.00 to Km 440.00 Devanpur - Kotwa,Bihar,Vaishali,Hajipur Rail Zonal Headquarters,25.6858,85.2146,25.686071,85.214202,verified_district,verified_district,approximate,district,medium,True,True,APPROXIMATE,True,Preserved validated district location
618570,4L Elevated Highway and at grade improvements at Gopalganj Town from Km. 384.000 to Km. 386.750 on NH-27,Bihar,Gopalganj,Gopalganj & Thawe Junction,26.4678,84.4444,26.468247,84.444462,verified_city,verified_city,exact,city,high,True,True,VALIDATED,True,Matched infrastructure site keyword in Gopalganj
618571,Permanent rectification of 3 nos. of black spots in project Highway NH-27 of U.P border - Dewapur - Kotwa section from Km.360.915 to km.440.000 Total Length of 79.085 Km of NH-27& Permanent rectification of 5 nos. of black spots of project Highway NH-27 of Kotwa - Mehsi - Muzaffarpur Section from km.440.000 to km.520.000 Total length 80.00Km,Bihar,Muzaffarpur,Kanti Power & 4-Lane Highway,26.1209,85.3647,26.121171,85.3643,verified_city,verified_city,exact,city,high,True,True,VALIDATED,True,Matched infrastructure site keyword in Muzaffarpur
618582,4L of Galgalia - Bahadurganj section from Km 0.000 to Km 49.000 Package-I of NH327E,Bihar,Kishanganj,"Galgalia - Bahadurganj Section, NH-327E",25.5941,85.1376,26.1,87.9,verified_city,verified_facility,exact,project_site,high,True,True,VALIDATED,True,"Known verified facility (Galgalia - Bahadurganj Section, NH-327E)"
618583,4L of Bahadurganj Araria section from Km 49.000 to Km 94.000 Package-II of NH- 327E,Bihar,Araria,"Bahadurganj - Araria Section, NH-327E",25.5941,85.1376,26.15,87.52,verified_city,verified_facility,exact,project_site,high,True,True,VALIDATED,True,"Known verified facility (Bahadurganj - Araria Section, NH-327E)"
618725,6L Greenfield Varanasi-Ranchi-Kolkata Highway from Pachmon village to Anarbansalea village From KM. 116000 to KM. 151200 Package-6,Bihar,Bhojpur,Arrah Rail Bridge Corridor,25.5702,84.4616,25.570375,84.462059,verified_district,verified_district,approximate,district,medium,True,True,APPROXIMATE,True,Preserved validated district location
618726,6L Greenfield Varanasi-Ranchi-Kolkata Highway from junction with Chandauli- Chainpur Road near Khainti village to junction with Bhabhua-Adhaura road near Palka village from Km. 27.000 to Km. 54.000 Pkg-2,Bihar,Kaimur,Mohania & Bhabua Highway Corridor,25.0447,83.6144,25.0447,83.6144,verified_city,verified_city,exact,city,high,True,True,VALIDATED,False,Matched infrastructure site keyword in Kaimur
618727,6L Greenfield Varanasi-Ranchi-Kolkata Highway from junction with Bhabhua-Adhaura road in Bhairopur village to Konki village From KM. 54.000 to KM. 90.000Pkg-3,Bihar,East Champaran,Motihari Highway & ICP Raxaul,26.658,84.91,26.658175,84.910464,verified_district,verified_district,approximate,district,medium,True,True,APPROXIMATE,True,Preserved validated district location
618738,6L Bridge and its approaches across River Ganga as Part of Patna Ring Road NH- 131G starting from Km 8.480 near Sherpur to Km 23.000 near Dighwara,Bihar,Patna,Bihta Airport & Patna Metro,25.5941,85.1376,25.593829,85.137998,verified_city,verified_city,exact,city,high,True,True,VALIDATED,True,Matched infrastructure site keyword in Patna
618739,4L Greenfield Alignment of Amas to Shivrampur from 0.000 Km. to 55.002 Km. of NH 119 D Pkg-I,Bihar,West Champaran,Bettiah Narkatiaganj Corridor,27.0,84.3667,27.000175,84.367165,verified_district,verified_district,approximate,district,medium,True,True,APPROXIMATE,True,Preserved validated district location
618740,4L Greenfield Alignment of Shivrampur to Ramnagar from Km. 55.002 to Km. 109.300 of NH 119 D Pkg-II,Bihar,Katihar,Katihar Railway Junction,25.5394,87.5667,25.539671,87.566302,verified_district,verified_district,approximate,district,medium,True,True,APPROXIMATE,True,Preserved validated district location
618741,4L Greenfield Alignment from Kalyanapur to Tal Dashraha of NH-119D Pkg-III,Bihar,Madhubani,Jaynagar Nepal Border Rail,26.3568,86.0712,26.357247,86.071262,verified_district,verified_district,approximate,district,medium,True,True,APPROXIMATE,True,Preserved validated district location
618742,"Construction of 6-lane Greenfield corridor from Ramnagar to Kacchi Dargah NH-119D from Km 109700 to Km 122300, including widening of the existing NH-31 from Km 196700 to Km 198600, as part of the Amas-Darbhanga.",Bihar,Darbhanga,Darbhanga Airport & AIIMS,26.1542,85.8918,26.154647,85.891862,verified_city,verified_city,exact,city,high,True,True,VALIDATED,True,Matched infrastructure site keyword in Darbhanga
618774,Ara - Mohania Pkg-II,Bihar,Kaimur,Mohania & Bhabua Highway Corridor,25.0447,83.6144,25.044875,83.614857,verified_city,verified_city,exact,city,high,True,True,VALIDATED,True,Matched infrastructure site keyword in Kaimur
618775,Ara Bypass,Bihar,Begusarai,Barauni Refinery & Fertilizer Complex,25.4184,86.1272,25.418225,86.126741,verified_district,verified_district,approximate,district,medium,True,True,APPROXIMATE,True,Preserved validated district location
618779,4L of Aurangabad-Paithan,Bihar,Aurangabad,Nabinagar Super Thermal Power Plant,24.7533,84.3739,24.753747,84.373961,verified_city,verified_city,exact,city,high,True,True,VALIDATED,True,Matched infrastructure site keyword in Aurangabad
618790,Construction of four laning of Bakarpur- Manikpur road section starting from village Chitarsenpur km 0000 and terminating at SH-74 near Manikpur 38814 at NH-139W under Bharatmalapariyona,Bihar,Bhagalpur,Vikramshila Setu Four-Laning,25.26,87.03,25.26,87.03,verified_facility,verified_facility,exact,facility,high,True,True,VALIDATED,False,Preserved validated district location
618791,4L PS under NH configuration of Manikpur-Sahebganj of NH-139W,Bihar,Muzaffarpur,Kanti Power & 4-Lane Highway,26.1209,85.3647,26.120725,85.364238,verified_district,verified_district,approximate,district,medium,True,True,APPROXIMATE,True,Preserved validated district location
618839,Aunta - Simaria including Ganga Bridge,Bihar,Begusarai,"6-Lane Ganga Bridge at Simaria, Begusarai",25.66,85.11,25.43,85.97,verified_facility,verified_facility,exact,project_site,high,True,True,VALIDATED,True,"Known verified facility (6-Lane Ganga Bridge at Simaria, Begusarai)"
618840,Simaria Km. 206.050 to Khagaria Km. 266.282,Bihar,Khagaria,Khagaria-Kusheshwar Asthan Rail Link,25.5033,86.4819,25.503747,86.481961,verified_city,verified_city,exact,city,high,True,True,VALIDATED,True,Matched infrastructure site keyword in Khagaria
618841,4L Elevated Section and at-grade improvements at Begusarai town Simaria - Khagaria section from Km. 221.047 to Km. 225.302 of NH-31,Bihar,Begusarai,Barauni Refinery & Fertilizer Complex,25.4184,86.1272,25.417953,86.127139,verified_city,verified_city,exact,city,high,True,True,VALIDATED,True,Matched infrastructure site keyword in Begusarai
618861,Bakhtiyarpur-Rajauli Pkg-II from km. 54.405 to km.101.630,Bihar,Nawada,Nawada & Rajauli Highway Node,24.8878,85.5433,24.8878,85.5433,verified_city,verified_city,exact,city,high,True,True,VALIDATED,False,Matched infrastructure site keyword in Nawada
618862,Bakhtiyarpur-Rajauli Pkg-III from km. 101.630 to km.152.520,Bihar,Nawada,Nawada & Rajauli Highway Node,24.8878,85.5433,24.887975,85.543757,verified_city,verified_city,exact,city,high,True,True,VALIDATED,True,Matched infrastructure site keyword in Nawada
618902,Maheshkunt-Saharsa-Purnea Pkg I km 0.00 to km. 90.00 of NH-107,Bihar,Saharsa,Saharsa Rail & Highway Node,25.8822,86.5989,25.8822,86.5989,verified_city,verified_city,exact,city,high,True,True,VALIDATED,False,Matched infrastructure site keyword in Saharsa
618903,Maheshkunt -Saharsa-Purnea Pkg II,Bihar,Saharsa,Saharsa Rail & Highway Node,25.8822,86.5989,25.882375,86.599361,verified_city,verified_city,exact,city,high,True,True,VALIDATED,True,Matched infrastructure site keyword in Saharsa
618904,Chhapra - Hajipur from km. 143.200 to km. 209.200,Bihar,Vaishali,Hajipur Rail Zonal Headquarters,25.6858,85.2146,25.685625,85.21414,verified_city,verified_city,exact,city,high,True,True,VALIDATED,True,Matched infrastructure site keyword in Vaishali
618905,Widening with additional 3L abetting Chhapra Bypass Section of NH-19 from Km. 143.200 to Km. 159.255 Pkg-1,Bihar,Saran,Chapra Wheel Plant & Sonepur Rail,25.7796,84.7499,25.780047,84.749962,verified_district,verified_district,approximate,district,medium,True,True,APPROXIMATE,True,Preserved validated district location
618914,"4L Elevated Corridor and at-grade improvements from Design Ch0000 to Design Ch 19870 of Danapur Bihta Section, Design Ch0000 to Design Ch0231 connecting the existing RoB near Danapur station ,1.35 Km ramps and at-grade improvements to 4- lane section on Danapur side and Upgradation of existing Two lane carriageway to Four Lane carriageway from Design Ch19870 to Design Ch23500 of Bihta - Koilwar section",Bihar,Patna,Bihta Airport & Patna Metro,25.5941,85.1376,25.594746,85.138295,verified_city,verified_city,exact,city,high,True,True,VALIDATED,True,Matched infrastructure site keyword in Patna
618915,4L of Bal. works of Patna - Gaya -Dobhi Pkg-II from km. 39.00 to km. 83.00 of Old NH- 83,Bihar,Jehanabad,Jehanabad & Makhdumpur Highway,25.2156,84.9867,25.2156,84.9867,verified_city,verified_city,exact,city,high,True,True,VALIDATED,False,Matched infrastructure site keyword in Jehanabad
618916,4L of Bal. works of Patna - Gaya -Dobhi Pkg-III from km. 83.00 to km. 127.217 of Old NH-83,Bihar,Gaya,Dobhi Industrial Node (AKIC),25.5941,85.1376,24.7914,85.0002,verified_city,verified_city,exact,city,high,True,True,VALIDATED,True,Matched infrastructure site keyword in Gaya
618917,4L Greenfield starting from NH-30 near Saristabad Patna to Nathupur Project end point of Patna-Gaya-Dobhi Section of NH-83,Bihar,Gaya,Dobhi Industrial Node (AKIC),25.5941,85.1376,24.791575,85.000657,verified_city,verified_city,exact,city,high,True,True,VALIDATED,True,Matched infrastructure site keyword in Gaya
618926,4L of Siwan- Masrakh section of Ram Janki Marg from Km 230.385 to Km 281.391 of NH-227A,Bihar,Siwan,Siwan Junction & Highway Node,26.2194,84.3564,26.219575,84.356862,verified_city,verified_city,exact,city,high,True,True,VALIDATED,True,Matched infrastructure site keyword in Siwan
618953,Umagaon-Saharsa Package-IV Koshi Bridge & approach Road - Bheja-Bakaur,Bihar,Saharsa,Saharsa Rail & Highway Node,25.8822,86.5989,25.882647,86.598962,verified_city,verified_city,exact,city,high,True,True,VALIDATED,True,Matched infrastructure site keyword in Saharsa
618954,Umagaon - Saharsa Package - I Combined Umagaon-Kaluahi0.000KM to 21.609Km of NH227LSaharghat-Rahika0.000 Km to 26.130KM of NH227JRahika-Rampatti 0.00 KM to 15.00KM of NH527ABideshwarsthan-Bheja0.000KM to 25.915KM of NH527A.,Bihar,Saharsa,Saharsa Rail & Highway Node,25.8822,86.5989,25.882471,86.598501,verified_city,verified_city,exact,city,high,True,True,VALIDATED,True,Matched infrastructure site keyword in Saharsa
618955,2L PS of Majhauli to Charout section from km. 0.00 to km. 63.655,Bihar,West Champaran,Bettiah Narkatiaganj Corridor,27.0,84.3667,27.000447,84.366762,verified_district,verified_district,approximate,district,medium,True,True,APPROXIMATE,True,Preserved validated district location
618956,Construction of Major Bridge over Baghmati and Lakhandei River along with Approaches from Design km.16.500 to km.21.500,Bihar,Katihar,Katihar Railway Junction,25.5394,87.5667,25.539225,87.566241,verified_district,verified_district,approximate,district,medium,True,True,APPROXIMATE,True,Preserved validated district location
619127,4L of Greenfield Alignment from Km. 47.000 to Km. 89.210 of Balbhadarpur to Bela Nawda Section of NH-119D,Bihar,Madhubani,Jaynagar Nepal Border Rail,26.3568,86.0712,26.357071,86.070799,verified_district,verified_district,approximate,district,medium,True,True,APPROXIMATE,True,Preserved validated district location
619136,Rehabilitation and Upgradation of Chorma - Bairgania Section of National Highway No 227F to 2 lane with paved shoulders from Design Ch.0.000 to Ch. 34.566,Bihar,Sitamarhi,Bairgania & Sitamarhi Rail Corridor,26.5939,85.4914,26.594347,85.491462,verified_city,verified_city,exact,city,high,True,True,VALIDATED,True,Matched infrastructure site keyword in Sitamarhi
619152,Bakhtiyarpur Km 153.300 to Mokama Km 197.900,Bihar,Begusarai,Barauni Refinery & Fertilizer Complex,25.4184,86.1272,25.418129,86.127597,verified_district,verified_district,approximate,district,medium,True,True,APPROXIMATE,True,Preserved validated district location
619166,Umagaon-Saharsa Package-V Bakaur-Parsarma-Bangaon-Bariyahi & Spur to Mahishi,Bihar,Saharsa,Saharsa Rail & Highway Node,25.8822,86.5989,25.882025,86.598439,verified_city,verified_city,exact,city,high,True,True,VALIDATED,True,Matched infrastructure site keyword in Saharsa
619289,4L of Munger Mirzachauki section from Munger to Kharia village junction from Km 69520 to Km 95580 Pkg-1,Bihar,Munger,Munger Rail-cum-Road Ganga Bridge,25.3756,86.4739,25.375775,86.474359,verified_city,verified_city,exact,city,high,True,True,VALIDATED,True,Matched infrastructure site keyword in Munger
619301,Construction of Approach Road to Rail-cum- Road Bridge across river Ganga at Munger Ghat NH-333 B,Bihar,Munger,Munger Rail-cum-Road Ganga Bridge,25.3756,86.4739,25.376047,86.473961,verified_city,verified_city,exact,city,high,True,True,VALIDATED,True,Matched infrastructure site keyword in Munger
619305,4L of Munger Mirzachauki section from start of existing Bhagalpur bypass to Rasulpur from Km 125000 to Km 157350 Pkg-3,Bihar,Bhagalpur,Vikramshila 4-Lane Ganga Bridge,25.2425,87.0139,25.242947,87.013961,verified_city,verified_city,exact,city,high,True,True,VALIDATED,True,Matched infrastructure site keyword in Bhagalpur
619306,4L of Munger Mirzachauki section from Km 95580 to Km 125000 Pkg-2,Bihar,Munger,Munger Rail-cum-Road Ganga Bridge,25.3756,86.4739,25.375871,86.473503,verified_city,verified_city,exact,city,high,True,True,VALIDATED,True,Matched infrastructure site keyword in Munger
619317,4L of Hajipur-Muzaffarpur Section of the existing NH-77 from Km. 0000 Ramashish Chowk to Km. 46300 and new bypass starting at Km. 46300 and connecting NH-28 of E-W Corridor at Km. 515045,Bihar,Muzaffarpur,Kanti Power & 4-Lane Highway,26.1209,85.3647,26.120453,85.364638,verified_city,verified_city,exact,city,high,True,True,VALIDATED,True,Matched infrastructure site keyword in Muzaffarpur
619320,Muzaffarpur - Sonbarsa Section of NH-77 from km 2.800 to km 89.000,Bihar,Muzaffarpur,Kanti Power & 4-Lane Highway,26.1209,85.3647,26.120629,85.3651,verified_city,verified_city,exact,city,high,True,True,VALIDATED,True,Matched infrastructure site keyword in Muzaffarpur
617908,Bemetara Bypass NH 30,Chhattisgarh,Bemetara,Bemetara Agriculture & Highway Corridor,21.7,81.55,21.7,81.55,verified_city,verified_city,exact,city,high,True,True,VALIDATED,False,Matched infrastructure site keyword in Bemetara
617919,Construction of 4 Nos Grade separtor between km. 281.000 to km. 307.600 km. 286.400 kumhari km. 299.000 Transport Nagar km. 302.000 Power House km. 304.000 Chandra Moura Chowk to km. 305.000 supeia of NH-53 old NH-06 Raipur - Durg 4 Lane on EPC mode in the state of chhattisgarh job NO. NH-53old NH-06 CG- 2017-18-56,Chhattisgarh,Durg,Bhilai Steel Plant & IIT Bhilai Campus (Kutelabhata),21.19,81.28,21.189553,81.27994,verified_city,verified_city,exact,facility,high,True,True,VALIDATED,True,Matched infrastructure site keyword in Durg
617971,Up-gradation to Two/Four lane with paved shoulder Configuration of Kondagaon- Narayanpur from design ch. 0.00 - 48.693 Design Length 47.493 Km. 1.20 Km. retained on NH-130D under EPC mode in the State Chhattisgarh.,Chhattisgarh,Narayanpur,Rowghat Iron Ore Mining Rail Link,19.72,81.25,19.720447,81.250059,verified_city,verified_city,exact,city,high,True,True,VALIDATED,True,Matched infrastructure site keyword in Narayanpur
617972,Upgradation to Two lane with Paved Shoulder Configuration of Narayanpur Kasturmeta pkg-II from design ch. 48.693 to 70.453 design length21.760 Km. on NH-130D under EPC mode in the state of Chhattisgarh.,Chhattisgarh,Narayanpur,Rowghat Iron Ore Mining Rail Link,19.72,81.25,19.720271,81.249619,verified_city,verified_city,exact,city,high,True,True,VALIDATED,True,Matched infrastructure site keyword in Narayanpur
617973,Strengthening and widening of existing 2 lane road to two lane paved shoulder from km 7.750 to 26.542 & km. 32.093 to 45.786 of NH-130 on EPC mode in the state of chhattisgarh.job No. 130-CG-2017-18-348,Chhattisgarh,Raipur,Raipur Infrastructure Hub,21.2514,81.6296,21.251225,81.629155,verified_district,verified_district,approximate,district,medium,True,True,APPROXIMATE,True,Preserved validated district location
618014,"Upgradation of Ambikapur-Ramanujganj-Garwa road of NH-343, Package-III, Badki mahri village to Ramanujganj section from existing km 80.600 to km 110.330 Design Ch. 85.370 to Ch. 114.800 of total length 29.430 km to two lane with paved shoulders udner corridor scheme under EPC Mode in the of Chhattisgarh",Chhattisgarh,Balrampur,Balrampur Border & Minerals Node,23.61,83.61,23.61,83.61,verified_city,verified_city,exact,city,high,True,True,VALIDATED,False,Matched infrastructure site keyword in Balrampur
618015,"Upgradation of Keonchi - Ratanpur Road of NH 45 Package-I, from design chainage km 237.860 to km 273.200 of length 35.340 km to two lane with paved shoulders under Corridor scheme on EPC mode in the state of Chhattisgarh.",Chhattisgarh,Durg,Durg Infrastructure Hub,21.1904,81.2849,21.190575,81.285345,verified_district,verified_district,approximate,district,medium,True,True,APPROXIMATE,True,Preserved validated district location
618016,"Upgradation of Ambikapur Ramanujganj - Garhwa Road NH 343 of Package-I, Rajpuri Khurd Village to Padih Village section from existing km 7.830 to km 57.650 Design Ch. 13.700 to Ch. 62.700 of total length 49.00 km to two lane with paved shoulders under EPC mode in the state of Chhattisgarh",Chhattisgarh,Balrampur,Balrampur Border & Minerals Node,23.61,83.61,23.610175,83.610452,verified_city,verified_city,exact,city,high,True,True,VALIDATED,True,Matched infrastructure site keyword in Balrampur
618017,"Upgradation of Keonchi - Ratanpur Road of NH 45 Package-II, from design chainage km 278.75 to km 321.348 of length 42.598 km to two lane with paved shoulders under Corridor scheme on EPC mode in the state of Chhattisgarh.",Chhattisgarh,Raipur,Raipur Infrastructure Hub,21.2514,81.6296,21.250953,81.62954,verified_district,verified_district,approximate,district,medium,True,True,APPROXIMATE,True,Preserved validated district location
618018,Upgradation of Bilaspur-Takhatpur-Mungeli-Pandariya-Pondi Road on N.H.-130A Package IIIA Takhatpur By-pass from existing Ch. 26.542 to 32.093 [Design Ch. 18.700 to 25.900] & Mungeli By-pass from existing Ch. 45.786 to 56.275 [Design Ch. 29.600 to 51.600] and Package IIIB Pandariya By-Pass from existing Ch. 82.582 to 87.133 [Design Ch. 77.900 to 81.1000 & Pondi By-pass from existing Ch. 103.166 to 104.756 [Design Ch. 97.000 to 103.395] to two lane with paved shoulder configuration in the,Chhattisgarh,Kabirdham,Kawardha Sugar & Highway Corridor,22.01,81.25,22.01,81.25,verified_city,verified_city,exact,city,high,True,True,VALIDATED,False,Matched infrastructure site keyword in Kabirdham
618064,Up-gradation of NH-930 Sherpar to Kohka from Km.67880 to Km.114860 to 2LPS in Chhattisgarh under EPC mode,Chhattisgarh,Korba,Korba Infrastructure Hub,22.3595,82.7501,22.359771,82.749712,verified_district,verified_district,approximate,district,medium,True,True,APPROXIMATE,True,Preserved validated district location
618078,Up-gradation of NH-130C Abhanpur to Paund from NH Km. 0000 to KM 40380 to two lane with paved shoulders in the State of Chhattisgarh on EPC mode.,Chhattisgarh,Raipur,Raipur Infrastructure Hub,21.2514,81.6296,21.251129,81.629985,verified_city,verified_city,exact,city,high,True,True,VALIDATED,True,Preserved validated district location
618589,Durg-Raipur Bypass Section Package - 1 from km. 0.00 to km. 44.50 near Tendesara to near Khatti Village,Chhattisgarh,Durg,Bhilai Steel Plant & IIT Bhilai Campus (Kutelabhata),21.2514,81.6296,21.189729,81.280385,verified_city,verified_city,exact,city,high,True,True,VALIDATED,True,Matched infrastructure site keyword in Durg
618590,Durg-Raipur-Arang Package - 2 from km. 44.50 to km. 92.23 near Khatti Village to near Aurang,Chhattisgarh,Raipur,Swami Vivekananda Airport & Nava Raipur Smart City,21.2514,81.6296,21.252046,81.630273,verified_city,verified_city,exact,city,high,True,True,VALIDATED,True,Matched infrastructure site keyword in Raipur
618639,4L of Bilaspur to Urga km 0.00 to 70.2 of NH-130A,Chhattisgarh,Bilaspur,SECL Headquarters & Bilaspur Railway Zone,22.0797,82.1409,22.079971,82.140513,verified_city,verified_city,exact,city,high,True,True,VALIDATED,True,Matched infrastructure site keyword in Bilaspur
618640,4L of Urga - Pathalgaon from Km. 70.200 to km. 157.745 of NH-130A,Chhattisgarh,Durg,Durg Infrastructure Hub,21.1904,81.2849,21.190847,81.28496,verified_district,verified_district,approximate,district,medium,True,True,APPROXIMATE,True,Preserved validated district location
618673,Development of 6L of Jhanki Sargi Section Road from km 0.000 to km 42.800 of NH- 130CD Pkg-CG-1,Chhattisgarh,Bilaspur,Bilaspur Infrastructure Hub,22.0797,82.1409,22.079525,82.140453,verified_district,verified_district,approximate,district,medium,True,True,APPROXIMATE,True,Preserved validated district location
618674,Development of 6L Sargi Basanwahi Section from km 42.800 to km 99.500 of NH- 130CD Pkg-CG-2,Chhattisgarh,Raipur,Raipur Infrastructure Hub,21.2514,81.6296,21.252266,81.629336,verified_district,verified_district,approximate,district,medium,True,True,APPROXIMATE,True,Preserved validated district location
618675,Development of 6L of Basanwahi Marangpuri Section from km 99.500 to km 124.661 of NH-130-CD,Chhattisgarh,Korba,Korba Infrastructure Hub,22.3595,82.7501,22.359325,82.749652,verified_district,verified_district,approximate,district,medium,True,True,APPROXIMATE,True,Preserved validated district location
618849,Conversion of Partially Excavated Escape Tunnel to Uni-Directional 2L Tunnelincluding construction of cross passages and approach roads on either side of the tunnel from Km 12.732 to Km 14.568 of Kiratpur to Nerchowk Section of NH-21,Chhattisgarh,Durg,Durg Infrastructure Hub,21.1904,81.2849,21.190671,81.284515,verified_district,verified_district,approximate,district,medium,True,True,APPROXIMATE,True,Preserved validated district location
618957,4 laning of Champa - Korba from km 0.00 to km 38.2,Chhattisgarh,Korba,"Champa - Korba 4-Lane Highway Corridor, Korba",22.01,82.57,22.35,82.68,verified_city,verified_facility,exact,project_site,high,True,True,VALIDATED,True,"Known verified facility (Champa - Korba 4-Lane Highway Corridor, Korba)"
619103,4/6 Laning of Raipur-Simga Pkg-I from km. 0.00 to km. 48.58,Chhattisgarh,Baloda Bazar,Baloda Bazar Cement Hub of India,21.2514,81.6296,21.660447,81.98006,verified_city,verified_city,exact,city,high,True,True,VALIDATED,True,Matched infrastructure site keyword in Baloda Bazar
619167,4 Laning with PS of Pathrapalli-Katghora km 53.3 to km 92.6 Pkg-II of Bilaspur Kathghora,Chhattisgarh,Korba,"Pathrapalli - Katghora Highway Section, Korba",22.3595,82.7501,22.5,82.55,verified_city,verified_facility,exact,project_site,high,True,True,VALIDATED,True,"Known verified facility (Pathrapalli - Katghora Highway Section, Korba)"
619183,Widening of Existing Road from Intermediate Lane 2-lane to 4-lane Between Km 19.994 to Km 35.180 of NH-848A Rakholi-Khadoli-Velugam Section in U.T. of Dadra and Nagar Haveli and Daman and Diu,Dadra & Nagar Haveli and Daman & Diu,Daman,"Daman Coastal Ring Road Widening, Daman",20.27,73.01,20.41,72.84,verified_city,verified_facility,exact,project_site,high,True,True,VALIDATED,True,"Known verified facility (Daman Coastal Ring Road Widening, Daman)"
618509,Development of 6L UER II [Package - I] NH-1 Near Bakoli till Karala Kanjhawala Road from km. 0.70 to km.15.00,Delhi,North Delhi,North Delhi Infrastructure Hub,28.72,77.16,28.72,77.16,verified_district,verified_district,approximate,district,medium,True,True,APPROXIMATE,False,Preserved validated district location
618578,6L Access Controlled Highway from DND Maharani Bagh - Jn. with Jaitpur - Pushta Road of NH-148NA from km. 0.00 to km. 9.00 in NCR,Delhi,South Delhi,DND Maharani Bagh - Jaitpur Pushta Road NH-148NA,28.5355,77.25,28.535947,77.250063,verified_city,verified_city,exact,city,high,True,True,VALIDATED,True,Matched infrastructure site keyword in South Delhi
619090,8L of Dwarka Expressway Pkg-II RuB near Dwarka Sector 21-DL/HR Border from 5.300 Km.to 9.500 Km. of NH-248BB,Delhi,South West Delhi,"Dwarka Expressway, UER-II & IGI Airport Terminal",28.58,77.05,28.580175,77.050472,verified_city,verified_city,exact,city,high,True,True,VALIDATED,True,Matched infrastructure site keyword in South West Delhi
619202,Dwarka Expressway from Km -0.600 to Km 5.300 - Pkg-I Shivmurti Chowk-RuB near Dwarka Sector 21,Delhi,South West Delhi,"Dwarka Expressway, UER-II & IGI Airport Terminal",28.58,77.05,28.580447,77.050063,verified_city,verified_city,exact,city,high,True,True,VALIDATED,True,Matched infrastructure site keyword in South West Delhi
617941,4-Laning from End of Zuari approaches to Start of Margao Bypass section of NH-66 from Km 536.800 to Km 543.450,Goa,South Goa,Mormugao Port & Dabolim Airport Hub,15.39,73.81,15.390175,73.81043,verified_city,verified_city,exact,city,high,True,True,VALIDATED,True,Matched infrastructure site keyword in South Goa
617942,Construction of Six lane Elevated Corridor from Km. 508.000 to Km. 513.150 including approaches on NH-66,Goa,South Goa,South Goa Infrastructure Hub,15.28,73.98,15.28,73.98,verified_district,verified_district,approximate,district,medium,True,True,APPROXIMATE,False,Preserved validated district location
618609,Construction of 4L Flyover from MES College Junction to Bogmalo Junction on NH- 566 from Km. 7.106 to Km. 10.460 and 4L VUP at Queeny Nagar Junction from Km. 3.330 to Km. 4.550,Goa,North Goa,North Goa Infrastructure Hub,15.55,73.85,15.550175,73.85043,verified_district,verified_district,approximate,district,medium,True,True,APPROXIMATE,True,Preserved validated district location
617906,Up-gradation of Dhoraji-Jamkandorna-Kalavad Section of NH-927D from Design Chainage km 0/00 to km 58/115 to Two lane with PS configuration in the State of Gujarat on EPC,Gujarat,Vadodara,Koyali Refinery & Bullet Train Depot,22.35,73.12,22.307471,73.180812,verified_facility,verified_district,approximate,district,medium,True,True,APPROXIMATE,True,Authoritative district resolution (Vadodara)
617916,Work of 6 laning/Construction of elevated corridor from km 0/0 to 10/170 Narol Junction to Sarkhej junction including 4 lane Shastri Bridge on Sabarmati river on NH 47 in the State of Gujarat on HAM mode,Gujarat,Ahmedabad,Dholera Smart City & Expressway,22.25,72.19,22.24978,72.190943,verified_city,verified_city,exact,city,high,True,True,VALIDATED,True,Matched infrastructure site keyword in Ahmedabad
617926,Construction of new 4 lane major bridge with approaches on Sabarmati River near Dharoi at Km. 82/00 to 86/00 Design length 3.300 km on NH-58 in the State of Gujarat on Hybrid Annuity Mode HAM,Gujarat,Mehsana,"Sabarmati River Bridge, Dharoi NH-58",23.9984,72.8481,23.9984,72.8481,manual_verified,manual_verified,exact,project_site,high,True,True,VALIDATED,False,"Known verified facility (Sabarmati River Bridge, Dharoi NH-58)"
617927,Widening to 2LPS between Km 0/0 to 56/0 Khokhara Gujarat Border Vijayanagar Antrasuba Mathasur road of NH 58 in the State of Gujarat,Gujarat,Bharuch,Dahej PCPIR Petrochemical SEZ,22.35,73.12,21.705547,72.99596,verified_facility,verified_district,approximate,district,medium,True,True,APPROXIMATE,True,Authoritative district resolution (Bharuch)
617928,"Widening 2 lane to 4-lane from KM 92/320 to Km 115/320 Vav Chokdi-Satlasana to to Vrundavan Chokdi, Kheralu on NH-58 in the State of Gujarat.",Gujarat,Mehsana,Satlasana-Kheralu NH-58 4-Lane,23.8862,72.6205,23.8862,72.6205,manual_verified,manual_verified,exact,project_site,high,True,True,VALIDATED,False,Known verified facility (Satlasana-Kheralu NH-58 4-Lane)
617976,Work of development and construction of elevated corridorfrom km 38/660 to km 42/690 Iscon junction to start point of approach of sanand flyover of NH-147 in the sate of Gujarat,Gujarat,Ahmedabad,Dholera Smart City & Expressway,22.25,72.19,22.251258,72.190529,verified_city,verified_city,exact,city,high,True,True,VALIDATED,True,Matched infrastructure site keyword in Ahmedabad
617977,Development of Chiloda - Gandhinagar- Sarkhej ofNH-147 Package -II,Gujarat,Gandhinagar,GIFT City & Mahatma Mandir,23.2156,72.6369,23.215775,72.637351,verified_city,verified_city,exact,city,high,True,True,VALIDATED,True,Matched infrastructure site keyword in Gandhinagar
618022,Upgradation to two lane with paved Shoulder Configuaration from Km. 0/00 to 47/000 of NH 351 Mahuva to Badhada section in the State of Gujarat,Gujarat,Amreli,Port Pipavav & Amreli Rail Corridor,21.6032,71.2221,21.6032,71.2221,verified_city,verified_city,exact,city,high,True,True,VALIDATED,False,Matched infrastructure site keyword in Amreli
618107,Upgradation of Mehsana-Visnagar-vadnagar-Kheralu-Idar section from km 0/00 to 81/300 of NH 168G Mehsana to Idar in the State of GujaratTotal Length 81.300 Km on Hybrid Annuity Mode HAM,Gujarat,Mehsana,Mehsana-Vadnagar-Kheralu-Idar NH-168G,23.7842,72.6414,23.7842,72.6414,manual_verified,manual_verified,exact,project_site,high,True,True,VALIDATED,False,Known verified facility (Mehsana-Vadnagar-Kheralu-Idar NH-168G)
618108,Up-gradation and strengthening to 2lanePS from Km 95/500 to km 129/775 of Nh 168G Idar-Bhiloda-Samlaji in the state of Gujarat Length 34.275 km,Gujarat,Aravalli,Modasa & Shamlaji Rail Corridor,23.5419,73.1706,23.542075,73.171052,verified_city,verified_city,exact,city,high,True,True,VALIDATED,True,Matched infrastructure site keyword in Aravalli
618459,Delhi-Vadodara Greenfield Alignment NH-148N Pkg-26 Ch.696890 to Ch.726390,Gujarat,Dahod,Dahod Locomotive & Greenfield Alignment,22.8378,74.253,22.838247,74.25306,verified_city,verified_city,exact,city,high,True,True,VALIDATED,True,Matched infrastructure site keyword in Dahod
618460,Delhi-Vadodara Greenfield Alignment NH-148N Pkg-28 Ch.756052 to Ch.781282,Gujarat,Panchmahal,Godhra & Halol Industrial Corridor,22.7758,73.6149,22.776247,73.61496,verified_city,verified_city,exact,city,high,True,True,VALIDATED,True,Matched infrastructure site keyword in Panchmahal
618462,Delhi-Vadodara Greenfield Alignment NH-148N Pkg-31 Ch.824920 to Ch.844382 [Junction near Pratap nagar Village - Junction near Dodka Village],Gujarat,Vadodara,Koyali Refinery & Bullet Train Depot,22.3072,73.1812,22.307025,73.180752,verified_city,verified_city,exact,city,high,True,True,VALIDATED,True,Matched infrastructure site keyword in Vadodara
618463,Vadodara Mumbai Expressway Kim to Ankleshwar Phase IA - Pkg V,Gujarat,Bharuch,Dahej PCPIR Petrochemical SEZ,21.7051,72.9959,21.705371,72.995514,verified_city,verified_city,exact,city,high,True,True,VALIDATED,True,Matched infrastructure site keyword in Bharuch
618464,Vadodara Mumbai Expressway Ena -Kim Phase IB - Pkg VI [Km 217.500 to Km 254.430],Gujarat,Vadodara,Koyali Refinery & Bullet Train Depot,22.3072,73.1812,22.306753,73.18114,verified_city,verified_city,exact,city,high,True,True,VALIDATED,True,Matched infrastructure site keyword in Vadodara
618465,Vadodara Mumbai Expressway Gandeva to Ena Phase IB - Pkg VII [Km 190.00 to Km 217.500],Gujarat,Navsari,Navsari & Gandeva Highway Corridor,20.9467,72.952,20.9467,72.952,verified_city,verified_city,exact,city,high,True,True,VALIDATED,False,Matched infrastructure site keyword in Navsari
618466,Vadodara Mumbai Expressway Jujuwa - Gandeva from Km. 154.600 to Km. 190.000 Phase-I Package-VIII,Gujarat,Valsad,"Valsad, Vapi & Expressway Corridor",20.5992,72.9342,20.5992,72.9342,verified_city,verified_city,exact,city,high,True,True,VALIDATED,False,Matched infrastructure site keyword in Valsad
618467,Vadodara Mumbai Expressway Karvad - Jujuwa from Km. 128.000 to Km. 154.600 Phase-I Package-IX,Gujarat,Valsad,"Valsad, Vapi & Expressway Corridor",20.5992,72.9342,20.599375,72.934643,verified_city,verified_city,exact,city,high,True,True,VALIDATED,True,Matched infrastructure site keyword in Valsad
618501,Ahmedabad - Dholera Pkg I from km. 0.00 to km. 22.00 [Sardar Patel Ring Road - Sindhrej Village],Gujarat,Ahmedabad,Dholera Smart City & Expressway,22.25,72.19,22.251053,72.189087,verified_city,verified_city,exact,city,high,True,True,VALIDATED,True,Matched infrastructure site keyword in Ahmedabad
618502,Ahmedabad - Dholera Pkg II from km. 22.00 to km. 48.52 [Sindhrej Village - Vejallka Village],Gujarat,Ahmedabad,Dholera Smart City & Expressway,22.25,72.19,22.249795,72.188558,verified_city,verified_city,exact,city,high,True,True,VALIDATED,True,Matched infrastructure site keyword in Ahmedabad
618503,Ahmedabad - Dholera Pkg III from km. 48.52 to km. 71.06 [Vejallka Village - Start of DSIR zone],Gujarat,Ahmedabad,Dholera Smart City & Expressway,22.25,72.19,22.248742,72.189471,verified_city,verified_city,exact,city,high,True,True,VALIDATED,True,Matched infrastructure site keyword in Ahmedabad
618504,Ahmedabad - Dholera Pkg IV from km. 71.06 to km. 109.019 [Start of DSIR zone - Adhelai Village],Gujarat,Ahmedabad,Dholera Smart City & Expressway,22.25,72.19,22.248947,72.190913,verified_city,verified_city,exact,city,high,True,True,VALIDATED,True,Matched infrastructure site keyword in Ahmedabad
618507,"Balance work of Six Laning of Shamlaji-Motachiloda from Km. 401.200 to Km.494.410 section Design Chainage Km.447.385 to Km 540.595, Length- 93.210 Km of old NH-8 NH-48 in the state of Gujarat on single Percentage Item Rate Contract",Gujarat,Aravalli,Modasa & Shamlaji Rail Corridor,23.5419,73.1706,23.542347,73.170661,verified_city,verified_city,exact,city,high,True,True,VALIDATED,True,Matched infrastructure site keyword in Aravalli
618508,Construction of Additional Structures including Approaches in Vadodara Surat Section of NH48 between existing Km. 108.000 to Km. 250.000,Gujarat,Surat,Hazira Petrochem & Surat Metro,22.3072,73.1812,21.169929,72.831485,verified_city,verified_city,exact,city,high,True,True,VALIDATED,True,Matched infrastructure site keyword in Surat
618564,6L with PS of Samakhiyali to Santalpur section from km. 339.700 to Km. 430.100 of NH-27,Gujarat,Patan,Santalpur & Patan NH-27 Corridor,23.8347,71.3094,23.834971,71.309008,verified_city,verified_city,exact,city,high,True,True,VALIDATED,True,Matched infrastructure site keyword in Patan
618614,Sanchore - Santalpur from km 67.000 - km 99.000 of NH-754K AJ-RGBS-Package-3,Gujarat,Patan,Santalpur & Patan NH-27 Corridor,23.8347,71.3094,23.834525,71.308947,verified_city,verified_city,exact,city,high,True,True,VALIDATED,True,Matched infrastructure site keyword in Patan
618615,Sanchore - Santalpur from km 99.000 - km 130.073 of NH-754K AJ-RGBS-Package-4,Gujarat,Patan,Santalpur & Patan NH-27 Corridor,23.8347,71.3094,23.834253,71.309339,verified_city,verified_city,exact,city,high,True,True,VALIDATED,True,Matched infrastructure site keyword in Patan
618616,4L of Dhrol bypass section of NH-151A Approx. length 5.7 Km & widening upto 4 laning of missing link of Amran section of NH-151A Approx. length 6.55 Km from existing Ch. 42000 to 48500 of ongoing Dhrol-Bhadra-Pipaliya section of NH-151A,Gujarat,Jamnagar,Dhrol Bypass NH-151A,22.56,70.41,22.56,70.41,verified_district,verified_district,exact,project_site,high,True,True,VALIDATED,False,Preserved validated district location
618699,Pipli Bhavnagar-Package 1 from km 136.025 to km 169.328,Gujarat,Bhavnagar,Bhavnagar Port & Alang Ship Recycling,21.7645,72.1519,21.7645,72.1519,verified_city,verified_city,exact,city,high,True,True,VALIDATED,False,Matched infrastructure site keyword in Bhavnagar
618787,"Upgradation to 4L PS from Bhimasar, Junction of NH-41 to Anjar- Bhuj upto Airport Junction from Km 0.000 to Km 65.478 of NH-341",Gujarat,Kutch,Kandla Port & Khavda 30 GW Park,23.25,69.67,23.248742,69.669468,verified_city,verified_city,exact,facility,high,True,True,VALIDATED,True,Matched infrastructure site keyword in Kutch
618833,Kodinar - Veraval Package VI from km. 221.610 to km. 263.00 of NH-8E & km. 120.900 to km. 121.150 of NH-8D,Gujarat,Patan,Santalpur & Patan NH-27 Corridor,23.8347,71.3094,23.834429,71.309792,verified_city,verified_city,exact,city,high,True,True,VALIDATED,True,Matched infrastructure site keyword in Gir Somnath (snapped inside state polygon)
618834,4L Kodinar - Veraval Package VI from km. 222.400 to km. 230.00 Kodinar Bypass of NH-8E NH 51 new,Gujarat,Patan,Santalpur & Patan NH-27 Corridor,23.8347,71.3094,23.835346,71.310085,verified_city,verified_city,exact,city,high,True,True,VALIDATED,True,Matched infrastructure site keyword in Gir Somnath (snapped inside state polygon)
618835,4L of Bal Works of Talaja - Mahuva from 54.990 km. to 100.450 km. of Old NH-8E Package-II,Gujarat,Bhavnagar,Bhavnagar Port & Alang Ship Recycling,21.7645,72.1519,21.764675,72.152346,verified_city,verified_city,exact,city,high,True,True,VALIDATED,True,Matched infrastructure site keyword in Bhavnagar
618901,4L PS Divided Carriageway from Patan Near Rajpur to Gojariya From Km 52.000 to Km 128.940 of NH-68,Gujarat,Patan,Patan Near Rajpur to Gojariya NH-68,23.8347,72.125,23.8347,72.125,verified_facility,verified_facility,exact,project_site,high,True,True,VALIDATED,False,Known verified facility (Patan Near Rajpur to Gojariya NH-68)
618930,4L PS from Ch. 94.030 in Jabugam Village to Ch. 132.320 in Dhamasiya Village of NH-56 Pkg-III,Gujarat,Chhota Udaipur,Bodeli & Chhota Udaipur Highway,22.3089,74.0131,22.309075,74.013548,verified_city,verified_city,exact,city,high,True,True,VALIDATED,True,Matched infrastructure site keyword in Chhota Udaipur
618931,4L PS from Ch. 179.780 in Bitada/Movi Village to Ch. 208.900 in Nasarpore Village of NH-56 Pkg-V,Gujarat,Chhota Udaipur,Bodeli & Chhota Udaipur Highway,22.3089,74.0131,22.309347,74.01316,verified_city,verified_city,exact,city,high,True,True,VALIDATED,True,Matched infrastructure site keyword in Chhota Udaipur
619067,6L of Chiloda-Naroda section from Km. 540.595 to Km. 555.595 of NH-8Package-VII,Gujarat,Gandhinagar,Gandhinagar Central University Axis,23.22,72.68,23.22,72.68,verified_district,verified_district,exact,project_site,high,True,True,VALIDATED,False,Preserved validated district location
619087,Widening to 6L of Existing 4L Jetpur - Gondal - Rajkot Section from Km. 117.600 to Km. 185.00 on NH-27,Gujarat,Rajkot,Hirasar International Airport & AIIMS,22.3039,70.8022,22.304347,70.80226,verified_city,verified_city,exact,city,high,True,True,VALIDATED,True,Matched infrastructure site keyword in Rajkot
619137,4L of Dwarka-Khambaliya-Devariya section from km 203.500 to km 176.500 and from km 171.800 to km 125.000 of NH-151A,Gujarat,Devbhumi Dwarka,Jam Khambhaliya PS & Dwarka Port,22.2442,68.9685,22.244647,68.96856,verified_city,verified_city,exact,city,high,True,True,VALIDATED,True,Matched infrastructure site keyword in Devbhumi Dwarka
619145,Four Laning of Una to Kodinar from km. 180.478 to km. 221.610 Package-V,Gujarat,Patan,Santalpur & Patan NH-27 Corridor,23.8347,71.3094,23.835566,71.309131,verified_city,verified_city,exact,city,high,True,True,VALIDATED,True,Matched infrastructure site keyword in Gir Somnath (snapped inside state polygon)
619146,Kagvadar - Una Package-IV,Gujarat,Patan,Santalpur & Patan NH-27 Corridor,23.8347,71.3094,23.83492,71.308446,verified_city,verified_city,exact,city,high,True,True,VALIDATED,True,Matched infrastructure site keyword in Gir Somnath (snapped inside state polygon)
619147,4L of Bal Works of Mahuva to Kagvadar from 100.450 Km. to 140.470 Km. of NH-8E Pkg- III,Gujarat,Patan,Santalpur & Patan NH-27 Corridor,23.8347,71.3094,23.834054,71.308715,verified_city,verified_city,exact,city,high,True,True,VALIDATED,True,Matched infrastructure site keyword in Gir Somnath (snapped inside state polygon)
619148,4L of Bhavnagar - Talaja Package-I from Km. 6.945 to Km. 54.990 of Old NH-8E,Gujarat,Bhavnagar,Bhavnagar Port & Alang Ship Recycling,21.7645,72.1519,21.764947,72.15196,verified_city,verified_city,exact,city,high,True,True,VALIDATED,True,Matched infrastructure site keyword in Bhavnagar
619197,Delhi-Vadodara Greenfield Alignment NH-148N Pkg-27 Ch.729.700 to Ch.756.052,Gujarat,Panchmahal,Godhra & Halol Industrial Corridor,22.7758,73.6149,22.776071,73.614511,verified_city,verified_city,exact,city,high,True,True,VALIDATED,True,Matched infrastructure site keyword in Panchmahal
618482,Delhi-Amritsar-Katra Expressway Phase-I Pkg-I from Jussur Kheri on NH-KMP Expressway to Junction with Rohtak-Panipat road NH-709 near Rukhi Paani village Km 0000 to Km 34000,Haryana,Sonipat,Kundli-Manesar-Palwal (KMP) Logistics Node,28.9931,77.0151,28.993275,77.015574,verified_city,verified_city,exact,city,high,True,True,VALIDATED,True,Matched infrastructure site keyword in Sonipat
618483,Delhi-Amritsar-Katra Expressway Phase-I Pkg-II from Junction with Rohtak-Panipat road NH-709 near Rukhi Paani village to Junction with Jind-Panipat road NH-352A near Gangana village Km 34000 to Km 60800,Haryana,Panipat,Panipat Refinery & Petrochemical Complex,29.3909,76.9635,29.390453,76.963436,verified_city,verified_city,exact,city,high,True,True,VALIDATED,True,Matched infrastructure site keyword in Panipat
618484,Delhi-Amritsar-Katra Expressway Phase-I Pkg-III from Junction with Jind-Panipat road NH-352A near Gangana village to Junction with Jind-Karnal road NH-709A near Alewa village Km 60800 to Km 91400,Haryana,Panipat,Panipat Refinery & Petrochemical Complex,29.3909,76.9635,29.390629,76.963912,verified_city,verified_city,exact,city,high,True,True,VALIDATED,True,Matched infrastructure site keyword in Panipat
618485,Delhi-Amritsar-Katra Expressway Phase-I Pkg-IV from Junction with Jind-Karnal road NH-709A near Alewa village to Junction with Ambala-Kaithal-Hissar road NH-152 near Kharak Pandwa village Km 91400 to Km 120250,Haryana,Kaithal,Kaithal Highway Corridor,29.8,76.4,29.8,76.4,verified_city,verified_city,exact,city,high,True,True,VALIDATED,False,Matched infrastructure site keyword in Kaithal
618506,"Construction of Additional Structures, Improvement of Service Road & Maintenance of Six Lane Gurgaon-Jaipur Section of NH-48 old NH-8 between km 42700 to km 107100 in the State of Haryana",Haryana,Gurugram,Cyber City & Dwarka Expressway Haryana,28.4595,77.0266,28.459947,77.026663,verified_city,verified_city,exact,city,high,True,True,VALIDATED,True,Matched infrastructure site keyword in Gurugram
618580,Gohana - Sonipat PKG-2,Haryana,Sonipat,Kundli-Manesar-Palwal (KMP) Logistics Node,28.9931,77.0151,28.993547,77.015163,verified_city,verified_city,exact,city,high,True,True,VALIDATED,True,Matched infrastructure site keyword in Sonipat
618788,4L Greenfield Jalbhera Shahbad section from km. 0.000 to km. 22.850 of NH-152G,Haryana,Gurugram,Gurugram Infrastructure Hub,28.4595,77.0266,28.459771,77.026192,verified_district,verified_district,approximate,district,medium,True,True,APPROXIMATE,True,Preserved validated district location
618792,4L Bhiwani-Hansi road section of NH-148B,Haryana,Bhiwani,Bhiwani Rail & Highway Junction,28.7833,76.1333,28.783475,76.133773,verified_city,verified_city,exact,city,high,True,True,VALIDATED,True,Matched infrastructure site keyword in Bhiwani
618936,Jagadhari - Tajewala from Km -0.175 to 32.337 km of NH-344,Haryana,Panipat,Panipat Infrastructure Hub,29.3909,76.9635,29.391546,76.96422,verified_district,verified_district,approximate,district,medium,True,True,APPROXIMATE,True,Preserved validated district location
619080,4L PS of Ambala Ring Road of New NH-44,Haryana,Sonipat,Sonipat Infrastructure Hub,28.9931,77.0151,28.993371,77.01469,verified_district,verified_district,approximate,district,medium,True,True,APPROXIMATE,True,Preserved validated district location
619092,4L of Jind-Gohana road Package-1 from km. 0.00 to km. 40.601 of NH-352 A under NHO,Haryana,Sonipat,Kundli-Manesar-Palwal (KMP) Logistics Node,28.9931,77.0151,28.992925,77.014626,verified_city,verified_city,exact,city,high,True,True,VALIDATED,True,Matched infrastructure site keyword in Sonipat
619132,4/6L of Gurgaon - Pataudi - Rewari from km. 0.00 to km.43.87 of NH-352W,Haryana,Gurugram,Cyber City & Dwarka Expressway Haryana,28.4595,77.0266,28.459325,77.026129,verified_city,verified_city,exact,city,high,True,True,VALIDATED,True,Matched infrastructure site keyword in Gurugram
619201,Karnal ring road Lot-4/Pkg-1,Haryana,Faridabad,Faridabad Infrastructure Hub,28.4089,77.3178,28.409075,77.318271,verified_district,verified_district,approximate,district,medium,True,True,APPROXIMATE,True,Preserved validated district location
618050,Rehabilitation and Upgradation to 2-lane/Intermediate lane configuration of Ashyari- Shri Kyari Section km 50.000 to km 75.000 of NH-707 in the state of Himachal Pradesh under Green National Highways Corridor Project GNHCP with the loan assistance of World Bank on EPC mode.,Himachal Pradesh,Solan,Solan Infrastructure Hub,30.9045,77.0967,30.9045,77.0967,verified_district,verified_district,approximate,district,medium,True,True,APPROXIMATE,False,Preserved validated district location
618215,"Improvement/construction of existing CL-5 Road to NH Intermediate lane specification with hard shoulder from Km 166.000 to 203.77 net Length 37.770 kms of NH-505 Sumdo-Kaza-Gramphoo road in the state of Himachal Pradesh on EPC mode under project Deepak, BRO",Himachal Pradesh,Lahaul and Spiti,Atal Tunnel North Portal & Kaza,32.57,77.03,32.57,77.03,verified_city,verified_city,exact,city,high,True,True,VALIDATED,False,Matched infrastructure site keyword in Lahaul and Spiti
618216,"Improvement/construction of existing CL-5 Road to NH Intermediate lane specification with hard shoulder from Km 133.000 to 166.000 net Length 33.000 kms of NH-505 Sumdo-Kaza-Gramphoo road in the state of Himachal Pradesh on EPC mode under project Deepak, BRO",Himachal Pradesh,Lahaul and Spiti,Atal Tunnel North Portal & Kaza,32.57,77.03,32.570175,77.030492,verified_city,verified_city,exact,city,high,True,True,VALIDATED,True,Matched infrastructure site keyword in Lahaul and Spiti
618217,Improvement/construction of existing Class-5 Road to NH Intermediate lane specification with hard shoulder from existing Km 76/340 to 134/940 Design chainage from Km 76/300 to 133/000 net Length 56.700 kms of NH-505 Sumdo-Kaza- Gramphoo road in the state of Himachal Pradesh Package I,Himachal Pradesh,Lahaul and Spiti,Atal Tunnel North Portal & Kaza,32.57,77.03,32.570447,77.030066,verified_city,verified_city,exact,city,high,True,True,VALIDATED,True,Matched infrastructure site keyword in Lahaul and Spiti
618230,Rehabilitation and Upgradation to 2-lane configuration of Kalwahn-Mandi Section km 208.950 to 250.592 of NH-70 in the State of Himachal Pradesh under Green National Highways Corridor Project GNHCP with the loan assistance of World Bank on EPC mode.Package-3,Himachal Pradesh,Mandi,IIT Mandi Permanent Campus & Kiratpur-Nerchowk,31.7087,76.932,31.708875,76.932487,verified_city,verified_city,exact,city,high,True,True,VALIDATED,True,Matched infrastructure site keyword in Mandi
618231,Rehabilitation and Upgradation to 2-lane configuration of Hamirpur-Karnohal Section km 141.00 to 181.00 of NH-70 in the State of Himachal Pradesh under Green National Highways Corridor Project GNHCP with the loan assistance of World Bank on EPC mode.Package-1,Himachal Pradesh,Hamirpur,"Hamirpur - Awah Devi Section, Hamirpur",30.9045,77.0967,31.72,76.57,verified_district,verified_facility,exact,project_site,high,True,True,VALIDATED,True,"Known verified facility (Hamirpur - Awah Devi Section, Hamirpur)"
618232,Rehabilitation and Upgradation to 2-lane configuration of Karnohal- Kalwahn Section km 181.00 to 208.950 of NH-70 in the State of Himachal Pradesh under Green National Highways Corridor Project GNHCP with the loan assistance of World Bank on EPC mode.Package-2,Himachal Pradesh,Mandi,Mandi Infrastructure Hub,31.5892,76.9182,31.5892,76.9182,verified_district,verified_district,approximate,district,medium,True,True,APPROXIMATE,False,Preserved validated district location
618253,Construction of missing link from Birhu to Lathiani from Km 35/550 Design chainage Km 0.000 to Km 42/800 Design Chainage Km 8.153on NH-503A including Lathiani Bridge on back water of Govindsagar and its approaches in Himachal Pradesh.,Himachal Pradesh,Shimla,Shimla Infrastructure Hub,31.1048,77.1734,31.104975,77.173884,verified_district,verified_district,approximate,district,medium,True,True,APPROXIMATE,True,Preserved validated district location
618850,Nerchowk km 190.000 to Pandoh including Pandoh bypass km221.305,Himachal Pradesh,Mandi,IIT Mandi Permanent Campus & Kiratpur-Nerchowk,31.7087,76.932,31.709147,76.932065,verified_city,verified_city,exact,city,high,True,True,VALIDATED,True,Matched infrastructure site keyword in Mandi
618851,Pandoh bypass 221.305 to Takoli 242.000 of NH-21 in the state of Himachal Pradesh,Himachal Pradesh,Solan,Solan Infrastructure Hub,30.9045,77.0967,30.904675,77.097183,verified_district,verified_district,approximate,district,medium,True,True,APPROXIMATE,True,Preserved validated district location
618852,4L Sundar Nagar Bypass from Km.173.900 to Km.179.600 of NH-21,Himachal Pradesh,Mandi,Mandi Infrastructure Hub,31.5892,76.9182,31.589375,76.918687,verified_district,verified_district,approximate,district,medium,True,True,APPROXIMATE,True,Preserved validated district location
618878,Rehabilitation and Upgradation to 4L configuration & Strengthening of Sihuni to Rajol from Km 51.000 to Km 72.000 of NH-154 Package-IIA,Himachal Pradesh,Shimla,Shimla Infrastructure Hub,31.1048,77.1734,31.105247,77.173465,verified_district,verified_district,approximate,district,medium,True,True,APPROXIMATE,True,Preserved validated district location
618879,Rehabilitation and Upgradation to 2L PS configuration & Strengthening of Padhar to Bijni section from Km 180.000 to Km 202.815 of NH-154 Pkg-VA,Himachal Pradesh,Kullu,Kullu Infrastructure Hub,31.9579,77.1095,31.958075,77.109989,verified_district,verified_district,approximate,district,medium,True,True,APPROXIMATE,True,Preserved validated district location
618880,Rehabilitation and Up-gradation to 4L configuration & Strengthening of Thanpuri to Paror section from Km 85.135 to Km 100.840 of NH-154 Pkg-IIC,Himachal Pradesh,Solan,Solan Infrastructure Hub,30.9045,77.0967,30.904947,77.096765,verified_district,verified_district,approximate,district,medium,True,True,APPROXIMATE,True,Preserved validated district location
618881,4L PS bijni to mandi section from Km 202.815 to Km 208.000 of NH-20 New NH-154 of Pathankot-Mandi Package-VB,Himachal Pradesh,Mandi,IIT Mandi Permanent Campus & Kiratpur-Nerchowk,31.7087,76.932,31.708971,76.931578,verified_city,verified_city,exact,city,high,True,True,VALIDATED,True,Matched infrastructure site keyword in Mandi
618888,Rehabilitation and Up-gradation of existing road to 2L PS from End of Hamirpur Bypass near Chilbahal to Bhangbar section from Km. 138.295 to Km.175.270 of NH- 88 Pkg-IV,Himachal Pradesh,Hamirpur,"Hamirpur Highway Corridor, Hamirpur",31.5892,76.9182,31.7,76.54,verified_district,verified_facility,exact,project_site,high,True,True,VALIDATED,True,"Known verified facility (Hamirpur Highway Corridor, Hamirpur)"
618889,"4L of Bhangbar Near Ranital to Kangra Bypass Section of Old NH-88 New NH- 303,503 up to Intersection with NH-154 from Km 175.270 to Km 193.400 Pkg-VB",Himachal Pradesh,Shimla,Shimla Infrastructure Hub,31.1048,77.1734,31.105071,77.172981,verified_district,verified_district,approximate,district,medium,True,True,APPROXIMATE,True,Preserved validated district location
618890,2L PS of Hamirpur Bypass from Km 121.175 to Km.138.295 of NH-103&3,Himachal Pradesh,Hamirpur,"Hamirpur Bypass, NH-3/NH-103, Hamirpur",31.9579,77.1095,31.68,76.52,verified_district,verified_facility,exact,project_site,high,True,True,VALIDATED,True,"Known verified facility (Hamirpur Bypass, NH-3/NH-103, Hamirpur)"
618891,4L PS from Kalar Bala Village to Nauni Chowk of NH 205 from Km 41.000 to Km 58.450,Himachal Pradesh,Solan,Solan Infrastructure Hub,30.9045,77.0967,30.904771,77.096282,verified_district,verified_district,approximate,district,medium,True,True,APPROXIMATE,True,Preserved validated district location
618921,4L of Kathlighat to Shakral Village from Km 128.835 to Km 146.300 of NH- 5 Shimla Bypass - Pkg I,Himachal Pradesh,Shimla,Shimla Smart City & World Bank Road Upgrade,31.1048,77.1734,31.104625,77.172916,verified_city,verified_city,exact,city,high,True,True,VALIDATED,True,Matched infrastructure site keyword in Shimla
618922,4L of Shakral Village to Dhalli Section from Km 146.300 to Km 156.560 Shimla Bypass - Pkg II and Shimla connectivity from Km 0.000 to Km 0.725 of NH-5,Himachal Pradesh,Shimla,Shimla Smart City & World Bank Road Upgrade,31.1048,77.1734,31.104353,77.173335,verified_city,verified_city,exact,city,high,True,True,VALIDATED,True,Matched infrastructure site keyword in Shimla
619003,Solan - Kaithlighat Section of NH-22 Now NH-5 from Km. 106.139 to Km.129.05,Himachal Pradesh,Solan,Baddi-Barotiwala-Nalagarh (BBN) Pharma Hub,30.9084,77.0999,30.908575,77.100383,verified_city,verified_city,exact,city,high,True,True,VALIDATED,True,Matched infrastructure site keyword in Solan
619153,4L of HP/Punjab Border - Mo from km. 11.00 to km. 42.00 of Old NH-20 New NH-154 Package-IA,Himachal Pradesh,Mandi,Mandi Infrastructure Hub,31.5892,76.9182,31.589647,76.918265,verified_district,verified_district,approximate,district,medium,True,True,APPROXIMATE,True,Preserved validated district location
618038,Construction of Shopian Bypass on NH-444 taking off from existing chainage Km 36500 and re-joining at km 47588 of existing Chainage New Design Ch. From km 28000 to km 36925 as 2- lane with paved shoulder in the UT of Jammu & Kashmir on EPC mode.,Jammu and Kashmir,Shopian,"Shopian Bypass Corridor, NH-444",32.7266,74.857,33.7196,74.8322,verified_city,verified_facility,exact,project_site,high,True,True,VALIDATED,True,"Known verified facility (Shopian Bypass Corridor, NH-444)"
618201,"Widening and strengthening to 2 lane with paved shoulder from existing Ch. Km 56720 to Km 100820 and Design Ch. From Km 62600 to Km 106360 Total Length43.760 Km on SRINAGAR -BARAMULA URINH-01 in the UT of Jammu & Kashmir under project BEACON, Border Roads Organization BRO on EPC mode.",Jammu and Kashmir,Srinagar,Srinagar Smart City & Airport Terminal,34.0837,74.7973,34.0837,74.7973,verified_city,verified_city,exact,city,high,True,True,VALIDATED,False,Matched infrastructure site keyword in Srinagar
618202,Construction of 2 lane with paved shoulders Baramulla Bypass Greenfield bypass from existing Ch. Km 47020 to Km 56720 and Design Ch. From 48500 to 62600 Total length 14.100 km on road Srinagar Baramulla Uri NH-01 in the UT of Jammu & Kashmir under Project.Package-III,Jammu and Kashmir,Srinagar,Srinagar Smart City & Airport Terminal,34.0837,74.7973,34.083875,74.7978,verified_city,verified_city,exact,city,high,True,True,VALIDATED,True,Matched infrastructure site keyword in Srinagar
618203,"Construction of 4 lane with paved shoulder Pattan bypass Greenfield bypass from existing Ch. Km 24320 to Km 33760 and Design Ch. from Km 24400 to Km 35300, total length 10.900 km on road SrinagarBaramulla Uri NH-01 in the UT of Jammu & Kashmir under Project BEACON, Border Roads Organization BRO on EPC mode. Package-II",Jammu and Kashmir,Baramulla,"Pattan Bypass 4-Lane Section, NH-1",32.7266,74.857,34.161,74.5528,verified_city,verified_facility,exact,project_site,high,True,True,VALIDATED,True,"Known verified facility (Pattan Bypass 4-Lane Section, NH-1)"
618204,Construction of realignment between Pandrass- Pashkyun Total length 27.10 km on road Zozila-Kargil -Leh NH-1 to 2 lane specifications i.e. Drass alignment 9.30 km Kharboo realignment 6.30 km & Kargil alignment 11.50 km under project Vijayak BRO in the UT of Ladakh on EPC Mode,Jammu and Kashmir,Ramban,Banihal Qazigund Tunnel & USBRL Corridor,33.24,75.24,33.24,75.24,verified_district,verified_district,approximate,district,medium,True,True,APPROXIMATE,False,Preserved validated district location
618205,"Construction of 4 lane with paved shoulder from Existing Ch. 14200 to 24320 Design Ch. 14200 to 24400, Ch. 33760 to 42780 Design Ch. 35300 to 44294 & Ch. 43440 to 47020 Design Ch. 44958 to 48500 Delina Flyover including construction of flyover length 1.704 km of total length 22.736 kms in AOR of 760 BRTF on road SRINAGAR BARAMULA URI NH-01 in the UT of Jammu & Kashmir under project BEACON, Border Roads Organization BRO Package-IJob No NH-1-J&K-2022-23-110",Jammu and Kashmir,Srinagar,Srinagar Smart City & Airport Terminal,34.0837,74.7973,34.084147,74.797367,verified_city,verified_city,exact,city,high,True,True,VALIDATED,True,Matched infrastructure site keyword in Srinagar
618206,Widening and Strengthening of Rafiabad-Kupwara-Chowkibal-Tangdhar-Chamkot NH- 701 road from design Ch. From 0000 to 51000 to two lanes with paved shoulders under Project Beacon in the UT of Jammu & Kashmir on EPC mode Package-I.,Jammu and Kashmir,Kupwara,Rafiabad - Kupwara - Chowkibal Highway Corridor,32.7266,74.857,34.425,74.25,verified_city,verified_facility,exact,project_site,high,True,True,VALIDATED,True,Known verified facility (Rafiabad - Kupwara - Chowkibal Highway Corridor)
618220,Reconstruction and widening to 2 lane with paved shoulder from existing chainage km 102000 to km 134950 Design chainage km 90150 to km 116980 including construction of Naushera Tunnel Total length of tunnel 0.700 km under 31 TF on Akhnoor-Poonch road NH-144A in the UT of Jammu & Kashmir under Project Sampark BRO on EPC mode Package-V Job no NH-144A-J&K-2020-21-104,Jammu and Kashmir,Jammu,Jammu Civil Airport & Ring Road,32.7266,74.857,32.726871,74.856573,verified_city,verified_city,exact,city,high,True,True,VALIDATED,True,Matched infrastructure site keyword in Jammu
618221,Rehabilitation and upgradation to 2 lane with paved shoulder from existing chainage Km 166.100 to Km 192.98 design chainage Km 146.700 to Km 162.800 including construction of Bhimber Gali Tunnel Total Length of Tunnel 1.100 Km under 31 BRTF on Akhnoor-Poonch Roads on EPC mode NH-144A Package-VII,Jammu and Kashmir,Jammu,Jammu Civil Airport & Ring Road,32.7266,74.857,32.726425,74.856507,verified_city,verified_city,exact,city,high,True,True,VALIDATED,True,Matched infrastructure site keyword in Jammu
618222,Widening and Strengthening up gradation to 2 lane with paved shoulder from existing chainage Km 192.98 to Km 229.820 design chainage Km 162.800 to Km 198.18 under 31 BRTF on Akhnoor-Poonch Road NH-144A in the UT of Jammu and Kashmir under Project Sampark Border Roads Organisation BRO on EPC Mode Package-VIII Job No NH-144A-J&K-2022-2023-111,Jammu and Kashmir,Jammu,Jammu Civil Airport & Ring Road,32.7266,74.857,32.726153,74.856934,verified_city,verified_city,exact,city,high,True,True,VALIDATED,True,Matched infrastructure site keyword in Jammu
618223,Rehabilitation and up-gradation to 2 lane with paved shoulder from existing chainage km 64535 to km 85385 Design chainage km 55800 to km 74350 under 13 TF on Akhnoor-Poonch road NH-144A under Project Sampark BRO in the UT of Jammu & Kashmir on EPC mode Package-III Job no NH-144A-J&K-2019-20-79,Jammu and Kashmir,Jammu,Jammu Civil Airport & Ring Road,32.7266,74.857,32.726329,74.857427,verified_city,verified_city,exact,city,high,True,True,VALIDATED,True,Matched infrastructure site keyword in Jammu
618224,Rehabilitation and up-gradation to 2 lane with paved shoulder from existing chainage km 49150 to km 64535 Design chainage km 46.450 to km 55.800 including construction of Sungal Tunnel Total length of Tunnel 2.79 km under 13 TF on Akhnoor-Poonch road NH-144A under Project Sampark BRO in the UT of Jammu & Kashmir on EPC mode Package-II Job no NH-144A-J&K-2019-20-78,Jammu and Kashmir,Jammu,Jammu Civil Airport & Ring Road,32.7266,74.857,32.727246,74.857745,verified_city,verified_city,exact,city,high,True,True,VALIDATED,True,Matched infrastructure site keyword in Jammu
618225,Rehabilitation and up-gradation to 2 lane with paved shoulder from existing chainage km 134950 to km 166100 Design chainage km 116980 to km 146700 under 31 TF on Akhnoor-Poonch road NH-144A in the UT of Jammu & Kashmir under Project Sampark BRO on EPC mode Package-VI Job no NH-144A-J&K-2021-22-106,Jammu and Kashmir,Jammu,Jammu Civil Airport & Ring Road,32.7266,74.857,32.727466,74.856708,verified_city,verified_city,exact,city,high,True,True,VALIDATED,True,Matched infrastructure site keyword in Jammu
618226,Rehabilitation and upgradation to 2 lane with paved shoulder from existing chainage Km 30.053 to Km 49.150 design chainage Km 30.000 to Km 46.450 including Kandi Tunnel under 31 BRTF on Akhnoor-Poonch Road NH-144A Under Project Sampark in the UT of Jammu & Kashmir EPC modePackage-I Job no NH-144A-J&K-2020-21-83.,Jammu and Kashmir,Jammu,Jammu Civil Airport & Ring Road,32.7266,74.857,32.72682,74.855963,verified_city,verified_city,exact,city,high,True,True,VALIDATED,True,Matched infrastructure site keyword in Jammu
618394,Up-gradation to 2-lane with Paved Shoulder from Km 12.850 to Km20.300 of 7.450Km length on Goha-Khellani section and a link road to Goha village of 2.016 km on NH- 244 in UT of Jammu and Kashmir on EPC Mode Pkg-1,Jammu and Kashmir,Jammu,Jammu Civil Airport & Ring Road,32.7266,74.857,32.725954,74.856255,verified_city,verified_city,exact,city,high,True,True,VALIDATED,True,Matched infrastructure site keyword in Jammu
618395,"Construction & Upgradation to 2-lane with paved shoulder from Design Ch. Km 51700 at Premnagar km 66315 to Km 66535 New Thatri at Start of Km 83rd, Tunnel Km 82665 of 14.835 Km design length on Chenani-Sudhmahadev-Goha Khellani- Kishtwar-Vailoo Donipawa-Ashajipora section of NH-244 in the UT of J&K on EPC Mode under NHO-Gen Pkg - 2",Jammu and Kashmir,Kishtwar,Pakal Dul & Kiru Hydroelectric Projects,33.31,75.76,33.309825,75.759504,verified_city,verified_city,exact,city,high,True,True,VALIDATED,True,Matched infrastructure site keyword in Kishtwar
618396,Construction & Upgradation to 2 lane with paved shoulder from Design Km. 31.449 Khellani Ex. Km 44.946 to Km 51.700 Prem Nagar Ex. Km 68617 of 20.251 Km length on Khellani - Kishtwar - Chattroo section of NH-244 in the UT of J&K on EPC Mode under NHO-Gen PKG- 1,Jammu and Kashmir,Kishtwar,Pakal Dul & Kiru Hydroelectric Projects,33.31,75.76,33.309553,75.759934,verified_city,verified_city,exact,city,high,True,True,VALIDATED,True,Matched infrastructure site keyword in Kishtwar
618397,Widening and Up-gradation to 2-Lane with Paved Shoulder of configuration and geometric improvement from Km 0.000 to Km 16.990 on Chenani Sudhmahadev section of NH-244 in UT of Jammu and Kashmir to be executed on EPC basis,Jammu and Kashmir,Udhampur,Udhampur Rail & Strategic Command Hub,32.92,75.14,32.92,75.14,verified_city,verified_city,exact,city,high,True,True,VALIDATED,False,Matched infrastructure site keyword in Udhampur
618398,Up-gradation to 2-lane with Paved Shoulder from Km 20.300 to Km 29.030 of 8.730 Km length on Goha-Khellani section on NH-244 in UT of Jammu and Kashmir on EPC Mode Package II,Jammu and Kashmir,Jammu,Jammu Civil Airport & Ring Road,32.7266,74.857,32.725734,74.857292,verified_city,verified_city,exact,city,high,True,True,VALIDATED,True,Matched infrastructure site keyword in Jammu
618399,Construction of Kishtwar bypass with 2 lane with paved shoulder from Design Km. 80.675 Dulhasti to km 95.550 Bandarkoot of 14.88 km & a link road to Kishtwar town from 0000 to 1.871 of length1.871 Km on Khellani - Kishtwar - Chattroo section in UT of Jammu and Kashmir on EPC Mode Pkg-4,Jammu and Kashmir,Kishtwar,Pakal Dul & Kiru Hydroelectric Projects,33.31,75.76,33.309729,75.76043,verified_city,verified_city,exact,city,high,True,True,VALIDATED,True,Matched infrastructure site keyword in Kishtwar
618400,Construction & Upgradation to 2-lane with paved shoulder from Design Km 67.805 at the end of Km 83rd Tunnel near Dhrabshalla Ex. Km 83905 to Km 80.675 start of Kishtwar Bypass - Dulhasti Ex. Km 970751 of 12.870 Km length on chenani- Sudhmahadev-Goha Khellani-Kishtwar-vailoo-Donipawa-Ashajipora seition of NH-244 in the UT of J&K on EPC Mode under NHO-Gen Pkg-3,Jammu and Kashmir,Kishtwar,Pakal Dul & Kiru Hydroelectric Projects,33.31,75.76,33.310646,75.76075,verified_city,verified_city,exact,city,high,True,True,VALIDATED,True,Matched infrastructure site keyword in Kishtwar
618406,Up-gradation to 4-lane with Paved Shoulder of Jammu-Akhnoor road section of NH- 144A from Ganesh Vihar Km 6.000 to Khati Chowk Km 26.350 in UT of Jammu and Kashmir on EPC basis Pkg-3A,Jammu and Kashmir,Jammu,Jammu Civil Airport & Ring Road,32.7266,74.857,32.72638,74.858037,verified_city,verified_city,exact,city,high,True,True,VALIDATED,True,Matched infrastructure site keyword in Jammu
618407,Jammu-Akhnoor Road Pkg-I,Jammu and Kashmir,Jammu,Jammu Civil Airport & Ring Road,32.7266,74.857,32.727858,74.857581,verified_city,verified_city,exact,city,high,True,True,VALIDATED,True,Matched infrastructure site keyword in Jammu
618494,Delhi-Amritsar-Katra Expressway Phase-II Pkg-XV [Junction with Hiranagar Road near village Gurha Baildaran to Junction with Jammu Ring Road NH-244A near Jakh village from Km 468100 to Km 503250],Jammu and Kashmir,Kathua,"Delhi-Amritsar-Katra Expressway Pkg-15, Hiranagar",32.7266,74.857,32.45,75.27,verified_city,verified_facility,exact,project_site,high,True,True,VALIDATED,True,"Known verified facility (Delhi-Amritsar-Katra Expressway Pkg-15, Hiranagar)"
618495,4/6L Access Control Expressway from Design Chainage Km 515.000 to 528.300 Kunjwani to Sidhra Section of NH-44 and from Design Chainage Km 550.900 to Km 566.520 Domel to Katra Section Phase II-Package XVII,Jammu and Kashmir,Reasi,Katra Railway Station & Chenab River Bridge Node,33.08,74.83,33.080175,74.830495,verified_city,verified_city,exact,city,high,True,True,VALIDATED,True,Matched infrastructure site keyword in Reasi
618496,Delhi-Amritsar-Katra Expressway Phase-II Pkg-XVI Existing Jakh Vijaypur-Kunjwani section of NH-44 including spur Connectivity to Jammu Airport NH-144A [Km 503500 to km 514500],Jammu and Kashmir,Samba,"Delhi-Amritsar-Katra Expressway Pkg-16, Vijaypur - Jakh",32.7266,74.857,32.56,75.02,verified_city,verified_facility,exact,project_site,high,True,True,VALIDATED,True,"Known verified facility (Delhi-Amritsar-Katra Expressway Pkg-16, Vijaypur - Jakh)"
618497,Delhi Amritsar Katra Expressway Phase-II Pkg XVIII Development and Upgradation of Four lane Access Control Expressway from Design Chainage KM 530.00 to KM 545.300 Sidhra to Domel Section of NH-44,Jammu and Kashmir,Reasi,Katra Railway Station & Chenab River Bridge Node,33.08,74.83,33.080447,74.830066,verified_city,verified_city,exact,city,high,True,True,VALIDATED,True,Matched infrastructure site keyword in Reasi
618541,4L Ring road/bypass around Srinagar city from km 0.000 to km 42.100 Phase-I,Jammu and Kashmir,Srinagar,Srinagar Smart City & Airport Terminal,34.0837,74.7973,34.083971,74.796867,verified_city,verified_city,exact,city,high,True,True,VALIDATED,True,Matched infrastructure site keyword in Srinagar
618543,4L of twin tube tunnel configuration including approaches from Marog to Digdol from Km.154.210 to Km.158.650 North Bound and from Km.155.940 to Km.160.260 South Bound of Ramban to Banihal Pkg-I of Old NH-1A New NH-44,Jammu and Kashmir,Ramban,Banihal Qazigund Tunnel & USBRL Corridor,33.24,75.24,33.240175,75.240496,verified_city,verified_city,exact,city,high,True,True,VALIDATED,True,Matched infrastructure site keyword in Ramban
618544,"4L twin tube tunnel including approaches from Digdol to Khuni Nallah North Bound connecting with existing major bridge on NB and South Bound connecting with Tunnel T4 ,Single tube tunnel of Ramban to Banihal Pkg-II of Old NH-1A New NH-44",Jammu and Kashmir,Ramban,Banihal Qazigund Tunnel & USBRL Corridor,33.24,75.24,33.240447,75.240066,verified_city,verified_city,exact,city,high,True,True,VALIDATED,True,Matched infrastructure site keyword in Ramban
618545,"4L of Km.165.092 to Km.171.855 North Bound and from Km.166.895 to Km.173.638 South Bound, excl. certain reaches of North Bound and South Bound of Ramban to Banihal Pkg-III of Old NH-1A New NH-44",Jammu and Kashmir,Ramban,Banihal Qazigund Tunnel & USBRL Corridor,33.24,75.24,33.240271,75.239571,verified_city,verified_city,exact,city,high,True,True,VALIDATED,True,Matched infrastructure site keyword in Ramban
618547,2L NH-1 from km 8.660 to km 33.775 Sumbal to Wayul to 4L dual carriageway NH standard as part of Srinagar Ring Road PhaseII [Design Ch. 41.907 to Ch. 66.609],Jammu and Kashmir,Srinagar,Srinagar Smart City & Airport Terminal,34.0837,74.7973,34.083525,74.7968,verified_city,verified_city,exact,city,high,True,True,VALIDATED,True,Matched infrastructure site keyword in Srinagar
618549,Construction of twin tube tunnels on Jammu Kashmir Ring Road NH-244A Between Design Ch. 50600 to 51700 and design Ch. 53535 to 55700 on EPC mode under residual NHDP component of Bharatmala Pariyojna,Jammu and Kashmir,Jammu,Jammu Civil Airport & Ring Road,32.7266,74.857,32.727653,74.855995,verified_city,verified_city,exact,city,high,True,True,VALIDATED,True,Matched infrastructure site keyword in Jammu
618550,Corridor Efficiency Improvement including removal of black spots in Lakhanpur - Samba section of NH-44 from Chainage Km. 16.300 to Km. 74.100,Jammu and Kashmir,Reasi,Katra Railway Station & Chenab River Bridge Node,32.7266,74.857,33.080271,74.829572,verified_district,verified_district,approximate,district,medium,True,True,APPROXIMATE,True,Authoritative district resolution (Reasi)
618967,Upgradation and Strengthening of Chenani to Nashri Section via Patnitop of NH244 from Km 0.000 to Km 39.100,Jammu and Kashmir,Udhampur,Udhampur Rail & Strategic Command Hub,32.92,75.14,32.920175,75.140494,verified_city,verified_city,exact,city,high,True,True,VALIDATED,True,Matched infrastructure site keyword in Udhampur
619038,Construction/upgradation to 2-lane with paved shoulder from Design Km 95.55 Bandarkoot to Km. 111.06 Chattroo of 15.52 Km length on Khellani-Kishtwar-Chattroo section on NH-244 in UT of Jammu and Kashmir on EPC Mode Pkg-5,Jammu and Kashmir,Kishtwar,Pakal Dul & Kiru Hydroelectric Projects,33.31,75.76,33.310866,75.759706,verified_city,verified_city,exact,city,high,True,True,VALIDATED,True,Matched infrastructure site keyword in Kishtwar
618060,Widening and Strengthening of existing paveemnt to two lane with paved shoulders from km 116.00 to km 176.355 of NH-75E in the State of Jharkhand on EPC mode.,Jharkhand,Ranchi,Ranchi Infrastructure Hub,23.3441,85.3096,23.343829,85.309991,verified_district,verified_district,approximate,district,medium,True,True,APPROXIMATE,True,Preserved validated district location
618083,Construction of byepass around Lohardaga town of NH-143A in the Sate of Jharkhand under EPC mode.,Jharkhand,Lohardaga,Lohardaga Bauxite Mines & Rail Link,23.43,84.68,23.43,84.68,verified_city,verified_city,exact,city,high,True,True,VALIDATED,False,Matched infrastructure site keyword in Lohardaga
618084,Widening to 2-lane with paved shoulder from km 0.00 to 44.00 Kuru-Ghaghra section of NH-143A including re-construction of culverts and bridges.,Jharkhand,Gumla,Gumla Bauxite Mining & Highway Corridor,23.04,84.54,23.04,84.54,verified_city,verified_city,exact,city,high,True,True,VALIDATED,False,Matched infrastructure site keyword in Gumla
618123,Widening and Strengthening/Reconstruction to Two Lane with Paved Shoulder/ Two Lane with paved shoulders with service road from km 0000 to km 42250 excluding design Ch. 03220 to 04200 & 28350 to 29060 of NH-320G in the state of Jharkhand under EPC mode,Jharkhand,Bokaro,Bokaro Infrastructure Hub,23.6693,86.1511,23.670166,86.150832,verified_district,verified_district,approximate,district,medium,True,True,APPROXIMATE,True,Preserved validated district location
618127,Construction of 2- Lane with paved shoulder from km 56.45 Dharampur More to 93.050 Pakur of NH-333A in the State of Jharkhand on EPC mode,Jharkhand,Pakur,Pachwara South Coal Block,24.63,87.84,24.63,87.84,verified_city,verified_city,exact,city,high,True,True,VALIDATED,False,Matched infrastructure site keyword in Pakur
618242,Widening and Reconstruction to 4-lane/4-lane with service road including structures from Pokharia More at Km 47.600 Ex. Km 50.230 to Govindpur at km 62.949 Ex. Km 65.325 of Nh-419 in the State of Jharkhand on EPC mode.,Jharkhand,Dhanbad,Jharia Coalfield & BCCL Mining Infrastructure,23.7957,86.4304,23.795429,86.430792,verified_city,verified_city,exact,city,high,True,True,VALIDATED,True,Matched infrastructure site keyword in Dhanbad
618535,Construction of Six lane elevated flyover including reconstruction/rehabilitation of existing pavement from Km 406100 to Km 411150 Length 5.05 Km at Gobindpur area in the Barwa Adda Panagarh section of NH-19 from Km.398.240 to Km.521.120 including Panagarh Bypass in the State of Jharkhand on EPC Mode.,Jharkhand,Ranchi,Ranchi Infrastructure Hub,23.3441,85.3096,23.344746,85.310283,verified_district,verified_district,approximate,district,medium,True,True,APPROXIMATE,True,Preserved validated district location
618641,4 Lane of CG/JH Border-Gumla from km 0.000 to km 32.370 of NH-43 in the State of Jhrkhand,Jharkhand,Gumla,Gumla Bauxite Mining & Highway Corridor,23.04,84.54,23.040175,84.54045,verified_city,verified_city,exact,city,high,True,True,VALIDATED,True,Matched infrastructure site keyword in Gumla
618642,4L of Palma to Gumla from km. 26.00 to km. 89.170 of NH-23,Jharkhand,Gumla,Gumla Bauxite Mining & Highway Corridor,23.04,84.54,23.040447,84.54006,verified_city,verified_city,exact,city,high,True,True,VALIDATED,True,Matched infrastructure site keyword in Gumla
618644,4L of Ormanjhi-Gola section from Km 81.450 to Km 53.600 of NH- 320BPKG-II,Jharkhand,Ramgarh,Rajrappa & Kotre Basantpur Pachmo Coal Complex,23.63,85.51,23.630175,85.510452,verified_city,verified_city,exact,city,high,True,True,VALIDATED,True,Matched infrastructure site keyword in Ramgarh
618645,4L of Gola-BokaroJaina More section from Km 53.600 to Km 21.110 of NH-320PKG-1,Jharkhand,Ramgarh,Rajrappa & Kotre Basantpur Pachmo Coal Complex,23.63,85.51,23.630447,85.510061,verified_city,verified_city,exact,city,high,True,True,VALIDATED,True,Matched infrastructure site keyword in Ramgarh
618736,4L Elevated corridor of Kalimandir-Dimna Chowk-Baliguma Jamshedpur Section of NH-33 New NH-18 from km 241940 to km 251961 Length 10.021 km,Jharkhand,East Singhbhum,Jamshedpur Steel & Adityapur Auto Cluster,22.8046,86.2029,22.8046,86.2029,verified_city,verified_city,exact,city,high,True,True,VALIDATED,False,Matched infrastructure site keyword in East Singhbhum
618737,Grade separated Interchanges at Km. 113.730 junction with Ranchi Hazaribagh Road & Km. 139.225 junction with Ranchi Jamshedpur road on 4L Ranchi Bypass of NH-33,Jharkhand,Hazaribagh,North Urimari & Rohini-Karketta Coal Mining Node,23.99,85.36,23.990447,85.360061,verified_city,verified_city,exact,city,high,True,True,VALIDATED,True,Matched infrastructure site keyword in Hazaribagh
618829,4L from km 196.87 Sankha to km 219.6 Khajuri on NH-75 [Rehla / Garhwa Bypass],Jharkhand,Garhwa,Garhwa Rail Junction & Border Corridor,24.18,83.8,24.18,83.8,verified_city,verified_city,exact,city,high,True,True,VALIDATED,False,Matched infrastructure site keyword in Garhwa
618830,4L from Km 147.450 Bhogu to Km 196.870 Sankha on NH-75 Sec-III,Jharkhand,Hazaribagh,Hazaribagh Infrastructure Hub,23.9925,85.3637,23.992675,85.364154,verified_district,verified_district,approximate,district,medium,True,True,APPROXIMATE,True,Preserved validated district location
618831,4L from Km 95.400 Udaipura to Km 147.450 Bhogu on NH-75 Sec-II,Jharkhand,Ranchi,Ranchi Infrastructure Hub,23.3441,85.3096,23.344966,85.309332,verified_district,verified_district,approximate,district,medium,True,True,APPROXIMATE,True,Preserved validated district location
618832,4L from Km 55.00 Kuru to Km 95.400 Udaipura on NH-75 Sec-I,Jharkhand,Dhanbad,Dhanbad Infrastructure Hub,23.7957,86.4304,23.796346,86.431085,verified_district,verified_district,approximate,district,medium,True,True,APPROXIMATE,True,Preserved validated district location
618863,Barhi-Koderma Section of NH31 km 0.00 - km 27.5,Jharkhand,Koderma,Koderma Thermal Power Station & Rail Junction,24.47,85.59,24.469825,85.589545,verified_city,verified_city,exact,city,high,True,True,VALIDATED,True,Matched infrastructure site keyword in Koderma
618946,4L of Mehgama - Hansdiha from km. 41.900 to km. 93.000 of NH -133A Pkg-II,Jharkhand,Ranchi,Ranchi Smart City & Core Infrastructure,23.3441,85.3096,23.34432,85.30865,verified_district,verified_district,approximate,district,medium,True,True,APPROXIMATE,True,Preserved validated district location
618947,4L of NH-80 from km 215.00 to km 260.00 Mirza Chauki to Farkka Pkg-I,Jharkhand,Bokaro,Bokaro Infrastructure Hub,23.6693,86.1511,23.66952,86.150147,verified_district,verified_district,approximate,district,medium,True,True,APPROXIMATE,True,Preserved validated district location
618949,4L of Basukinath- Deoghar Section of NH-114A,Jharkhand,Deoghar,Chitra East OCP & Deoghar AIIMS / Airport,24.4826,86.6975,24.482775,86.697955,verified_city,verified_city,exact,city,high,True,True,VALIDATED,True,Matched infrastructure site keyword in Deoghar
618950,Construction of Bypass to NH-114A Connecting NH-333 and NH-133 Deoghar Bypass from design km 0.000 to design Km 49.000,Jharkhand,Deoghar,Chitra East OCP & Deoghar AIIMS / Airport,24.4826,86.6975,24.483047,86.697561,verified_city,verified_city,exact,city,high,True,True,VALIDATED,True,Matched infrastructure site keyword in Deoghar
619005,Construction of bypass around Chatra Town on NH-22 old NH-99 in the state of Jharkhand under EPC Mode,Jharkhand,Chatra,"North Karanpura Super Coal Hub (Amrapali, Magadh, Sanghmitra)",24.21,84.87,24.21,84.87,verified_city,verified_city,exact,city,high,True,True,VALIDATED,False,Matched infrastructure site keyword in Chatra
617935,"Construction of Elevated corridor from Km. 135.650 to 136.300 on 63, from Km. 249 to Km. 250.050 on old NH-4 and from Km. 192.910 to Km. 193.350 on NH-218 from decongestion of traffic in Ranichennamma circle in Hubli city in the state of Karnataka on EPC basis",Karnataka,Dharwad,Hubballi-Dharwad Twin City & Airport,15.3647,75.124,15.364875,75.12443,verified_city,verified_city,exact,city,high,True,True,VALIDATED,True,Matched infrastructure site keyword in Dharwad
617950,Construction of Srinivasapura Bypass from existing Km 453.890 Design Ch. 0000 to existing Km 461.450 Design Ch 10080 on NH-69 in the State of Karnataka Under NH O in EPC mode under Annual Plan 2022-23 NH-69-KNT-2022-23-966 dated 22.11.2022,Karnataka,Ramanagara,Harohalli & Ramanagara Industrial Corridor,12.715,77.281,12.715175,77.281425,verified_district,verified_district,approximate,district,medium,True,True,APPROXIMATE,True,Preserved validated district location
617951,Construction of Chintamani Bypass from Design Ch.0000 Existing Ch.428880 to Design Ch.15400 Existing Ch.444010 on NH-69 in the State of Karnataka in EPC Mode under NHO Annual Plan 2022-23. NH-69-KNT-2022-23-989 dated 24.03.2023,Karnataka,Chikkaballapur,Chikkaballapur Space & Highway Corridor,13.4355,77.7275,13.4355,77.7275,verified_city,verified_city,exact,city,high,True,True,VALIDATED,False,Matched infrastructure site keyword in Chikkaballapur
617954,Balance work of Rehabilitation and upgrading to 2lane/2lane with paved shoulder configuration and strengthening from from Km 343.80 to 400.33 of Gowribidanur-Chik Ballapur section in the state of Karnataka Under Annual Plan 2021-22 under EPC Mode.-952,Karnataka,Dharwad,Hubballi-Dharwad Twin City & Airport,15.3647,75.124,15.365147,75.124058,verified_district,verified_district,approximate,district,medium,True,True,APPROXIMATE,True,Preserved validated district location
617955,Widening to two lane with paved Shoulders from Km 40.00 to Km 75.00 Existing chainages of Mangalore - Tumkur section of NH-73 in the State of Karnataka on EPC Mode under Annual Plan 2021-22 Job No NH-73-KNT-2021-22-945,Karnataka,Dakshina Kannada,New Mangalore Port & Petrochemicals (MRPL),12.8703,74.8806,12.870571,74.880232,verified_city,verified_city,exact,city,high,True,True,VALIDATED,True,Matched infrastructure site keyword in Dakshina Kannada
617989,Construction of Major Bridge at Km.180.865 across river Krishna on NH 167 Hagari Jadcherla section,Karnataka,Belagavi,Belagavi Industrial & Smart City Node,15.8497,74.4977,15.849875,74.498131,verified_district,verified_district,approximate,district,medium,True,True,APPROXIMATE,True,Preserved validated district location
617998,Widening to existing 2 lane with paved Shoulder to 4 Lane with paved shoulder from design Km 153.00 to 168.27 Mala Gate to Karkala of NH -169 on Shimoga - Mangalore section in the state of Karnataka on EPC mode under Annula Plan 2021-22 Job No. NH-169-KNT-2021-22-949,Karnataka,Dakshina Kannada,New Mangalore Port & Petrochemicals (MRPL),12.8703,74.8806,12.870125,74.880175,verified_city,verified_city,exact,city,high,True,True,VALIDATED,True,Matched infrastructure site keyword in Dakshina Kannada
617999,Widening to 2LPS from Km 67 to Km 115 on Kadur-Hosadurga section NH 173 in the state of Karnataka NH-173-KNT-2022-23-980 dated 13.03.2023,Karnataka,Chitradurga,Chitradurga Renewable Power Evacuation,14.2251,76.4019,14.225547,76.401957,verified_city,verified_city,exact,city,high,True,True,VALIDATED,True,Matched infrastructure site keyword in Chitradurga
618000,Widening to 2-Lane with Paved Shoulders from Km 116.800 to 149.070Design Changes on Hosadurga - Holalkere Section of NH-173 in the State of Karnataka on EPC mode under Annual Plan 2021-22 Job no. NH-173-KNT-2021-22-946,Karnataka,Chitradurga,Chitradurga Renewable Power Evacuation,14.2251,76.4019,14.225371,76.40153,verified_city,verified_city,exact,city,high,True,True,VALIDATED,True,Matched infrastructure site keyword in Chitradurga
618027,Widening to 2LPS from Km 71.00 to 104.00 Existing chainages Sarjapur to Pattadkallu on Bhanapur to Gaddanakeri section NH-367 in the State of Karnataka under NHO on EPC mode under Annual Plan 2022-23 NH-367-KNT-2022-23-972 dated 08.02.2023,Karnataka,Koppal,Koppal Renewable Energy Substation Complex,15.3533,76.155,15.353747,76.155058,verified_district,verified_district,approximate,district,medium,True,True,APPROXIMATE,True,Preserved validated district location
618028,"Construction of Bypass at Kuknoor, Yelburga, Gajendragada of Bhanapur Gaddanakeri section of NH-367 in the State of Karnataka under NHO on EPC mode under Annual Plan 2022-23. NH-367-KNT-2022-23-973 dated 08.02.2023",Karnataka,Koppal,Koppal Renewable Energy Substation Complex,15.3533,76.155,15.353571,76.154628,verified_city,verified_city,exact,city,high,True,True,VALIDATED,True,Matched infrastructure site keyword in Koppal
618029,Widening to 4 lane from Km. 133.00 to 158.04 design Chainage Km. 130.88 to 155.145 Shirur Cross to Gaddankeri of NH-367 in the State of Karnataka on EPC mode. Job No. NH-367-KNT-2021-22-930,Karnataka,Gadag,Gadag Wind-Solar Hybrid Corridor,15.4319,75.6355,15.432075,75.63593,verified_district,verified_district,approximate,district,medium,True,True,APPROXIMATE,True,Preserved validated district location
618030,Widening to 2 lane with paved shoulder from Km. 103.225 Pattadakal to Km. 133.00 Shirur cross of NH-367 in the state of Karnataka on EPC Mode.Job No. NH-367-KNT- 2021-22-934,Karnataka,Davanagere,Davanagere Transmission & Textile Hub,14.4644,75.9218,14.464847,75.921857,verified_district,verified_district,approximate,district,medium,True,True,APPROXIMATE,True,Preserved validated district location
618031,Balance work of Construction of Two/Four lane with paved shoulder from Km 422.000 to 523.600 Chitradurga to Shivamogga of NH-13 in the state of Kanataka on EPC mode.,Karnataka,Chitradurga,Chitradurga Renewable Power Evacuation,14.2251,76.4019,14.224925,76.401472,verified_city,verified_city,exact,city,high,True,True,VALIDATED,True,Matched infrastructure site keyword in Chitradurga
618086,"Widening to Two Lane with Paved Shoulders from KB Cross to Chunchanahalli ie., Design Ch. 485240 Km Existing Km 494.000 to Design Ch. 523393 Km Existing km 533.152 & From Design Ch. 530393 Existing Km 540.175 to Design Ch. 534476 Existing Km 544.200 at Nelligere of NH-150A on EPC mode under Annual Plan 2022-23 NH-150A-KNT-2022-23-977 dated 08.03.2023",Karnataka,Ballari,Ballari Steel & Solar Energy Park,15.1394,76.9214,15.139575,76.921829,verified_district,verified_district,approximate,district,medium,True,True,APPROXIMATE,True,Preserved validated district location
618087,Widening to intermediate/two lane to 2 lane with paved shoulder from Existing chanages Km 112.750 to 142.00 Liingasur to Mudabal cross & from Km. 147.070 to Km. 149.070 Maski city limit of Jewargi Chamrajnagar setion of NH-150A in the state of Karnataka on EPC mode. Job No. NH-150A-KNT-2021-22-951,Karnataka,Kalaburagi,Kalaburagi Airport & Cement Cluster,17.3297,76.8343,17.3297,76.8343,verified_city,verified_city,exact,city,high,True,True,VALIDATED,False,Matched infrastructure site keyword in Kalaburagi
618095,Widening to Two Lane with Paved Shoulders from Km 0.00 Design Chainage 0.00 to Km 23.338 Design Chainage 23310 of NH-166E MH/KNT Border- Kanamadi- Bijjargi- Tikota section in the state of Karnataka in EPC Mode under Annual plan 2022-23 NH- 166E-KNT-2022-23-974,Karnataka,Vijayapura,Vijayapura Airport & NTPC Kudgi,16.8302,75.71,16.8302,75.71,verified_city,verified_city,exact,city,high,True,True,VALIDATED,False,Matched infrastructure site keyword in Vijayapura
618109,Widening to 4 lane from Km 51.60 to 76.20 Hebri to Parkala and from Km 85.20 to 88.90 Karavali junction to Malpe of Thirthahalli-Udupi-Malpe Section of NH-169A in the State of Karnataka on EPC Mode under Annual plan 2021-22 Job No. NH-169A- KNT-2021-22-927,Karnataka,Udupi,Udupi Coastal Power & Highway Node,13.3409,74.7421,13.3409,74.7421,verified_city,verified_city,exact,city,high,True,True,VALIDATED,False,Matched infrastructure site keyword in Udupi
618144,Construction of Major Bridge Across Sharavathi Backwaters and approches between Ambargodu and Kalasavalli Near Sigandhur in Sagar Taluk on NH 369E in the State of Karnataka on EPC mode.Job No. NH-369E-KNT-2018-19-895 dated 06.03.2019.,Karnataka,Vijayanagara,Vijayanagara Industrial & Tourism Node,15.27,76.39,15.270175,76.39043,verified_district,verified_district,approximate,district,medium,True,True,APPROXIMATE,True,Preserved validated district location
618147,Widening to 2 Lane with Paved Shoulders from design Km 103.200 Existing Km 103.200 to design Km 116.700 Existing Km 118.470 on AP/KNT Border to Sira Section of NH-544E in the State of Karnatakaon EPC mode under Annual plan 2022- 23,Karnataka,Tumakuru,Tumakuru Industrial Smart City (CBIC),13.3379,77.1006,13.338075,77.101026,verified_city,verified_city,exact,city,high,True,True,VALIDATED,True,Matched infrastructure site keyword in Tumakuru
618149,Widening to two lane with paved shoulders from Km 0.00 to 102.310 Design Chainage of NH-548B Murrum-Maharashtra Border in the State of Karnataka,Karnataka,Chitradurga,Chitradurga Renewable Power Evacuation,14.2251,76.4019,14.224653,76.401843,verified_district,verified_district,approximate,district,medium,True,True,APPROXIMATE,True,Preserved validated district location
618184,Construction of 2 Lane with paved shoulder from km 55.6 to km 90.7 existing chainages of NH-766C complete Realignment of 13.76 km with 2 major Bridges across Sharavathi Backwaters on EPC mode under Annual Plan 2022-23 in the state of Karnataka NH-766C-KNT-2022-23 dated 14.10.2022,Karnataka,Tumakuru,Tumakuru Industrial Smart City (CBIC),13.3379,77.1006,13.338347,77.100657,verified_district,verified_district,approximate,district,medium,True,True,APPROXIMATE,True,Preserved validated district location
618185,Widening to 2LPS from Km 0.000 to 37.850 Except Ex. Km 24.45 to 27.20 of NH-766c Byndoor-Ranebennur Section in the state of Karnataka on EPC Mode under Annual Plan 2022-23 NH-766C-KNT-2022-23-969 dated 30.12.2022,Karnataka,Haveri,Haveri Rail & Highway Node,14.7954,75.3991,14.7954,75.3991,verified_city,verified_city,exact,city,high,True,True,VALIDATED,False,Matched infrastructure site keyword in Haveri
618189,Widening to Two Lane with Paved Shoulder of NH-73 New Spur Road Ujire - Dharmasthala - Periyashanthi in the State of Karnataka under on HAM under NHO Annual Plan 2023-24Job No NH-73Spur-KNT-2023-24-996,Karnataka,Dakshina Kannada,New Mangalore Port & Petrochemicals (MRPL),12.8703,74.8806,12.869853,74.880543,verified_district,verified_district,approximate,district,medium,True,True,APPROXIMATE,True,Preserved validated district location
618517,4/6L of Bangalore - Pune Section of bypass connecting Dharwad - Hubli from km. 403.80 to km. 433.20,Karnataka,Dharwad,Hubballi-Dharwad Twin City & Airport,15.3647,75.124,15.364971,75.123628,verified_city,verified_city,exact,city,high,True,True,VALIDATED,True,Matched infrastructure site keyword in Dharwad
618518,Davanagere - Haveri of NH-48 Old NH-4 from km. 260.00 to km. 338.923,Karnataka,Davanagere,Davanagere Transmission & Textile Hub,14.4644,75.9218,14.464671,75.921429,verified_city,verified_city,exact,city,high,True,True,VALIDATED,True,Matched infrastructure site keyword in Davanagere
618520,4L of km 0.00 to km 42.00 of Dobbaspet to Doddaballapura Bypass section of NH-648 old NH-207] [Bangalore Ring Road Pkg 1],Karnataka,Bengaluru Urban,Bengaluru Metro & Tech Hub,12.9716,77.5946,12.97182,77.593705,verified_city,verified_city,exact,city,high,True,True,VALIDATED,True,Matched infrastructure site keyword in Bengaluru Urban
618630,6L of MH/KN Border Nimbal Village to KN/TS Border Singnodi Village from Km. 26.000 to Km. 97.000 in Gulbarga of NH-150C Pkg-II,Karnataka,Kalaburagi,Kalaburagi Airport & Cement Cluster,17.3297,76.8343,17.329875,76.834734,verified_city,verified_city,exact,city,high,True,True,VALIDATED,True,Matched infrastructure site keyword in Kalaburagi
618649,4 Lane with PS from Des. Ch 228.500 to Des. Ch. 273.400 of Belgaum-Hungund- Raichur Section of NH 748 A Package-6,Karnataka,Belagavi,Belagavi Industrial & Smart City Node,15.8497,74.4977,15.850147,74.497758,verified_city,verified_city,exact,city,high,True,True,VALIDATED,True,Matched infrastructure site keyword in Belagavi
618650,4 Lane with PS from Des. Ch 89.900 to Des. Ch. 136.100 of Belgaum-Hungund- Raichur Section of NH-748A Package-3,Karnataka,Belagavi,Belagavi Industrial & Smart City Node,15.8497,74.4977,15.849971,74.497327,verified_city,verified_city,exact,city,high,True,True,VALIDATED,True,Matched infrastructure site keyword in Belagavi
618651,4 Lane with PS from Des. Ch 43.800 to Des. Ch. 89.900 of Belgaum-Hungund- Raichur Section of NH-748A Package-2,Karnataka,Belagavi,Belagavi Industrial & Smart City Node,15.8497,74.4977,15.849525,74.497269,verified_city,verified_city,exact,city,high,True,True,VALIDATED,True,Matched infrastructure site keyword in Belagavi
618697,4LPS Access Controlled Highway of Bellary Bypass Balance work from Ch. 254750 to Ch. 266837 and construction of 4LPS from Ch. 277.690 to Ch. 278.690 at D. Hirehal Village Balance work of NH 150A of Bellary Byrapura Section,Karnataka,Ballari,Ballari Steel & Solar Energy Park,15.1394,76.9214,15.139847,76.921457,verified_city,verified_city,exact,city,high,True,True,VALIDATED,True,Matched infrastructure site keyword in Ballari
618698,Challakere to Hariyur section from km 358.500 to km 414.205 of NH-150 A,Karnataka,Chitradurga,Chitradurga Renewable Power Evacuation,14.2251,76.4019,14.224829,76.40227,verified_city,verified_city,exact,city,high,True,True,VALIDATED,True,Matched infrastructure site keyword in Chitradurga
618702,4L of Addahole Near Gundya to Bantwal Cross section Pkg-02 from Design Km 270.270 to Design km 318.55 including flyover at Kalladka Town including approaches from Km. 311.57 to Km. 313.67 of NH-75 Old NH-48,Karnataka,Dakshina Kannada,New Mangalore Port & Petrochemicals (MRPL),12.8703,74.8806,12.870029,74.880968,verified_city,verified_city,exact,city,high,True,True,VALIDATED,True,Matched infrastructure site keyword in Dakshina Kannada
618706,Bangalore-Nidagatta Pkg. I,Karnataka,Bengaluru Urban,Bengaluru Metro & Tech Hub,12.9716,77.5946,12.970954,77.593957,verified_city,verified_city,exact,city,high,True,True,VALIDATED,True,Matched infrastructure site keyword in Bengaluru Urban
618707,Additional works under BM1 to ensure road safety under 6L of Bengaluru Mysuru Access control with close toll from Km.17.300 to Km.136.300 of NH-275,Karnataka,Mysuru,Mysuru Multi-Modal Railway Hub,12.9716,77.5946,12.2958,76.6394,verified_city,verified_city,exact,city,high,True,True,VALIDATED,True,Matched infrastructure site keyword in Mysuru
618709,4L of Left-Over Works of Hospet-Bellary -Karnataka/AP border from Km.280.080 Dec.Ch. to Km.375450Des.Ch. of NH-63 New-67,Karnataka,Ballari,Ballari Steel & Solar Energy Park,15.1394,76.9214,15.139671,76.921028,verified_city,verified_city,exact,city,high,True,True,VALIDATED,True,Matched infrastructure site keyword in Ballari
618799,Belakeri Port to Kumta - Sirsi road from km 0.00 - km 4.265 of Belekeri Port Road Link Rd. and km 4.965 - km 60.00 of SH-69,Karnataka,Uttara Kannada,Karwar Naval Base & Port Node,14.8185,74.1416,14.818675,74.142029,verified_city,verified_city,exact,facility,high,True,True,VALIDATED,True,Matched infrastructure site keyword in Uttara Kannada
618870,4L PS from near Hemmige Village Periyapatna - Hassan Road Jn. to near Hunsur - KR Nagar Jn section from Km. 144.900 to Km. 169.000 of NH-275 Pkg. III,Karnataka,Hassan,Hassan Industrial Corridor & Yettinahole,12.2958,76.6394,13.003571,76.100032,verified_city,verified_city,exact,city,high,True,True,VALIDATED,True,Matched infrastructure site keyword in Hassan
618871,4L PS from Near Guddehosur to Start of Kushalnagara Bypass to near Hemmige Village Periyapatna - Hassan Road Jn from Km. 122.200 to Km. 144.900 of NH-275 Pkg. II,Karnataka,Hassan,Hassan Industrial Corridor & Yettinahole,12.2958,76.6394,13.003125,76.099975,verified_city,verified_city,exact,city,high,True,True,VALIDATED,True,Matched infrastructure site keyword in Hassan
618872,4L PS from near Hunsur - KR Nagar Junction to near Yalachahalli village KR Nagara - Yelawala Road Junction fcrom Km 169.000 to Km 195.550 of NH-275 Pkg-IV,Karnataka,Mysuru,Mysuru Multi-Modal Railway Hub,12.2958,76.6394,12.295975,76.639824,verified_city,verified_city,exact,city,high,True,True,VALIDATED,True,Matched infrastructure site keyword in Mysuru
618873,4L PS from near Yalachahalli village KR Nagara - Yelawala Road junction to Srirangapatna Bypass Near Paschima Vahini from km 195.550 to Km 214.535 of NH- 275 Pkg-V,Karnataka,Mandya,Mandya Expressway & Agritech Node,12.5218,76.8951,12.5218,76.8951,verified_city,verified_city,exact,city,high,True,True,VALIDATED,False,Matched infrastructure site keyword in Mandya
618887,4L of Bettadahalli- Shivamogga section from Km.170.415 to km. 226.750 of NH-206 Tumkur- Shivamogga Pkg-IV,Karnataka,Shivamogga,Shivamogga Airport & Rail Infrastructure,13.9299,75.5681,13.930075,75.568527,verified_city,verified_city,exact,city,high,True,True,VALIDATED,True,Matched infrastructure site keyword in Shivamogga
618896,4L of Sannur to Bikarnakatte section from Km 691.350 to Km 736.362 of NH-169 Karkala - Mangalore Package-III,Karnataka,Dakshina Kannada,New Mangalore Port & Petrochemicals (MRPL),12.8703,74.8806,12.870946,74.881243,verified_city,verified_city,exact,city,high,True,True,VALIDATED,True,Matched infrastructure site keyword in Dakshina Kannada
619070,Tumkur-Chitradurga,Karnataka,Chitradurga,Chitradurga Renewable Power Evacuation,14.2251,76.4019,14.225746,76.402547,verified_city,verified_city,exact,city,high,True,True,VALIDATED,True,Matched infrastructure site keyword in Chitradurga
619071,Tumkur - Nelamangala 6L,Karnataka,Bengaluru Rural,Bengaluru Rural Logistics Corridor,13.23,77.57,13.230175,77.570426,verified_city,verified_city,exact,city,high,True,True,VALIDATED,True,Matched infrastructure site keyword in Bengaluru Rural
619072,Bangalore/TN border to Hoskote,Karnataka,Bengaluru Rural,Bengaluru Rural Logistics Corridor,13.23,77.57,13.230447,77.570057,verified_city,verified_city,exact,city,high,True,True,VALIDATED,True,Matched infrastructure site keyword in Bengaluru Rural
619073,4L of 42.000 to km 80.00 of Dodaballapur Bypass to Hoskote section of NH-648 Old NH-207 [Bangalore Ring Road Pkg 2],Karnataka,Bengaluru Rural,Bengaluru Rural Logistics Corridor,12.9716,77.5946,13.230271,77.569631,verified_city,verified_city,exact,city,high,True,True,VALIDATED,True,Matched infrastructure site keyword in Bengaluru Rural
619096,Goa / Karnataka Km.93.700 to Kundapur Km.283.30,Karnataka,Udupi,Udupi Coastal Power & Highway Node,13.3409,74.7421,13.341075,74.742526,verified_district,verified_district,approximate,district,medium,True,True,APPROXIMATE,True,Preserved validated district location
619106,4 Lane with PS from Des. Ch 182.300 to Des. Ch. 228.500 of Belgaum-Hungund- Raichur Section of NH 748 A Package-5,Karnataka,Belagavi,Belagavi Industrial & Smart City Node,15.8497,74.4977,15.849253,74.497642,verified_city,verified_city,exact,city,high,True,True,VALIDATED,True,Matched infrastructure site keyword in Belagavi
619107,4 Lane with PS from Des. Ch 136.100 to Des. Ch. 182.300 of Belgaum-Hungund- Raichur Section of NH-748A Package-4,Karnataka,Belagavi,Belagavi Industrial & Smart City Node,15.8497,74.4977,15.849429,74.498073,verified_city,verified_city,exact,city,high,True,True,VALIDATED,True,Matched infrastructure site keyword in Belagavi
619108,4 Lane with PS from Des. Ch 0.000 to Des. Ch. 43.800 of Belgaum-Hungund-Raichur Section of NH-748A Package-1,Karnataka,Belagavi,Belagavi Industrial & Smart City Node,15.8497,74.4977,15.850346,74.498352,verified_city,verified_city,exact,city,high,True,True,VALIDATED,True,Matched infrastructure site keyword in Belagavi
619117,Hassan km 184.912 to Maranahally km 230.060 of NH - 75 in Karnataka,Karnataka,Hassan,Hassan Industrial Corridor & Yettinahole,13.0033,76.1004,13.002853,76.100343,verified_city,verified_city,exact,city,high,True,True,VALIDATED,True,Matched infrastructure site keyword in Hassan
619120,Nidagatta-Mysore Pkg II,Karnataka,Mysuru,Mysuru Multi-Modal Railway Hub,12.2958,76.6394,12.296247,76.639457,verified_city,verified_city,exact,city,high,True,True,VALIDATED,True,Matched infrastructure site keyword in Mysuru
619121,4L of Hubli - Hospet Section of NH-63 from Km 128.850 to Km 272.571,Karnataka,Vijayanagara,Vijayanagara Industrial & Tourism Node,15.27,76.39,15.270447,76.390058,verified_city,verified_city,exact,city,high,True,True,VALIDATED,True,Matched infrastructure site keyword in Vijayanagara
619138,Yekkambi-Haveri,Karnataka,Haveri,Haveri Rail & Highway Node,14.7954,75.3991,14.795575,75.399529,verified_city,verified_city,exact,city,high,True,True,VALIDATED,True,Matched infrastructure site keyword in Haveri
619144,Hospet - Chitradurga from km. 299.00 to km. 418.750,Karnataka,Chitradurga,Chitradurga Renewable Power Evacuation,14.2251,76.4019,14.225966,76.401647,verified_city,verified_city,exact,city,high,True,True,VALIDATED,True,Matched infrastructure site keyword in Chitradurga
619150,BRT Tiger Reserve Boundary Km.287.500 to Bangalore Section Km.458.420 of NH- 209 in Karnataka,Karnataka,Bengaluru Urban,Bengaluru Metro & Tech Hub,12.9716,77.5946,12.970734,77.594852,verified_city,verified_city,exact,city,high,True,True,VALIDATED,True,Matched infrastructure site keyword in Bengaluru Urban
619164,Belgaum-Khanapur Pkg I Km 0.000-Km 30.800 of NH-4A,Karnataka,Belagavi,Belagavi Industrial & Smart City Node,15.8497,74.4977,15.850566,74.497445,verified_city,verified_city,exact,city,high,True,True,VALIDATED,True,Matched infrastructure site keyword in Belagavi
619211,6L of MH/KN Border Nimbal Village to KN/TS Border Singnodi Village from Km. 97.000 to Km. 162.500 in Yadgir of NH-150C Pkg-III,Karnataka,Yadgir,Yadgir Industrial Node,16.7628,77.1442,16.7628,77.1442,verified_city,verified_city,exact,city,high,True,True,VALIDATED,False,Matched infrastructure site keyword in Yadgir
619214,4L of Channarayapatna Bypass and Hassan Bypass with structures in Devihalli - Hassan section,Karnataka,Hassan,Hassan Industrial Corridor & Yettinahole,13.0033,76.1004,13.003029,76.100768,verified_city,verified_city,exact,city,high,True,True,VALIDATED,True,Matched infrastructure site keyword in Hassan
619218,4L Tumkur-Shimoga Pkg-I from Mallasandra to Karadi village of NH-206 from Km. 12.300 to Km. 65.195,Karnataka,Shivamogga,Shivamogga Airport & Rail Infrastructure,13.9299,75.5681,13.930347,75.568157,verified_city,verified_city,exact,city,high,True,True,VALIDATED,True,Matched infrastructure site keyword in Shivamogga
619219,4L of Tumkur-Shimoga Pkg-II from Km 65.195 Karadi to Km 121.900 Banawara of NH-206,Karnataka,Shivamogga,Shivamogga Airport & Rail Infrastructure,13.9299,75.5681,13.930171,75.56773,verified_city,verified_city,exact,city,high,True,True,VALIDATED,True,Matched infrastructure site keyword in Shivamogga
619220,Tumkur-Shimoga Pkg-III from Km 121.900 Banawara to Km 170.415 Bettadahalli of Old NH-206,Karnataka,Shivamogga,Shivamogga Airport & Rail Infrastructure,13.9299,75.5681,13.929725,75.567673,verified_city,verified_city,exact,city,high,True,True,VALIDATED,True,Matched infrastructure site keyword in Shivamogga
618070,Widening to 2 Lanes with paved shoulders from Km.87/000 to 133/720 Nattukal to Thanau Jn. in Palakkad of NH-966 Old NH-213 on EPC mode Basis under NHO Annual Plan 2016-17 in the state of Kerala,Kerala,Palakkad,IIT Palakkad Permanent Campus (Kanjikode),10.7867,76.6548,10.786971,76.654435,verified_city,verified_city,exact,city,high,True,True,VALIDATED,True,Matched infrastructure site keyword in Palakkad
618595,6L of Chengala - Neeleshwaram from km. 56.200 to km. 93.468,Kerala,Kasaragod,Chengala & Neeleshwaram 6-Lane NH-66 Corridor,12.5102,74.9852,12.5102,74.9852,verified_city,verified_city,exact,city,high,True,True,VALIDATED,False,Matched infrastructure site keyword in Kasaragod
618596,6L of Taliparamba to Muzhappilangad from Km 134.650 to Km 170.6 of NH-66,Kerala,Kannur,Kannur International Airport & Port,11.8745,75.3704,11.8745,75.3704,verified_city,verified_city,exact,city,high,True,True,VALIDATED,False,Matched infrastructure site keyword in Kannur
618597,6L of Azhiyur-Vengalam from km. 189.200 to km. 230.400 of NH-66,Kerala,Kozhikode,Kozhikode Bypass 6-Laning (Vengalam-Ramanattukara),11.22,75.83,11.22,75.83,verified_facility,verified_facility,exact,facility,high,True,True,VALIDATED,False,Preserved validated district location
618598,6L Minor Bridge Paloli Palam at km. 203.160 & Major Bridge Morad at km. 204.895 and allied works,Kerala,Thiruvananthapuram,Vizhinjam International Transshipment Deepwater Port,8.5241,76.9366,8.524275,76.937019,verified_district,verified_district,approximate,district,medium,True,True,APPROXIMATE,True,Preserved validated district location
618599,6L of Ramanatukkara Junction to start of Valanchery bypass section of NH-66,Kerala,Malappuram,Valanchery Bypass & Calicut Airport,11.051,76.0711,11.051,76.0711,verified_city,verified_city,exact,city,high,True,True,VALIDATED,False,Matched infrastructure site keyword in Malappuram
618600,6L of Valanchery bypass to Kappirikkad of NH 66 from km. 298500 to km 335850,Kerala,Malappuram,Valanchery Bypass & Calicut Airport,11.051,76.0711,11.051175,76.071522,verified_city,verified_city,exact,city,high,True,True,VALIDATED,True,Matched infrastructure site keyword in Malappuram
618601,6L of Kappirikkad to Thalikulam section from km 335.85 to km 369.015 of NH - 66 old NH-17,Kerala,Thiruvananthapuram,Thiruvananthapuram Infrastructure Hub,8.5241,76.9366,8.524547,76.936656,verified_district,verified_district,approximate,district,medium,True,True,APPROXIMATE,True,Preserved validated district location
618602,6L of Thalikulam to Kodugallur section from km 369.015 to km 397.850 of NH - 66 old NH-17,Kerala,Palakkad,IIT Palakkad Permanent Campus (Kanjikode),10.7867,76.6548,10.786525,76.654378,verified_district,verified_district,approximate,district,medium,True,True,APPROXIMATE,True,Preserved validated district location
618603,6L of Kodugallur to Edapppally section from km 397.750 to km 423.780 of NH - 66 old NH-17,Kerala,Kozhikode,Kozhikode Infrastructure Hub,11.2588,75.7804,11.2588,75.7804,verified_district,verified_district,approximate,district,medium,True,True,APPROXIMATE,False,Preserved validated district location
618604,Aroor-Thuravoor Thekku,Kerala,Kozhikode,Kozhikode Smart City & Calicut Airport,11.2588,75.7804,11.258975,75.780823,verified_district,verified_district,approximate,district,medium,True,True,APPROXIMATE,True,Preserved validated district location
618605,Thuravoor Thekku-Paravoor,Kerala,Thiruvananthapuram,Thiruvananthapuram Infrastructure Hub,8.5241,76.9366,8.524371,76.936237,verified_district,verified_district,approximate,district,medium,True,True,APPROXIMATE,True,Preserved validated district location
618606,Paravoor-Kottankulangara,Kerala,Ernakulam,Kochi Metro Phase 2 & BPCL Kochi Refinery (MSVI),9.9816,76.2999,9.981871,76.299535,verified_district,verified_district,approximate,district,medium,True,True,APPROXIMATE,True,Preserved validated district location
618607,Kottankulangara- Start of Kollam Bypass,Kerala,Kozhikode,Kozhikode Bypass 6-Laning (Vengalam-Ramanattukara),11.22,75.83,11.220175,75.830423,verified_facility,verified_facility,exact,facility,high,True,True,VALIDATED,True,Preserved validated district location
618708,Widening/Development of Existing NH-85 from Km 0.000 to Km 124.636 section to 2L/LPS section in the state of Kerala on EPC Mode under Bharatmala Pariyojana,Kerala,Thiruvananthapuram,Vizhinjam International Transshipment Deepwater Port,8.5241,76.9366,8.523925,76.936181,verified_district,verified_district,approximate,district,medium,True,True,APPROXIMATE,True,Preserved validated district location
619098,Kozhikode Bypass Calicut Bypass Vengalam Jn. to Ramanattukara Jn.,Kerala,Kozhikode,Kozhikode Smart City & Calicut Airport,11.2588,75.7804,11.259247,75.780457,verified_city,verified_city,exact,city,high,True,True,VALIDATED,True,Matched infrastructure site keyword in Kozhikode
619206,6L of Perole Nileshwar town to Taliparamba from Km 94.248 to Km 134.650 of NH-66,Kerala,Kannur,Kannur International Airport & Port,11.8745,75.3704,11.874675,75.370824,verified_city,verified_city,exact,city,high,True,True,VALIDATED,True,Matched infrastructure site keyword in Kannur
619207,Start of Kollam Bypass - Kadambattukonam,Kerala,Kozhikode,Kozhikode Bypass 6-Laning (Vengalam-Ramanattukara),11.22,75.83,11.220447,75.830057,verified_facility,verified_facility,exact,facility,high,True,True,VALIDATED,True,Preserved validated district location
619208,Kadambattukonam-Kazhakuttom,Kerala,Kozhikode,Kozhikode Infrastructure Hub,11.2588,75.7804,11.259071,75.780034,verified_district,verified_district,approximate,district,medium,True,True,APPROXIMATE,True,Preserved validated district location
618408,Kargil Zanskar Road,Ladakh,Kargil,Zojila Tunnel Strategic Highway Link,34.5539,76.1311,34.5539,76.1311,verified_city,verified_city,exact,city,high,True,True,VALIDATED,False,Matched infrastructure site keyword in Kargil
618409,Widening & Up-gradation to 2 lane with Paved shoulder of NH-301 Kargil- Zanskar Road from Design km 57.000 Ex. Km. 57.905 to Km 87.000 Ex. Km. 88.2491 of 30.000 Km length Pkg-lll,Ladakh,Kargil,Zojila Tunnel Strategic Highway Link,34.5539,76.1311,34.554075,76.131603,verified_city,verified_city,exact,city,high,True,True,VALIDATED,True,Matched infrastructure site keyword in Kargil
618410,Widening & Up-gradation to 2 lane with paved shoulder of NH-301 Kargil- Zanskar Road from Design Km .30.040 Ex. Km. 30.000 to Design Km 57.000 Ex. Km. 57.905 of 26.960 Km length Pkg-II,Ladakh,Kargil,Zojila Tunnel Strategic Highway Link,34.5539,76.1311,34.554347,76.131167,verified_city,verified_city,exact,city,high,True,True,VALIDATED,True,Matched infrastructure site keyword in Kargil
617909,Construction of Rewa Bypass to 4-lane with paved shoulder along with service road from Ratahara Chowk to Chorhata Chowk Road section of NH-30 from km 00.000 to 19.200 in the State of Madhya Pradesh on Hybrid Annuity Mode HAM.,Madhya Pradesh,Rewa,Rewa Ultra Mega Solar Park & Airport,24.5362,81.3037,24.5362,81.3037,verified_city,verified_city,exact,city,high,True,True,VALIDATED,False,Matched infrastructure site keyword in Rewa
617911,Rehabilitation and upgradation Umaria to Shahdol section of NH-78 from Existing Km. 68/4 to Km. 142/2 to 2LPS including construction of Birshinghpur and Shahdol Bypass on EPC mode under NHDP-IVA,Madhya Pradesh,Shahdol,Sohagpur Coalfield & Shahdol Hub,23.2844,81.3539,23.284575,81.354351,verified_city,verified_city,exact,city,high,True,True,VALIDATED,True,Matched infrastructure site keyword in Shahdol
617914,Upgradation and reconstruction of Shahpura-Dindori Section of NH 45 from Km 103.700 Design to Km 164.580 Design including 3 bypasses Total length 60.88km to Two lane with paved shoulder configuration along with One time improvement in 03 nos of bypassed built-up areas in a total length of 12.341 km in the State of Madhya Pradesh on EPC mode,Madhya Pradesh,Dindori,Dindori Narmada Corridor,22.9467,81.0811,22.9467,81.0811,verified_city,verified_city,exact,city,high,True,True,VALIDATED,False,Matched infrastructure site keyword in Dindori
617915,Upgradation of Dindori-Sagartola-kabichabutra MP-CG border section of NH -45 from km 000Design to km 77.00 Design to Two lane with paved shoulder configration along with one time improvement in 04 nos. of bypaased built-up areas in a total length of 9.1 km in the state of Madhya Pradesh on EPC mode.,Madhya Pradesh,Dindori,Dindori Narmada Corridor,22.9467,81.0811,22.946875,81.08155,verified_city,verified_city,exact,city,high,True,True,VALIDATED,True,Matched infrastructure site keyword in Dindori
618019,Upgradation & widening of Jharkheda- Berasia - Dholkhedi from design km 0000 to km 87900 Design length 87.90km of NH-346 including 3 nos. bypasses of 13.10 Km in the State of Madhya Pradesh under EPC mode.,Madhya Pradesh,Bhopal,Bhopal Metro Rail Project Phase-1,23.2599,77.4126,23.260171,77.412209,verified_city,verified_city,exact,city,high,True,True,VALIDATED,True,Matched infrastructure site keyword in Bhopal
618020,"Rehabilitation & Upgradation of KurwaiMungaoliChanderi Road section of NH-346, from Design Chainge 0.000 to 81.300 Km Total length 83.1 km to Two lane with paved shoulder configuration along with One time improvement in 07 nos of bypassed built- up areas in a total length of 22.615 km in the state of Madhya Pradesh on EPC mode.",Madhya Pradesh,Ashoknagar,Chanderi & Mungaoli Highway Corridor,24.5772,77.7289,24.5772,77.7289,verified_city,verified_city,exact,city,high,True,True,VALIDATED,False,Matched infrastructure site keyword in Ashoknagar
618021,Up-gradation of Pichhore- Dinara section of NH-346 from Km 292.750 to 334.550 to two lane with paved shoulders in the state of Madhya Pradesh on EPC mode,Madhya Pradesh,Shivpuri,Shivpuri Highway Corridor,25.4244,77.6565,25.4244,77.6565,verified_city,verified_city,exact,city,high,True,True,VALIDATED,False,Matched infrastructure site keyword in Shivpuri
618035,Rehabilitation & Upgradation of existing intermediate lane to two Lane with paved shoulder from km. 0.600 Gulganj bypass on NH-34 to km. 43.00 Barna River length 42.400 km. on Gulganj-Amanganj-Pawai-Katni NH43 Extn. in the state of Madhya Pradesh on EPCmode.,Madhya Pradesh,Katni,Katni Rail Grade Separator Hub,23.8343,80.3957,23.834475,80.396153,verified_city,verified_city,exact,city,high,True,True,VALIDATED,True,Matched infrastructure site keyword in Katni
618036,Upgradation and reconstruction of existing intermediate lane to two Lane with paved shoulder configuration from km. 43.00 Barna River to km. 77.00 ken river length 34.00 km. on Gulganj-Amanganj-Pawai-Katni NH43 Extn. along with One time improvement in 01 no. of bypassed built-up area in a total length of 1.585 km in the state of Madhya Pradesh on EPCmode.,Madhya Pradesh,Katni,Katni Rail Grade Separator Hub,23.8343,80.3957,23.834747,80.395761,verified_city,verified_city,exact,city,high,True,True,VALIDATED,True,Matched infrastructure site keyword in Katni
618043,Upgradation and reconstruction of Dindori - Mandla Section of NH 543 from Km 77100 Design to Km 170580 Design Total length 93.48km to Two lane with paved shoulder configuration along with One time improvement in 04 nos of bypassed built-up areas in a total length of 7.23 km in the state of Madhya Pradesh on EPC mode,Madhya Pradesh,Dindori,Dindori Narmada Corridor,22.9467,81.0811,22.947147,81.08116,verified_city,verified_city,exact,city,high,True,True,VALIDATED,True,Matched infrastructure site keyword in Dindori
618044,Upgradation of Shahdol- Sagartola Section of NH 543 from km 0000 to km 69400 to 2 lane with paved shoulders under Hybrid Annuity Mode HAM in the State of Madhya Pradesh,Madhya Pradesh,Shahdol,Sohagpur Coalfield & Shahdol Hub,23.2844,81.3539,23.284847,81.35396,verified_city,verified_city,exact,city,high,True,True,VALIDATED,True,Matched infrastructure site keyword in Shahdol
618045,"Construction of Mihona bypass, Lahar bypass, Daboh bypass & Bhander Bypass total length 20.60 km to 2-lane with paved shoulder from on Mihona-Bhander-MP/UP border section of NH 552E in the State of Madhya Pradesh on EPC mode",Madhya Pradesh,Bhind,Bhind & Malanpur Industrial Area,26.5653,78.7884,26.5653,78.7884,verified_city,verified_city,exact,city,high,True,True,VALIDATED,False,Matched infrastructure site keyword in Bhind
618068,"Construction of Kaithi-Padaria Kala bypass, Patna-Tamoli bypass, Jaso bypass and Nagod bypass total length 15.44 Km to 2-lane with paved shoulders flexible pavement on NH-943 in the State of Madhya Pradesh on EPC Mode.",Madhya Pradesh,Satna,Satna Cement Cluster & Smart City,24.58,80.83,24.580447,80.830061,verified_city,verified_city,exact,city,high,True,True,VALIDATED,True,Matched infrastructure site keyword in Satna
618085,Upgradation of Nasrullagani-Rehti-Budhni Scction to 2-lane with paved shoulder from Km 0150 to Km 50500 of NH-146B in the state of Madhya Pradesh on EPC mode.,Madhya Pradesh,Sehore,Budhni & Shahganj Industrial Corridor,23.2032,77.0844,23.2032,77.0844,verified_city,verified_city,exact,city,high,True,True,VALIDATED,False,Matched infrastructure site keyword in Sehore
618129,"Construction of Kasrawad bypass, Selani bypass, Khargone bypass & Bistan bypass Total length. 31.950 km Section of NH-347 C to Two lane with paved shoulder configuration in the State of Madhya Pradesh on EPC mode.",Madhya Pradesh,Khargone,Khargone (West Nimar) & Balwara Corridor,21.8239,75.6174,21.8239,75.6174,verified_city,verified_city,exact,city,high,True,True,VALIDATED,False,Matched infrastructure site keyword in Khargone
618156,"Construction of Morena bypass, Ambah bypass & Porsa bypass Totat length 27.16 km Section of NH-552 Ext. to TWo lane with paved shoulder configuration in the state of Madhya Pradesh on EPC mode",Madhya Pradesh,Morena,Morena Ambah Porsa Bypass Corridor,26.4948,77.994,26.4948,77.994,verified_city,verified_city,exact,city,high,True,True,VALIDATED,False,Matched infrastructure site keyword in Morena
618157,Construction of Ater realignment & Bhind bypass Total length. 21.50 km Section of NH-552Extn. to Two lane with paved shoulder configuration in the State of Madhya Pradesh on EPC mode.,Madhya Pradesh,Bhind,Bhind & Malanpur Industrial Area,26.5653,78.7884,26.565475,78.788863,verified_city,verified_city,exact,city,high,True,True,VALIDATED,True,Matched infrastructure site keyword in Bhind
618158,"Upgradation of Goras to Shyampur Road section of NH-552 Ext., from Design Chainge 48.400 to 111.800 Km Total length 63.40 km to two lane with paved shoulder configuration along with One time improvement of 8.91 km in the state of Madhya Pradesh on EPC mode",Madhya Pradesh,Jabalpur,Jabalpur Infrastructure Hub,23.1815,79.9864,23.181675,79.986851,verified_district,verified_district,approximate,district,medium,True,True,APPROXIMATE,True,Preserved validated district location
618170,Construction of Two lane with paved shoulder configuration of Shujalpur Bypass section of NH-752C from km 33100 Design to km. 42570 Design total design length 10.470 km in the State of Madhya Pradesh on EPC mode.,Madhya Pradesh,Shajapur,Shajapur & Shujalpur Rail Corridor,23.4267,76.2778,23.4267,76.2778,verified_city,verified_city,exact,city,high,True,True,VALIDATED,False,Matched infrastructure site keyword in Shajapur
618171,"Work of Upgradation of Jirapur-Pachore Road including Pachore, Jirapur, Chhapiheda & Khujner Bypasses from 0000 to 58790 Design Length 58.79 Km section of NH-752C to 2LPS in the State of Madhya Pradesh under EPC mode",Madhya Pradesh,Rajgarh,Biaora & Rajgarh Highway Junction,24.0064,76.7303,24.006575,76.730754,verified_city,verified_city,exact,city,high,True,True,VALIDATED,True,Matched infrastructure site keyword in Rajgarh
618619,Bypass on Western side of Gwalior City,Madhya Pradesh,Gwalior,Gwalior Airport New Terminal & Highway,26.2183,78.1828,26.2183,78.1828,verified_city,verified_city,exact,city,high,True,True,VALIDATED,False,Matched infrastructure site keyword in Gwalior
618620,"Additional works 2VUPs, MR-10 junction flyover and underpass in Six lane Indore- Dewas section of NH-52 in the state of Madhya Pradesh on EPC Mode",Madhya Pradesh,Indore,Indore Metro Rail Corridor & Pithampur,22.7196,75.8577,22.719425,75.857251,verified_city,verified_city,exact,city,high,True,True,VALIDATED,True,Matched infrastructure site keyword in Indore
618621,Indore - Edlabad Pkg-II [Tejajinagar to Balwara],Madhya Pradesh,Khargone,Khargone (West Nimar) & Balwara Corridor,21.8239,75.6174,21.824075,75.617846,verified_city,verified_city,exact,city,high,True,True,VALIDATED,True,Matched infrastructure site keyword in Khargone
618622,4L of Indore - Boregaon Pkg-III [Balwara to Dhangaon] from km. 42.260 to km. 82.660 of NH347BG & 753L,Madhya Pradesh,Khandwa,Khandwa & Dhangaon Rail/Road Corridor,21.8242,76.3508,21.824375,76.351246,verified_city,verified_city,exact,city,high,True,True,VALIDATED,True,Matched infrastructure site keyword in Khandwa
618623,4L Boregaon Buzurg to Shahpur Pkg I of Boregaon Buzurg to Muktainagar of NH 753L,Madhya Pradesh,Burhanpur,Burhanpur & Borgaon Highway Corridor,21.3144,76.2294,21.3144,76.2294,verified_city,verified_city,exact,city,high,True,True,VALIDATED,False,Matched infrastructure site keyword in Burhanpur
618625,Indore - Gujarat / MP Border from km. Km 9.500 to Km 171.000 of NH-59 in MP,Madhya Pradesh,Indore,Indore Metro Rail Corridor & Pithampur,22.7196,75.8577,22.719153,75.85764,verified_city,verified_city,exact,city,high,True,True,VALIDATED,True,Matched infrastructure site keyword in Indore
618654,4L Greenfield Rudhi to Deshgaon Pkg V of Betul-Khandwa/Deshgaon,Madhya Pradesh,Khandwa,Khandwa & Dhangaon Rail/Road Corridor,21.8242,76.3508,21.824647,76.35086,verified_city,verified_city,exact,city,high,True,True,VALIDATED,True,Matched infrastructure site keyword in Khandwa
618655,2L PS of Roshni to Ashapur Section of NH-347B from Design KM Ch. 89.900 to 114.000 KM Package III of Betul Khandwa,Madhya Pradesh,Khandwa,Khandwa & Dhangaon Rail/Road Corridor,21.8242,76.3508,21.824471,76.350413,verified_city,verified_city,exact,city,high,True,True,VALIDATED,True,Matched infrastructure site keyword in Khandwa
618661,4L from km 0.000 to 42.040 Bhopal Ratnaigiri Tiraha to Vidisha Morikodi,Madhya Pradesh,Vidisha,Vidisha & Kurwai Highway Node,23.5251,77.8081,23.5251,77.8081,verified_city,verified_city,exact,city,high,True,True,VALIDATED,False,Matched infrastructure site keyword in Vidisha
618662,4L Vidisha Gyaraspur section of NH-146 from Design Chainage km 59475 existing chainage km 81240 to Design Chainage km 88361 existing chainage km 110.315,Madhya Pradesh,Vidisha,Vidisha & Kurwai Highway Node,23.5251,77.8081,23.525275,77.808552,verified_city,verified_city,exact,city,high,True,True,VALIDATED,True,Matched infrastructure site keyword in Vidisha
618663,i 4L Vidisha to Hinotiya from km 0.000 to Km 27.000 Vidisha Mehulwa-Talbehat Pkg- I Section of NH- 346 and ii 4L Vidisha to Morikori from Km 39.000 to 59.476 section of NH-146,Madhya Pradesh,Vidisha,Vidisha & Kurwai Highway Node,23.5251,77.8081,23.525547,77.808161,verified_city,verified_city,exact,city,high,True,True,VALIDATED,True,Matched infrastructure site keyword in Vidisha
618664,Berkhedi to Godpehra on NH-44 Sagar link road,Madhya Pradesh,Bhopal,Bhopal Infrastructure Hub,23.2599,77.4126,23.259725,77.412149,verified_district,verified_district,approximate,district,medium,True,True,APPROXIMATE,True,Preserved validated district location
618665,4L of Sagar - Mohari from Km.8 to Km.50 Pkg-I,Madhya Pradesh,Balaghat,Expansion of Malanjkhand Copper Project,21.81,80.18,21.810271,80.179613,verified_district,verified_district,approximate,district,medium,True,True,APPROXIMATE,True,Preserved validated district location
618666,4- Laning of Mohari to Satai Ghat section NH-934 from Km 50300 to Km 89875 Total length 39.575 km Package-2 in the State of Madhya Pradesh on EPC Mode,Madhya Pradesh,Betul,Tawa-III & Betul Highway Node,21.9014,77.9022,21.9014,77.9022,verified_district,verified_district,approximate,district,medium,True,True,APPROXIMATE,False,Preserved validated district location
618667,4L of near Satai Ghat to Chowka section of NH-34 from D. Ch. 89.875 to D. Ch. 145.000 Package-3,Madhya Pradesh,Jabalpur,Jabalpur Infrastructure Hub,23.1815,79.9864,23.181947,79.98646,verified_district,verified_district,approximate,district,medium,True,True,APPROXIMATE,True,Preserved validated district location
618671,4-lanning of Rahatgarh to Berkhedi section of NH-146 from Design Ch 124470 to Ch. 134.549,Madhya Pradesh,Gwalior,Gwalior Infrastructure Hub,26.2183,78.1828,26.218475,78.183262,verified_district,verified_district,approximate,district,medium,True,True,APPROXIMATE,True,Preserved validated district location
618672,4-lanning of Gyaraspur to Rahatgarh section of NH-146 from Design Ch. 88361 to Ch 124470 in the state of MP on HAM mode,Madhya Pradesh,Vidisha,Vidisha & Kurwai Highway Node,23.5251,77.8081,23.525371,77.807708,verified_city,verified_city,exact,city,high,True,True,VALIDATED,True,Matched infrastructure site keyword in Vidisha
618684,Outer Ring Road of Jabalpur Town from Manegaon to NH-45 Pkg-2,Madhya Pradesh,Jabalpur,Jabalpur Ring Road & Defense Hub,23.1815,79.9864,23.181771,79.986009,verified_city,verified_city,exact,city,high,True,True,VALIDATED,True,Matched infrastructure site keyword in Jabalpur
618685,Outer Ring Road of Jabalpur Town from NH45 to Kushner Pkg-3,Madhya Pradesh,Jabalpur,Jabalpur Ring Road & Defense Hub,23.1815,79.9864,23.181325,79.985949,verified_city,verified_city,exact,city,high,True,True,VALIDATED,True,Matched infrastructure site keyword in Jabalpur
618686,Outer Ring Road of Jabalpur Town from Kushner to Amjhar Road including Airport Connectivity Pkg-IV,Madhya Pradesh,Jabalpur,Jabalpur Ring Road & Defense Hub,23.1815,79.9864,23.181053,79.98634,verified_city,verified_city,exact,facility,high,True,True,VALIDATED,True,Matched infrastructure site keyword in Jabalpur
618687,Outer Ring Road of Jabalpur Town from Barela to Manegaon Pkg-1,Madhya Pradesh,Jabalpur,Jabalpur Ring Road & Defense Hub,23.1815,79.9864,23.181229,79.986791,verified_city,verified_city,exact,city,high,True,True,VALIDATED,True,Matched infrastructure site keyword in Jabalpur
618688,Outer Ring Road of Jabalpur Town from Amjhar Road including Airport Connectivity to barela Pkg-V,Madhya Pradesh,Jabalpur,Jabalpur Ring Road & Defense Hub,23.1815,79.9864,23.182146,79.987082,verified_city,verified_city,exact,facility,high,True,True,VALIDATED,True,Matched infrastructure site keyword in Jabalpur
618694,Indore - Harda Pkg-I [Indore to Raghav Garh from km. 0.25 to km. 26.903],Madhya Pradesh,Indore,Indore Metro Rail Corridor & Pithampur,22.7196,75.8577,22.719329,75.858089,verified_city,verified_city,exact,city,high,True,True,VALIDATED,True,Matched infrastructure site keyword in Indore
618695,Indore - Harda Pkg-III [Nanasa to Pidgaon Section from km 95.000 to km 142.445],Madhya Pradesh,Harda,Harda & Pidgaon Highway Corridor,22.3444,77.0964,22.3444,77.0964,verified_city,verified_city,exact,city,high,True,True,VALIDATED,False,Matched infrastructure site keyword in Harda
618701,Balance work of 4L of Nauradehi Sanctuary de-scoped stretch of Hiran River to Sindoor River from Km. 66.00 to 130.00 NH-12 New NH-45,Madhya Pradesh,Umaria,Jhiria West & Gandhigram Mining Node,22.7196,75.8577,23.526047,80.835361,verified_district,verified_district,approximate,district,medium,True,True,APPROXIMATE,True,Authoritative district resolution (Umaria)
618735,4L of Chandesara to Khedakhajuriya from Km. 0.000 to - 750 & Km 0.000 to km 41.400 of NH-148NG Pkg-I,Madhya Pradesh,Bhopal,Bhopal Metro Rail Project Phase-1,23.2599,77.4126,23.259453,77.41254,verified_district,verified_district,approximate,district,medium,True,True,APPROXIMATE,True,Preserved validated district location
618751,2L PS of Hinotiya-Mehulwa section of NH-346 from Km. 27.000 to Km 75.700 Vidisha Mehulwa-Talbehat Pkg-II Section of NH- 346,Madhya Pradesh,Vidisha,Vidisha & Kurwai Highway Node,23.5251,77.8081,23.524925,77.807648,verified_city,verified_city,exact,city,high,True,True,VALIDATED,True,Matched infrastructure site keyword in Vidisha
618762,Itarsi Km. 63.000 to Betul Km. 137.000 of NH-69 in Madhya Pradesh,Madhya Pradesh,Betul,Tawa-III & Betul Highway Node,21.9014,77.9022,21.901575,77.902647,verified_city,verified_city,exact,city,high,True,True,VALIDATED,True,Matched infrastructure site keyword in Betul
618784,Balance works of 4 lane divided carriageway of Missing Link section of NH-39 Rewa Bypass from junction with NH 30 near Bela to Junction with MPRDC ring road near Silpara on SH 9 design length 13.100 km on EPC Mode under Bharatmala Pariyojana in the State of Madhya Pradesh,Madhya Pradesh,Rewa,Rewa Ultra Mega Solar Park & Airport,24.5362,81.3037,24.536375,81.304156,verified_city,verified_city,exact,city,high,True,True,VALIDATED,True,Matched infrastructure site keyword in Rewa
618932,Construction of 6 lane Indore western bypass from km 0000 to Km 34000 Pkg -l in the State of Madhya Pradesh on Hybrid Annuity Mode under NHO,Madhya Pradesh,Indore,Indore Metro Rail Corridor & Pithampur,22.7196,75.8577,22.720246,75.85838,verified_city,verified_city,exact,city,high,True,True,VALIDATED,True,Matched infrastructure site keyword in Indore
618933,Construction of 6 lane Indore western bypass from km 34000 to Km 64000 Pkg-II in the state of Madhya Pradesh on Hybrid Annuity Mode under NHO,Madhya Pradesh,Indore,Indore Metro Rail Corridor & Pithampur,22.7196,75.8577,22.720466,75.857434,verified_city,verified_city,exact,city,high,True,True,VALIDATED,True,Matched infrastructure site keyword in Indore
618962,4L of Budhni to Shahganj Bypass End Package-III of NH-146B from Km. 73.750 to Km. 102.000,Madhya Pradesh,Sehore,Budhni & Shahganj Industrial Corridor,23.2032,77.0844,23.203375,77.084851,verified_city,verified_city,exact,city,high,True,True,VALIDATED,True,Matched infrastructure site keyword in Sehore
618963,Construction work of 4-laning of Shahganj bypass end to Badi Package-IV of NH-146B from design km 102.000 to design km 142.357 Design length 40.357 km,Madhya Pradesh,Raisen,Mandideep & Badi Industrial Corridor,23.3303,77.7816,23.330475,77.782051,verified_city,verified_city,exact,city,high,True,True,VALIDATED,True,Matched infrastructure site keyword in Raisen
618964,4 Laning of Sandalpur to Nasrullaganj Pkg-1 section of NH-146B Length 43.2 Km.,Madhya Pradesh,Sehore,Budhni & Shahganj Industrial Corridor,23.2032,77.0844,23.203647,77.08446,verified_city,verified_city,exact,city,high,True,True,VALIDATED,True,Matched infrastructure site keyword in Sehore
618966,Six laning with both sides Service Road of Ayodhya Bypass from Design Km 0000 near Ashram Tiraha on NH-46 to Km 16439 end at Ratnagiri Tiraha on Nh-146,Madhya Pradesh,Gwalior,Gwalior Infrastructure Hub,26.2183,78.1828,26.218747,78.182862,verified_district,verified_district,approximate,district,medium,True,True,APPROXIMATE,True,Preserved validated district location
619007,Upgradation of Sarvardewla to Pal MP/MH Border Road section of NH-347 C from Design Chainge km 81.600 to 137.400 Total length 55.80 km to two lane with paved shoulder configuration along with One time improvement of 1 .95 km in the State of Madhya Pradesh on EPC mode.,Madhya Pradesh,Bhopal,Bhopal Infrastructure Hub,23.2599,77.4126,23.259629,77.412991,verified_district,verified_district,approximate,district,medium,True,True,APPROXIMATE,True,Preserved validated district location
619100,Dhangaon - Borgaon section km 81.000 to km 139.000 [Indore - Edlabad Pkg IV],Madhya Pradesh,Indore,Indore Metro Rail Corridor & Pithampur,22.7196,75.8577,22.71982,75.856754,verified_city,verified_city,exact,city,high,True,True,VALIDATED,True,Matched infrastructure site keyword in Indore
619114,Indore - Harda Pkg-II [Raghavgarh to Nanasa from km. 29.30 to km. 92.30],Madhya Pradesh,Dewas,Dewas Industrial Area & Highway,22.9676,76.0534,22.9676,76.0534,verified_city,verified_city,exact,city,high,True,True,VALIDATED,False,Matched infrastructure site keyword in Dewas
617912,Construction of 6 lane flyover from Khapari ROB to Mihan Interchange design chainage km 8760 to 11450 L- 2.69 km and upgradation of existing 4L PS road to 6LPS with service road by flexible pavement design chainage km 11450 to 14500 L- 3.05 [total project length 5.74 km] in section of Nagpur - Hyderabad NH-44 Old NH-7 in Nagpur district in the state of Maharashtra on HAM mode.,Maharashtra,Nagpur,Saoner & Makardhokra Coal & MIHAN SEZ,21.1458,79.0882,21.14558,79.089136,verified_city,verified_city,exact,city,high,True,True,VALIDATED,True,Matched infrastructure site keyword in Nagpur
617917,"Construction of 4 Lane Flyover at Nagpur RTO Chowk To Nagpur University Campus from Ch 2/250 to 5/100 and 4 lane flyover at wadi/midc junction from km 8/360 to km, 10/300 on NH 53 in state of Maharashtra.",Maharashtra,Nagpur,Saoner & Makardhokra Coal & MIHAN SEZ,21.1458,79.0882,21.147058,79.088724,verified_city,verified_city,exact,city,high,True,True,VALIDATED,True,Matched infrastructure site keyword in Nagpur
617932,Construction of New Four Lane Bypass to Parbhani City Parwa to Asola Km 463/265 to Km 481/180 Design Ch. 19220 to Ch. 34434 Length-15.214 Km section of NH-61 on EPC mode in the State of Maharashtra.,Maharashtra,Parbhani,Parbhani City Four Lane Bypass,19.2611,76.7767,19.2611,76.7767,verified_city,verified_city,exact,city,high,True,True,VALIDATED,False,Matched infrastructure site keyword in Parbhani
617933,Up-gradation to four lane/ Two lane with paved shoulders configuration of Kalyan - Murbad - Malshej Ghat - Nirmal Road NH- 61 km 15/200 to Km 38/00 and from Km. 58/00 to Km 84/00 Design length 48.58 km of NH-61 on EPC Mode in Thane District in the state of Maharashtra,Maharashtra,Thane,Kalyan-Bhiwandi Logistics Hub,19.2183,72.9781,19.218029,72.97848,verified_city,verified_city,exact,city,high,True,True,VALIDATED,True,Matched infrastructure site keyword in Thane
617934,Nasratpur to Barasgaon section of NH-61 2L / 4L PS from Km.514/00 to 558/200,Maharashtra,Nanded,Nanded Express Corridor,19.1383,77.321,19.138475,77.321439,verified_district,verified_district,approximate,district,medium,True,True,APPROXIMATE,True,Preserved validated district location
617937,Udgir Raavi Degloor Aadampur phata to Sagroli fata,Maharashtra,Nanded,Nanded Express Corridor,19.1383,77.321,19.138747,77.321059,verified_city,verified_city,exact,facility,high,True,True,VALIDATED,True,Matched infrastructure site keyword in Nanded
617938,Rehabilitation And Upgradation to four lane with paved shoulder configuration from km 24350 to km 61875 Jawale - Borgaon Kale of NH-63 in the State of Maharashtra on EPC mode under Annual Plan 2024-25 Total length - 37.525 Km.,Maharashtra,Bhandara,"Gosikhurd Dam, Wainganga River, Pauni",20.8732,79.6468,20.873375,79.647244,verified_district,verified_district,approximate,district,medium,True,True,APPROXIMATE,True,Preserved validated district location
617944,Kashedi ghat tunnel NH-66 [Bhogaon Khurd - Kashedi section] 4 lanes under NHDP on EPC mode,Maharashtra,Ratnagiri,"Kashedi Ghat Twin-Tube Tunnel, NH-66, Poladpur-Khed",18.9388,72.8354,17.925,73.475,verified_district,verified_facility,exact,project_site,high,True,True,VALIDATED,True,"Known verified facility (Kashedi Ghat Twin-Tube Tunnel, NH-66, Poladpur-Khed)"
617945,Balance work of NH-66 from design Km 84/00 to Km 87/100 Indapur Bypass and Km 91/600 to Km 99/100 Mangaon Bypass to four lane with paved shoulder in State of Maharashtra under NHO on EPC Mode.,Maharashtra,Raigad,NH-66 Mangaon-Indapur Bypass Section,19.2307,72.8567,18.25,73.28,verified_facility,verified_facility,exact,project_site,high,True,True,VALIDATED,True,Known verified facility (NH-66 Mangaon-Indapur Bypass Section)
617946,Kashedi to Parshuram Ghat section of NH-66 from Km 161/600 - Km 205/400 - 4L PS,Maharashtra,Ratnagiri,Ratnagiri Port & NH-66 Coastal Highway,18.5204,73.8567,16.9902,73.312,verified_district,verified_city,exact,city,high,True,True,VALIDATED,True,Matched infrastructure site keyword in Ratnagiri
617947,Arawali Kante section of NH-17New NH-66 4L PS from Km.241/300 to 281/300,Maharashtra,Ratnagiri,"NH-66 Arawali - Kante Section, Ratnagiri",21.1458,79.0882,17.35,73.55,verified_district,verified_facility,exact,project_site,high,True,True,VALIDATED,True,"Known verified facility (NH-66 Arawali - Kante Section, Ratnagiri)"
617948,Kante - Wakad section of NH-66 4L PS from Km.281/300 to 332/200,Maharashtra,Thane,Kalyan-Bhiwandi Logistics Hub,19.2183,72.9781,19.218946,72.978764,verified_district,verified_district,approximate,district,medium,True,True,APPROXIMATE,True,Preserved validated district location
617965,Kopargaon to Savali Vihir section,Maharashtra,Raigad,Navi Mumbai International Airport (NMIAL),18.99,73.07,18.990447,73.070059,verified_district,verified_district,approximate,district,medium,True,True,APPROXIMATE,True,Preserved validated district location
617978,"Rehabilitation, upgradation & widening of existing highway to 2L/4LPS Rigid Pavement of NH 160 section- Phaltan to Mhaishal near Karnataka Border including Tasgaon Bypass, from existing chainage Km 301/430 to Km 458/415 in the State of Maharashtra- Package-II & Package III combined- starting from existing chainage Km 341/300 to Km 394/130 and design chainage Km 340/250 at Dahiwadi Village to Km 392/950 ending at Vita Village in the State of Maharashtra on EPC Mode.",Maharashtra,Satara,Helwak-Patan-Karad Corridor,17.6805,74.0183,17.6805,74.0183,verified_city,verified_city,exact,city,high,True,True,VALIDATED,False,Matched infrastructure site keyword in Satara
617979,"Rehabilitation, upgradation & widening of existing highway to 2L/4LPS Rigid Pavement of NH 160 section- Phaltan to Mhaisal near Karnataka Border including Tasgaon Bypass, from existing chainage Km 301/430 to Km 458/415 in the State of Maharashtra. Package-I starting from existing chainage Km 301/430 at Phaltan Village Junction of Phaltan Baramati Road Design Chainage -301/430km & ending at existing chainage Km 341/300 Dahiwadi Village Bus Stop Design chainage Km 340466km in the S",Maharashtra,Satara,Helwak-Patan-Karad Corridor,17.6805,74.0183,17.680675,74.018735,verified_city,verified_city,exact,city,high,True,True,VALIDATED,True,Matched infrastructure site keyword in Satara
618042,"Rehabilitation/ Upgradation of existing Highway to four lane standards in Kurkheda town from km.413257 to km 410775, Two lane in Shankarpur Gurnuli km 42400 to km 43100 section and Reconstruction of Major Bridge at Ch. 448558 Bhuti Nallah and Ch. 411695 Sati River bridge, Minor Bridge at Ch. 411477 and Ch. 405800 Lendhari Bridge of NH 543 Bhamhapuri-wadsa-kurkheda-korchi-Deori-Amgaon road on EPC mode in the State of Maharashtra",Maharashtra,Gadchiroli,Surjagarh Iron Ore Mining & Corridor,20.1844,80.0028,20.184575,80.003242,verified_city,verified_city,exact,city,high,True,True,VALIDATED,True,Matched infrastructure site keyword in Gadchiroli
618046,Rehabilitation & Up-gradation of Sabalkhed to Ashti Section from Km 37900 to Km 55100 & Chinchpur to Jamkhed Section from km 70000 to km 72922 of NH-561 to Two lane with Paved shoulder/ Four lane configuration in the State of Maharashtra on EPC Mode Length20.122km.,Maharashtra,Beed,Parli Vaijanath & Beed Rail Corridor,18.9897,75.76,18.990147,75.760059,verified_city,verified_city,exact,city,high,True,True,VALIDATED,True,Matched infrastructure site keyword in Beed
618047,"Widening, Reconstruction & Up-gradation to 2 lane with Paved Shoulder/Four Lane configuration for the work of Ahmednagar to Sabalkhed & Ashti to Chinchpur Section of NH-561 from Design km 2915 to km 37728 & Design km 55100 to km 70000 in the State of Maharashtra on EPC mode. Length 49.713 km",Maharashtra,Beed,Parli Vaijanath & Beed Rail Corridor,18.9897,75.76,18.989971,75.75962,verified_city,verified_city,exact,city,high,True,True,VALIDATED,True,Matched infrastructure site keyword in Beed
618049,Up-gradation to 2/4 lane with paved shoulder configuration of NH-652 from Tuljapur Naldurg-Akkalkot road Chainage from Km. 00.000 to km 30.982 in the State of Maharashtra on EPC mode.,Maharashtra,Solapur,Solapur NTPC & Highway,17.6599,75.9064,17.660075,75.906835,verified_city,verified_city,exact,city,high,True,True,VALIDATED,True,Matched infrastructure site keyword in Solapur
618059,Construction of four-lane Concrete Road from Police Headquarter Gondia City to Rawanwadi Village Birsi Airport Junction from design km 0.000 to km 15.781 existing km 39/720 of NH-753 to existing Km 8/400 of NH 543 on sections from Kohmara- Goregaon- Police HeadquarterKaranja - Collector Office Square - Balaghat T Point- Rawanwadi- Rajegaon of NH-753 and NH-543 in Gondia District in the state of Maharashtra. Total Length of the project 15.781 Km.,Maharashtra,Gondia,Gondia Tiroda Thermal,21.4624,80.221,21.462575,80.221445,verified_city,verified_city,exact,facility,high,True,True,VALIDATED,True,Matched infrastructure site keyword in Gondia
618061,"Strengthening, Widening & Up-gradation of newly declared NH-761 from NH- 61Junction-BelheAlkutiDevibhoyareNighojShirur, from Design chainage Km 0.000 to Km 37.970 from Single/Intermediate/2L to 2LPS in the State of Maharashtra on EPC Mode Length 37.970 Km",Maharashtra,Solapur,Solapur NTPC & Highway,17.6599,75.9064,17.660347,75.906458,verified_district,verified_district,approximate,district,medium,True,True,APPROXIMATE,True,Preserved validated district location
618065,"Rehabilitation/Upgradation of existing Highway to 2LPS/4 lane of Dhawali to Rajoli from Design Km.149476 to 163476 existing Km.150000 to 164000, Pandhasala to Mohadongri from design Km.170476 to 181476 existing Km.171000 to 182000, Ambeshivni Fata to Bodli from design Km.183476 to 185476 existing Km.184000 to 186000 and Made Tukum to Gadchiroli from design Km.188476 to 189476 existing Km.188000 to 18900 having length 28 km of NH-930 of Dhawali to Gadchroli road in the",Maharashtra,Gadchiroli,Surjagarh Iron Ore Mining & Corridor,20.1844,80.0028,20.184847,80.002859,verified_city,verified_city,exact,city,high,True,True,VALIDATED,True,Matched infrastructure site keyword in Gadchiroli
618088,Nandurshingote to Kolhar,Maharashtra,Jalgaon,Jalgaon Bhusawal Hub,21.0077,75.5626,21.007875,75.563044,verified_district,verified_district,approximate,district,medium,True,True,APPROXIMATE,True,Preserved validated district location
618089,Rehabilitation & Up-gradation of Mudkhed to Nanded section from Km. 372000 to Km 388400 of NH 161A i.e. Nanded-Bhokar-Himayatnagar-Kinwat-Mahur-Arani Road Design chainage from Km 372000 Mudkhed to Km 387650 Nanded of NH 161A Length 15.65 Km to 2/4Lane with paved shoulders configuration in the State of Maharashtra on EPC mode.,Maharashtra,Nanded,Nanded Express Corridor,19.1383,77.321,19.138571,77.32062,verified_city,verified_city,exact,city,high,True,True,VALIDATED,True,Matched infrastructure site keyword in Nanded
618090,Sarsam - Kothari of NH-161A - 2L PS from Km.33/00 to 90/00,Maharashtra,Yavatmal,Yavatmal WCL Mining Corridor,20.3888,78.1204,20.388625,78.119958,verified_district,verified_district,approximate,district,medium,True,True,APPROXIMATE,True,Preserved validated district location
618094,Pen to Khopoli 2LPS,Maharashtra,Raigad,Navi Mumbai International Airport & JNPT,18.99,73.07,18.516446,73.182861,verified_city,verified_city,exact,city,high,True,True,VALIDATED,True,Matched infrastructure site keyword in Raigad
618096,Rehabilitation and Up-gradation to 2 lane road with paved shoulders configuration for the balance work of 13 km length on Helwak-Patan-Karad section Km. 85000 to 133 417 of NH-166E in the state of Maharashtra on EPC mode.,Maharashtra,Satara,Helwak-Patan-Karad Corridor,17.6805,74.0183,17.680947,74.018358,verified_city,verified_city,exact,city,high,True,True,VALIDATED,True,Matched infrastructure site keyword in Satara
618097,Guhagar - Rampur - 2L-PS - km 0/00 Guhagar to 26/230 Rampur and 40/00 Mirjoli to 53/600 Sati on NH-166E,Maharashtra,Ratnagiri,Ratnagiri Port & NH-66 Coastal Highway,21.4624,80.221,16.990375,73.312433,verified_district,verified_city,exact,city,high,True,True,VALIDATED,True,Matched infrastructure site keyword in Ratnagiri
618098,"Upgradation of exhisting 2 lane flexible pavement to 2 lane paved shoulders rigid pavement from design chainage Km 66.00 to Design Km 82.440 Start of Kolhapur Municipal corporation near Phulewadi to kale, design length 16.440 Km section on Talere Gaganbawada-Kolhapur road NH 166G in the state of Maharashtra on EPC mode",Maharashtra,Kolhapur,Kolhapur Textile & Auto Node,16.705,74.2433,16.705,74.2433,verified_city,verified_city,exact,city,high,True,True,VALIDATED,False,Matched infrastructure site keyword in Kolhapur
618099,"Rehabilitation & up-gradation for Talere Gaganbawada - kolhapur Road NH 166G stretch start from km. 0/00 to Km. 06/00 and km. 13/00 to km 19/440 of NH-166G, length 12.440 km in the State of Maharashtra.",Maharashtra,Kolhapur,Kolhapur Textile & Auto Node,16.705,74.2433,16.705175,74.243733,verified_city,verified_city,exact,city,high,True,True,VALIDATED,True,Matched infrastructure site keyword in Kolhapur
618133,Strengthening and Widening of road Sakoli- Wadsa-Armori-Gadchiroli-Ashti- Allapalli - Sironcha National highway NH 353C in Km 262/00 to 321/00 including 16 minor Bridges and 2 Major Bridge Total length 59 Km section from repanpalli to sironcha in Gadchiroli Dist in the State of Maharashtra.,Maharashtra,Gadchiroli,Surjagarh Iron Ore Mining & Corridor,20.1844,80.0028,20.184671,80.002418,verified_city,verified_city,exact,city,high,True,True,VALIDATED,True,Matched infrastructure site keyword in Gadchiroli
618134,Rehabilitation /Upgradation from Lagam to Alapalli section Desing Km. 199/400 to km 227/400 Length 28.0 Km to 2 lane with Paved Shoulders/ 4 lane configuration section of NH-353 C Sakoli-Wadsa-Armori-Gadchiroli-Ashti-Alapalli Sironcha in Gadchiroli District on EPC mode in the state of Maharashtra.,Maharashtra,Gadchiroli,Surjagarh Iron Ore Mining & Corridor,20.1844,80.0028,20.184225,80.002358,verified_city,verified_city,exact,city,high,True,True,VALIDATED,True,Matched infrastructure site keyword in Gadchiroli
618136,Upgradatiobn and Rehabilitation of Section of NH 361 F from Parli 00/000 to Gangakhed 30/400 to Two Lanes with paved shoulder / Four lane configurations on EPC mode in the State of Maharashtra.,Maharashtra,Beed,Parli Vaijanath & Beed Rail Corridor,18.9897,75.76,18.989525,75.759562,verified_city,verified_city,exact,city,high,True,True,VALIDATED,True,Matched infrastructure site keyword in Beed
618137,Rehabilitation and Up-gradation of Jarud - Sirsala section of NH-361F km 59500 to km11500 to Two lane with paved shoulder/ Four Lane in the state of Maharashtra on EPC mode Length 55.5 Km.,Maharashtra,Nanded,Nanded Express Corridor,19.1383,77.321,19.138125,77.320561,verified_district,verified_district,approximate,district,medium,True,True,APPROXIMATE,True,Preserved validated district location
618138,"Widening, Reconstruction & Up-gradation to 2 lane with Paved Shoulder/Four Lane configuration for the work of Sautada to Shirapur Section of NH-561 from Design km 86300 to km 125589 in the state of Maharashtra on EPC mode. Design length 39.289 km",Maharashtra,Bhandara,"Gosikhurd Dam, Wainganga River, Pauni",20.8732,79.6468,20.873647,79.646859,verified_district,verified_district,approximate,district,medium,True,True,APPROXIMATE,True,Preserved validated district location
618139,Rehabilitation and Up-gradation of Gangakhed Loha section of NH-361F from Km 169/00 to 210/00 to two lane with paved shoulder/ four lane configuration in the state of Maharashtra on EPC mode Length - 41.00 Km.,Maharashtra,Parbhani,Parbhani City Four Lane Bypass,19.2611,76.7767,19.261275,76.777139,verified_city,verified_city,exact,city,high,True,True,VALIDATED,True,Matched infrastructure site keyword in Parbhani
618150,Rehabilitation and Up-gradation of i. Deogaon phata to Digras phata Ch. 0/000 to 15/000 & Selu to Borgavhan Ch 20/900 to 35/800 [Length 29.9km] ii. Injegaon Dhamoni to Pohner Phata Ch.58/200 to Ch. 83/700 [Length25.5 km] and iii. Pohner phata to Pathri Design Ch. 42/700 to 58/200 [Length 15.5 km] sections of NH-548B to Two lane with paved shoulder configuartion in the state of Maharashtra on EPC mode Total project length 70.9 Km.,Maharashtra,Yavatmal,Yavatmal WCL Mining Corridor,20.3888,78.1204,20.388353,78.120341,verified_city,verified_city,exact,city,high,True,True,VALIDATED,True,Matched infrastructure site keyword in Yavatmal
618152,Mhaswad to Tembhurni section of NH-548C - 2L PS,Maharashtra,Raigad,Navi Mumbai International Airport & JNPT,18.5204,73.8567,18.516666,73.181941,verified_district,verified_district,approximate,district,medium,True,True,APPROXIMATE,True,Authoritative district resolution (Raigad)
618153,Satara to Mhaswad,Maharashtra,Satara,Helwak-Patan-Karad Corridor,17.6805,74.0183,17.680771,74.017923,verified_city,verified_city,exact,city,high,True,True,VALIDATED,True,Matched infrastructure site keyword in Satara
618154,"Rehabilitation & upgradation of Jamkhed to Sautada Section of NH548 D from km 195.375 to km 208.774, Length 13.399 Km to 2L PS /4L configuration with rigid pavement in the state of Maharashtra on EPC mode.",Maharashtra,Beed,"NH-548D Jamkhed to Sautada Section, Beed",21.1458,79.0882,18.89,75.35,verified_district,verified_facility,exact,project_site,high,True,True,VALIDATED,True,"Known verified facility (NH-548D Jamkhed to Sautada Section, Beed)"
618155,Development/Widening of Talegaon Chakan Shikrapur Nhavara Section of NH-548D from existing chainage km. 54/000 to 82/300 and Design chainage Km. 54/000 to 82/120 Shikrapur to Nhavara Section to 2LPS/4L Configuration on EPC Mode in the State of Maharashtra.,Maharashtra,Pune,Hinjawadi IT & Ring Road,18.5204,73.8567,18.521046,73.857361,verified_city,verified_city,exact,city,high,True,True,VALIDATED,True,Matched infrastructure site keyword in Pune
618172,Paithan - Shirur section 2LPS Km 0.0 to 55.00,Maharashtra,Thane,Kalyan-Bhiwandi Logistics Hub,19.2183,72.9781,19.219166,72.97784,verified_district,verified_district,approximate,district,medium,True,True,APPROXIMATE,True,Preserved validated district location
618173,Shirur-Kharda section from 55937 km to 114486 km to 2LPS/4L,Maharashtra,Raigad,Navi Mumbai International Airport (NMIAL),18.99,73.07,18.990271,73.06962,verified_district,verified_district,approximate,district,medium,True,True,APPROXIMATE,True,Preserved validated district location
618174,Rehabilitation and Upgradation to two lane with paved shoulder configuration of NH- 752G from Sakri to Pimpalner Section Design Ch km 0000 to Ch km 21411 in the state of Maharashtra on EPC Mode. Length 21.411 km.,Maharashtra,Dhule,Dhule-Nardana DMIC Corridor,20.9042,74.7749,20.904647,74.774959,verified_city,verified_city,exact,city,high,True,True,VALIDATED,True,Matched infrastructure site keyword in Dhule
618175,Rehabilitation and Upgradation of Satana to Mangrul Chandwad Section of NH752 G Design Ch Km 64.000 to Ch Km 101.140 two lane with paved shoulder/four lane configuration in the state of Maharashtra on EPC mode.,Maharashtra,Chhatrapati Sambhajinagar,Shendra-Bidkin DMIC Node,19.8762,75.3433,19.876471,75.342918,verified_district,verified_district,approximate,district,medium,True,True,APPROXIMATE,True,Preserved validated district location
618176,Rehabilitation and upgradation from ch km 50/200 to 56/800 and km 62/600 to 100/403 of Kolde to Visarwadi Near Junction with NH-6 section of NH 752G total length 44.40 to two-lane with paved shoulder / four lanes in the State of Maharashtra on EPC mode.,Maharashtra,Solapur,Solapur NTPC & Highway,17.6599,75.9064,17.660171,75.906023,verified_district,verified_district,approximate,district,medium,True,True,APPROXIMATE,True,Preserved validated district location
618177,Pal Phata Phulambri - Khultabad 2LPS,Maharashtra,Satara,Helwak-Patan-Karad Corridor,17.6805,74.0183,17.680325,74.017865,verified_district,verified_district,approximate,district,medium,True,True,APPROXIMATE,True,Preserved validated district location
618178,Widening and strengthening of Gangakhed to Kingaon section of NH-752K in Km 38/750 to 72/304 Flexible Pavement Length33.554 km to 2-lane configuration on EPC mode in the State of Maharashtra.,Maharashtra,Parbhani,Parbhani City Four Lane Bypass,19.2611,76.7767,19.261547,76.776759,verified_city,verified_city,exact,city,high,True,True,VALIDATED,True,Matched infrastructure site keyword in Parbhani
618179,Rehabilitation and Upgradation of Shewali phata to Kalambhir section i.e. Km 0443 to Km 4500 & Nizampur to Chadwel section i.e. Km 13485 to Km 26265 Length16.317 Km excluding 2 Major Bridges with approaches Km 13735 to Km 14095 & Km 19660 to Km 20030 of NH 753B to 2LPS Configuration in the State of Maharashtra on EPC Mode.,Maharashtra,Satara,Helwak-Patan-Karad Corridor,17.6805,74.0183,17.680053,74.018242,verified_district,verified_district,approximate,district,medium,True,True,APPROXIMATE,True,Preserved validated district location
618180,Pune raigarh District Border To Mangaon Ch 69000 to 103775 NH-753F,Maharashtra,Raigad,Navi Mumbai International Airport & JNPT,18.5204,73.8567,18.51602,73.18128,verified_city,verified_city,exact,city,high,True,True,VALIDATED,True,Matched infrastructure site keyword in Raigad
618181,Rehabilitation / Upgradation to 4 Lane with Paved shoulder of Existing Section in Sillod Town with Design Ch. Km54500 to Km 60679 [Length6.179 km] section of NH 753F Aurangabad-Jalgaon road on EPC Mode in the State of Maharashtra,Maharashtra,Chhatrapati Sambhajinagar,Shendra-Bidkin DMIC Node,19.8762,75.3433,19.876025,75.342859,verified_city,verified_city,exact,city,high,True,True,VALIDATED,True,Matched infrastructure site keyword in Chhatrapati Sambhajinagar
618188,Rehabilitation and Up-gradation to 2 lane with paved shoulder configuration of Mahud Sangola road NH 965 G 159400 to 161900and 162400 to 183960 Design Chainage from km. 32/300 to km. 34/800 and km. 35/800 to km. 56/860 Rigid Pavement on EPC mode in the State of Maharashtra.,Maharashtra,Solapur,Solapur NTPC & Highway,17.6599,75.9064,17.659725,75.905965,verified_city,verified_city,exact,city,high,True,True,VALIDATED,True,Matched infrastructure site keyword in Solapur
618198,Balance work of Rehabilitation and Up-gradation to 2-lane road with paved shoulders configuration for NH- 965DD from Pacharal-Mandangad-Mhapral-Rajewadi Upto Junction of NH-66 Ch-22700 to 75100 Km and Ambadave connector Birth place of Dr. Babasaheb Ambedkar Ch-0000 to 7325 Km length Km 59.725 in the state of Maharashtra on EPC mode. Balance Work,Maharashtra,Nashik,Ambad & Sinnar Industrial SEZ,19.9975,73.7898,19.997675,73.790241,verified_city,verified_city,exact,city,high,True,True,VALIDATED,True,Preserved validated district location
618199,"Rehabilitation, Upgradation & Widening of existing Highway to Rigid Pavement 2 Lane with Paved Shoulder of NH 965DD from Lonand Shirval-Bhor Mandangad-Pchral Section ShindewadiPhata to Varandah Ghat Dist Border from Km 33/550 to 92/550 in the state of Maharashtra on EPC mode.",Maharashtra,Jalgaon,Jalgaon Bhusawal Hub,21.0077,75.5626,21.008147,75.562659,verified_district,verified_district,approximate,district,medium,True,True,APPROXIMATE,True,Preserved validated district location
618468,Vadodara Mumbai Expressway Phase II - Pkg XI [Km. 77.000 to Km. 103.400] Ganjad - Talsari,Maharashtra,Palghar,Palghar & Talasari Expressway Corridor,19.6967,72.7699,19.696875,72.77034,verified_city,verified_city,exact,city,high,True,True,VALIDATED,True,Matched infrastructure site keyword in Palghar
618469,Vadodara Mumbai Expressway Phase II - Pkg XIII [Km. 26.582 to Km. 50.700] Shirsad - Masvan,Maharashtra,Palghar,"Vadodara-Mumbai Expressway Pkg-13, Shirsad - Masvan",18.9388,72.8354,19.61,72.84,verified_city,verified_facility,exact,project_site,high,True,True,VALIDATED,True,"Known verified facility (Vadodara-Mumbai Expressway Pkg-13, Shirsad - Masvan)"
618470,Vadodara Mumbai Expressway Phase II - Pkg XIV [Km. 3.000 to Km. 20.200 of Spur] Shirsad - Akloli,Maharashtra,Thane,"Vadodara-Mumbai Expressway Spur Pkg-14, Shirsad - Akloli",18.9388,72.8354,19.49,73.04,verified_city,verified_facility,exact,project_site,high,True,True,VALIDATED,True,"Known verified facility (Vadodara-Mumbai Expressway Spur Pkg-14, Shirsad - Akloli)"
618471,Vadodara Mumbai Expressway Phase II - Pkg XV [Km. 20.200 to Km. 43.000 of Spur] Akloli - Amne,Maharashtra,Thane,"Vadodara-Mumbai Expressway Spur Pkg-15, Akloli - Amne",18.9388,72.8354,19.34,73.12,verified_city,verified_facility,exact,project_site,high,True,True,VALIDATED,True,"Known verified facility (Vadodara-Mumbai Expressway Spur Pkg-15, Akloli - Amne)"
618472,Vadodara Mumbai Expressway Phase II - Pkg XVI [Km. 43.000 to Km. 69.800 of Spur] Amne - Bhoj,Maharashtra,Thane,"Vadodara-Mumbai Expressway Spur Pkg-16, Amne - Bhoj",18.9388,72.8354,19.12,73.22,verified_city,verified_facility,exact,project_site,high,True,True,VALIDATED,True,"Known verified facility (Vadodara-Mumbai Expressway Spur Pkg-16, Amne - Bhoj)"
618473,Vadodara Mumbai Expressway Phase II - Pkg XVII [Km. 69.800 to Km. 79.783 of Spur] Bhoj - Morbe,Maharashtra,Raigad,"Vadodara-Mumbai Expressway Spur Pkg-17, Bhoj - Morbe",18.9388,72.8354,18.92,73.19,verified_city,verified_facility,exact,project_site,high,True,True,VALIDATED,True,"Known verified facility (Vadodara-Mumbai Expressway Spur Pkg-17, Bhoj - Morbe)"
618511,Upgradation & rehabilitation of Service Roads on both sides in urban areas of Pune City on PuneSatara section of NH48,Maharashtra,Pune,Hinjawadi IT & Ring Road,18.5204,73.8567,18.521266,73.856441,verified_city,verified_city,exact,city,high,True,True,VALIDATED,True,Matched infrastructure site keyword in Pune
618512,Tunnel at Khambataki Ghat Section and its approaches from existing Km. 771.730 to existing Km. 782.000,Maharashtra,Satara,Helwak-Patan-Karad Corridor,20.3888,78.1204,17.680229,74.018677,verified_district,verified_city,exact,city,high,True,True,VALIDATED,True,Matched infrastructure site keyword in Satara
618513,6L of Kagal-Satara section from Km 592.500 to Km 658.000 of NH-48 Pkg-I,Maharashtra,Kolhapur,Kolhapur Textile & Auto Node,17.6805,74.0183,16.705447,74.243358,verified_city,verified_city,exact,city,high,True,True,VALIDATED,True,Matched infrastructure site keyword in Kolhapur
618514,6L of Kagal-Satara section from Km 658.000 to Km 725.000 of NH-48 Pkg-II,Maharashtra,Kolhapur,Kolhapur Textile & Auto Node,17.6805,74.0183,16.705271,74.242925,verified_city,verified_city,exact,city,high,True,True,VALIDATED,True,Matched infrastructure site keyword in Kolhapur
618557,4L of Indora Chowk to Pachpaoli and Agrasen Chowk - Ashoka Chowk,Maharashtra,Nagpur,Saoner & Makardhokra Coal & MIHAN SEZ,20.9374,77.7796,21.146853,79.087294,verified_district,verified_city,exact,city,high,True,True,VALIDATED,True,Matched infrastructure site keyword in Nagpur
618585,6L of Gonde Km. 439.038 to Pimpri Sado Km. 459.905 section of NH-848 Old NH-3,Maharashtra,Nashik,Ambad & Sinnar Industrial SEZ,18.5204,73.8567,19.997947,73.789859,verified_city,verified_city,exact,city,high,True,True,VALIDATED,True,Matched infrastructure site keyword in Nashik
618586,Improvement and strengthening of existing 2 lane stretch to 2-Lane with PS 1.5m on both sides on Ghoti-Sinnar section of NH-160A using Thin White Topping 200mm thick in the State Of Maharashtra on EPC Mode,Maharashtra,Nashik,Ambad & Sinnar Industrial SEZ,19.9975,73.7898,19.997771,73.789418,verified_city,verified_city,exact,city,high,True,True,VALIDATED,True,Matched infrastructure site keyword in Nashik
618588,4L Mitigation Measure structures on CH/MH Border to Wainganga Bridge Section of NH-6 New NH-53,Maharashtra,Bhandara,"Gosikhurd Dam, Wainganga River, Pauni",20.8732,79.6468,20.873471,79.646416,verified_city,verified_city,exact,city,high,True,True,VALIDATED,True,Matched infrastructure site keyword in Bhandara
618594,Balance work of 4L Panvel to Indapur section of NH-66 Old NH- 17 from km 0.000 Panvel to km 42.300 Kasu,Maharashtra,Raigad,Navi Mumbai International Airport & JNPT,18.99,73.07,18.515154,73.181539,verified_city,verified_city,exact,city,high,True,True,VALIDATED,True,Matched infrastructure site keyword in Raigad
618626,Four laning from Dive Ghat Km. 220.900 to Hadapsar Km. 234.150 of Mohol Alandi section Pkg VI of NH-965,Maharashtra,Pune,Hinjawadi IT & Ring Road,18.5204,73.8567,18.52062,73.85578,verified_city,verified_city,exact,city,high,True,True,VALIDATED,True,Matched infrastructure site keyword in Pune
618627,Construction of 7 Nos of Standalone safety structures/works at different locations on various NHs,Maharashtra,Gondia,Gondia Tiroda Thermal,21.4624,80.221,21.462847,80.22106,verified_district,verified_district,approximate,district,medium,True,True,APPROXIMATE,True,Preserved validated district location
618628,Strengthening of Existing Alignment of Pandharpur Town Part Bypassed Section of NH 965 from KM 36.230 to KM 44.230 from Chh. Shivaji Maharaj Chowk to Wakhari,Maharashtra,Solapur,Solapur NTPC & Highway,17.6599,75.9064,17.659453,75.906342,verified_city,verified_city,exact,city,high,True,True,VALIDATED,True,Matched infrastructure site keyword in Solapur
618638,Tarsod - Fagne section of NH-6,Maharashtra,Dhule,Dhule-Nardana DMIC Corridor,20.9042,74.7749,20.904471,74.774516,verified_city,verified_city,exact,city,high,True,True,VALIDATED,True,Matched infrastructure site keyword in Dhule
618652,Chakur Loha Section of NH-361 from km 114.600 to km 187.80,Maharashtra,Latur,Marathwada Rail Coach Factory Latur,18.4088,76.5604,18.4088,76.5604,verified_city,verified_city,exact,city,high,True,True,VALIDATED,False,Matched infrastructure site keyword in Latur
618653,Loha-Waranga Section of NH-361 from km 187.800 to km 244.369,Maharashtra,Nanded,Nanded Express Corridor,19.1383,77.321,19.137853,77.320941,verified_district,verified_city,exact,city,high,True,True,VALIDATED,True,Matched infrastructure site keyword in Nanded
618693,Bodhre - Dhule,Maharashtra,Dhule,Dhule-Nardana DMIC Corridor,20.9042,74.7749,20.904025,74.774456,verified_city,verified_city,exact,city,high,True,True,VALIDATED,True,Matched infrastructure site keyword in Dhule
618754,Upgradation of 2L/4L with Paved Shoulder of Shirwal-Lonand Section from KM 159900 To KM 188025 of NH-965DD Section I and 2L With Paved Shoulder of Lonand-Satara Section from KM 51500 To KM 96246 Of NH-965D Section II in Satara District in the State of Maharashtra on EPC Mode under NHO-,Maharashtra,Satara,Helwak-Patan-Karad Corridor,17.6805,74.0183,17.681146,74.018958,verified_city,verified_city,exact,city,high,True,True,VALIDATED,True,Matched infrastructure site keyword in Satara
618766,Up-gradation to Four Lane with Paved Shoulder configuration of the highway starting from existing km 88.400 Savali Vihir to km 163.400 start of Ahmednagar bypass Design Length 75.000 km section of NH-160 in the State of Maharashtra under Bharatmala Pariyojana on EPC Mode,Maharashtra,Ahmednagar,NH-160 Savali Vihir to Ahmednagar Bypass Corridor,19.2307,72.8567,19.45,74.65,verified_facility,verified_facility,exact,project_site,high,True,True,VALIDATED,True,Known verified facility (NH-160 Savali Vihir to Ahmednagar Bypass Corridor)
618836,4L of Ratnagiri - Kolhapur section from km 67.140 to km 112.340 of NH-166 Pkg II,Maharashtra,Ratnagiri,Ratnagiri Port & NH-66 Coastal Highway,16.705,74.2433,16.990647,73.312058,verified_city,verified_city,exact,city,high,True,True,VALIDATED,True,Matched infrastructure site keyword in Ratnagiri
618837,4L of Ratnagiri - Kolhapur section from km 112.340 to km 145.300 of NH-166 PkgIII,Maharashtra,Ratnagiri,Ratnagiri Port & NH-66 Coastal Highway,16.705,74.2433,16.990471,73.311625,verified_city,verified_city,exact,city,high,True,True,VALIDATED,True,Matched infrastructure site keyword in Ratnagiri
618937,4L of Nagpur-Katol Section from Km. 13.00 to Km. 62.900 of NH-353J,Maharashtra,Nagpur,Saoner & Makardhokra Coal & MIHAN SEZ,21.1458,79.0882,21.145595,79.086769,verified_city,verified_city,exact,city,high,True,True,VALIDATED,True,Matched infrastructure site keyword in Nagpur
618939,Construction of Standalone Flyover cum ROB from Design Ch.66.600 to Design Ch.68.800 in Gadchandur Town on NH-353B,Maharashtra,Chandrapur,"Gadchandur Town Flyover & ROB, NH-353B",18.9388,72.8354,19.7359,79.1746,verified_district,verified_facility,exact,project_site,high,True,True,VALIDATED,True,"Known verified facility (Gadchandur Town Flyover & ROB, NH-353B)"
619008,Rehabilitation and Up gradation of Charthana Jintur Section of NH 752 I Km 25100 to 47100 to 2 Lane with Paved Shoulder configuration Flexible Pavement in the state of Maharashtra on EPC mode. Reg- Resubmission of Annual Plan Estimate.,Maharashtra,Parbhani,Parbhani City Four Lane Bypass,19.2611,76.7767,19.261371,76.77632,verified_city,verified_city,exact,city,high,True,True,VALIDATED,True,Matched infrastructure site keyword in Parbhani
619042,"Construction of six lane Flyover at Katraj junction at Km, 3/880 of NH 548-DD Vadgaon - Katraj - Kondhwa - Mantarwadi Chowk - Loni Kalbhor - Theur Phata - Lonikand Road in Pune Dist of the State of Maharashtra. On Engineering Procurement and construction EPC Basis mode L.1.326 Km,",Maharashtra,Pune,Hinjawadi IT & Ring Road,18.5204,73.8567,18.519754,73.856039,verified_city,verified_city,exact,city,high,True,True,VALIDATED,True,Matched infrastructure site keyword in Pune
619069,Satara Km 725.000 to Pune Km 865.350 of NH - 4 New NH - 48 in Maharashtra,Maharashtra,Pune,Hinjawadi IT & Ring Road,18.5204,73.8567,18.519534,73.856959,verified_city,verified_city,exact,city,high,True,True,VALIDATED,True,Matched infrastructure site keyword in Pune
619095,Balance works of 4L Panvel Indapur section of NH66 old NH17 from km 42.300 kasu to km 84.600 Indapur,Maharashtra,Raigad,Navi Mumbai International Airport & JNPT,18.99,73.07,18.514934,73.182459,verified_city,verified_city,exact,city,high,True,True,VALIDATED,True,Matched infrastructure site keyword in Raigad
619149,4L of Ratnagiri - Kolhapur section of NH-166 from km 0.000 to km 19.769 and km 31.000 to km 67.140 Pkg I,Maharashtra,Ratnagiri,Ratnagiri Port & NH-66 Coastal Highway,16.705,74.2433,16.990025,73.311567,verified_city,verified_city,exact,city,high,True,True,VALIDATED,True,Matched infrastructure site keyword in Ratnagiri
619163,4L of Baramati to Indapur Pkg-II from km. 41.400 to km. 84.550 of NH-965G Saint Tukaram Marg,Maharashtra,Ratnagiri,Ratnagiri Port & NH-66 Coastal Highway,18.5204,73.8567,16.989753,73.311942,verified_district,verified_district,approximate,district,medium,True,True,APPROXIMATE,True,Authoritative district resolution (Ratnagiri)
619198,Vadodara Mumbai Expressway Phase II - Pkg XII [Km. 50.700 to Km. 77.000] Masvan - Ganjad,Maharashtra,Palghar,"Vadodara-Mumbai Expressway Pkg-12, Masvan - Ganjad",18.9388,72.8354,19.82,72.85,verified_city,verified_facility,exact,project_site,high,True,True,VALIDATED,True,"Known verified facility (Vadodara-Mumbai Expressway Pkg-12, Masvan - Ganjad)"
619203,Vadape to Thane from km 539.202 to km 563.000 section of NH-3 new NH-848,Maharashtra,Thane,Kalyan-Bhiwandi Logistics Hub,19.2183,72.9781,19.21852,72.977176,verified_city,verified_city,exact,city,high,True,True,VALIDATED,True,Matched infrastructure site keyword in Thane
619209,4L of existing 2/4L stretch from Lonand to Dive Ghat Km 166.400 to Km 220.900 of Mohol Alandi section of NH-965 Pkg - V,Maharashtra,Satara,Helwak-Patan-Karad Corridor,17.6599,75.9064,17.681366,74.018042,verified_city,verified_city,exact,city,high,True,True,VALIDATED,True,Matched infrastructure site keyword in Satara
619210,Dharampuri-Lonand from km. 117.00 to 166.40 Pkg-IV on Mohol-Alandi Section,Maharashtra,Solapur,Solapur NTPC & Highway,17.6599,75.9064,17.659629,75.906777,verified_city,verified_city,exact,city,high,True,True,VALIDATED,True,Matched infrastructure site keyword in Solapur
618298,Widening/Improvement of existing 2-Lane road to 4-Lane Divided Highway from Sekmai to Nilakuthi section of Imphal-Kohima Road Design Chainage from Km 297700 to Km 308729 of NH-39 New NH-02 in state of Manipur on EPC mode Pkg-5B,Manipur,Imphal West,Bir Tikendrajit International Airport & Smart City,24.817,93.9368,24.817175,93.937257,verified_city,verified_city,exact,city,high,True,True,VALIDATED,True,Matched infrastructure site keyword in Imphal West
618299,Improvement/Up-gradation of existing 2-Lane Road to 4-Lane Divided Highway from Daili to Kuraopokpi section of Imphal-Kohima road NH-02 Design Chainage from Km 274610 to Km 287000 in the state of Manipur on EPC mode Pkg-4B,Manipur,Imphal West,Bir Tikendrajit International Airport & Smart City,24.817,93.9368,24.817447,93.936861,verified_city,verified_city,exact,city,high,True,True,VALIDATED,True,Matched infrastructure site keyword in Imphal West
618300,Improvement/Up-gradation of existing 2-Lane Road to 4-Lane Divided Highway from Taphukuki to Daili section of Imphal-Kohima road NH-02 Design Chainage from Km 262175 to Km 274610 in the state of Manipur on EPC mode Pkg-4A,Manipur,Imphal West,Bir Tikendrajit International Airport & Smart City,24.817,93.9368,24.817271,93.936404,verified_city,verified_city,exact,city,high,True,True,VALIDATED,True,Matched infrastructure site keyword in Imphal West
618301,Widening/Improvement of existing 2-lane to 4-Lane Divided Highway from Kuraopokpi to Sekmai section of Imphal-Kohima Road Design Ch. km 287.00 to 297.700 of NH-39 New NH-02 in state of Manipur on EPC mode Pkg-5A,Manipur,Imphal West,Bir Tikendrajit International Airport & Smart City,24.817,93.9368,24.816825,93.936343,verified_city,verified_city,exact,city,high,True,True,VALIDATED,True,Matched infrastructure site keyword in Imphal West
618302,Widening/Improvement to 2-lane with earthen shoulder of Yaingangpokpi - Finch corner road section of NH-202 from Km 16.900 to Km 30.970 of NH-202 in the state of Manipur on EPC mode Package-2,Manipur,Imphal West,Imphal West Infrastructure Hub,24.817,93.9368,24.816553,93.936739,verified_district,verified_district,approximate,district,medium,True,True,APPROXIMATE,True,Preserved validated district location
618303,Widening/Improvement to 2-lane with earthen shoulder of Yaingangpokpi - Finch corner road section of NH-202 from Km 0.000 to Km 16.900 of NH-202 in the state of Manipur on EPC mode Package-1,Manipur,Imphal West,Bir Tikendrajit International Airport & Smart City,24.817,93.9368,24.816729,93.937196,verified_district,verified_district,approximate,district,medium,True,True,APPROXIMATE,True,Preserved validated district location
618304,"Widening/Improvement to 2 Lane with earthen shoulder of Jessami to Laynen bridge Nagaland border section of NH-29 of Imphal -Ukhrul - Jessami Economic Corridor from km 0.000 to km 11.009 in the State of Manipur on EPC mode under Bharatmala Pariyojana, under NHO-NE Package-7",Manipur,Imphal West,Bir Tikendrajit International Airport & Smart City,24.817,93.9368,24.817646,93.937491,verified_city,verified_city,exact,city,high,True,True,VALIDATED,True,Matched infrastructure site keyword in Imphal West
618305,Widening/Improvement to 2 lane with earthen shoulder of Marrem Khullen to Jessami section of NH-202 of Imphal - Ukhrul - Jessami Economic Corridor from Design Chainage km 95.700 to km 140.180 in the State of Manipur on EPC mode under Bharatmala Pariyojana under NHO-NE Package-6,Manipur,Imphal West,Bir Tikendrajit International Airport & Smart City,24.817,93.9368,24.817866,93.936529,verified_city,verified_city,exact,city,high,True,True,VALIDATED,True,Matched infrastructure site keyword in Imphal West
618306,"Widening/Improvement to 2 lane with earthen shoulder of Choithar to Marrem Khullen section of NH-202 of Imphal Ukhrul Jessami Economic Corridor from Design Chainage km 53.110 to km 95.700 in the State of Manipur on EPC mode under Bharatmala Pariyojana, under NHO-NE Package-5",Manipur,Imphal West,Bir Tikendrajit International Airport & Smart City,24.817,93.9368,24.81722,93.935839,verified_city,verified_city,exact,city,high,True,True,VALIDATED,True,Matched infrastructure site keyword in Imphal West
618333,Widening to 2 lane with Paved shoulder of lmphal to Jiribam section of NH-37 from Design Ch. from km 169570 Near Nungkao vlllage under Tamenglong District to km 205974 near Jiribam Bridge under Jiribam district under NHO-NE PKG-7,Manipur,Tamenglong,Jiribam-Imphal Railway Line & Makru Bridge,24.98,93.49,24.980175,93.490457,verified_city,verified_city,exact,city,high,True,True,VALIDATED,True,Matched infrastructure site keyword in Tamenglong
618334,Widening to 2 Lane with Paved shoulder of lmphal to Jiribam section of NH-37 from Design Ch. from km 131.280 to km 169.570 on EPC mode in Manipur under NHO- TSP PKG-6,Manipur,Tamenglong,Jiribam-Imphal Railway Line & Makru Bridge,24.98,93.49,24.980447,93.490061,verified_city,verified_city,exact,city,high,True,True,VALIDATED,True,Matched infrastructure site keyword in Tamenglong
618335,Widening to 2 Lane with Paved shoulder of lmphal to Jiribam section of NH-37 from Design Ch. from Km 101280 Near Khongsang Village to Km 131280 near Puilon Kambiron Village on EPC Mode in Manipur PKG-5,Manipur,Tamenglong,Jiribam-Imphal Railway Line & Makru Bridge,24.98,93.49,24.980271,93.489604,verified_city,verified_city,exact,city,high,True,True,VALIDATED,True,Matched infrastructure site keyword in Tamenglong
618336,Widening to 2 -Lane with Paved shoulder of Imphal to Jiribam section of NH-37 from Design Chainage 66.110 km to 101.280 Km Existing Chainage km 67.496 to km 103.557 on EPC Mode in Manipur PKG-4,Manipur,Tamenglong,Jiribam-Imphal Railway Line & Makru Bridge,24.98,93.49,24.979825,93.489543,verified_city,verified_city,exact,city,high,True,True,VALIDATED,True,Matched infrastructure site keyword in Tamenglong
618337,Widening to 2 -Lane with Paved shoulder of Imphal to Jiribam section of NH-37 from Design Chainage 33.000 km to 66.390 Km Existing Chainage from km 33.395 to km 67.496 on EPC Mode in Manipur PKG-3,Manipur,Tamenglong,Jiribam-Imphal Railway Line & Makru Bridge,24.98,93.49,24.979553,93.489939,verified_city,verified_city,exact,city,high,True,True,VALIDATED,True,Matched infrastructure site keyword in Tamenglong
618338,Widening to 2-Lane with Paved shoulder of Imphal to Jiribam section of NH-37 from Design Chainage 15.940 km to 33.120 Km Existing Chainage Km 15.946 to Km 33.395 Total length17.180 Km in the State of Manipur on EPC mode PKG-2 - Balance Works & Rectification works,Manipur,Tamenglong,Jiribam-Imphal Railway Line & Makru Bridge,24.98,93.49,24.979729,93.490396,verified_city,verified_city,exact,city,high,True,True,VALIDATED,True,Matched infrastructure site keyword in Tamenglong
618344,Widening to 2-lane with Hard shoulder of Churachandpur to Tuivai Section of NH- 102B from Design Chainage 69.875 Km to 121.769 Km in the State of Manipur on EPC mode Package-3,Manipur,Churachandpur,Churachandpur Highway & Water Project,24.33,93.67,24.33,93.67,verified_city,verified_city,exact,city,high,True,True,VALIDATED,False,Matched infrastructure site keyword in Churachandpur
618345,Widening to 2-lane with Hard shoulder of Churachandpur to Tuivai Section from Km 48.587 to Km 69.875 in the State of Manipur on EPC mode under NHO Package-2B,Manipur,Churachandpur,Churachandpur Highway & Water Project,24.33,93.67,24.330175,93.670455,verified_city,verified_city,exact,city,high,True,True,VALIDATED,True,Matched infrastructure site keyword in Churachandpur
618346,Widening to 2-lane with Hard shoulder of Churachandpur to Tuivai Section of NH- 102B from km 32.835 to km 48.587 in the State of Manipur on EPC mode under NHO Package-2A,Manipur,Churachandpur,Churachandpur Highway & Water Project,24.33,93.67,24.330447,93.670061,verified_city,verified_city,exact,city,high,True,True,VALIDATED,True,Matched infrastructure site keyword in Churachandpur
618347,Widening to 2-lane with Hard shoulder of Churachandpur to Tuivai Section of NH- 102B from km 13.747 to km 32.835 in the State of Manipur on EPC mode under NHO Package-1B,Manipur,Churachandpur,Churachandpur Highway & Water Project,24.33,93.67,24.330271,93.669606,verified_city,verified_city,exact,city,high,True,True,VALIDATED,True,Matched infrastructure site keyword in Churachandpur
618348,Balance work of Widening to 2 Two lane with hard shoulder of Churachandpur to Tuivai section of NH-102B from km 130.000 to km 141.029 Package-4B in the State of Manipur on EPC Mode,Manipur,Churachandpur,Churachandpur Highway & Water Project,24.33,93.67,24.329825,93.669545,verified_city,verified_city,exact,city,high,True,True,VALIDATED,True,Matched infrastructure site keyword in Churachandpur
618349,Balance work of Widening to 2 Two lane with hard shoulder of Churachandpur to Tuivai section of NH-102B from Design Chainage km 118850 to km 130000 Package- 4A in the State of Manipur on EPC Mode,Manipur,Churachandpur,Churachandpur Highway & Water Project,24.33,93.67,24.329553,93.669939,verified_city,verified_city,exact,city,high,True,True,VALIDATED,True,Matched infrastructure site keyword in Churachandpur
618355,"Construction of of 2 -Lane with paved shoulders road from Tamenglong-Tousem- Lisang-Mahur Road NH-137 starting near Dialong Village from km 10.000 at Dialong to km 31.430 near Old Tamenglong , near Barak River on EPC Mode Package-2",Manipur,Tamenglong,Jiribam-Imphal Railway Line & Makru Bridge,24.98,93.49,24.980646,93.490692,verified_city,verified_city,exact,city,high,True,True,VALIDATED,True,Matched infrastructure site keyword in Tamenglong
618356,Construction of 2 -Lane with paved shoulders road from Tamenglong to Mahur in the state of Manipur from km 31.430 at Old Tamenglong to km 43.480 ending near Phelong on EPC Mode Package-3,Manipur,Tamenglong,Jiribam-Imphal Railway Line & Makru Bridge,24.98,93.49,24.980866,93.489729,verified_city,verified_city,exact,city,high,True,True,VALIDATED,True,Matched infrastructure site keyword in Tamenglong
618357,Construction of 2 -Lane with paved shoulders road from Tamenglong to Mahur NH- 137 in Manipur starting from km 54.180 near Azuram to km 80.630 near Mandeu on EPC Mode Package 5,Manipur,Tamenglong,Jiribam-Imphal Railway Line & Makru Bridge,24.98,93.49,24.98022,93.489037,verified_city,verified_city,exact,city,high,True,True,VALIDATED,True,Matched infrastructure site keyword in Tamenglong
618358,Construction of 2 -Lane with paved shoulders road from Tamenglong to Mahur NH- 137 starting from km 80.630 near Mandeu to km 96.870 near Jiri River on EPC Mode Package-6,Manipur,Tamenglong,Jiribam-Imphal Railway Line & Makru Bridge,24.98,93.49,24.979354,93.489308,verified_city,verified_city,exact,city,high,True,True,VALIDATED,True,Matched infrastructure site keyword in Tamenglong
618387,Construction of 2-laning with Hard shoulder of Ukhrul Tolloi - Tadubi section of NH- 102A from Design Chainage km 9450 to km 50850 in the State of Manipur on EPC mode under NHO-NE Package-2,Manipur,Tengnoupal,Moreh Integrated Check Post (ICP) Border Corridor,24.25,94.3,24.25,94.3,verified_district,verified_district,approximate,district,medium,True,True,APPROXIMATE,False,Preserved validated district location
618388,Construction of 2-laning with Hard shoulder road of Ukhrul - Tolloi - Tadubi section of NH-102A from Design Chainage 50.850 km to 81.870 km in the State of Manipur on EPC mode under NHO-TSP Package -3,Manipur,Churachandpur,Churachandpur Infrastructure Hub,24.3333,93.6667,24.3333,93.6667,verified_district,verified_district,approximate,district,medium,True,True,APPROXIMATE,False,Preserved validated district location
618389,Construction of 2-laning with Hard shoulder road of Ukhrul - Tolloi - Tadubi section of NH-102A from Design Chainage 81.870 km to 105.825 km in the State of Manipur on EPC mode under NHO-TSP Package -4,Manipur,Imphal West,Bir Tikendrajit International Airport & Smart City,24.817,93.9368,24.816354,93.936109,verified_district,verified_district,approximate,district,medium,True,True,APPROXIMATE,True,Preserved validated district location
618415,"Improvement of existing road to 2 laning with Hard Shoulders of Maram-Peren section Package-1B, length- 17.660 km from Design Chainage 22.340 km to 40.000 km on NH-129A in the State of Manipur on EPC mode",Manipur,Senapati,Senapati Highway Corridor NH-2,25.26,94.01,25.26,94.01,verified_city,verified_city,exact,city,high,True,True,VALIDATED,False,Matched infrastructure site keyword in Senapati
618416,"Improvement of existing road to 2 laning with Hard Shoulders of Maram -Peren section Package-1A, length- 22.340Km from Design Chainage 0.000 km to 22.340 km on NH-129A in the State of Manipur on EPC mode",Manipur,Senapati,Senapati Highway Corridor NH-2,25.26,94.01,25.260175,94.010458,verified_city,verified_city,exact,city,high,True,True,VALIDATED,True,Matched infrastructure site keyword in Senapati
617885,Rehabilitation and Up-gradation of Nongstoin Wahkaji section of Project Road Km 0000 to Km 43060 to Intermediate Lane with earthern shoulder under SARDP-NE Phase-A in the State of Meghalaya on EPC mode. Job No- SARDP-NE ong-Don- Maw/MG/2020-21/294,Meghalaya,East Khasi Hills,East Khasi Hills Infrastructure Hub,25.5788,91.8933,25.579071,91.892902,verified_district,verified_district,approximate,district,medium,True,True,APPROXIMATE,True,Preserved validated district location
618076,Improvement and Widening two lannig with paved Shoulder of NH 127B from km 31.500 Goeragre to km 63.224 Package-II in state of Meghalaya,Meghalaya,Ri-Bhoi,Ri-Bhoi Infrastructure Hub,25.9,91.88,25.900175,91.880461,verified_district,verified_district,approximate,district,medium,True,True,APPROXIMATE,True,Preserved validated district location
618294,Improvement and Widening of National Highway No. 127B Darugiri - Songsak - Williamnagar Junction Section to two lane with paved shoulder from design Km 0000 to Km 36635 Design length 36.635 Km existing Km 112000 to Km 151060 of NH-1278 under Bharatmala Pariyojana Lot-1 Pkg-1B Meghalaya portion,Meghalaya,West Garo Hills,West Garo Hills Infrastructure Hub,25.514,90.203,25.514,90.203,verified_district,verified_district,approximate,district,medium,True,True,APPROXIMATE,False,Preserved validated district location
618295,Improvement/Widening of New NH-217 Dainadubi-Darugiri section to Two lane with paved shoulder in Meghalaya from design Km 0000 to Km 40840 existing Km 8600 to Km 53000 of Old NH-62 under BMP Lot-1 Pkg-1B Meghalaya portion,Meghalaya,East Khasi Hills,East Khasi Hills Infrastructure Hub,25.5788,91.8933,25.578625,91.89284,verified_district,verified_district,approximate,district,medium,True,True,APPROXIMATE,True,Preserved validated district location
618374,Improvement/Widening to 2-L with Paved Shoulder/ 4-Laning of NH-40 section from Km 151330 to Km 163400 design Km 63.530 to Km 71.520 including Dawki Bridge of length 368 m between Shillong-Dawki under JICA ODA Loan assistance Phase-II Pkg- 5 -Balance work,Meghalaya,East Khasi Hills,Shillong Airport (Umroi) & NEIGRIHMS,25.5788,91.8933,25.578353,91.893238,verified_city,verified_city,exact,city,high,True,True,VALIDATED,True,Matched infrastructure site keyword in East Khasi Hills
618375,Improvement/Widening to 2-Lane with Paved Shoulder from design Km 45.760 to Km 63.530 between Shillong-Dawki under JICA ODA Loan assistance Phase-II -Balance work Pkg-4,Meghalaya,East Khasi Hills,Shillong Airport (Umroi) & NEIGRIHMS,25.5788,91.8933,25.578529,91.893698,verified_city,verified_city,exact,city,high,True,True,VALIDATED,True,Matched infrastructure site keyword in East Khasi Hills
618376,Improvement/Widening to 2-Lane with Paved Shoulder between Shillong-Dawki road up to Bangladesh Border from design Km 10.670 to Km 37.550 under JICA ODA Loan assistance Phase-II -Balance Work-Pkg-2,Meghalaya,East Khasi Hills,Shillong Airport (Umroi) & NEIGRIHMS,25.5788,91.8933,25.579446,91.893995,verified_city,verified_city,exact,city,high,True,True,VALIDATED,True,Matched infrastructure site keyword in East Khasi Hills
618377,Improvement/Widening to 2-L with Paved Shoulder/4-L from Km 81740 to Km 93490 design Km 0000 to Km 10670 of NH-40 New NH-106 & 206 section & 4-L from design Km 0.00 to Km 0.930 of NH-44 section between Shillong-Dawki under JICA ODA Loan assistance Phase-II -Balance Work Pkg-1,Meghalaya,East Khasi Hills,Shillong Airport (Umroi) & NEIGRIHMS,25.5788,91.8933,25.579666,91.893028,verified_city,verified_city,exact,city,high,True,True,VALIDATED,True,Matched infrastructure site keyword in East Khasi Hills
618418,Rehabilitation and up gradation of Nongstoin-Rambrai-Kyrshai road up to Meghalaya- Assam border from Km 0.335 to km 34.039 to 2-Lane under NHO - NE in the State of Meghalaya Package-1,Meghalaya,Ri-Bhoi,Ri-Bhoi Infrastructure Hub,25.9,91.88,25.900447,91.880062,verified_district,verified_district,approximate,district,medium,True,True,APPROXIMATE,True,Preserved validated district location
618419,"Construction of 2-Lane with paved shoulders of Shillong Western Bypass starting from NH-06 near Ladumsaw existing Km 60.900 of old NH40 to NH106 old NH 44E Package-III, from km 24700 to km 38256 under SARDP-NE PHASE A in the state of Meghalaya on EPC Mode Greenfield alignment",Meghalaya,East Khasi Hills,Shillong Airport (Umroi) & NEIGRIHMS,25.5788,91.8933,25.57902,91.892333,verified_city,verified_city,exact,city,high,True,True,VALIDATED,True,Matched infrastructure site keyword in East Khasi Hills
618420,"Construction of 2 lane with paved shoulder of Shillong Western Bypass starting from NH-06 near Ladumsaw existing km 60.900 of old NH-40 to NH-106 old NH-44E, Package-II km 12800 to km 24700 under SARDP-NE Phase A in the State of Meghalaya on EPC Mode",Meghalaya,East Khasi Hills,Shillong Airport (Umroi) & NEIGRIHMS,25.5788,91.8933,25.578154,91.892605,verified_city,verified_city,exact,city,high,True,True,VALIDATED,True,Matched infrastructure site keyword in East Khasi Hills
618421,"Construction of 2-Lane with paved shoulder of Shillong Western Bypass starting from NH-06 near Ladumsaw Existing km 60.900 of old NH-40 to NH106 old NH-44E, km 0000 to km 12800 Package-I under SARDP-NE PHASE A in the State of Meghalaya on EPC Mode Greenfield alignment",Meghalaya,East Khasi Hills,Shillong Airport (Umroi) & NEIGRIHMS,25.5788,91.8933,25.577934,91.893572,verified_city,verified_city,exact,city,high,True,True,VALIDATED,True,Matched infrastructure site keyword in East Khasi Hills
618316,4-Laning of Vairengte - Chhimluang section Package-3 of NH-306 from Existing Chainage km 43000 to Km 59700 Design Chainage km 46000 to km 60850 on Silchar - Vairengte- Sairang road in the State of Mizoram under Bharatmala Pariyojna under NHO-NE. Package-1&2 in Assam state,Mizoram,Kolasib,Chhimluang-Kolasib & Kolasib-Sethawn NH-6 Package,24.225,92.678,24.225,92.678,verified_city,verified_city,exact,city,high,True,True,VALIDATED,False,Matched infrastructure site keyword in Kolasib
618317,4-Laning of chhimluang-Kolasib from section pkg-4 of NH-306 & NH-6 existing chainage km 59700 to km 86000 design chainage km 61000 to km 77500 on Silchar- vairengte-sairang road in the state of Mizoram under Bharatmala Pariyojna on EPC mode Vairengte - Sairang Pkg-4,Mizoram,Kolasib,Chhimluang-Kolasib & Kolasib-Sethawn NH-6 Package,24.225,92.678,24.225175,92.678455,verified_city,verified_city,exact,city,high,True,True,VALIDATED,True,Matched infrastructure site keyword in Kolasib
618318,4-Laning of Kolasib - Sethawn section Package-5 of NH-6 from Existing Chainage km 86000 to km 107850 Design Chainage km 77500 to km 95500 on silchar - vairengte - sairang road under Bharatmala Pariyojna on EPC mode under NHO-NE Vairengte - Sairang Pkg-5,Mizoram,Kolasib,Chhimluang-Kolasib & Kolasib-Sethawn NH-6 Package,24.225,92.678,24.225447,92.678061,verified_city,verified_city,exact,city,high,True,True,VALIDATED,True,Matched infrastructure site keyword in Kolasib
618319,"4-Laning of Sethawn - N. Kawnpui section Package-6 of NH-6 from Existing Chainage km 107850 to km 126315 Design Chainage km 95500 to km 111850 on Silchar- Vairengte- Sairang road, Vairengte - Sairang Pkg-6",Mizoram,Kolasib,Chhimluang-Kolasib & Kolasib-Sethawn NH-6 Package,24.225,92.678,24.225271,92.677606,verified_city,verified_city,exact,city,high,True,True,VALIDATED,True,Matched infrastructure site keyword in Kolasib
618320,Construction of 4-Laning of N. Kawnpui N. Mualvum Mualkhang via Khamrang Village section Package-7 of NH-6 from Existing Chainage km 127200 to km 142000 Design Chainage km 111850 to km 123400 on Silchar - Vairengte - Sairang road in the State of Mizoram on EPC mode,Mizoram,Kolasib,Chhimluang-Kolasib & Kolasib-Sethawn NH-6 Package,24.225,92.678,24.224825,92.677545,verified_city,verified_city,exact,city,high,True,True,VALIDATED,True,Matched infrastructure site keyword in Kolasib
618321,Construction of 4-Laning of West Serawlg-Sairang section of NH-6 from Existing Chainage km 142000 to km 158900 Design Chainage km 123400 to km 136260 on Silchar - Vairengte - Sairang road in the State of Mizoram under Bharatmala Pariyojna on EPC mode under NHO-NE Package-8,Mizoram,Kolasib,Chhimluang-Kolasib & Kolasib-Sethawn NH-6 Package,24.225,92.678,24.224553,92.677939,verified_city,verified_city,exact,city,high,True,True,VALIDATED,True,Matched infrastructure site keyword in Kolasib
618323,Construction of Twin Tube Uni-directional Aizawl Bypass Tunnel of 2.5 km and its approaches of 2.1 km from km 10.600 to km 15.200 on Sarrang - Phaibawk section of NH-6 in the State of Mizoram on EPC Mode under NHO-NE Package-2,Mizoram,Aizawl,Bairabi-Sairang Rail Terminal & Lengpui,23.7271,92.7176,23.727547,92.717661,verified_city,verified_city,exact,city,high,True,True,VALIDATED,True,Matched infrastructure site keyword in Aizawl
618324,Construction of 2-lane Aizawl Bypass from km 15.200 to km 34.500 Package-3 on Sairang - Phaibawk section of NH-6 in the State of Mizoram under Bharatmala Pariyojna on EPC Mode under NHO-NE,Mizoram,Aizawl,Bairabi-Sairang Rail Terminal & Lengpui,23.7271,92.7176,23.727371,92.717208,verified_city,verified_city,exact,city,high,True,True,VALIDATED,True,Matched infrastructure site keyword in Aizawl
618341,Up-gradation to 2-lane with paved shoulders of Ngopa - Pawlrang section of NH 102B of Aizawl - Imphal Economic Corridor from Existing Chainage km 32.796 to km 72.030 [Design Chainage km 31.280 to km 68.170] in the State of Mizoram under Bharatmala Pariyojna on EPC mode under NHO-NE Package-2 Keifang- Tuivai Pkg-2,Mizoram,Aizawl,Bairabi-Sairang Rail Terminal & Lengpui,23.7271,92.7176,23.726925,92.717147,verified_city,verified_city,exact,city,high,True,True,VALIDATED,True,Matched infrastructure site keyword in Aizawl
618342,Rehabilitation and upgradation to 2 Lane with Paved shoulder of Economic corridor of NH-6 from Design chaiange Km 0.000 to Km 13.510 Package-1 in the state of Mizoram under Bharatmala Pariyojana on EPC mode,Mizoram,Aizawl,Bairabi-Sairang Rail Terminal & Lengpui,23.7271,92.7176,23.726653,92.717539,verified_district,verified_district,approximate,district,medium,True,True,APPROXIMATE,True,Preserved validated district location
618343,"Rehabilitation and Up gradation to 2-lane with paved shoulder of Keifang Section Economic Corridor of NH-06 from Existing Chainage Km 30050 Keifang to Km 50360 Keifang, Design Chainage Km 27400 to Km 45040 PkgIII in the State of Mizoram under Bharatmala Pariyojna on EPC Mode Seling-Dulte - III",Mizoram,Lunglei,Lunglei Infrastructure Hub,22.8671,92.7656,22.8671,92.7656,verified_district,verified_district,approximate,district,medium,True,True,APPROXIMATE,False,Preserved validated district location
618362,Construction of 2-laning with hard shoulder of Lunglei to Chhumkhum from Design Chainage Km 0.000 to Km 37.420 of NH-302 [Lunglei-Tlabung] Package-A,Mizoram,Lunglei,Lunglei Highway & Regional Corridor,22.88,92.73,22.88,92.73,verified_city,verified_city,exact,city,high,True,True,VALIDATED,False,Matched infrastructure site keyword in Lunglei
618363,Construction of 2-laning with hard shoulder configuration of Chhumkhum to Tlabung from Design Chainage Km 37.420 to Km 74.950 of NH-302 in Mizoram under Bharatmala Pariyojana on EPC mode [Pkg-B],Mizoram,Champhai,Champhai Infrastructure Hub,23.475,93.328,23.475,93.328,verified_district,verified_district,approximate,district,medium,True,True,APPROXIMATE,False,Preserved validated district location
618379,Widening and Up-gradation to 2- Lane with Paved Shoulder Configuration and geometric improvement from Km. 208. 000 to Km 250.000 Package-5 on Aizawl Tuipang Section of NH-54 in the State of Mizoram Package-5,Mizoram,Aizawl,Bairabi-Sairang Rail Terminal & Lengpui,23.7271,92.7176,23.726829,92.717992,verified_city,verified_city,exact,city,high,True,True,VALIDATED,True,Matched infrastructure site keyword in Aizawl
618380,Widening and Up-gradation to 2- Lane with Paved Shoulder Configuration and geometric improvement from Km. 125. 000 to Km 166 Package-3 on Aizawl Tuipang Section of NH-54 in the State of Mizoram Package-3,Mizoram,Aizawl,Bairabi-Sairang Rail Terminal & Lengpui,23.7271,92.7176,23.727746,92.718285,verified_city,verified_city,exact,city,high,True,True,VALIDATED,True,Matched infrastructure site keyword in Aizawl
618381,Widening and up-gradation to 2-lane with paved shoulder configuration and geometric improvements from km 250.00 Lunglei to km 298.00 on Aizawl-Tuipang section under JICA ODA Loan assistance Phase-I Package-6,Mizoram,Lunglei,Lunglei Highway & Regional Corridor,22.88,92.73,22.880175,92.73045,verified_city,verified_city,exact,city,high,True,True,VALIDATED,True,Matched infrastructure site keyword in Lunglei
618382,Widening and up-gradation to 2-lane with paved shoulder configuration and geometric improvements from km 298.00 to km 339.00 on Aizawl-Tuipang section under JICA ODA Loan assistance Phase-I Package-7,Mizoram,Aizawl,Bairabi-Sairang Rail Terminal & Lengpui,23.7271,92.7176,23.727966,92.717332,verified_city,verified_city,exact,city,high,True,True,VALIDATED,True,Matched infrastructure site keyword in Aizawl
618383,Widening and up-gradation to 2-lane with paved shoulder configuration and geometric improvements from km 339.00 to km 380.00 Siaha on Aizawl-Tuipang section under JICA ODA Loan assistance Phase-I Package-8,Mizoram,Aizawl,Bairabi-Sairang Rail Terminal & Lengpui,23.7271,92.7176,23.72732,92.716647,verified_city,verified_city,exact,city,high,True,True,VALIDATED,True,Matched infrastructure site keyword in Aizawl
618384,Widening and Up-gradation to 2- Lane with Paved Shoulder Configuration and geometric improvement from Km. 166. 000 to Km 208.000 Package-4 on Aizawl Tuipang Section of NH-54 in the State of Mizoram Package-4,Mizoram,Aizawl,Bairabi-Sairang Rail Terminal & Lengpui,23.7271,92.7176,23.726454,92.716915,verified_city,verified_city,exact,city,high,True,True,VALIDATED,True,Matched infrastructure site keyword in Aizawl
618452,"2-laning of Zorinpui - Longmasu section of NH-502A from km 0.000 to km 28.244 in the State of Mizoram on EPC mode under NHO-NE, stretch of IMBR",Mizoram,Aizawl,Aizawl Infrastructure Hub,23.7271,92.7176,23.726234,92.717868,verified_district,verified_district,approximate,district,medium,True,True,APPROXIMATE,True,Preserved validated district location
619010,Up-gradation to 2 lane with paved shoutders of Pawlrang - Rulchawm section- of NH- 102B of Aizawl - Imphal Economic Corridor from Existing Chainage km 72.030 to km 104.129 including 2.459 km re-alignment section from Tuivai River to Rulchawm connecting km 48.150 of NH-6 [Design Chainage km 68.170 to km 98.579] in the State of Mizoram under Bharatmala Pariyojna on EPC mode under NHO-NE Package-3 Keifang- Tuivai Pkg-3,Mizoram,Aizawl,Bairabi-Sairang Rail Terminal & Lengpui,23.7271,92.7176,23.72688,92.718553,verified_city,verified_city,exact,city,high,True,True,VALIDATED,True,Matched infrastructure site keyword in Aizawl
619199,Bangalore Chennai Expressway Phase-II Pkg-I from km.71.000 to Km 96.000 Bethamangala in the state of Karnataka to Byreddypalli,"Multi-States (Andhra Pradesh, Karnataka)",Bengaluru Urban,Bengaluru Metro & Tech Hub,12.9716,77.5946,12.97138,77.595495,verified_city,verified_city,exact,city,high,True,True,VALIDATED,True,Matched infrastructure site keyword in Bengaluru Urban
618681,6L Aluru - Jakkuva Section of NH-130CD Road from km 365.033 to km 396.800 Pkg. 1,"Multi-States (Andhra Pradesh, Odisha)",Vizianagaram,"NH-130CD Aluru - Jakkuva 6-Lane Section, Vizianagaram",22.5937,78.9629,18.6,83.35,verified_state,verified_facility,exact,project_site,high,True,True,VALIDATED,True,"Known verified facility (NH-130CD Aluru - Jakkuva 6-Lane Section, Vizianagaram)"
618477,Bangalore Chennai Expressway Phase-III Package I Gudipala to Walajajhpet from Km 156.000 to Km 180.000,"Multi-States (Andhra Pradesh, Tamil Nadu)",Chennai,Chennai Airport Modernization & Metro Rail Phase-II,13.0827,80.2707,13.083346,80.271344,verified_city,verified_city,exact,city,high,True,True,VALIDATED,True,Matched infrastructure site keyword in Chennai
618634,6L of Veera Kaveri Raja Puram to Pondavakkam from km 61.380 to km 96.040 of NH 716B Pkg-III,"Multi-States (Andhra Pradesh, Tamil Nadu)",Tiruvallur,Veera Kaveri Raja Puram to Pondavakkam 6-Lane Section,22.5937,78.9629,13.35,79.95,verified_state,verified_facility,exact,project_site,high,True,True,VALIDATED,True,Known verified facility (Veera Kaveri Raja Puram to Pondavakkam 6-Lane Section)
618769,Walajahpet/Ranipet to TN/AP Border Section of from Km.106.800 to Km.133.36 NH-4,"Multi-States (Andhra Pradesh, Tamil Nadu)",Ranipet,Bangalore-Chennai Expressway Walajahpet-Arakkonam,12.9229,79.3328,12.9229,79.3328,verified_city,verified_city,exact,city,high,True,True,VALIDATED,False,Matched infrastructure site keyword in Ranipet
618771,6L of Varadharajula to Kumarajapet from km 0.000 to km 43.800 of NH-716B Pkg-I,"Multi-States (Andhra Pradesh, Tamil Nadu)",Chittoor,NH-716 Varadharajula to Kumarajapet 6-Lane Section,22.5937,78.9629,13.25,79.35,verified_state,verified_facility,exact,project_site,high,True,True,VALIDATED,True,Known verified facility (NH-716 Varadharajula to Kumarajapet 6-Lane Section)
618772,6L of Kumarajapet to Veera Kaveri Raja Puram from km 43.800 to km 61.380 of NH- 716B Pkg-II,"Multi-States (Andhra Pradesh, Tamil Nadu)",Tiruvallur,Kumarajapet to Veera Kaveri Raja Puram Section,22.5937,78.9629,13.3,79.75,verified_state,verified_facility,exact,project_site,high,True,True,VALIDATED,True,Known verified facility (Kumarajapet to Veera Kaveri Raja Puram Section)
619077,6 laning of Balance Work of Chennai - Tada from km. 21.40 to km. 54.40,"Multi-States (Andhra Pradesh, Tamil Nadu)",Chennai,Chennai Airport Modernization & Metro Rail Phase-II,13.0827,80.2707,13.083566,80.270448,verified_city,verified_city,exact,city,high,True,True,VALIDATED,True,Matched infrastructure site keyword in Chennai
618747,Khammam-Devarapalle Pkg III [4L Access Controlled Greenfield from Chintagudem village to Recherla village Design Chainage 63117 to 105236],"Multi-States (Andhra Pradesh, Telangana)",Khammam,"Khammam - Devarapalle Greenfield Highway Pkg-3, Khammam",22.5937,78.9629,17.25,80.15,verified_state,verified_facility,exact,project_site,high,True,True,VALIDATED,True,"Known verified facility (Khammam - Devarapalle Greenfield Highway Pkg-3, Khammam)"
618818,4L Access Controlled Greenfield Highway section on NH-163G Khammam Vijayawada from Remidicherla village at Design Ch. 280.200 Km to Jakkampudi village on NH-16 at Design Ch. 309.909 Km Package-III,"Multi-States (Andhra Pradesh, Telangana)",NTR,Vijayawada International Airport & Rail Hub,16.5062,80.648,16.506025,80.647568,verified_city,verified_city,exact,city,high,True,True,VALIDATED,True,Matched infrastructure site keyword in NTR
619143,4L Access Controlled Greenfield Highway section on NH-163G Khammam Vijayawada from BrahmanapalliK village at Design Ch. 250.400 Km to Remidicherla village at Design Ch. 280.200 KmPackage-II,"Multi-States (Andhra Pradesh, Telangana)",NTR,Vijayawada International Airport & Rail Hub,16.5062,80.648,16.505753,80.647942,verified_city,verified_city,exact,city,high,True,True,VALIDATED,True,Matched infrastructure site keyword in NTR
619212,6L Access Controlled Greenfield Highway of Julekal village to Dinnedevarapadu village from Km 242.200 to Km 280.400 Pkg-2,"Multi-States (Andhra Pradesh, Telangana)",YSR Kadapa,Kadapa Airport & Kopparthy Mega Industrial Node,22.5937,78.9629,14.466654,78.823552,verified_state,verified_district,approximate,district,medium,True,True,APPROXIMATE,True,Authoritative district resolution (YSR Kadapa)
618359,Widening/Improvement to 4-Lane with Paved Shoulder from km 55000 Nagabang Gamsuk to km 82514 Oyan in the State of Assam and Arunachal Pradesh on EPC mode under Bharatmala Pariyojna of Length 27.514 Km Package-3,"Multi-States (Arunachal Pradesh, Assam)",Papum Pare,Donyi Polo Airport Itanagar (Hollongi),22.5937,78.9629,27.083953,93.605238,verified_state,verified_district,approximate,district,medium,True,True,APPROXIMATE,True,Authoritative district resolution (Papum Pare)
618531,6L of Aurangabad to Bihar-Jharkhand border Chordaha section from km. 180.000 to km. 209.827 of NH-2 PKG-01,"Multi-States (Bihar, Jharkhand)",Aurangabad,Nabinagar Super Thermal Power Plant,24.7533,84.3739,24.753571,84.373505,verified_city,verified_city,exact,city,high,True,True,VALIDATED,True,Matched infrastructure site keyword in Aurangabad
618532,6L of Aurangabad to Bihar-Jharkhand border Chordaha section from km. 209.827 to Km. 249.525 of NH-19 PKG-02,"Multi-States (Bihar, Jharkhand)",Aurangabad,Nabinagar Super Thermal Power Plant,24.7533,84.3739,24.753125,84.373444,verified_city,verified_city,exact,city,high,True,True,VALIDATED,True,Matched infrastructure site keyword in Aurangabad
618724,6L Greenfield Varanasi-Ranchi-Kolkata Highway from Anarbansalea village to Sagrampur village From KM. 151200 to KM. 184700Package-7,"Multi-States (Bihar, Jharkhand)",Ranchi,Ranchi Smart City & Core Infrastructure,23.3441,85.3096,23.343454,85.308917,verified_city,verified_city,exact,city,high,True,True,VALIDATED,True,Matched infrastructure site keyword in Ranchi
618951,Hariharganj to Parwa Mode section from km 23.284 to km 57.049 of NH-98,"Multi-States (Bihar, Jharkhand)",Palamu,"NH-98 Hariharganj - Parwa Mode Section, Palamu",22.5937,78.9629,24.52,84.1,verified_state,verified_facility,exact,project_site,high,True,True,VALIDATED,True,"Known verified facility (NH-98 Hariharganj - Parwa Mode Section, Palamu)"
618952,4L of Sahibganj - Manihari Ganga Bridge including Manihari Bypass,"Multi-States (Bihar, Jharkhand)",Sahibganj,Sahibganj Multi-Modal Inland Water Terminal,25.25,87.65,25.250175,87.650458,verified_city,verified_city,exact,city,high,True,True,VALIDATED,True,Matched infrastructure site keyword in Sahibganj
619078,Six Laning of Bihar - Jharkhand Border Chordaha - Gorhar section of NH-2 from km 249.525 to km 320.810,"Multi-States (Bihar, Jharkhand)",Hazaribagh,"NH-2 Chordaha - Gorhar 6-Lane Section, Chouparan",22.5937,78.9629,24.38,85.25,verified_state,verified_facility,exact,project_site,high,True,True,VALIDATED,True,"Known verified facility (NH-2 Chordaha - Gorhar 6-Lane Section, Chouparan)"
619307,4L of Munger Mirzachauki section from Km 157350 to Km 193931 Pkg-4,"Multi-States (Bihar, Jharkhand)",Munger,Munger Rail-cum-Road Ganga Bridge,25.3756,86.4739,25.375425,86.473441,verified_city,verified_city,exact,city,high,True,True,VALIDATED,True,Matched infrastructure site keyword in Munger
618530,Six Laning of Varanasi to Aurangabad from km. 786.00 to km. 978.40 of Old NH-2,"Multi-States (Bihar, Uttar Pradesh)",Aurangabad,Nabinagar Super Thermal Power Plant,24.7533,84.3739,24.752853,84.373839,verified_city,verified_city,exact,city,high,True,True,VALIDATED,True,Matched infrastructure site keyword in Aurangabad
618728,6L Greenfield Varanasi-Ranchi-Kolkata Highway from junction with NH-19 & Varanasi Ring Road near Rewasa village to junction with Chandauli-Chainpur road near Khainti village from Km. 0.000 to Km. 27.000 - Pkg-1,"Multi-States (Bihar, Uttar Pradesh)",Chandauli,Pt. Deen Dayal Upadhyaya Junction (Mughalsarai),25.2605,83.2652,25.260947,83.265261,verified_city,verified_city,exact,city,high,True,True,VALIDATED,True,Matched infrastructure site keyword in Chandauli
618882,Construction of additional 3-Lane Bridge over River Ganga for connection between Buxar and Bharauli on NH-922 in the State of Uttar Pradesh and Bihar on Hybrid Annuity Mode,"Multi-States (Bihar, Uttar Pradesh)",Buxar,Chausa Buxar Thermal Power Project,25.56,83.98,25.560447,83.980061,verified_city,verified_city,exact,city,high,True,True,VALIDATED,True,Matched infrastructure site keyword in Buxar
619154,Construction of Four Lane Highway from Ghazipur- Ballia-UP/Bihar State Border Greenfield section of NH-31 Package III [from Pindari km 78.150 to Rawalganj Bypass Km 117.120] on EPC Mode in the state of Uttar Pradesh.,"Multi-States (Bihar, Uttar Pradesh)",Ghazipur,Ghazipur Purvanchal Expressway Terminal,25.584,83.577,25.584,83.577,verified_city,verified_city,exact,city,high,True,True,VALIDATED,False,Matched infrastructure site keyword in Ghazipur
618584,4L of Kishanganj - Bahadurganj section from Km. 0.000 to Km. 23.649 & interchange at Start Point Length - 1.200 Km of NH-27,"Multi-States (Bihar, West Bengal)",Kishanganj,Kishanganj Border Corridor,26.0739,87.9406,26.0739,87.9406,verified_city,verified_city,exact,city,high,True,True,VALIDATED,False,Matched infrastructure site keyword in Kishanganj
618676,6L of Dhanara - Hatibena Section from Km 124.611 to km 146.50 of NH-130-CD Package OD-1,"Multi-States (Chhattisgarh, Odisha)",Nabarangpur,"NH-130CD Dhanara - Hatibena 6-Lane Section, Nabarangpur",22.5937,78.9629,19.35,82.42,verified_state,verified_facility,exact,project_site,high,True,True,VALIDATED,True,"Known verified facility (NH-130CD Dhanara - Hatibena 6-Lane Section, Nabarangpur)"
619064,Vadodara Mumbai Expressway Talsari to Karvad Phase IB - Pkg X [Km 103.400 to Km 128.000],"Multi-States (Dadra & Nagar Haveli and Daman & Diu, Gujarat, Maharashtra)",Valsad,"Valsad, Vapi & Expressway Corridor",20.5992,72.9342,20.599647,72.934259,verified_city,verified_city,exact,city,high,True,True,VALIDATED,True,Matched infrastructure site keyword in Valsad
618577,Dwarka Expressway Pkg-III Delhi/HR Border to Start of RoB Gurugram,"Multi-States (Delhi, Haryana)",Gurugram,Cyber City & Dwarka Expressway Haryana,28.4595,77.0266,28.459053,77.026537,verified_city,verified_city,exact,city,high,True,True,VALIDATED,True,Matched infrastructure site keyword in Gurugram
619122,Akshardham - DL/UP Border Pkg-01,"Multi-States (Delhi, Uttar Pradesh)",East Delhi,East Delhi RRTS & Multi-Modal Hub,28.6279,77.2954,28.628075,77.295872,verified_city,verified_city,exact,city,high,True,True,VALIDATED,True,Matched infrastructure site keyword in East Delhi
618942,Balance work of 2L PS from Km 30.800 to Km 70.800 and 2L with Rigid Carriageway from Km 70.800 to km 84.120 of Khanapur- KA/GOA Border section of NH-4A,"Multi-States (Goa, Karnataka)",Belagavi,Belagavi Industrial & Smart City Node,15.8497,74.4977,15.84992,74.496793,verified_city,verified_city,exact,city,high,True,True,VALIDATED,True,Matched infrastructure site keyword in Belagavi
618637,Bal. Works of Fagne Km. 510.000 to Maharashtra/Gujarat Border Km. 650.794,"Multi-States (Gujarat, Maharashtra)",Dhule,Dhule-Nardana DMIC Corridor,20.9042,74.7749,20.903753,74.774841,verified_city,verified_city,exact,city,high,True,True,VALIDATED,True,Matched infrastructure site keyword in Dhule
618486,Delhi-Amritsar-Katra Expressway Phase-I Pkg-V from Junction with Ambala-Kaithal- Hissar road NH-152 near Kharak Pandwa village to Junction with Patiala-Samana- Patran road SH-10 near Ghagga village Km 120250 to Km 157920,"Multi-States (Haryana, Punjab)",Kaithal,Kaithal Highway Corridor,29.8,76.4,29.800175,76.400478,verified_city,verified_city,exact,city,high,True,True,VALIDATED,True,Matched infrastructure site keyword in Kaithal
618760,4L Greenfield a Malout bypass from ch. Km 44.500 to ch. Km 35.500 on NH-07 and Ch. Km 0.000 to Km 6.984 on NH-09 bMandi Dabwali Bypass from Ch. 38.450 Km to Km 27.910 Pkg-02,"Multi-States (Haryana, Punjab)",Sirsa,Sirsa Air Force Station & Highway,29.5333,75.0333,29.5333,75.0333,verified_city,verified_city,exact,city,high,True,True,VALIDATED,False,Matched infrastructure site keyword in Sirsa
618935,4L Ambala - Kalaamb from Km. -0.800 to Km. 33.015 of old NH-72,"Multi-States (Haryana, Punjab)",Ambala,"Ambala - Kala Amb 4-Lane Highway, Ambala",22.5937,78.9629,30.3782,76.7767,verified_state,verified_facility,exact,project_site,high,True,True,VALIDATED,True,"Known verified facility (Ambala - Kala Amb 4-Lane Highway, Ambala)"
619093,4L Ismailabad to Ambala Section of NH-152 Lot-4/Package-1,"Multi-States (Haryana, Punjab)",Ambala,"Ismailabad - Ambala 4-Lane Corridor, NH-152, Ambala",22.5937,78.9629,30.32,76.81,verified_state,verified_facility,exact,project_site,high,True,True,VALIDATED,True,"Known verified facility (Ismailabad - Ambala 4-Lane Corridor, NH-152, Ambala)"
619134,6L of Ambala-Chandigarh greenfield section from Km. 0.000 to Km. 25.000 with 4L spur to Lalru from Km. 0.000 to Km. 5.828 & spur to PR-7 road from Km. 0.000 to Km. 11.157,"Multi-States (Haryana, Punjab)",SAS Nagar,Ambala - Chandigarh Greenfield Expressway Section,22.5937,78.9629,30.55,76.78,verified_state,verified_facility,exact,project_site,high,True,True,VALIDATED,True,Known verified facility (Ambala - Chandigarh Greenfield Expressway Section)
619216,6L access Controlled Greenfield Highway from Adhoya Musalmana to Sadopur section of Shamli -Ambala Package-III Design Ch. Form km 84.400 to km 121.786,"Multi-States (Haryana, Punjab)",Shamli / Ambala Border,Shamli - Ambala Greenfield Expressway,29.8,77.2,29.8,77.2,verified_district,verified_district,exact,project_site,high,True,True,VALIDATED,False,Preserved validated district location
618505,Additional Structures on 6LGurgaon-Jaipur Section of NH-48 between KM 42.700 to KM 273.00,"Multi-States (Haryana, Rajasthan)",Jaipur,Jaipur Metro & Ring Road,26.9124,75.7873,26.912575,75.787765,verified_city,verified_city,exact,city,high,True,True,VALIDATED,True,Matched infrastructure site keyword in Jaipur
618691,4 laning of Aligarh-Palwal Section from Km. 46.390 Design Chainage to Km. 69.110 Terminating at junction EPE Package-II from Kurana- Eastern Peripheral Expressway of NH-334D,"Multi-States (Haryana, Uttar Pradesh)",Palwal,Palwal KMP Expressway & Freight Corridor,28.1444,77.3256,28.1444,77.3256,verified_city,verified_city,exact,city,high,True,True,VALIDATED,False,Matched infrastructure site keyword in Palwal
618723,6L access Controlled Greenfield Highway from Ranipur Barsi to Adhoya Musalmana section of Shamli -Ambala Package-II Design Ch. Form km 45.500 to km 84.400,"Multi-States (Haryana, Uttar Pradesh)",Shamli,Shamli Highway & Sugar Node,29.4494,77.3117,29.4494,77.3117,verified_city,verified_city,exact,city,high,True,True,VALIDATED,False,Matched infrastructure site keyword in Shamli
619068,Construction of Greenfield Connectivity to Jewar International Airport from DND- Faridabad-Ballabhgarh Bypass KMP Link - Spur to Delhi Mumbai Expressway,"Multi-States (Haryana, Uttar Pradesh)",Faridabad,Faridabad Smart City & Industrial Node,28.4089,77.3178,28.409347,77.317863,verified_city,verified_city,exact,facility,high,True,True,VALIDATED,True,Matched infrastructure site keyword in Faridabad
618907,2L/4L of Hoshiarpur to Una section including Hoshiarpur Bypass of NH 503A,"Multi-States (Himachal Pradesh, Punjab)",Hoshiarpur,Hoshiarpur & Dasuya Highway Corridor,31.53,75.92,31.530447,75.920065,verified_city,verified_city,exact,city,high,True,True,VALIDATED,True,Matched infrastructure site keyword in Hoshiarpur
619291,4L Poanta SahebMednipur from Km. 435.65 to km. 458.65 of NH-07Pkg-1,"Multi-States (Himachal Pradesh, Uttarakhand)",Sirmaur,"NH-07 Paonta Sahib to Mednipur 4-Lane Section, Sirmaur",22.5937,78.9629,30.44,77.62,verified_state,verified_facility,exact,project_site,high,True,True,VALIDATED,True,"Known verified facility (NH-07 Paonta Sahib to Mednipur 4-Lane Section, Sirmaur)"
619066,Delhi-Amritsar-Katra Expressway Phase-II Pkg-XIV from Junction with Pathankot- Gurdaspur road NH-54 near Balsua to Junction with Hiranagar Road near village Gurha Baildaran km 423500 to km 468100,"Multi-States (Jammu and Kashmir, Punjab)",Pathankot,City Gas Distribution Project at Pathankot,32.2689,75.6499,32.269347,75.649966,verified_city,verified_city,exact,city,high,True,True,VALIDATED,True,Matched infrastructure site keyword in Pathankot
618828,4L from Km 219.600 Khajuri to Km 260.483 Wyndhamganj on NH-75 Sec-V,"Multi-States (Jharkhand, Uttar Pradesh)",Sonbhadra / Garhwa Border,Sonbhadra - Garhwa NH-75 Border Corridor,24.25,83.42,24.25,83.42,verified_district,verified_district,exact,project_site,high,True,True,VALIDATED,False,Preserved validated district location
618533,Barwa Adda Km. 398.240 to Panagarh Km. 521.120,"Multi-States (Jharkhand, West Bengal)",Dhanbad / Paschim Bardhaman Border,Dhanbad - Asansol - Panagarh NH-19 Corridor,23.75,86.85,23.75,86.85,verified_district,verified_district,exact,project_site,high,True,True,VALIDATED,False,Preserved validated district location
618734,6L Greenfield Varanasi- Ranchi- Kolkata Highway from junction with NH-320 in Lepo village to Kamlapur villageJH/WB border from km 358.500 to km 387.200 Pkg -13,"Multi-States (Jharkhand, West Bengal)",Ranchi,Ranchi Smart City & Core Infrastructure,22.5726,88.3639,23.343234,85.309868,verified_city,verified_city,exact,city,high,True,True,VALIDATED,True,Matched infrastructure site keyword in Ranchi
618909,2L PS of JH / WB Border km. 70.524 - Purulia km.84.400 & Purulia km. 94.30 - Chandil Junction with NH-33 km. 153.705 of Old NH-32,"Multi-States (Jharkhand, West Bengal)",Saraikela Kharsawan,Adityapur Industrial Area & DFC,22.7,85.93,22.700447,85.93006,verified_city,verified_city,exact,city,high,True,True,VALIDATED,True,Matched infrastructure site keyword in Saraikela Kharsawan
618948,4L of NH-80 section of Mirza Chauki to Farakka section from existing km 190.00 to design km 200.75 junction at km 3.100 of NH 133 B and from existing km 260.00 to existing km 283.00 design km 274.133 in the state of Jharkhand package - II,"Multi-States (Jharkhand, West Bengal)",Murshidabad,Farakka Super Thermal Power Station,24.18,88.27,24.18,88.27,verified_city,verified_city,exact,city,high,True,True,VALIDATED,False,Matched infrastructure site keyword in Murshidabad
619104,4L/2L PS of Govindpur Raiganj - Chas - WB border section of from km. 0.00 to km. 56.889 of Old NH-32,"Multi-States (Jharkhand, West Bengal)",Dhanbad,Jharia Coalfield & BCCL Mining Infrastructure,23.7957,86.4304,23.796566,86.430132,verified_city,verified_city,exact,city,high,True,True,VALIDATED,True,Matched infrastructure site keyword in Dhanbad
619205,Six Laning of KT/KL Border Thalapaddy -Chengala from Km. 17.200 to Km. 57.20,"Multi-States (Karnataka, Kerala)",Kasaragod,Chengala & Neeleshwaram 6-Lane NH-66 Corridor,12.5102,74.9852,12.510375,74.985625,verified_city,verified_city,exact,city,high,True,True,VALIDATED,True,Matched infrastructure site keyword in Kasaragod
618515,6L from Belgaum to Sankeshwar Bypass from Km. 515.000 to Km. 555.017 of NH-48 Pkg-I,"Multi-States (Karnataka, Maharashtra)",Belagavi,Belagavi Industrial & Smart City Node,15.8497,74.4977,15.849054,74.497048,verified_city,verified_city,exact,city,high,True,True,VALIDATED,True,Matched infrastructure site keyword in Belagavi
618516,6L from Sankeshwar Bypass to MH-KNT Border from Km. 555.017 to Km. 592.853 of NH-48 Pkg-II,"Multi-States (Karnataka, Maharashtra)",Kolhapur / Belagavi Border,Belagavi - Kolhapur NH-48 Border Corridor,16.25,74.45,16.25,74.45,verified_district,verified_district,exact,project_site,high,True,True,VALIDATED,False,Preserved validated district location
618636,Akkalkot MH/KN border New Greenfield corridor from Km 512.000 to Km 548.400 of NH-150C part of Akkalkot KN/TS Border section Package XIV,"Multi-States (Karnataka, Maharashtra)",Solapur,Solapur NTPC & Highway,17.6599,75.9064,17.660546,75.907058,verified_city,verified_city,exact,city,high,True,True,VALIDATED,True,Matched infrastructure site keyword in Solapur
618519,Bangalore Ring Road STRR-NH-948A- Package-I of Phase-III from Belagondapalli TN to TN/KNT border from km 144.480 to 179.969,"Multi-States (Karnataka, Tamil Nadu)",Bengaluru Urban,Bengaluru Metro & Tech Hub,12.9716,77.5946,12.972858,77.595102,verified_city,verified_city,exact,city,high,True,True,VALIDATED,True,Matched infrastructure site keyword in Bengaluru Urban
618581,Hosur to Dhamrapuri Pkg-1 [Neraluru - Thorapalli Agraharam],"Multi-States (Karnataka, Tamil Nadu)",Krishnagiri,Hosur Electronics & EV Manufacturing Hub,12.5186,78.2137,12.518775,78.214125,verified_city,verified_city,exact,city,high,True,True,VALIDATED,True,Matched infrastructure site keyword in Krishnagiri
618631,6L of MH/KN Border Nimbal Village to KN/TS Border Singnodi Village from Km. 162.5 to Km. 203.100 in Raichur of NH-150C Pkg-IV,"Multi-States (Karnataka, Telangana)",Raichur,Raichur Thermal Power & Mining Hub,16.2076,77.3463,16.207775,77.346732,verified_city,verified_city,exact,city,high,True,True,VALIDATED,True,Matched infrastructure site keyword in Raichur
618632,6L Access Controlled Greenfield Highway of Nandinne village to Julekal village from Km 202.900 to Km 242.200 Pkg-1,"Multi-States (Karnataka, Telangana)",Bengaluru Urban,Bengaluru Metro & Tech Hub,22.5937,78.9629,12.972653,77.593733,verified_state,verified_district,approximate,district,medium,True,True,APPROXIMATE,True,Authoritative district resolution (Bengaluru Urban)
619097,Thalassery Mahe Bypass Km 170.600 to Km 189.200 of NH-17New NH-66 in Kerala,"Multi-States (Kerala, Puducherry)",Kannur,Kannur International Airport & Port,11.8745,75.3704,11.874947,75.370457,verified_city,verified_city,exact,city,high,True,True,VALIDATED,True,Matched infrastructure site keyword in Kannur
619101,4L Shahpur to Muktainagar from Km. 186.000 to km 216.278 of NH 753L Pkg II of Boregaon Buzurg to Muktainagar,"Multi-States (Madhya Pradesh, Maharashtra)",Burhanpur,Burhanpur & Borgaon Highway Corridor,21.3144,76.2294,21.314575,76.229845,verified_city,verified_city,exact,city,high,True,True,VALIDATED,True,Matched infrastructure site keyword in Burhanpur
618556,"Construction of 26 VUPs, Major Bridge, Service Road etc. on Lalitpur-Sagar- Lakhnadon section of NH-44 NS","Multi-States (Madhya Pradesh, Uttar Pradesh)",Seoni,Seoni Highway Corridor,22.0858,79.5447,22.0858,79.5447,verified_city,verified_city,exact,city,high,True,True,VALIDATED,False,Matched infrastructure site keyword in Seoni
618668,4L of Chowka to Kaimaha near MP/UP Border section NH-34 from D. Ch. 145.000 to D. Ch. 197.266 excluding existing Chhatarpur bypass from D. Ch. 160.307 to D. Ch. 168.630 Package-4,"Multi-States (Madhya Pradesh, Uttar Pradesh)",Chhatarpur,Khajuraho Airport & Chhatarpur Node,24.9161,79.5811,24.9161,79.5811,verified_city,verified_city,exact,city,high,True,True,VALIDATED,False,Matched infrastructure site keyword in Chhatarpur
618624,Mangloor to Telangana Maharashtra Border,"Multi-States (Maharashtra, Telangana)",Nagpur,Saoner & Makardhokra Coal & MIHAN SEZ,22.5937,78.9629,21.144542,79.087676,verified_state,verified_district,approximate,district,medium,True,True,APPROXIMATE,True,Authoritative district resolution (Nagpur)
618938,4L of Rajura-Korpana-Adilabad Road upto M.S. Border from km 32.910 to km 89.090 of NH-353B,"Multi-States (Maharashtra, Telangana)",Adilabad,Adilabad Airport & Cotton SEZ,19.6667,78.5333,19.6667,78.5333,verified_city,verified_city,exact,city,high,True,True,VALIDATED,False,Matched infrastructure site keyword in Adilabad
618941,4L of Bamni - Rajura - Warur - Devada upto M.S. Border of NH - 930D from km 19.000 to km 51.985,"Multi-States (Maharashtra, Telangana)",Chandrapur,"NH-930D Bamni - Rajura - Warur Section, Chandrapur",22.5937,78.9629,19.78,79.36,verified_state,verified_facility,exact,project_site,high,True,True,VALIDATED,True,"Known verified facility (NH-930D Bamni - Rajura - Warur Section, Chandrapur)"
618844,Viluppuram Km.0.000 to Puducherry Km.29.000,"Multi-States (Puducherry, Tamil Nadu)",Puducherry,Puducherry Port & Smart City Infrastructure,11.9416,79.8083,11.941775,79.808724,verified_city,verified_city,exact,city,high,True,True,VALIDATED,True,Matched infrastructure site keyword in Puducherry
618845,Puducherry Km.29.000 to Poondiyankuppam Km.67.000,"Multi-States (Puducherry, Tamil Nadu)",Puducherry,Puducherry Port & Smart City Infrastructure,11.9416,79.8083,11.942047,79.808357,verified_city,verified_city,exact,city,high,True,True,VALIDATED,True,Matched infrastructure site keyword in Puducherry
618847,Sattanathapuram to Nagapattinam from Km 123.800 to Km 179.555,"Multi-States (Puducherry, Tamil Nadu)",Nagapattinam,Cauvery Basin Refinery (CBR 9 MMTPA) CPCL,10.7672,79.8449,10.767375,79.845322,verified_city,verified_city,exact,city,high,True,True,VALIDATED,True,Matched infrastructure site keyword in Nagapattinam
618755,4L of left out existing road section from Lalgopalganj Km 161.450 to Nawabganj Km 180.200 in Prayagraj,"Multi-States (Rajasthan, Uttar Pradesh)",Prayagraj,Jasra Bypass & Prayagraj Ring Road,25.4358,81.8463,25.436247,81.846361,verified_city,verified_city,exact,city,high,True,True,VALIDATED,True,Matched infrastructure site keyword in Prayagraj
618711,6L with access control provision Saharanpur bypass to Ganeshpur section from 13.89 Km to 41.820 Km of Delhi- Dehradun Economic Corridor package-2,"Multi-States (Uttar Pradesh, Uttarakhand)",Saharanpur,Saharanpur Freight & Expressway Corridor,29.9679,77.5452,29.9679,77.5452,verified_city,verified_city,exact,city,high,True,True,VALIDATED,False,Matched infrastructure site keyword in Saharanpur
618783,4-laning of Pilibhit - Sitarganj from Km. 32.500 to Km. 70.800 Pkg-2 of NH-30,"Multi-States (Uttar Pradesh, Uttarakhand)",Udham Singh Nagar,Pantnagar Airport & Industrial Node,28.98,79.4,28.980175,79.400474,verified_city,verified_city,exact,city,high,True,True,VALIDATED,True,Matched infrastructure site keyword in Udham Singh Nagar
618886,Road Safety Improvement of Critical Junctions on MuzaffarnagarHaridwar Section of NH-334 from Km 143000 to Km 196000,"Multi-States (Uttar Pradesh, Uttarakhand)",Muzaffarnagar / Haridwar Border,Haridwar - Roorkee Highway Link,29.85,78.0,29.85,78.0,verified_district,verified_district,exact,project_site,high,True,True,VALIDATED,False,Preserved validated district location
618912,Construction of Rudrapur Bypass Section from Km. 0.000 to 20.640 in the state of Uttar Pradesh & Uttarakhand,"Multi-States (Uttar Pradesh, Uttarakhand)",Deoria,Deoria Highway & Rail Network,26.5024,83.7791,26.5024,83.7791,verified_city,verified_city,exact,city,high,True,True,VALIDATED,False,Matched infrastructure site keyword in Deoria
618928,"Improvement & Up-gradation of NH-734 Section of Moradabad-Thakurdwara Kashipur including Moradabad & Kashipur Bypasse Package-III Kashipur Bypass Length 14.490 Km., Starts from Ch. 38770 and ends at Ch. 53260 existing Ch. 05560","Multi-States (Uttar Pradesh, Uttarakhand)",Moradabad,Moradabad Brass & Smart City Hub,28.8386,78.7733,28.8386,78.7733,verified_city,verified_city,exact,city,high,True,True,VALIDATED,False,Matched infrastructure site keyword in Moradabad
618969,4/6L of Spur to Haridwar Greenfield from Km. 0.000 to Km. 50.70,"Multi-States (Uttar Pradesh, Uttarakhand)",Haridwar,Haridwar Ring Road & SIDCUL Industrial Area,29.9457,78.1642,29.945875,78.164678,verified_city,verified_city,exact,city,high,True,True,VALIDATED,True,Matched infrastructure site keyword in Haridwar
619217,4L of Haridwar-Nagina section from km. 0.00 to km. 71.614 of NH-74,"Multi-States (Uttar Pradesh, Uttarakhand)",Haridwar,Haridwar Ring Road & SIDCUL Industrial Area,29.9457,78.1642,29.946147,78.164264,verified_city,verified_city,exact,city,high,True,True,VALIDATED,True,Matched infrastructure site keyword in Haridwar
617886,Widening of existing Single lane / Intermediate lane road to 2 lane from Km 101 to Km 125 of NH 61,Nagaland,Dimapur,Dimapur Infrastructure Hub,25.9095,93.7266,25.9095,93.7266,verified_district,verified_district,approximate,district,medium,True,True,APPROXIMATE,False,Preserved validated district location
618002,Widening of existing single lane to intermediate lane road from Mokokchung to Chare via Dikhu in the state of Nagaland on EPC mode,Nagaland,Mokokchung,Mokokchung Highway & Education Node,26.32,94.52,26.32,94.52,verified_city,verified_city,exact,city,high,True,True,VALIDATED,False,Matched infrastructure site keyword in Mokokchung
618072,Widening to Existing single lane /intermediate lane to 2 lane from Km185.00 to Km 220.00 of NH-61 New NH-02 in the state of Nagaland.,Nagaland,Mokokchung,Mokokchung Infrastructure Hub,26.326,94.521,26.326,94.521,verified_district,verified_district,approximate,district,medium,True,True,APPROXIMATE,False,Preserved validated district location
618290,"Construction of 2-lane with Paved shoulder of Kohima- Bypass Road Connecting NH- 39New NH-02, NH-150New NH-02, NH-61New NH-29, NH-39New NH-02 from Design Km 32.00 to Design Km 43.454Design Length-11.454 Km in the State of Nagaland under SARDP-NE on EPC Mode Package-IV",Nagaland,Kohima,Kohima Smart City & Medical College,25.6751,94.1086,25.675275,94.10906,verified_city,verified_city,exact,city,high,True,True,VALIDATED,True,Matched infrastructure site keyword in Kohima
618291,"Construction of 2-lane with Paved shoulder of Kohima-Bypass Road connecting NH- 39 New NH-02, NH150New NH-02, NH7-61 New NH-29 and NH-39 New NH-02 from Design km 21.000 to km 32.268 [Design length11.268 km] in the state of Nagaland Under SARDP-NE on EPC Mode Package- 3",Nagaland,Kohima,Kohima Smart City & Medical College,25.6751,94.1086,25.675547,94.108662,verified_city,verified_city,exact,city,high,True,True,VALIDATED,True,Matched infrastructure site keyword in Kohima
618292,Construction of 2-Lane with paved shoulder of Kohima-Bypass Road connecting New NH-02 and New NH-29 from Design Km 10.500 to design Km 21.000 [Design Length- 10.500 km] including TUNNEL of 500m at Ch. 11.000 in the state of Nagaland Under SARDP-NE on EPC Mode Package-2,Nagaland,Kohima,Kohima Smart City & Medical College,25.6751,94.1086,25.675371,94.108202,verified_city,verified_city,exact,city,high,True,True,VALIDATED,True,Matched infrastructure site keyword in Kohima
618293,"Construction of 2-Lane with paved shoulder of Kohima-Bypass Road connecting NH- 39New NH-02, NH-150New NH-02, NH-61New NH-29 and NH-39New NH-02 from design Km 0.00 to Km 10.500 in the State of Nagaland under SARDP-NE on EPC Mode Package-1 -Balance work",Nagaland,Kohima,Kohima Smart City & Medical College,25.6751,94.1086,25.674925,94.10814,verified_city,verified_city,exact,city,high,True,True,VALIDATED,True,Matched infrastructure site keyword in Kohima
618296,Balance work of Construction of 2-lane with hard shoulder of Kohima - Jessami road on NH-29 old NH-150 from existing km 98.380 near Chizami vill. to km120.367 Nagaland/Manipur Border [Design km 95.700 to design km 117.200] [Design Length 21.500 km] in the state of Nagaland Under Bharatmala Pariyojna on EPC Mode Package-V under NHO,Nagaland,Kohima,Kohima Smart City & Medical College,25.6751,94.1086,25.674653,94.108538,verified_city,verified_city,exact,city,high,True,True,VALIDATED,True,Matched infrastructure site keyword in Kohima
618297,Construction of 2-lane with hard shoulder of Kohima - Jessami road on NH-29 Old NH- 150 from existing Km 30.474 Near Kidwema road Chakahabama to existing Km 53.220 Near Kikruma Village Design Km 29.60 to Km 51.50 Design length-21.90 Km in the state of Nagaland Under Bharatmala Pariyojna on EPC Mode under NHO Package-II -Balance work,Nagaland,Kohima,Kohima Smart City & Medical College,25.6751,94.1086,25.674829,94.108998,verified_city,verified_city,exact,city,high,True,True,VALIDATED,True,Matched infrastructure site keyword in Kohima
618328,4-Laning of Balance work of Dimapur-Kohima Road from design km 152.490 to km 166.700 Existing km 156.000 to km 172.900 Excluding Dimapur & Kohima Bypass under SARDP-NE Package-III,Nagaland,Dimapur,Dimapur Airport & Dimapur-Kohima Rail Link,25.9068,93.7271,25.907247,93.727162,verified_city,verified_city,exact,city,high,True,True,VALIDATED,True,Matched infrastructure site keyword in Dimapur
618329,Construction of 4/6 Laning from Km 132.375 to Km 153.058 Total New Alignment length of 20.683 Km of Daboka-Dimapur Section Dimapur Bypass Nagaland Portion of NH-36 & 39 in the State of Nagaland on EPC basis under PhaseA of SARDP-NE,Nagaland,Dimapur,Dimapur Airport & Dimapur-Kohima Rail Link,25.9068,93.7271,25.907071,93.726701,verified_city,verified_city,exact,facility,high,True,True,VALIDATED,True,Matched infrastructure site keyword in Dimapur
618364,"Widening to 2 Lane with Hard shoulder of Akegwo-Avangkhu section of NH-202K for Package-I Design Chainage 0000 Km to 34795 Km, in the State of Nagaland on EPC mode under NH O-NE",Nagaland,Kohima,Kohima Infrastructure Hub,25.6751,94.1086,25.675746,94.109296,verified_district,verified_district,approximate,district,medium,True,True,APPROXIMATE,True,Preserved validated district location
618365,Widening to 2 Lane with Hard shoulder of Akegwo-Avangkhu section of NH-202K for Package-III Design Chainage 69875 Km to 106816 Km in the State of Nagaland on EPC mode under NHO-NE,Nagaland,Dimapur,Dimapur Infrastructure Hub,25.9095,93.7266,25.909675,93.727061,verified_district,verified_district,approximate,district,medium,True,True,APPROXIMATE,True,Preserved validated district location
618366,Widening to 2 Lane with Hard shoulder of Akegwo-Avangkhu section of NH-202K for Package-II Design Chainage 34795 Km to 69875 Km in the State of Nagaland on EPC mode under NHO-NE,Nagaland,Mokokchung,Mokokchung Infrastructure Hub,26.326,94.521,26.326175,94.521462,verified_district,verified_district,approximate,district,medium,True,True,APPROXIMATE,True,Preserved validated district location
618413,Construction of 2 laning with Hard shoulder of Peren-Dimapur section on NH 129A from Design Km 146.208 to Km 163.592 Length- 17.384 km in the state of Nagaland on EPC mode under NHO-TSP Package-III,Nagaland,Dimapur,Dimapur Airport & Dimapur-Kohima Rail Link,25.9068,93.7271,25.906625,93.726639,verified_city,verified_city,exact,city,high,True,True,VALIDATED,True,Matched infrastructure site keyword in Dimapur
618414,Construction of Balance work for 2-lane with hard shoulder of Peren- Dimapur section on NH-129A from Design Km 126.775 to Km 146.208 Length 19.433 Km in the state of Nagaland on EPC mode under NHO-TSP Package-II,Nagaland,Dimapur,Dimapur Airport & Dimapur-Kohima Rail Link,25.9068,93.7271,25.906353,93.727038,verified_city,verified_city,exact,city,high,True,True,VALIDATED,True,Matched infrastructure site keyword in Dimapur
618422,"Construction of 2-lane with hard shoulders of Merangkong-Tamlu-Mon road Wakching Twon portion on EPC basis from existing Chainage Km 59000 to Km 73640 [Design Km. 59000 to Km, 72450] Design length - 13.450 Km under SARDP-NE package-V Balance work",Nagaland,Kohima,Kohima Infrastructure Hub,25.6751,94.1086,25.675966,94.108327,verified_district,verified_district,approximate,district,medium,True,True,APPROXIMATE,True,Preserved validated district location
618423,Construction of 2-Lane with hard shoulders of Merangkong-Tamlu-Mon MTM Road from existing Km 20.456 to Km 41.065 Design Km. 20 to Km. 40.0 Design Length- 20.000 Km in the State of Nagaland under SARDP-NE Phase-A Pkg-2 Balance work,Nagaland,Dimapur,Dimapur Infrastructure Hub,25.9095,93.7266,25.909947,93.726662,verified_district,verified_district,approximate,district,medium,True,True,APPROXIMATE,True,Preserved validated district location
619059,Construction of 2-Lane with hard shoulders of Merangkong-Tamlu-Mon Road on EPC Basis from existing road Km. 76.640 to Km 98.065 Design chainage Km. 63.800 to Km. 86.835 Design Length-23.035 Km in the state of Nagaland under SARDP-NE PKG-IV Balance work,Nagaland,Mokokchung,Mokokchung Infrastructure Hub,26.326,94.521,26.326447,94.521062,verified_district,verified_district,approximate,district,medium,True,True,APPROXIMATE,True,Preserved validated district location
617898,New construction of Major Bridge with Approaches from Km 0.000 to 1.200 Madhopur -Badabanta section of NH-20 under NHO in Annual Plan 2022-23 in the State of Odisha,Odisha,Sundargarh,Integrated Kulda Garjanbahal & Basundhara,22.1167,84.0333,22.116253,84.03324,verified_district,verified_district,approximate,district,medium,True,True,APPROXIMATE,True,Preserved validated district location
617899,Widening and Strengthening to 4LPS/2LPS from km 0.000 to 35.800 Kuakhia - Mangalpur section of NH 20 in the state of Odisha on Annual Plan 2021-22,Odisha,Jajpur,Kalinganagar National Steel Hub,20.85,86.1333,20.85,86.1333,verified_city,verified_city,exact,city,high,True,True,VALIDATED,False,Matched infrastructure site keyword in Jajpur
617902,construction or By-pass road on NH-26 for Nabrangpur Town,Odisha,Cuttack,Cuttack Infrastructure Hub,20.4625,85.8828,20.462675,85.883242,verified_district,verified_district,approximate,district,medium,True,True,APPROXIMATE,True,Preserved validated district location
617904,Construction of Bypass road to Balangir town from km 72/400 Desing km 0/0 to km 79/800 Design km 11/670 of NH-26 in the State of Odisha.,Odisha,Balangir,Khurda-Balangir Rail Project,20.71,83.48,20.710447,83.480059,verified_city,verified_city,exact,city,high,True,True,VALIDATED,True,Matched infrastructure site keyword in Balangir
617905,Construction of 4 lane ROB with approaches in lieu of LC No. RV-172 at km 176.00 of NH-201 present NH-26 at Kesinga including land acquisition in the state of Odisha on EPC mode under Annual Plan 2021-22,Odisha,Kalahandi,Bhawanipatna & Kesinga Rail Corridor,19.91,83.11,19.91,83.11,verified_city,verified_city,exact,city,high,True,True,VALIDATED,False,Matched infrastructure site keyword in Kalahandi
617920,Widening and Strengthening to 2LPS including LA from km 318.970 to 353.450 Balikuda-Mulkani Section of NH-55 under NHO in Annual Plan 2022-23 in the State of Odisha. Job No. NH-55-OD-2022-23-656,Odisha,Koraput,NALCO Alumina Refinery & Pottangi Bauxite Mines,18.8135,82.7123,18.813053,82.712241,verified_district,verified_district,approximate,district,medium,True,True,APPROXIMATE,True,Preserved validated district location
617921,Widening and strengthening to 2LPS including LA of Kandarpur-Balikuda from km 277/500 to 318/970 of NH-55 in the State of Odisha under Annual Plan 2021-22.,Odisha,Khordha,Bhubaneswar Smart City & Metro Corridor,20.2961,85.8245,20.296547,85.824559,verified_district,verified_district,approximate,district,medium,True,True,APPROXIMATE,True,Preserved validated district location
617922,Construction of Jharsuguda Bypass including Land acqusition on NH-49 from km 258.636 to km 283.300 design chainage 258.636 to km 289.876 under NHO in Annual Plan 2022-23 for the state of Odisha Job No.NH-49-OD-2022-23-655,Odisha,Jharsuguda,Integrated Lakhanpur-Belpahar Mining Complex,21.855,84.008,21.855646,84.008676,verified_city,verified_city,exact,city,high,True,True,VALIDATED,True,Matched infrastructure site keyword in Jharsuguda
617923,Construction of Daspalla Bypass from km 195.250 To 200.635 of NH-57 including land acquisition in the state of Odisha on EPC mode under Annual Plan 2022-23.,Odisha,Cuttack,Cuttack Multi-Modal Logistic Park,20.4625,85.8828,20.462947,85.882859,verified_district,verified_district,approximate,district,medium,True,True,APPROXIMATE,True,Preserved validated district location
617924,Construction of bypass to Nayagarh town from km 235.469 to 252.482 of NH-57 including land acquisition in the state of Odisha.,Odisha,Sambalpur,Sambalpur Infrastructure Hub,21.4669,83.9812,21.4669,83.9812,verified_district,verified_district,approximate,district,medium,True,True,APPROXIMATE,False,Preserved validated district location
617925,Construction of Bypass to Khordha town from Km 294/000 to 300/300 on NH-57 including LA in the State of Odisha on EPC mode.,Odisha,Khordha,Bhubaneswar Smart City & Metro Corridor,20.2961,85.8245,20.296371,85.824117,verified_city,verified_city,exact,city,high,True,True,VALIDATED,True,Matched infrastructure site keyword in Khordha
617930,Construction of Bypass on NH-59 from Km 336/350 to 349/910 13.56 km near Berhampur town including 4-lane RoB in the state of Odisha.,Odisha,Ganjam,Gopalpur Port & SEZ & IISER Berhampur,19.315,84.7941,19.315175,84.794539,verified_city,verified_city,exact,city,high,True,True,VALIDATED,True,Matched infrastructure site keyword in Ganjam
618003,Construction of four lane ROB and its approaches in lieu of existing Level Crossing No. RV-71 at km 435 on NH-217 New NH-353 at Khariar including land acquisition under NHO in Annual Plan 2021-22 for the state of Odisha for F.Y. 2021-22 to F.Y 2033-34,Odisha,Nuapada,Khariar Road & Nuapada Corridor,20.8333,82.5333,20.8333,82.5333,verified_city,verified_city,exact,city,high,True,True,VALIDATED,False,Matched infrastructure site keyword in Nuapada
618012,"Widening & strengthenlng to 2LPS from km 0,000 to 40.000 Dhaugaon- Podamari section of NH 326 in the State of Odisha under Annual Plan 2021.22.",Odisha,Jagatsinghpur,Paradip Port Mega Petrochemical Complex,20.2644,86.6667,20.263953,86.666641,verified_district,verified_district,approximate,district,medium,True,True,APPROXIMATE,True,Preserved validated district location
618079,Construction of Dharmagarh Bypass on NH-130C including land acquisition in the state of Odisha on EPC Mode under Annual plan 2022-23.,Odisha,Jajpur,Kalinganagar National Steel Hub,20.85,86.1333,20.850175,86.133744,verified_district,verified_district,approximate,district,medium,True,True,APPROXIMATE,True,Preserved validated district location
618122,Widening to 2 lane with paved shoulded of Jareikela Jharkhand/Odisha Border - Dhabaleswar section from 0/0 to 36/0 of NH-320D in the State of Odisha under Annual Plan 2021-22.,Odisha,Sambalpur,Hirakud & Sambalpur Industrial Cluster,21.4669,83.9812,21.467075,83.981645,verified_district,verified_district,approximate,district,medium,True,True,APPROXIMATE,True,Preserved validated district location
618523,Bhadrak KM 136.500 to Baleshwar KM 199.141,Odisha,Balasore,Balasore Defense & Space Coast,21.4934,86.9135,21.4934,86.9135,verified_city,verified_city,exact,city,high,True,True,VALIDATED,False,Matched infrastructure site keyword in Balasore
618591,"Construction of 6-lane flyover at Ainthapali junction and a 2-lane ROB LHS on NH-53 Earlier NH-6 in Sambalpur, on EPC mode in Odisha under NHO",Odisha,Sambalpur,Hirakud & Sambalpur Industrial Cluster,21.4669,83.9812,21.467347,83.98126,verified_city,verified_city,exact,city,high,True,True,VALIDATED,True,Matched infrastructure site keyword in Sambalpur
618592,"Balance work of 8 nos. of Elephant Underpasses EUPs, 1 no. of Vehicular Underpass VUP, 1 nos. of Light Vehicular Underpass LVUP, 1 nos. of Pedestrian Underpass PUP, 1 nos. of Foot Over Bridge FOB and A2 side approach of Jharpokharia Flyover at Km.215.270 in Baharagora-Singhara section of NH-49",Odisha,Sambalpur,Sambalpur Infrastructure Hub,21.4669,83.9812,21.467171,83.980814,verified_district,verified_district,approximate,district,medium,True,True,APPROXIMATE,True,Preserved validated district location
618593,Balance work of Rehabilitation and Upgradation to four laning of Baharagora Singhara section of NH-49 from Km.229.727 to Km.238.990 Length 9.263 Km. including construction of five nos. of Elephant Underpasses EUP and fourteen nos. of Animal Underpasses AUP inside the buffer zone of Similipal Tiger Reserve Area in Bangriposi Ghat section in the State of Odisha on EPC Mode,Odisha,Mayurbhanj,Bangriposi & Gorumahisani Rail Link,21.9287,86.7411,21.928875,86.741547,verified_city,verified_city,exact,city,high,True,True,VALIDATED,True,Matched infrastructure site keyword in Mayurbhanj
618677,6L Greenfield Kaliagura Baunsaguar Section of NH-130-CD Road from km 249000 to km 293000 Package OD-5,Odisha,Jharsuguda,Jharsuguda Infrastructure Hub,21.855,84.006,21.855175,84.006447,verified_district,verified_district,approximate,district,medium,True,True,APPROXIMATE,True,Preserved validated district location
618678,6L Greenfield Baunsaguar - Baraja Section of NH-130-CD Road from km 293000 to km 338500 Package OD-6,Odisha,Ganjam,Gopalpur Port & SEZ & IISER Berhampur,19.315,84.7941,19.315447,84.794159,verified_district,verified_district,approximate,district,medium,True,True,APPROXIMATE,True,Preserved validated district location
618680,6L Greenfield Kandili - Aluru Section of NH-130-CD Road from km 342500 to km 365033 Package-OD-8,Odisha,Balasore,Balasore Defense & Space Coast,21.4934,86.9135,21.493575,86.913945,verified_district,verified_district,approximate,district,medium,True,True,APPROXIMATE,True,Preserved validated district location
618704,6L Flyover including RE Wall approaches with Flexible Pavement in the Elephant Corridor of Angul Sambalpur Section of NH-42 New NH-55 Km.202.533,Odisha,Sambalpur,Hirakud & Sambalpur Industrial Cluster,21.4669,83.9812,21.466725,83.980755,verified_city,verified_city,exact,city,high,True,True,VALIDATED,True,Matched infrastructure site keyword in Sambalpur
618705,"4L Godibandha to Ballhar Chhak, Ballhar Chhak to Banarpal & Banarpal to Start of Angul bypass at Km.314.130 to Km.321.035 of NH53, at Km.75.200 to Km.84.000 of NH149 & at Km.84.000 to Km.86.100 of NH55",Odisha,Angul,Subhadra & Bharatpur & Hingula Coal Complex,20.84,85.1,20.83978,85.100934,verified_city,verified_city,exact,city,high,True,True,VALIDATED,True,Matched infrastructure site keyword in Angul
618819,Balance work of Panikoili Rimoli Section of new NH-20 from Km 0.00 to Km. 163.000,Odisha,Jharsuguda,Integrated Lakhanpur-Belpahar Mining Complex,21.855,84.008,21.855866,84.007735,verified_district,verified_district,approximate,district,medium,True,True,APPROXIMATE,True,Preserved validated district location
618820,Rehabilitation and Up gradation from 4 to 8 laning of Chandikhole Paradip Section of NH-53 Old NH 5A from Km.39.000 to Km.60.00 Package-3,Odisha,Jajpur,Kalinganagar National Steel Hub,20.85,86.1333,20.850447,86.133359,verified_city,verified_city,exact,city,high,True,True,VALIDATED,True,Matched infrastructure site keyword in Jajpur
618821,Rehabilitation and Up gradation from 4 to 8 laning of Chandikhole Paradip Section of NH-53 Old NH 5A from Km 18.00 to Km 39.00 in the State of Odisha on HAM mode Package-2,Odisha,Jajpur,Kalinganagar National Steel Hub,20.85,86.1333,20.850271,86.132916,verified_city,verified_city,exact,city,high,True,True,VALIDATED,True,Matched infrastructure site keyword in Jajpur
618822,Rehabilitation and Up gradation from 4 to 8 laning of Chandikhole Paradip Section of NH-53 Old NH 5A from Km.0.00 to Km.18.00Package-1,Odisha,Jajpur,Kalinganagar National Steel Hub,20.85,86.1333,20.849825,86.132856,verified_city,verified_city,exact,city,high,True,True,VALIDATED,True,Matched infrastructure site keyword in Jajpur
618908,3L Major Bridge over River Brahmani at Km. 401.250 Duburi - Chandikhole Section of NH-200 New NH -53,Odisha,Jajpur,Kalinganagar National Steel Hub,20.85,86.1333,20.849553,86.133241,verified_city,verified_city,exact,city,high,True,True,VALIDATED,True,Matched infrastructure site keyword in Jajpur
618913,4-L of Rajamunda to Barkote Section of NH-23 from km. 287.200 to km. 337.185,Odisha,Deogarh,Deogarh NH-49 Highway Corridor,21.5333,84.7333,21.5333,84.7333,verified_city,verified_city,exact,city,high,True,True,VALIDATED,False,Matched infrastructure site keyword in Deogarh
619075,6L of Bhubaneswar - Jagatpur - Chandikhole Section of NH-16,Odisha,Khordha,Bhubaneswar Smart City & Metro Corridor,20.2961,85.8245,20.295925,85.824058,verified_city,verified_city,exact,city,high,True,True,VALIDATED,True,Matched infrastructure site keyword in Khordha
619109,6L of Badakumari - Karki Section from Km 179.000 to km 226.500 of NH-130-CD Package OD-3,Odisha,Cuttack,Cuttack Infrastructure Hub,20.4625,85.8828,20.462771,85.882417,verified_district,verified_district,approximate,district,medium,True,True,APPROXIMATE,True,Preserved validated district location
619118,Four Laning of Angul to Sambalpur from Km.112.000 to Km.265.000,Odisha,Sambalpur,Hirakud & Sambalpur Industrial Cluster,21.4669,83.9812,21.466453,83.98114,verified_city,verified_city,exact,city,high,True,True,VALIDATED,True,Matched infrastructure site keyword in Sambalpur
619119,Cuttack-Angul Section of NH-42 New NH-55 from km 0.400 to km 60.200 Pkg-I in the State of Odisha,Odisha,Cuttack,Cuttack Multi-Modal Logistic Park,20.4625,85.8828,20.462325,85.882358,verified_city,verified_city,exact,city,high,True,True,VALIDATED,True,Matched infrastructure site keyword in Cuttack
619157,4 Laning of Talcher to end of Kamakhyanagar Bypass km 8.844 - km 15.725 of NH- 149 and km 301.875 - km 335.946 of NH-53 Pkg-I,Odisha,Angul,Subhadra & Bharatpur & Hingula Coal Complex,20.84,85.1,20.841258,85.100523,verified_city,verified_city,exact,city,high,True,True,VALIDATED,True,Matched infrastructure site keyword in Angul
619158,4 Laning of Duburi Chandikhole from km 388.376 to km 428.074 Pkg-III,Odisha,Jajpur,Kalinganagar National Steel Hub,20.85,86.1333,20.849729,86.133684,verified_city,verified_city,exact,city,high,True,True,VALIDATED,True,Matched infrastructure site keyword in Jajpur
619181,Rehabilitation and Up gradation from 4 to 8 laning of Chandikhole Paradip Section of NH-53 Old NH 5A from Km.60.000 to Km.76.646 Package-4,Odisha,Jajpur,Kalinganagar National Steel Hub,20.85,86.1333,20.850646,86.133971,verified_city,verified_city,exact,city,high,True,True,VALIDATED,True,Matched infrastructure site keyword in Jajpur
619213,6L of Hatibena - Badakumari Section from Km 146.50 to km 179.00 of NH-130-CD Package OD-2,Odisha,Sundargarh,Integrated Kulda Garjanbahal & Basundhara,22.1167,84.0333,22.116429,84.033688,verified_district,verified_district,approximate,district,medium,True,True,APPROXIMATE,True,Preserved validated district location
619215,Cuttack-Angul Section of NH-42 New NH-55 from Km.60.200 to Km. 112.000 Pkg-II in the State of Odisha,Odisha,Cuttack,Cuttack Multi-Modal Logistic Park,20.4625,85.8828,20.462053,85.882741,verified_city,verified_city,exact,city,high,True,True,VALIDATED,True,Matched infrastructure site keyword in Cuttack
618010,Development to 4-lane with paved shoulder for the road section Talwandi Sabo- Raman road to refinery Road junction with Bathinda Dabwali Road of NH-254 from existing Km 131.600 to Km 155.650 Design Km 131600 to km 155600 in the State of Punjab. Job No NH-254-PB-2022-23-565,Punjab,Bathinda,Bathinda Refinery (HMEL) & AIIMS,30.211,74.9455,30.211175,74.94598,verified_city,verified_city,exact,facility,high,True,True,VALIDATED,True,Matched infrastructure site keyword in Bathinda
618023,Work of Widening/upgradation of 2-Lane with paved shoulder of Sri Muktsar Sahib to Malout road from Km 279.400 to Km 307.060 section of NH-354 in the State of Punjab on EPC mode. Job No. NH-354-PB-2021-22-555,Punjab,Sri Muktsar Sahib,Sri Muktsar Sahib Highway Corridor,30.4744,74.5167,30.4744,74.5167,verified_city,verified_city,exact,city,high,True,True,VALIDATED,False,Matched infrastructure site keyword in Sri Muktsar Sahib
618024,Up-gradation to two lane with paved shoulder configuration of NH-354 Section Arifkes- Ferozepur-Muktsar-Malaut from Km 201.500 to Km 212.500 & Km 229.690 to Km 269.960 and strengthening of existing pavement from Km 212.500 to Km 229.690 excluding Km 218.500 to 223.690 of NH-354 on EPC Mode in the State of Punjab. Job No. NH-354-PB-2020-21-532,Punjab,Firozpur,Firozpur Railway Division & Border Post,30.9237,74.6133,30.9237,74.6133,verified_city,verified_city,exact,city,high,True,True,VALIDATED,False,Matched infrastructure site keyword in Firozpur
618487,Delhi-Amritsar-Katra Expressway Phase-I Pkg-VII from Junction with Patiala-Bathinda road NH-7 near Bhawanigarh to Junction with Ludhiana-Malerhkotla SH-11 near Bhogiwal village Km 188830 to km 225770,Punjab,Ludhiana,Ludhiana Freight Logistics & Smart City,30.901,75.8573,30.901447,75.857365,verified_city,verified_city,exact,city,high,True,True,VALIDATED,True,Matched infrastructure site keyword in Ludhiana
618488,Delhi-Amritsar-Katra Expressway Phase-I Pkg-VIII from Junction with Ludhiana- Malerkotla SH-11 near Bhogiwal village to Junction with Ludhiana-Moga road NH-5 near Mullanpur Dakha Km 225770 to km 260860,Punjab,Ludhiana,Ludhiana Freight Logistics & Smart City,30.901,75.8573,30.901271,75.856882,verified_city,verified_city,exact,city,high,True,True,VALIDATED,True,Matched infrastructure site keyword in Ludhiana
618489,Delhi-Amritsar-Katra Expressway Phase-I Pkg-IX from Junction with Ludhiana-Moga road NH-5 near Mullanpur Dakha to Junction with Jalandhar - Moga road NH-703 near Kang Sahibu village Km 260860 to km 303900,Punjab,Jalandhar,Jalandhar Smart City & Sports Industrial Hub,31.326,75.5762,31.326175,75.576685,verified_city,verified_city,exact,city,high,True,True,VALIDATED,True,Matched infrastructure site keyword in Jalandhar
618490,Delhi-Amritsar-Katra Expressway Phase-I Pkg-X from Jn. with Jalandhar - Moga road NH-703 to Jn. with Jalandhar-Kapurthala road NH-703A and to Jn. with Kapurthala - Sultanpur Lodhi road NH-703A km 000 to km 24000 to Amritsar connectivity,Punjab,Kapurthala,Rail Coach Factory Kapurthala,31.38,75.38,31.380175,75.380485,verified_city,verified_city,exact,city,high,True,True,VALIDATED,True,Matched infrastructure site keyword in Kapurthala
618491,Delhi-Amritsar-Katra Expressway Phase-I Pkg-XI from Junction with Jalandhar - Kapurthala road NH-703A near khojewal village to Junction with Amritsar-Mehta- SriHargobindpur-Tanda road NH-503A near SriHargobindpur Km 319400 to km 362420,Punjab,Kapurthala,Rail Coach Factory Kapurthala,31.38,75.38,31.380447,75.380065,verified_city,verified_city,exact,city,high,True,True,VALIDATED,True,Matched infrastructure site keyword in Kapurthala
618492,Delhi-Amritsar-Katra Expressway Phase-I Pkg-XII from Junction with Amritsar-Mehta- SriHargobindpur-Tanda road NH-503A near SriHargobindpur to Junction with Pathankot-Gurdaspur road NH-54 near Gurdaspur Km 362420 to km 397700,Punjab,Pathankot,City Gas Distribution Project at Pathankot,32.2689,75.6499,32.269171,75.649475,verified_city,verified_city,exact,city,high,True,True,VALIDATED,True,Matched infrastructure site keyword in Pathankot
618493,Delhi-Amritsar-Katra Expressway Phase-I Spur-I from Jn. with Kapurthala - Sultanpur Lodhi Road NH-703A near Isharwal village to Jn. with Kapurthala - Tarn Taran road NH-703AA near Goinwal Sahib [Km 24000 to Km 41000 of Amritsar connectivity],Punjab,Kapurthala,Rail Coach Factory Kapurthala,31.634,74.8723,31.380271,75.379579,verified_city,verified_city,exact,city,high,True,True,VALIDATED,True,Matched infrastructure site keyword in Kapurthala
618551,Greenfield connectivity from Govindsar village on Delhi Amritsar Katra Expressway to Talwara village on NH-44 Pathankot by-pass,Punjab,Pathankot,City Gas Distribution Project at Pathankot,32.2689,75.6499,32.268725,75.64941,verified_city,verified_city,exact,city,high,True,True,VALIDATED,True,Matched infrastructure site keyword in Pathankot
618552,Development of 6L Greenfield Jalandhar Bypass starting from Kahlwan NH-03 ending at Kang Sahbu NH-703 via Sarmastpur NH-44 - Madara NH-03 - Khajurla NH-44,Punjab,Jalandhar,Jalandhar Smart City & Sports Industrial Hub,31.326,75.5762,31.326447,75.576265,verified_city,verified_city,exact,city,high,True,True,VALIDATED,True,Matched infrastructure site keyword in Jalandhar
618610,6L of Jodhpur Romana Bathinda - Mandi Dabwali Punjab Haryana Border section of NH-54 from km. 0.000 to km. 27.400 of NH-54,Punjab,Bathinda,Bathinda Refinery (HMEL) & AIIMS,30.211,74.9455,30.211447,74.945564,verified_city,verified_city,exact,city,high,True,True,VALIDATED,True,Matched infrastructure site keyword in Bathinda
618617,6L Amritsar-Bathinda Greenfield section from village Tiba on NE-5A to Jn. with Moga Jalandhar road NH-703 near Dharamkot from km 0.000 to km 39.000 of NH-754A Pkg-1,Punjab,Jalandhar,Jalandhar Smart City & Sports Industrial Hub,31.326,75.5762,31.326271,75.57578,verified_city,verified_city,exact,city,high,True,True,VALIDATED,True,Matched infrastructure site keyword in Jalandhar
618618,6L Amritsar-Bathinda Greenfield section from Jn. with Bhagta Bhai Ka-Bhadaur Road near Dyalpura Bhai Ka to Jn. with Mandi Dabwali Bathinda Road on NH-54 near Sangat Kalan from km 93.000 to km 154.866 of NH-754A Pkg-3,Punjab,Bathinda,Bathinda Refinery (HMEL) & AIIMS,31.634,74.8723,30.211271,74.945085,verified_city,verified_city,exact,city,high,True,True,VALIDATED,True,Matched infrastructure site keyword in Bathinda
618647,6L Access Controlled Ludhiana-Bathinda Greenfield highway from Jn. with Amritsar- Bathanda Greenfield Road NH-754A near Rampura Phul to Jn. with Moga-Barnala Road NH-703 near village Tallewal from Km 0.0 to Km 30.3 of NH-754AD Pkg-1,Punjab,Bathinda,Bathinda Refinery (HMEL) & AIIMS,30.211,74.9455,30.210825,74.94502,verified_city,verified_city,exact,city,high,True,True,VALIDATED,True,Matched infrastructure site keyword in Bathinda
618764,Moga - Bagha Purana - Bajakhana from km. 0.00 to km. 43.32,Punjab,Moga,Moga Food Processing & Highway Corridor,30.8165,75.1717,30.8165,75.1717,verified_city,verified_city,exact,city,high,True,True,VALIDATED,False,Matched infrastructure site keyword in Moga
618776,4L of Greenfield section from Sirhind to Mohali,Punjab,Fatehgarh Sahib,Mandi Gobindgarh Steel Cluster,30.6431,76.3883,30.6431,76.3883,verified_city,verified_city,exact,city,high,True,True,VALIDATED,False,Matched infrastructure site keyword in Fatehgarh Sahib
618785,4/6L Greenfield LudhianaRupnagar highway from Jn. with NE-5 village near to ManewalLudhiana to Jn. with NH-205 near Bheora Village Rupnagar from Km 66.0 to Km 91.0 i/c spur to Kharar from Km 0.0 to Km 19.5 with Ludhiana bypass of NH-205K Pkg-3,Punjab,Ludhiana,Ludhiana Freight Logistics & Smart City,30.901,75.8573,30.900825,75.856817,verified_city,verified_city,exact,city,high,True,True,VALIDATED,True,Matched infrastructure site keyword in Ludhiana
618786,4L of Phagwara - Hoshiarpur,Punjab,Hoshiarpur,Hoshiarpur & Dasuya Highway Corridor,31.53,75.92,31.530271,75.919579,verified_city,verified_city,exact,city,high,True,True,VALIDATED,True,Matched infrastructure site keyword in Hoshiarpur
618793,4L of Fazilka to Abohar section of NH-07 including construction of Greenfield Abohar & Fazilka Bypasses,Punjab,Fazilka,Relining of Rajasthan Feeder & Sirhind Feeder Canal,30.4036,74.0253,30.403775,74.025781,verified_city,verified_city,exact,city,high,True,True,VALIDATED,True,Matched infrastructure site keyword in Fazilka
618794,Amritsarairport Junction - Ramdas from km. 100.835 to km. 139.813 Pkg - IV,Punjab,Amritsar,Amritsar Infrastructure Hub,31.634,74.8723,31.634447,74.872365,verified_city,verified_city,exact,facility,high,True,True,VALIDATED,True,Preserved validated district location
618795,Amritsar Bypass Pkg III from km. 71.496 to km. 105.158,Punjab,Amritsar,Sri Guru Ram Dass Jee International Airport & Attari,31.634,74.8723,31.634271,74.871878,verified_city,verified_city,exact,city,high,True,True,VALIDATED,True,Matched infrastructure site keyword in Amritsar
618809,4L of Beas-Mehta-Batala-Dera Baba Nanak from intersection with Jalandhar-Amritsar Highway NH-3 near Beas till start of Batala Bypass near Village Acchhal from Km. 0.000 to Km. 31.300 Pkg-1,Punjab,Jalandhar,Jalandhar Smart City & Sports Industrial Hub,31.326,75.5762,31.325825,75.575715,verified_city,verified_city,exact,city,high,True,True,VALIDATED,True,Matched infrastructure site keyword in Jalandhar
618810,4L of existing Beas Baba Bakala - Dera Baba Nanak Section from start of Batala Bypass till intersection with Ajnala Gurdaspur Highway NH 354 near Dera Baba Nanak from Km. 31.300 to Km. 69.100 with Additional batala Bypass Pkg-II,Punjab,Amritsar,Sri Guru Ram Dass Jee International Airport & Attari,31.634,74.8723,31.633825,74.871813,verified_city,verified_city,exact,city,high,True,True,VALIDATED,True,Matched infrastructure site keyword in Amritsar
618906,4L of Amritsar-Ghoman - Tanda - Una Section from Km 8.270 to Km 54.000 of NH- 503A Package-I,Punjab,Amritsar,Sri Guru Ram Dass Jee International Airport & Attari,31.634,74.8723,31.633553,74.872235,verified_city,verified_city,exact,city,high,True,True,VALIDATED,True,Matched infrastructure site keyword in Amritsar
619099,6L Amritsar-Bathinda Greenfield section from Jn. with Moga Jalandhar road NH-703 near Dharamkot to Jn. with Bhagta Bhai Ka-Bhadaur Road near Dyalpura Bhai Ka from km 39.000 to km 93.000 of NH-754A Pkg-2,Punjab,Jalandhar,Jalandhar Smart City & Sports Industrial Hub,31.326,75.5762,31.325553,75.576135,verified_city,verified_city,exact,city,high,True,True,VALIDATED,True,Matched infrastructure site keyword in Jalandhar
619105,6L Access Controlled Ludhiana-Bathinda Greenfield highway from Jn. with Moga- Barnala Road NH-703 near village Tallewal to Jn. with Delhi-Katra Expressway NE-5 near Ludhiana village Ballowal from Km 30.300 to Km 75.543 of NH-754AD Pkg-2,Punjab,Ludhiana,Ludhiana Freight Logistics & Smart City,30.901,75.8573,30.900553,75.857235,verified_city,verified_city,exact,city,high,True,True,VALIDATED,True,Matched infrastructure site keyword in Ludhiana
619200,Delhi-Amritsar-Katra Expressway Phase-I Spur-III from Junction with Amritsar- Jalandhar road NH-3 near Bhishambarpura to Junction with Amritsar-Anjala road NH- 354 near Amritsar Airport [Km 71000 to Km 99000 of Amritsar connectivity],Punjab,Jalandhar,Jalandhar Smart City & Sports Industrial Hub,31.634,74.8723,31.325729,75.57662,verified_city,verified_city,exact,facility,high,True,True,VALIDATED,True,Matched infrastructure site keyword in Jalandhar
619318,4/6L Greenfield Ludhiana Rupnagar highway from Jn. with NE-5 village near to ManewalLudhiana to Jn. with NH-205 near Bheora Village Rupnagar from Km. 0.00 to Km. 37.7 including spur to Kharar with Ludhiana bypass of NH-205K Pkg-1,Punjab,Ludhiana,Ludhiana Freight Logistics & Smart City,30.901,75.8573,30.900729,75.857718,verified_city,verified_city,exact,city,high,True,True,VALIDATED,True,Matched infrastructure site keyword in Ludhiana
617887,Beawer Gomti 4LPS from km 58.245 to km 108.600 Pkg-I,Rajasthan,Beawar,Beawar Cement Hub & Highway Corridor,26.1011,74.3183,26.1011,74.3183,verified_city,verified_city,exact,city,high,True,True,VALIDATED,False,Matched infrastructure site keyword in Beawar
617891,"Construction of Two lane with Paved Shoulder for Fatehpur Bypass Design Km 0.000 to Km 7.400 , Mandawa Bypass Design Km 20.925 to Km 27.300 & Jhunjhunu Bypass Design Km 41.625 to Km 54.689 of NH-11 on EPC Mode in the state of Rajasthan .",Rajasthan,Jhunjhunu,Khetri Copper Complex & Jhunjhunu,28.1289,75.3992,28.129075,75.39967,verified_city,verified_city,exact,city,high,True,True,VALIDATED,True,Matched infrastructure site keyword in Jhunjhunu
617900,Upgradation to Two Lane Paved Shoulder in km 33/0 to 126/520 of NH-23 Old NH- 11B Kothun-Lalsot-Karoli-Dholpur road in the state of Rajasthan under EPC mode Length-93.52 Km.,Rajasthan,Dholpur,Dholpur Gas Thermal & Chambal Bridge,26.7025,77.8931,26.702675,77.893564,verified_city,verified_city,exact,city,high,True,True,VALIDATED,True,Matched infrastructure site keyword in Dholpur
617901,Widening of Pachpadra-Bagundi Section to 4 Lane from Km 73/60 to 95/70 of NH-25 on EPC mode in the state of Rajasthan.,Rajasthan,Balotra,Pachpadra HRRL Rajasthan Refinery Project,25.83,72.24,25.830175,72.24046,verified_city,verified_city,exact,city,high,True,True,VALIDATED,True,Matched infrastructure site keyword in Balotra
618011,Construction of 2 lane with paved shoulder for the work of Development of remaining sections of NH-325 Balotra to sanderao via Jalore to 2 lane with paved shoulder configuration by Construction of Byasses for town portions1 Asotra- Brahmdham bypass 2Siwana Bypass 3 Mokalsar Bypass 4 Major realignment at Kathadi 5 Major realignment at Bishangarh 6 Jalore Bypass 7 Ahore Town portion 8 Dujana Bypass in the state of Rajasthan on EPC Mode,Rajasthan,Jalore,Jalore Granite Hub & Amritsar-Jamnagar Corridor,25.3444,72.6156,25.3444,72.6156,verified_city,verified_city,exact,facility,high,True,True,VALIDATED,False,Matched infrastructure site keyword in Jalore
618069,Upgradation to Two-lane with paved shoulder of Hanumangarh to Kenchiyan section from Km 0.000existing chainage-Km 23.200 to Km 49.605existing chainage-Km 74.645 of NH-54 in the State of Rajasthan on EPC mode.,Rajasthan,Hanumangarh,Hanumangarh & Amritsar-Jamnagar Expressway,29.58,74.32,29.58,74.32,verified_city,verified_city,exact,city,high,True,True,VALIDATED,False,Matched infrastructure site keyword in Hanumangarh
618092,Up-gradation to 2 lane with paved shoulder from Neechli Oden Nathdwara at Design Km 88.800 existing km 55.95 to Bhatewar at Design Km 142.028 existing km 0.00 of NH-162E in the State of Rajasthan on EPC mode.,Rajasthan,Rajsamand,Devgarh Madariya - Nathdwara Rail Corridor,25.07,73.88,25.070447,73.880061,verified_city,verified_city,exact,city,high,True,True,VALIDATED,True,Matched infrastructure site keyword in Rajsamand
618093,Up-gradation to 2 lane with Paved shoulder from Charbhuja at Design km 0.00 existing km 150.00 to Neechli Oden Nathdwara at Design ch. Km 88.800 existing km 55.950 of NH-162E on EPC mode.,Rajasthan,Rajsamand,Devgarh Madariya - Nathdwara Rail Corridor,25.07,73.88,25.070271,73.879604,verified_city,verified_city,exact,city,high,True,True,VALIDATED,True,Matched infrastructure site keyword in Rajsamand
618117,Upgradation to 2-Lane with Paved Shoulder from Design Km 36300 to Design Chainage 47918 and from Design Ch 69900 to Design Ch 83940 of NH-248A Natni Ka Bara in the State of Rajasthan on EPC Mode.,Rajasthan,Jaipur,Jaipur Metro & Ring Road,26.9124,75.7873,26.912847,75.787362,verified_district,verified_district,approximate,district,medium,True,True,APPROXIMATE,True,Preserved validated district location
618118,Upgradation of two lane paved shoulder from Shahpura existing km. 0.00 Design Ch. 000 to Thanagazi existing Km.37352 Design Ch. 36810 of NH-248A on EPC mode in the State of Rajasthan.,Rajasthan,Ajmer,Pushkar-Merta & Ajmer Rail Junction,26.4499,74.6399,26.450075,74.640363,verified_district,verified_district,approximate,district,medium,True,True,APPROXIMATE,True,Preserved validated district location
618200,Construction of 2 lane with Paved Shoulder for Northern Bypass Phase-II of Kota city in the State of Rajasthan.,Rajasthan,Kota,Kota Energy & Industrial Hub,25.18,75.83,25.180447,75.830061,verified_city,verified_city,exact,city,high,True,True,VALIDATED,True,Matched infrastructure site keyword in Kota
618235,Balance work of Rehabilitation and Up-gradation to 4-Lane configuration of Ras- Beawar Section Km 00.000 to km 30.050 of NH-158 in the State of Rajasthan under Green National Highway Corridor Project GNHCP.,Rajasthan,Ajmer,Pushkar-Merta & Ajmer Rail Junction,26.4499,74.6399,26.450347,74.639962,verified_city,verified_city,exact,city,high,True,True,VALIDATED,True,Matched infrastructure site keyword in Ajmer
618456,Delhi-Vadodara Greenfield Alignment NH-148N Pkg-14 Ch. 388.420 to Ch. 419.000 [Junction with NH- 76 to Junction with NH-12 near village Ummedpura],Rajasthan,Bikaner,Bikaner Infrastructure Hub,28.0229,73.3119,28.023347,73.311963,verified_district,verified_district,approximate,district,medium,True,True,APPROXIMATE,True,Preserved validated district location
618457,Delhi-Vadodara Greenfield Alignment NH-148N Pkg-10 Ch. 292.950 to Ch. 319.400 [End of Interchange on NH-166 near village Mui to Hardeoganj village near Indergarh],Rajasthan,Udaipur,Udaipur Infrastructure Hub,24.5854,73.7125,24.585847,73.712561,verified_district,verified_district,approximate,district,medium,True,True,APPROXIMATE,True,Preserved validated district location
618458,Delhi-Vadodara Greenfield Alignment NH-148N Pkg-15 Ch. 419.000 to Ch.427.300 [Junction with NH-12 near village Ummedpura to Major bridge over Takli river near Nayagaon Jageer village],Rajasthan,Kota,Kota Infrastructure Hub,25.2138,75.8648,25.214247,75.864861,verified_district,verified_district,approximate,district,medium,True,True,APPROXIMATE,True,Preserved validated district location
618611,Sangariya near Chautala-Rasisar near Bikaner section of NH-754K Phase-I AJ/SR- Package-7,Rajasthan,Bikaner,Bikaner Solar Complex & Ceramic Hub,28.0229,73.3119,28.023171,73.311493,verified_city,verified_city,exact,city,high,True,True,VALIDATED,True,Matched infrastructure site keyword in Bikaner
618612,Deogarh near Dhandhaniya-Rajasthan/Gujarat Border Phase-I AJ/DRGB-Package-6,Rajasthan,Chittorgarh,Chanderiya & Chittorgarh Doubling Node,24.8887,74.6269,24.888875,74.627357,verified_district,verified_district,approximate,district,medium,True,True,APPROXIMATE,True,Preserved validated district location
618613,Deogarh near Dhandhaniya-Rajasthan/Gujarat Border Phase-I AJ/DRGB-Package-7,Rajasthan,Rajsamand,Devgarh Madariya - Nathdwara Rail Corridor,25.07,73.88,25.069825,73.879542,verified_district,verified_district,approximate,district,medium,True,True,APPROXIMATE,True,Preserved validated district location
618757,6L access controlled Highway from Km 40080 to Km 86513 Mator to Barodameo Section,Rajasthan,Bundi,"Greenfield Airport at Bundi, Kota",25.4305,75.6499,25.430771,75.649502,verified_district,verified_district,approximate,district,medium,True,True,APPROXIMATE,True,Preserved validated district location
618758,6L accesscontrolled highway from km 0000 to km 40080 Paniyala to Mator Section of Paniyala-Barodameo ICR,Rajasthan,Bikaner,Bikaner Infrastructure Hub,28.0229,73.3119,28.022725,73.31143,verified_district,verified_district,approximate,district,medium,True,True,APPROXIMATE,True,Preserved validated district location
618796,Tanot -Ramgarh-Bhadasar-Jaisalmer NH-68 and BhadasarMokal-Sarkaritala up to Pakisthan Border NH-968 Pkg-BM/5,Rajasthan,Jaisalmer,Fatehgarh Solar PS & Renewable Evacuation,26.9157,70.9083,26.915253,70.908238,verified_city,verified_city,exact,city,high,True,True,VALIDATED,True,Matched infrastructure site keyword in Jaisalmer
618797,Mayjilar Jaisalmer with Jaisalmer Bypass Link Road Section of NH-11 Part of BM-7 & Sundra Myajilar Ambsingh ki Dhani Road part of Munabao Tanot project NH-70,Rajasthan,Jaisalmer,Fatehgarh Solar PS & Renewable Evacuation,26.9157,70.9083,26.915429,70.908703,verified_city,verified_city,exact,city,high,True,True,VALIDATED,True,Matched infrastructure site keyword in Jaisalmer
618838,4L of Karwar Km. 281.980 of NH-62 Nagaur road to Dangiyavas of Jodhpur Ring Road Pkg-II,Rajasthan,Jodhpur,Jodhpur Airport Terminal & AIIMS,26.2389,73.0243,26.239171,73.0239,verified_city,verified_city,exact,city,high,True,True,VALIDATED,True,Matched infrastructure site keyword in Jodhpur
618853,Construction of Four lane Elevated Structure at Raniwada Circle in Sanchore City on NH-68,Rajasthan,Jalore,Jalore Granite Hub & Amritsar-Jamnagar Corridor,25.3444,72.6156,25.344575,72.616059,verified_city,verified_city,exact,city,high,True,True,VALIDATED,True,Matched infrastructure site keyword in Jalore
619063,4L Greenfield spur from Delhi-Vadodara Greenfield expressway near Bandikui to Jaipur,Rajasthan,Dausa,Bandikui & Dausa Greenfield Expressway Spur,26.8928,76.3375,26.892975,76.337965,verified_city,verified_city,exact,city,high,True,True,VALIDATED,True,Matched infrastructure site keyword in Dausa
619251,Construction of two lane with paved shoulder of Ghatol Bypass from km 133.250 to km 140.950 of NH-56 old NH No. 113 on EPC mode in the State of Rajasthan.,Rajasthan,Banswara,Mahi Banswara Nuclear Power Plant,23.5461,74.435,23.5461,74.435,verified_city,verified_city,exact,city,high,True,True,VALIDATED,False,Matched infrastructure site keyword in Banswara
618071,Construction of two lane with paved shoulder Gangtok Bypass Road from Ranipool to Burtuk Ch 0.00 Km to 23.316 L23.316 Km in the State of Sikkim,Sikkim,Gangtok,Gangtok Smart City & Sivok-Rangpo Rail,27.3389,88.6065,27.339171,88.606096,verified_city,verified_city,exact,city,high,True,True,VALIDATED,True,Matched infrastructure site keyword in Gangtok
618426,Construction/Up gradation of Existing road to 2 Lane with Paved Shoulder including Geometric Improvement from Ranipool to Pakyong Balance work from Km 2.000 to 16.167 of NH-717-A on EPC basis under SARDP-NE Phase A in the State of Sikkim,Sikkim,Gangtok,Gangtok Smart City & Sivok-Rangpo Rail,27.3389,88.6065,27.338725,88.606033,verified_city,verified_city,exact,city,high,True,True,VALIDATED,True,Matched infrastructure site keyword in Gangtok
618428,Realignment of NH-717A from Design Ch.0.00 Km 77.800 of NH-10 to Design Ch.2.00 Km 3.100 of NH-717A with two lane paved shoulder including Major Bridge of 680 m in the State of Sikkim on EPC Mode-COS work,Sikkim,Pakyong,Pakyong Greenfield Airport,27.234,88.5878,27.234175,88.588266,verified_city,verified_city,exact,city,high,True,True,VALIDATED,True,Preserved validated district location
618446,Construction & Upgradation of existing road to 2-lane with paved shoulder from New Rolep Bridge at km 37.600 to Chochenpheri at km 52.00 in the section of Rongli to Chochenpheri of NH 717B Pkg-II C,Sikkim,Pakyong,Pakyong Greenfield Airport & NH-717A,27.234,88.5878,27.234447,88.587862,verified_city,verified_city,exact,city,high,True,True,VALIDATED,True,Matched infrastructure site keyword in Pakyong
618447,Construction of 2-Laning with Paved Shoulder of New Greenfield Alignment From Helipad near Menla at Km 82000 to Menla at Km 94030 of Rhenock-Menla Spur NH- 717B Package-IIIB on EPC Basis under SARDP-NE Phase 'A' in the State of Sikkim.,Sikkim,Pakyong,Pakyong Greenfield Airport & NH-717A,27.234,88.5878,27.234271,88.587396,verified_city,verified_city,exact,city,high,True,True,VALIDATED,True,Matched infrastructure site keyword in Pakyong
618448,Construction of 2-Laning with Paved Shoulder of New Greenfield Alignment From Chochenpheri at Km 52000 to Helipad near Menla at Km 82000 of Rhenock-Menla Spur NH-717B Package-IIIA on EPC Basis under SARDP-NE Phase 'A' in the State of Sikkim.,Sikkim,Pakyong,Pakyong Greenfield Airport & NH-717A,27.234,88.5878,27.233825,88.587334,verified_city,verified_city,exact,city,high,True,True,VALIDATED,True,Matched infrastructure site keyword in Pakyong
618449,Construction & Upgradation of existing road to 2-lane with paved shoulder from km27.200 End of Rongli bypass to km37.600New Rolep Bridge of Rhenok-Menla spur NH-717B on EPC Mode under SARDP-NE Phase-A in Sikkim Pkg-II B,Sikkim,Pakyong,Pakyong Greenfield Airport & NH-717A,27.234,88.5878,27.233553,88.587738,verified_city,verified_city,exact,city,high,True,True,VALIDATED,True,Matched infrastructure site keyword in Pakyong
618450,Rehabilitation & Upgradation of existing road to 2-lane with paved shoulder including geometric improvement of section from start of Rabangla km33.600 to km58.840 under SARDP-NE Phase A Pkg- IV,Sikkim,Namchi,Namchi & Yangang Infrastructure Hub,27.1667,88.35,27.167147,88.350062,verified_city,verified_city,exact,city,high,True,True,VALIDATED,True,Matched infrastructure site keyword in Namchi
617962,"Construction of Bypass to Madurai Achambathu Viratipathu in between km 6/850 10/382 of NH 49 Extn New NH 85 including Land Acquisition on Engineering, Procurement & Construction EPC basis Contract under NH O Annual Plan 2021-22 in the state of Tamil Nadu job No.NH-49 Extn New NH 85 - TN-2021-22-997",Tamil Nadu,Madurai,AIIMS Madurai & Achambathu-Viratipathu Bypass,9.9252,78.1198,9.925375,78.120221,verified_city,verified_city,exact,city,high,True,True,VALIDATED,True,Matched infrastructure site keyword in Madurai
618478,Bangalore Chennai Expressway Phase-III Package II Walajahpet to Arakkonam from Km 180.000 to Km 204.500,Tamil Nadu,Ranipet,Bangalore-Chennai Expressway Walajahpet-Arakkonam,12.9229,79.3328,12.923075,79.333225,verified_city,verified_city,exact,city,high,True,True,VALIDATED,True,Matched infrastructure site keyword in Ranipet
618479,Bangalore Chennai Expressway Phase-III Package III Arakkonam to Kancheepuram from Km 204.500 to Km 230.000,Tamil Nadu,Kanchipuram,Bangalore-Chennai Expressway Kancheepuram Section,12.8342,79.7036,12.8342,79.7036,verified_city,verified_city,exact,city,high,True,True,VALIDATED,False,Matched infrastructure site keyword in Kanchipuram
618480,Construction of Trumpet Interchange Connecting Bangalore Chennai Expressway km.261705 to km. 262800 with Maduravoyal to Walajapet Section of NH 48 near Sriperumbudur Toll Plaza at km. 35700,Tamil Nadu,Kanchipuram,Bangalore-Chennai Expressway Kancheepuram Section,12.8342,79.7036,12.834375,79.704025,verified_city,verified_city,exact,city,high,True,True,VALIDATED,True,Matched infrastructure site keyword in Kanchipuram
618481,4L Bangalore-Chennai Expressway from Km. 230.000 to Km. 261.705 of Kanchepuram to Sriperumbudur Section Phase-III/Package-IV,Tamil Nadu,Kanchipuram,Bangalore-Chennai Expressway Kancheepuram Section,12.8342,79.7036,12.834647,79.703657,verified_city,verified_city,exact,city,high,True,True,VALIDATED,True,Matched infrastructure site keyword in Kanchipuram
618521,Karaipettai to Walajapet from Km 71.015 to 107.091,Tamil Nadu,Ranipet,Bangalore-Chennai Expressway Walajahpet-Arakkonam,12.9229,79.3328,12.923347,79.332857,verified_city,verified_city,exact,city,high,True,True,VALIDATED,True,Matched infrastructure site keyword in Ranipet
618522,Balance Works for six laning of Sriperumbudur to karaipettai section of NH-4 New NH- 48 from 37000 Existing Km 37000 to Km 71015 Existing Km 71000 in Tamilnadu on EPC mode underNHDP Phase-V,Tamil Nadu,Ranipet,Bangalore-Chennai Expressway Walajahpet-Arakkonam,12.9229,79.3328,12.923171,79.332432,verified_city,verified_city,exact,city,high,True,True,VALIDATED,True,Matched infrastructure site keyword in Ranipet
618561,Improving the Alignment of Thoppur Ghat Section from Km 158.500 to Km 165.100 in Dharmapuri - Salem Section of NH-44,Tamil Nadu,Dharmapuri,Dharmapuri Highway & Food Processing,12.1211,78.1582,12.1211,78.1582,verified_city,verified_city,exact,city,high,True,True,VALIDATED,False,Matched infrastructure site keyword in Dharmapuri
618562,Dindigul Bypass - Samyanallore from km. 373.275 to km. 426.00,Tamil Nadu,Dindigul,Dindigul Rail Junction & Lock Cluster,10.3673,77.9803,10.3673,77.9803,verified_city,verified_city,exact,city,high,True,True,VALIDATED,False,Matched infrastructure site keyword in Dindigul
618563,4L of Madurai Ring Road Phase 1 [Vadipatti-Thamrapatti] from km 0.00 - km 29.960,Tamil Nadu,Madurai,AIIMS Madurai & Achambathu-Viratipathu Bypass,9.9252,78.1198,9.925647,78.119856,verified_city,verified_city,exact,city,high,True,True,VALIDATED,True,Matched infrastructure site keyword in Madurai
618608,4L of left-over works including additional structures from Kerala/Tamil Nadu border to Kanyakumari Section from Km 43.0 to Km 96.174 of NH66,Tamil Nadu,Kanniyakumari,Kanyakumari International Container Transhipment,8.0883,77.5385,8.088475,77.538919,verified_city,verified_city,exact,city,high,True,True,VALIDATED,True,Matched infrastructure site keyword in Kanniyakumari
618635,6L of Pondavakkam to Kannigaipair from km 96.040 to km 116.100 of NH 716B Pkg- IV,Tamil Nadu,Tiruchirappalli,Tiruchirappalli Infrastructure Hub,10.7905,78.7047,10.7905,78.7047,verified_district,verified_district,approximate,district,medium,True,True,APPROXIMATE,False,Preserved validated district location
618743,Trichy 135.800 to Karur 218.000 section of NH-67 - Trichy Bypass,Tamil Nadu,Karur,Karur Textile Export & Paper Mill,10.9601,78.0766,10.9601,78.0766,verified_city,verified_city,exact,city,high,True,True,VALIDATED,False,Matched infrastructure site keyword in Karur
618744,4L of Thirumangalam to Vadugapatti section from km 0.000 to km 36.000 of NH-744,Tamil Nadu,Tirunelveli,Kudankulam Nuclear Power Project Units,13.0827,80.2707,8.714075,77.757119,verified_district,verified_district,approximate,district,medium,True,True,APPROXIMATE,True,Authoritative district resolution (Tirunelveli)
618745,4L of Vadugapatti to Therkuvenganallur Rajapalyam section from km 36.000 to km 71.600 of NH-744,Tamil Nadu,Coimbatore,Coimbatore Infrastructure Hub,11.0168,76.9558,11.016975,76.956222,verified_district,verified_district,approximate,district,medium,True,True,APPROXIMATE,True,Preserved validated district location
618756,Melur - Pilayarpatti - Karaikudi from km 99.920 of NH 38 to km 12.9 of NH 383 Ext.,Tamil Nadu,Madurai,AIIMS Madurai & Achambathu-Viratipathu Bypass,9.9252,78.1198,9.925471,78.119436,verified_city,verified_city,exact,city,high,True,True,VALIDATED,True,Matched infrastructure site keyword in Madurai
618773,Tuticorin - Tirunelveli from km. 0.00 to km. 47.250,Tamil Nadu,Tirunelveli,Kudankulam Nuclear Power Project Units,8.7139,77.7567,8.714347,77.756756,verified_city,verified_city,exact,city,high,True,True,VALIDATED,True,Matched infrastructure site keyword in Tirunelveli
618800,Construction of New Double Tier 4L Elevated Corridor from Chennai Port to Maduravoyal in Chennai District from km -0.342 to Km 20.593 and Package II from Km 4.604 to Km 9.700,Tamil Nadu,Chennai,Chennai Airport Modernization & Metro Rail Phase-II,13.0827,80.2707,13.08292,80.269804,verified_city,verified_city,exact,facility,high,True,True,VALIDATED,True,Matched infrastructure site keyword in Chennai
618801,Construction of New Double Tier 4-lane Elevated Corridor from Chennai Port to Maduravoyal in Chennai District from Km -0342 to Km 20223 Package 1 from Km - 0342 to Km 4604,Tamil Nadu,Chennai,Chennai Airport Modernization & Metro Rail Phase-II,13.0827,80.2707,13.082054,80.270056,verified_city,verified_city,exact,facility,high,True,True,VALIDATED,True,Matched infrastructure site keyword in Chennai
618846,Poondiyankuppam Km.67.000 to Sattanathapuram Km.123.800,Tamil Nadu,Chengalpattu,Chengalpattu Infrastructure Hub,12.6841,79.9836,12.6841,79.9836,verified_district,verified_district,approximate,district,medium,True,True,APPROXIMATE,False,Preserved validated district location
618874,Four Laning of Trichy - Dindigul from km. 333.00 to km. 421.273 of NH-45,Tamil Nadu,Dindigul,Dindigul Rail Junction & Lock Cluster,10.3673,77.9803,10.367475,77.980721,verified_city,verified_city,exact,city,high,True,True,VALIDATED,True,Matched infrastructure site keyword in Dindigul
618894,4L of Madathukulam - Pollachi from km. 74.38 to km. 116.95 of old NH-209 New NH- 83,Tamil Nadu,Coimbatore,Coimbatore Smart City & Airport Corridor,11.0168,76.9558,11.017247,76.955857,verified_city,verified_city,exact,city,high,True,True,VALIDATED,True,Matched infrastructure site keyword in Coimbatore
618895,Kamalapuram to Oddanchatram from km. 0.00 to km. 35.822,Tamil Nadu,Dindigul,Dindigul Rail Junction & Lock Cluster,10.3673,77.9803,10.367747,77.980356,verified_city,verified_city,exact,city,high,True,True,VALIDATED,True,Matched infrastructure site keyword in Dindigul
618897,4L of Sethiyathope -Cholapuram section from Km. 65.960 to Km. 116.440 section of NH45 C Pkg-II,Tamil Nadu,Thoothukudi,VO Chidambaranar Port & Kayathar Wind Hub,13.0827,80.2707,8.764647,78.134856,verified_district,verified_district,approximate,district,medium,True,True,APPROXIMATE,True,Authoritative district resolution (Thoothukudi)
618898,Balance Works for Four laning of Vikravandi to Sethiyathope section from Km 0.0 to Km 65.96 of NH-45C in Tamil Nadu under NHDP Phase-IV on EPC mode,Tamil Nadu,Viluppuram,Viluppuram Railway Junction & Highway,11.9401,79.4861,11.940275,79.486524,verified_city,verified_city,exact,city,high,True,True,VALIDATED,True,Matched infrastructure site keyword in Viluppuram
618899,Kallagam km.38.700 to Meensurutti Km.98.433 of NH-227 in Tamil Nadu,Tamil Nadu,Madurai,AIIMS Madurai & Achambathu-Viratipathu Bypass,13.0827,80.2707,9.925025,78.119379,verified_district,verified_district,approximate,district,medium,True,True,APPROXIMATE,True,Authoritative district resolution (Madurai)
618943,Salem - Ulundurpet section from km 0.313 to km 136.670 of NH-68,Tamil Nadu,Chengalpattu,Chengalpattu Infrastructure Hub,12.6841,79.9836,12.684275,79.984025,verified_district,verified_district,approximate,district,medium,True,True,APPROXIMATE,True,Preserved validated district location
619045,Construction of New Double Tier 4L Elevated Corridor from Chennai Port to Maduravoyal in Chennai District from km -0.342 to Km 20.593 and Package IV from Km 14.185 to Km 20.593,Tamil Nadu,Chennai,Chennai Airport Modernization & Metro Rail Phase-II,13.0827,80.2707,13.081834,80.270952,verified_city,verified_city,exact,facility,high,True,True,VALIDATED,True,Matched infrastructure site keyword in Chennai
619074,6-laning of Krishnagiri Km.0.000 to Walajahpet Km.148.300 section on NH-46 under NHDP-V,Tamil Nadu,Krishnagiri,Krishnagiri - Walajahpet 6-Lane Expressway Corridor,12.9229,79.3328,12.52,78.22,verified_city,verified_facility,exact,project_site,high,True,True,VALIDATED,True,Known verified facility (Krishnagiri - Walajahpet 6-Lane Expressway Corridor)
619083,Thumbipadi-Namakkal from km. 180.00 to km. 248.625 Package No. NS-2/BOT/TN- 02,Tamil Nadu,Nagapattinam,Cauvery Basin Refinery (CBR 9 MMTPA) CPCL,13.0827,80.2707,10.767647,79.844956,verified_district,verified_district,approximate,district,medium,True,True,APPROXIMATE,True,Authoritative district resolution (Nagapattinam)
619084,Start of Karur Bypass - Dindigul from km. 292.600 to km. 305.600 Contract Package No. NS2/BOT/TN-4,Tamil Nadu,Dindigul,Dindigul Rail Junction & Lock Cluster,10.3673,77.9803,10.367571,77.979935,verified_city,verified_city,exact,city,high,True,True,VALIDATED,True,Matched infrastructure site keyword in Dindigul
619086,Chengapalli km 102.035 to Neelambur Km144.680 and Madukkarai Km 170.880 to Walayar K183.010 Package No. NS-2/BOT/TN-08,Tamil Nadu,Tirunelveli,Kudankulam Nuclear Power Project Units,8.7139,77.7567,8.714171,77.756337,verified_district,verified_district,approximate,district,medium,True,True,APPROXIMATE,True,Preserved validated district location
619094,Thorapalli - Agraharam - Jittandahalli Section from km 23.350 to km 60.100 [Hosur to Dhamrapuri Pkg-2],Tamil Nadu,Krishnagiri,Hosur Electronics & EV Manufacturing Hub,12.5186,78.2137,12.519047,78.213757,verified_city,verified_city,exact,city,high,True,True,VALIDATED,True,Matched infrastructure site keyword in Krishnagiri
619129,Mahabalipuram - Pondicherry Pkg-I [Mamallapuram to Mugaiyur],Tamil Nadu,Tiruchirappalli,Tiruchirappalli Infrastructure Hub,10.7905,78.7047,10.790675,78.705122,verified_district,verified_district,approximate,district,medium,True,True,APPROXIMATE,True,Preserved validated district location
619130,Mahabalipuram - Pondicherry Pkg-II [Mugaiyur to Marakkanam],Tamil Nadu,Nilgiris,Nilgiris CGD Project & Tourism Rail,13.0827,80.2707,11.410375,76.695423,verified_district,verified_district,approximate,district,medium,True,True,APPROXIMATE,True,Authoritative district resolution (Nilgiris)
619131,Four Laning of Chettikulam to Natham section of NH-785,Tamil Nadu,Coimbatore,L&T bypass Four-Laning Highway,10.95,76.98,10.95,76.98,verified_facility,verified_facility,exact,facility,high,True,True,VALIDATED,False,Preserved validated district location
619139,Construction of New Double Tier 4L Elevated Corridor from Chennai Port to Maduravoyal in Chennai District from km -0.342 to Km 20.593 and Package III from Km 9.700 to Km 14.185,Tamil Nadu,Chennai,Chennai Airport Modernization & Metro Rail Phase-II,13.0827,80.2707,13.08248,80.271596,verified_city,verified_city,exact,facility,high,True,True,VALIDATED,True,Matched infrastructure site keyword in Chennai
619161,Access Controlled Highway of 4 Lane with Paved Shoulders from Tiruvallur Design Chainage Km 1756 to TN/AP Broder Design Chainage Km 6151 of NH-716 Chennai- Tirupati Package-1,Tamil Nadu,Tiruvallur,Kamarajar Port Ennore & Gummidipoondi,13.1439,79.9083,13.1439,79.9083,verified_city,verified_city,exact,city,high,True,True,VALIDATED,False,Matched infrastructure site keyword in Tiruvallur
619222,"Balance works of four lane from km 43.950 Thiruvallur Bypass to km 61.470 Veppampattu Bypass passing through Thannerkulam, Thozur and Sevapet Bypass 17.520 kms of Tirupathi- Tiruttani- Chennai section of NH 205",Tamil Nadu,Chennai,Chennai Airport Modernization & Metro Rail Phase-II,13.0827,80.2707,13.083958,80.271202,verified_city,verified_city,exact,city,high,True,True,VALIDATED,True,Matched infrastructure site keyword in Chennai
617913,6-laning of km 9.900 to km 19/948 Aramgarh to Shamshabad Section of Hyderabad- Bangalore section of NH-44 Under NHO EPC basis in the state of Telangana,Telangana,Hyderabad,Hyderabad Metro & Urban Infrastructure,17.385,78.4867,17.384825,78.486266,verified_city,verified_city,exact,city,high,True,True,VALIDATED,True,Matched infrastructure site keyword in Hyderabad
617936,Widening to two/four lane with paved shoulder from Km.180.600 to Km.223.000 of NH-63 on Nizamabad-Jagadalpur road on EPC mode under NHO in the state of Telangana.,Telangana,Nizamabad,Nizamabad IT Hub & Spice Park,18.6725,78.0941,18.6725,78.0941,verified_city,verified_city,exact,city,high,True,True,VALIDATED,False,Matched infrastructure site keyword in Nizamabad
617939,6-Laning of Pune-Hyderabad Section of NH-65 from Km 493/0 to Km 524/0 from Sangareddy X Roads to Madinaguda in the State of Telangana,Telangana,Sangareddy,IIT Hyderabad Permanent Campus & Zaheerabad Node,17.6193,78.0814,17.6193,78.0814,verified_city,verified_city,exact,city,high,True,True,VALIDATED,False,Matched infrastructure site keyword in Sangareddy
617940,"Rehabilitation and Upgradation of LB-Nagar to Malkapur section to 6-Lane main carriageway with service roads, drains cum footpath, including VUPs and widening of Minor bridge & road safety provisions from Km. 15/00 to Km 40/00 of NH-65 Old NH-9 under NH O for the year 2020-21 in the state of Telangana on EPC Mode.",Telangana,Yadadri Bhuvanagiri,AIIMS Bibinagar & Malkapur ATF Pipeline,17.4728,78.7894,17.473247,78.789458,verified_city,verified_city,exact,city,high,True,True,VALIDATED,True,Matched infrastructure site keyword in Yadadri Bhuvanagiri
617980,Construction of six lane elevated corridor from km 7.950 Uppal to km 14.200 of NH- 163 to De-Congest the urban limits of Hyderabad-Bhoopalapatnam section on EPC mode in the state of Telangana,Telangana,Hyderabad,Hyderabad Metro & Urban Infrastructure,17.385,78.4867,17.384553,78.486642,verified_city,verified_city,exact,city,high,True,True,VALIDATED,True,Matched infrastructure site keyword in Hyderabad
617981,Widening to Two with Paved shoulders from Km 59.500 to Km 132.033 of Manneguda- Ravunapally section of NH-163 Erstwhile SH-4 in the State of Telangana on EPC mode under NH O Annual Plan 2016-17,Telangana,Kumuram Bheem Asifabad,Goleti Opencast Coal Mining Node,19.36,79.29,19.360175,79.290439,verified_district,verified_district,approximate,district,medium,True,True,APPROXIMATE,True,Preserved validated district location
617982,Widening and strengthening of existing 2-lane to 2- lane with paved shoulders from km 159/0 to 165/4 and 186/0 to 215/0 of NH-163 on EPC mode int the state of Telangana,Telangana,Peddapalli,Godavarikhani & NTPC Ramagundam Super Thermal,18.77,79.52,18.770175,79.520438,verified_district,verified_district,approximate,district,medium,True,True,APPROXIMATE,True,Preserved validated district location
617983,Widening & Strengthening of Existing 2LPS to 4 lane PS from Km 150000 to Km 159000 and Km 165400 to Km 186000 of NH-163 old NH-202 under NH O for the year 2020-21 on EPC Mode in the state of Telangana.,Telangana,Jayashankar Bhupalpally,Kakatiyakhani Opencast Coal Project,18.43,79.86,18.430175,79.860437,verified_district,verified_district,approximate,district,medium,True,True,APPROXIMATE,True,Preserved validated district location
617992,Rehabilitation & upgradation of NH - 167 from design km 187.723 to 234.434 Miryalaguda to Kodad section to two lane with paved shoulder on EPC mode in the state of Telangana,Telangana,Suryapet,Suryapet Vijayawada Highway Corridor,17.14,79.62,17.14,79.62,verified_city,verified_city,exact,city,high,True,True,VALIDATED,False,Matched infrastructure site keyword in Suryapet
617993,Rehabilitation and upgradation of NH-167 from design km 157.707 to 187.723 design length 30.016 km to two lane with paved shoulders of Alinagar-Miryalaguda Sec on EPC mode in the state of Telangana,Telangana,Hyderabad,Hyderabad Infrastructure Hub,17.385,78.4867,17.384729,78.487076,verified_district,verified_district,approximate,district,medium,True,True,APPROXIMATE,True,Preserved validated district location
617994,Rehabilitation and upgradation of NH-167 from design km 113.900 to 154.479 Mallepally Haliya section to two lane with paved shoulders on EPC mode in the stte of Telangana,Telangana,Sangareddy,IIT Hyderabad Permanent Campus & Zaheerabad Node,17.6193,78.0814,17.619475,78.081835,verified_district,verified_district,approximate,district,medium,True,True,APPROXIMATE,True,Preserved validated district location
617995,Widening to Two Lane with Paved Shoulders from Km 67.000 to Km 114.425 of Kalwakurthy- Mallapally Section of NH 167 Erstwhile section of SH 18 in the State of Telangana on EPC mode under NH O Annual Plan 2016-17,Telangana,Nagarkurnool,Srisailam Left Bank Power & Kalwakurthy,16.48,78.33,16.48,78.33,verified_city,verified_city,exact,city,high,True,True,VALIDATED,False,Matched infrastructure site keyword in Nagarkurnool
617996,Widening to 2/4 Lane with paved shoulders from Km 182.120 to Km 227.600 of NH 167 on Haggari-Jadcherla Road on EPC mode under NHO in the state of Telangana,Telangana,Mahabubnagar,Divitipally IT SEZ & Highway Corridor,16.7488,77.9856,16.7488,77.9856,verified_city,verified_city,exact,city,high,True,True,VALIDATED,False,Matched infrastructure site keyword in Mahabubnagar
618001,"Construction of 4-lane flyover at Amberpet-X road, Hyderabad on NH-202 in the State of Telangana",Telangana,Hyderabad,Hyderabad Metro & Urban Infrastructure,17.385,78.4867,17.385646,78.487357,verified_city,verified_city,exact,city,high,True,True,VALIDATED,True,Matched infrastructure site keyword in Hyderabad
618025,Rehabiitation and upgradation from km 121/000 to 154/000 Nakrekal to Mallampally section of NH-365 to 2 lane with paved shoulders in the state of Telangana in the EPC mode,Telangana,Nalgonda,Nagarjuna Sagar Dam & Nalgonda Highway,17.05,79.27,17.05,79.27,verified_city,verified_city,exact,facility,high,True,True,VALIDATED,False,Matched infrastructure site keyword in Nalgonda
618026,Rehabilitation and upgradation to two lane with paved shoulders from Km 0/000 to 72/6 of NH-365 Nakrekal to Tanamcherla section under NHDP IV in the state of Telangana under EPC mode,Telangana,Nalgonda,Nagarjuna Sagar Dam & Nalgonda Highway,17.05,79.27,17.050175,79.270434,verified_city,verified_city,exact,city,high,True,True,VALIDATED,True,Matched infrastructure site keyword in Nalgonda
618091,Widening to two lane with paved shoulders from Km 0/000 to Km 45/946 of Nizampet- Narayankhed-bidar section of NH-161B in the state of Telangana under Annual Plan 2021-22 on EPC mode under NHO,Telangana,Hyderabad,Hyderabad Metro & Urban Infrastructure,17.385,78.4867,17.385866,78.486443,verified_district,verified_district,approximate,district,medium,True,True,APPROXIMATE,True,Preserved validated district location
618104,Widening to two lane with paved shoulders from Km 0/000 to Km 79/300 of Kalwakurthy - Kollapur section of NH-167K in the state of Telangana under annual plan 2021-22 on EPC mode under NHO.,Telangana,Nagarkurnool,Srisailam Left Bank Power & Kalwakurthy,16.48,78.33,16.480175,78.330432,verified_city,verified_city,exact,city,high,True,True,VALIDATED,True,Matched infrastructure site keyword in Nagarkurnool
618105,Widening and strengthening to 4 lane / 2-lane with paved shoulders of Mahabubnagar - Chincholi section from km 60/255 to Km 102/834 of NH-167N in the State of Telangana on EPC mode.,Telangana,Mahabubnagar,Divitipally IT SEZ & Highway Corridor,16.7488,77.9856,16.748975,77.986033,verified_city,verified_city,exact,city,high,True,True,VALIDATED,True,Matched infrastructure site keyword in Mahabubnagar
618106,Widening and Strengthening to 2/4 lane with paved shoulders of Mahabubnagar Chincholi section from Km 0/0 to Km 60/255 of NH-167N in the state of Telangana under Annual plan 2021-22 on EPC modepackage-I under NHO Job No.167N-TS- 2021-22-75,Telangana,Mahabubnagar,Divitipally IT SEZ & Highway Corridor,16.7488,77.9856,16.749247,77.985658,verified_city,verified_city,exact,city,high,True,True,VALIDATED,True,Matched infrastructure site keyword in Mahabubnagar
618130,Widening to 2 lane with paved shoulders from 0.00 to 32.970 ofAdilabadto Bela section of NH 353B in the State of Telangana,Telangana,Adilabad,Adilabad Airport & Cotton SEZ,19.6667,78.5333,19.666875,78.53374,verified_city,verified_city,exact,city,high,True,True,VALIDATED,True,Matched infrastructure site keyword in Adilabad
618132,Widening & strengthening of existing carriageway in 2 lane with paved shoulders from km 25/0 to 59/2 design Ch km 25.467 to 59.200 of NH - 353C on EPC mode in the state of Telangana,Telangana,Kumuram Bheem Asifabad,Goleti Opencast Coal Mining Node,19.36,79.29,19.360447,79.290059,verified_district,verified_district,approximate,district,medium,True,True,APPROXIMATE,True,Preserved validated district location
618140,Widening to two/four lane with paved shoulders from Km.34.250 to Km.71.830 of NH- 365A on Kodad-Khammam-Kurvi road.,Telangana,Suryapet,Suryapet Vijayawada Highway Corridor,17.14,79.62,17.140175,79.620434,verified_city,verified_city,exact,city,high,True,True,VALIDATED,True,Matched infrastructure site keyword in Suryapet
618141,Widening and Improvement of existing carriage way to 2 lane with paved shoulders from Km. 86/160 to 131/730 of Jangaon-Duddeda section of NH-365B in the State of Telangana on EPC Mode,Telangana,Jangaon,Jangaon Highway & Industrial Corridor,17.72,79.18,17.72,79.18,verified_city,verified_city,exact,city,high,True,True,VALIDATED,False,Matched infrastructure site keyword in Jangaon
618142,Widening to Two lane with Paved shoulders from km.40/410 to 84/037 of Thirumanlagiri-- Suryapet Section of NH-365B earstwhile section of SH-16,Telangana,Suryapet,Suryapet Vijayawada Highway Corridor,17.14,79.62,17.140447,79.620058,verified_city,verified_city,exact,city,high,True,True,VALIDATED,True,Matched infrastructure site keyword in Suryapet
618143,widening to two lane with Paved shoulders from Km.0/970 to Km.40/410 of Jangaon - Thirumal giriof NH- 365B in the state of Telanganaon EPC mode under NHO Annual Plan 2016-17,Telangana,Jangaon,Jangaon Highway & Industrial Corridor,17.72,79.18,17.720175,79.180435,verified_city,verified_city,exact,city,high,True,True,VALIDATED,True,Matched infrastructure site keyword in Jangaon
618182,Widening to Two lane with paved shoulders from 106/830 to 158/496 of Yellareddy- Rudrur Section of NH-765D in the state of Telangana on EPC mode under NHO under Annual plan 2022-23,Telangana,Kamareddy,Kamareddy Rail & Highway Junction,18.32,78.34,18.32,78.34,verified_city,verified_city,exact,city,high,True,True,VALIDATED,False,Matched infrastructure site keyword in Kamareddy
618183,Widening to 2 lane with paved shoulders from Km 62/920 to km 106/830 of Medak - Yellareddy section in the State of Telangana under Annual Plan 2022-23 on EPC mode under NHO,Telangana,Kamareddy,Kamareddy Rail & Highway Junction,18.32,78.34,18.320175,78.340437,verified_city,verified_city,exact,city,high,True,True,VALIDATED,True,Matched infrastructure site keyword in Kamareddy
618186,"Rehabilitation and Up-gradation of Valigonda to Thorrur Section to Two Lane with Paved Shoulders from Km 39.180 to Km 108.300 of NH-930P in the State of Telangana on Engineering, Procurement and Construction EPC Basis",Telangana,Hyderabad,Hyderabad Infrastructure Hub,17.385,78.4867,17.38522,78.485786,verified_city,verified_city,exact,city,high,True,True,VALIDATED,True,Preserved validated district location
618190,Widening to two lane with paved shoulders of 'Bodhan Basar Bhainsa ' section from Km 38/900 to 95/300 of NH-161BB in the state of Telangana under Annual Plan 2021- 22 on EPC Mode under NH O.,Telangana,Nirmal,Kadam Dam & Nirmal Highway Corridor,19.1,78.35,19.1,78.35,verified_city,verified_city,exact,city,high,True,True,VALIDATED,False,Matched infrastructure site keyword in Nirmal
618196,Widening to 2 lane with Paved Shoulders of Siddipet-Elkathurthy section from Km 69/978 to km 133/619 of NH-765DG in the State of Telangana under Annual plan 2021-22 on EPC mode,Telangana,Hanamkonda,Kazipet Railway Manufacturing & Overhauling Unit,18.0,79.58,18.000447,79.580058,verified_city,verified_city,exact,city,high,True,True,VALIDATED,True,Matched infrastructure site keyword in Hanamkonda
618197,Widening to 2 lane with Paved Shoulders of Medak - Siddipet section from Km 0/0 to km 69/978 of NH-765DG in the State of Telangana under Annual plan 2021-22 on EPC mode,Telangana,Siddipet,Kaleshwaram Project Ranganayaka Sagar,18.1,78.85,18.1,78.85,verified_city,verified_city,exact,city,high,True,True,VALIDATED,False,Matched infrastructure site keyword in Siddipet
618558,Improvement of Geometrics of Kalkallu to Gundla Pochanpalli from Km 454.00 to Km 471.00 of NH-44,Telangana,Hyderabad,Hyderabad Metro & Urban Infrastructure,17.385,78.4867,17.384354,78.486043,verified_district,verified_district,approximate,district,medium,True,True,APPROXIMATE,True,Preserved validated district location
618559,6L of existing 4L from Gundlapochampally to Bowenpally from km 471.300 to km 481.331 of NH-44,Telangana,Bhadradri Kothagudem,"Jawahar Khani, Venkatesh Khani & Kothagudem Thermal",17.55,80.62,17.549825,80.619565,verified_district,verified_district,approximate,district,medium,True,True,APPROXIMATE,True,Preserved validated district location
618560,Improvement of Geometrics of Thondupally to Kothur from Km 22.300 to Km 34.14 of NH-44,Telangana,Mancherial,Kalyanikhani & Indaram Coal Mines,18.87,79.46,18.870271,79.459621,verified_district,verified_district,approximate,district,medium,True,True,APPROXIMATE,True,Preserved validated district location
618746,Khammam-Devarapalle Pkg I [4L Access Controlled Greenfield from Thallampadu village to Somavaram village Design Chainage 0000 to 33604],Telangana,Bhadradri Kothagudem,Bhadradri Kothagudem Infrastructure Hub,17.55,80.6167,17.55,80.6167,verified_district,verified_district,approximate,district,medium,True,True,APPROXIMATE,False,Preserved validated district location
618765,4L of Karimnagar-Warangal section from km 49.500 to km 117.820 of NH-563,Telangana,Hanamkonda,Kazipet Railway Manufacturing & Overhauling Unit,18.0,79.58,18.000271,79.579623,verified_city,verified_city,exact,city,high,True,True,VALIDATED,True,Matched infrastructure site keyword in Hanamkonda
618811,4L Access Controlled Greenfield Highway Section Mancherial Warangal from Pangidipalle village at Design Ch. 72.350 Km to Oorugonda village at Design Ch. 112.240 KmPackage-III,Telangana,Mancherial,Kalyanikhani & Indaram Coal Mines,18.87,79.46,18.869825,79.459562,verified_city,verified_city,exact,city,high,True,True,VALIDATED,True,Matched infrastructure site keyword in Mancherial
618812,4L Access Controlled Greenfield Section Mancherial Warangal from Puttapaka village at Design Ch. 35.300 Km to Pangidipalle village at Design Ch. 72.350 KmPackage-II,Telangana,Mancherial,Kalyanikhani & Indaram Coal Mines,18.87,79.46,18.869553,79.459941,verified_city,verified_city,exact,city,high,True,True,VALIDATED,True,Matched infrastructure site keyword in Mancherial
618813,4L Access Controlled Greenfield Section Mancherial Warangal from Narva village at Design Ch. 3.834 Km to Puttapaka village at Design Ch. 35.300 Km Package-I,Telangana,Mancherial,Kalyanikhani & Indaram Coal Mines,18.87,79.46,18.869729,79.460379,verified_city,verified_city,exact,city,high,True,True,VALIDATED,True,Matched infrastructure site keyword in Mancherial
618814,4L Access Controlled Greenfield Highway section on NH163G Warangal-Khammam from Oorugonda village in Hanamkonda District at Design Ch. 112.240 Km to Venkatpur village in Warangal District at Design Ch. 150.240 KmPackage-I,Telangana,Hanamkonda,Kazipet Railway Manufacturing & Overhauling Unit,18.0,79.58,17.999825,79.579564,verified_city,verified_city,exact,city,high,True,True,VALIDATED,True,Matched infrastructure site keyword in Hanamkonda
618815,4L Access Controlled Greenfield Highway section on NH-163G Warangal-Khammam from Venkatpur village in Warangal District at Design Ch. 150.240 Km to Thallasenkesa village in Mahabubabed District at Design Ch. 189.650 kmPackage-II,Telangana,Hanamkonda,Kazipet Railway Manufacturing & Overhauling Unit,18.0,79.58,17.999553,79.579942,verified_city,verified_city,exact,city,high,True,True,VALIDATED,True,Matched infrastructure site keyword in Hanamkonda
618817,4L Access Controlled Greenfield Highway section on NH-163G Khammam Vijayawada from V. Venkatayapalem village at Design Ch. 220.480 Km to BrahmanapalliK village at Design Ch. 250.400 Km Package-I.,Telangana,Hyderabad,Hyderabad Infrastructure Hub,17.385,78.4867,17.384134,78.486957,verified_district,verified_district,approximate,district,medium,True,True,APPROXIMATE,True,Preserved validated district location
618944,Hyderabad - Maneguda,Telangana,Hyderabad,Hyderabad Metro & Urban Infrastructure,17.385,78.4867,17.38478,78.487614,verified_city,verified_city,exact,city,high,True,True,VALIDATED,True,Matched infrastructure site keyword in Hyderabad
618945,4L of Kodad Design Km 0.00/Existing Km 185.00 of NH-65 to Khammam Design Km 31.800/Existing Km 29.400 of NH-365A,Telangana,Suryapet,Suryapet Vijayawada Highway Corridor,17.14,79.62,17.140271,79.619624,verified_city,verified_city,exact,city,high,True,True,VALIDATED,True,Matched infrastructure site keyword in Suryapet
619009,Upgradation to Two Lane with Paved Shoulders from Km 0.000 to Km 41.920 Green Field Alignment of Gowrelly to Valigonda Section of NH-930P in the State of Telangana on EPC Mode under Annual Plan 2022-23,Telangana,Peddapalli,Godavarikhani & NTPC Ramagundam Super Thermal,18.77,79.52,18.770447,79.520059,verified_district,verified_district,approximate,district,medium,True,True,APPROXIMATE,True,Preserved validated district location
619128,Khammam-Devarapalle Pkg II [4L Access Controlled Greenfield from Somavaram village to Chintagudem village Design Chainage 33604 to 63117],Telangana,Jayashankar Bhupalpally,Kakatiyakhani Opencast Coal Project,18.43,79.86,18.430447,79.860058,verified_district,verified_district,approximate,district,medium,True,True,APPROXIMATE,True,Preserved validated district location
619165,Thanamcherla-Jamandlapally 2LPS,Telangana,Bhadradri Kothagudem,Bhadradri Kothagudem Infrastructure Hub,17.55,80.6167,17.550175,80.617135,verified_district,verified_district,approximate,district,medium,True,True,APPROXIMATE,True,Preserved validated district location
619193,Rehabilitation and upgradation of NH-221 from km 121/0 to 165/0 Rudrampur to Bhadrachalam section to two lane with paved shoulder under NHDPIV in the state of Telangana through EPC mode,Telangana,Bhadradri Kothagudem,"Jawahar Khani, Venkatesh Khani & Kothagudem Thermal",17.55,80.62,17.549553,80.619942,verified_city,verified_city,exact,city,high,True,True,VALIDATED,True,Matched infrastructure site keyword in Bhadradri Kothagudem
619253,Construction of 4 lane Bypass to Nalgonda Town lrorn Km 000 Existing Ch. 181590 to Km 14.00 Existing Ch. 28/685 ol Nakrekal to Nagarjunsagar Section of NH -565 in the State of Telangara on EPC under Annual Plan 2024 -25,Telangana,Nalgonda,Nagarjuna Sagar Dam & Nalgonda Highway,17.05,79.27,17.050447,79.270058,verified_city,verified_city,exact,city,high,True,True,VALIDATED,True,Matched infrastructure site keyword in Nalgonda
618350,Improvement & widening of existing NH-08 to 4-lane with Paved Shoulder from Champak Nagar to Khayerpur section design Km 242500 to Km 261610 in the state of Tripura on EPC basis under NHO-NE,Tripura,South Tripura,South Tripura Infrastructure Hub,23.8315,91.2868,23.831947,91.286861,verified_district,verified_district,approximate,district,medium,True,True,APPROXIMATE,True,Preserved validated district location
618367,Improvement and Widening to 2-lane with paved shoulder of road from design Km 72.000 Pati Chhari to design Km 107.654 Harina Total length 35.654 Km on Teliamura to Harina section of NH 208 in the state of Tripura on EPC mode under JICA ODA Loan Phase VI Package-4,Tripura,Gomati,Gomati Infrastructure Hub,23.53,91.48,23.53,91.48,verified_district,verified_district,approximate,district,medium,True,True,APPROXIMATE,False,Preserved validated district location
618368,Improvement and Widening to 2-lane with paved shoulder of road from design Km 36.000 Rangamati to design Km 72.000 Pati Chhari Total length 36.000 Km on Teliamura to Harina section of NH 208 in the state of Tripura on EPC mode under JICA ODA Loan Phase VI Package-3,Tripura,West Tripura,West Tripura Infrastructure Hub,23.8315,91.2868,23.831771,91.286408,verified_district,verified_district,approximate,district,medium,True,True,APPROXIMATE,True,Preserved validated district location
618369,Improvement and Widening to 2-lane with paved shoulder of road from existing Km 438.170 Khowai Chowmuhani to existing Km 439.410 South Pulinpur of NH-08 and from design Km 0.000 South Pulinpur to design Km 36.00 near Rangamati of NH 208 on Khowai Teliamura- Harina section Total length 37.24 in the state of Tripura on EPC mode under JICA ODA Loan Phase VI Package-2,Tripura,South Tripura,South Tripura Infrastructure Hub,23.8315,91.2868,23.831325,91.286347,verified_district,verified_district,approximate,district,medium,True,True,APPROXIMATE,True,Preserved validated district location
618370,Improvement and Widening to 2-lane with paved shoulder of road from Km 101.300 to km 127.319 Total Length 26.019 Km i.e. the Khowai Teliamura-Amarpur-Harina- Sabroom section of NH 208 in the state of Tripura on EPC under JICA ODA Loan Phase VI Package-1,Tripura,West Tripura,Agartala Smart City & Agartala Airport,23.8315,91.2868,23.831053,91.286739,verified_city,verified_city,exact,city,high,True,True,VALIDATED,True,Matched infrastructure site keyword in South Tripura (snapped inside state polygon)
618385,Rehabilitation and up-gradation of road from design km 25.250 to km 36.460 Total lengh 11.210 km of Kailashahar-Kurti Bridge section on NH-208A to 2-lane with paved shoulder on EPC basis under NHO Package-III- Balance Work,Tripura,Gomati,Gomati Infrastructure Hub,23.53,91.48,23.530175,91.480452,verified_district,verified_district,approximate,district,medium,True,True,APPROXIMATE,True,Preserved validated district location
618386,Rehabilitation & Upgradation of Road from Km 0.00 to Km 18.600 Total length-18.600 km of Kumarghat-Kailashahar section on NH-208 to 2-lane with Paved shoulder on EPC bais under NHO,Tripura,West Tripura,West Tripura Infrastructure Hub,23.8315,91.2868,23.831229,91.287192,verified_district,verified_district,approximate,district,medium,True,True,APPROXIMATE,True,Preserved validated district location
618411,Melaghar-Srimantapur section on NH-08 Spur from Km 23 to Km 34.500 11.5 Km and overlay from Km 20.30 to Km 22.00 1.7 Km Total Length 13.2 Km,Tripura,South Tripura,South Tripura Infrastructure Hub,23.8315,91.2868,23.832146,91.287485,verified_district,verified_district,approximate,district,medium,True,True,APPROXIMATE,True,Preserved validated district location
618417,"Construction of 4-Lane with paved shoulder Agartala bypass Western side, length 25.402 km connecting NH-8 near Amtali to NH-108B near Lembuchhera in the state of Tripura on EPC basis under NHO-NE",Tripura,West Tripura,Agartala Smart City & Agartala Airport,23.8315,91.2868,23.832366,91.286532,verified_city,verified_city,exact,city,high,True,True,VALIDATED,True,Matched infrastructure site keyword in West Tripura
617957,Construction of Jasra Bypass with four lane paved shoulder configurationfrom Km 379.670 on NH-76New NH-35 to Km 18.00 on NH-27New NH-30 on EPC in the State of Uttar Pradesh.,Uttar Pradesh,Prayagraj,Jasra Bypass & Prayagraj Ring Road,25.4358,81.8463,25.436071,81.845902,verified_city,verified_city,exact,city,high,True,True,VALIDATED,True,Matched infrastructure site keyword in Prayagraj
617963,Rehabilitation and upgradation to four lane road from km 70.500 to km 78.600 of NH- 92 under EPC mode in the State of Uttar Pradesh,Uttar Pradesh,Prayagraj,Jasra Bypass & Prayagraj Ring Road,25.4358,81.8463,25.435625,81.845841,verified_district,verified_district,approximate,district,medium,True,True,APPROXIMATE,True,Authoritative district resolution (Prayagraj)
617964,"Widening to Four Lane rigid pavement configuration from Km 90.00 to Km 100.800 on NH-96 Km 42.0 to Km 53.300 as per new NH-330,design length of 11.300 km under EPC mode in the state of Uttar Pradesh.",Uttar Pradesh,Agra,Agra Infrastructure Hub,27.1767,78.0081,27.176875,78.008566,verified_district,verified_district,approximate,district,medium,True,True,APPROXIMATE,True,Preserved validated district location
618008,"Construction of four-lane elevated viaduct from km.4634 to km.6345 on NH-24A including Retaining wall, service lane, at grade road and improvement of junctions, on EPC mode",Uttar Pradesh,Gorakhpur,Gorakhpur Infrastructure Hub,26.7606,83.3732,26.760871,83.372798,verified_district,verified_district,approximate,district,medium,True,True,APPROXIMATE,True,Preserved validated district location
618009,Balance work of Construction of Ring Road for Raebareli City on eastern side of NH- 24B Phase-1 on EPC mode.,Uttar Pradesh,Raebareli,Raebareli Ring Road & Rail Coach Factory,26.2236,81.2409,26.223775,81.241362,verified_city,verified_city,exact,city,high,True,True,VALIDATED,True,Matched infrastructure site keyword in Raebareli
618054,Construction of Balrampur bypass with 2L flexible pavement configuration from km.223.000 of NH-330 to km.328.300 of NH-730 under EPC mode,Uttar Pradesh,Balrampur,Balrampur Bypass & Highway NH-330,27.43,82.18,27.43,82.18,verified_city,verified_city,exact,city,high,True,True,VALIDATED,False,Matched infrastructure site keyword in Balrampur
618055,Construction of Pratapgarh Bypass Extension connecting NH-31 to NH-330 on EPC mode in the State of Uttar Pradesh.,Uttar Pradesh,Pratapgarh,Pratapgarh Bypass NH-31 to NH-330,25.9,81.98,25.900175,81.980461,verified_city,verified_city,exact,city,high,True,True,VALIDATED,True,Matched infrastructure site keyword in Pratapgarh
618056,Improvement and Up-gradation to two Lane with Paved Shoulder Configuration from existing km. 420.00 Shohrathgarh to km. 454.00 Uska Bazar of NH-730 in the state of Uttar Pradesh EPC basis,Uttar Pradesh,Jhansi,Jhansi Infrastructure Hub,25.4484,78.5685,25.448847,78.568561,verified_district,verified_district,approximate,district,medium,True,True,APPROXIMATE,True,Preserved validated district location
618057,Construction of Shohratgarh Bypass on NH-730 under EPC mode in the State of Uttar Pradesh,Uttar Pradesh,Siddharthnagar,Shohratgarh Bypass & Siddharthnagar Rail,27.2917,82.8167,27.291875,82.817166,verified_city,verified_city,exact,city,high,True,True,VALIDATED,True,Matched infrastructure site keyword in Siddharthnagar
618063,Widening & Strenghteningof section from Bharthana chowk to Kodarkoot km.0.00 to km.40.00 of NH-91-A on EPC mode,Uttar Pradesh,Etawah,Etawah Rail & Wildlife Safari Node,26.7855,79.0154,26.785675,79.015864,verified_city,verified_city,exact,city,high,True,True,VALIDATED,True,Matched infrastructure site keyword in Etawah
618066,Construction of Amethi bypass Part-II at km.30.050 of NH-931 under EPC mode in the state of Uttar Pradesh,Uttar Pradesh,Amethi,Amethi Bypass & Jagdishpur Industrial Area,26.1558,81.8153,26.1558,81.8153,verified_city,verified_city,exact,city,high,True,True,VALIDATED,False,Matched infrastructure site keyword in Amethi
618067,"Rehabilitation & Up-gradation from design Km. 0.000 to Km. 69.280 of NH-931 Pratapgarh - Amethi - Gauriganj -Musafirkhana to two lane with paved shoulder on Engineering, Procurement & Construction EpC mode in the State of Uttar Pradesh",Uttar Pradesh,Amethi,Amethi Bypass & Jagdishpur Industrial Area,26.1558,81.8153,26.155975,81.815762,verified_city,verified_city,exact,city,high,True,True,VALIDATED,True,Matched infrastructure site keyword in Amethi
618075,Construction of two lane with paved shoulder from existing Km.0.000 to Km.55.610 design km. 0.000 to km. 54.048 of NH-124D,Uttar Pradesh,Varanasi,Varanasi Infrastructure Hub,25.3176,82.9739,25.317871,82.973503,verified_district,verified_district,approximate,district,medium,True,True,APPROXIMATE,True,Preserved validated district location
618081,Construction of Mariahu Bypass with four lane paved shoulder configuration Km. 53.540 to Km.59.200 of NH-135A on EPC mode in the state of Uttar Pradesh,Uttar Pradesh,Jaunpur,Mariahu Bypass & Jaunpur Hub,25.7464,82.6837,25.746575,82.68416,verified_city,verified_city,exact,city,high,True,True,VALIDATED,True,Matched infrastructure site keyword in Jaunpur
618082,Widening & Upgradation to four lane configuration from Km.34.900 Bhadohi to km.73.134 Jaunpur of NH-135A on EPC mode,Uttar Pradesh,Jaunpur,Mariahu Bypass & Jaunpur Hub,25.7464,82.6837,25.746847,82.683762,verified_city,verified_city,exact,city,high,True,True,VALIDATED,True,Matched infrastructure site keyword in Jaunpur
618110,Improvement and upgradation to two lane with Paved Shoulder configuration from existing km 55.00 to km 90.00 Design length 34.76 of NH-227A near Chhapia Village to near Sikriganj in the State of UP on EPC Mode.,Uttar Pradesh,Agra,Agra Infrastructure Hub,27.1767,78.0081,27.177147,78.008162,verified_district,verified_district,approximate,district,medium,True,True,APPROXIMATE,True,Preserved validated district location
618111,Improvement and upgradation to two lane with paved shoulder configuration from existing km 90.00 to 130.00 Design length 39.15 of NH-227A near Sikriganj to Barhalganj in the State of UP on EPC Mode.,Uttar Pradesh,Gorakhpur,Gorakhpur Infrastructure Hub,26.7606,83.3732,26.760425,83.372736,verified_district,verified_district,approximate,district,medium,True,True,APPROXIMATE,True,Preserved validated district location
618112,"Improvement and up-gradation of NH-227B 84 Kosi Parikrama Marg Package I, from km 228.920 Jagarnathpur to Km 235.960/0.000 MakhaudaDham to Km 29.000 Sarpur in the State of Uttar Pradesh on EPC basis",Uttar Pradesh,Ayodhya,Maryada Purushottam Shri Ram International Airport,26.7922,82.1998,26.7922,82.1998,verified_city,verified_city,exact,city,high,True,True,VALIDATED,False,Matched infrastructure site keyword in Ayodhya
618113,"Improvement and up-gradation of NH-227B 84 Kosi Parikrama Marg Package III, from Km.47.800 Gosaiganj to Km.73.300 Bikapur in the State of Uttar Pradesh on EPC basis.",Uttar Pradesh,Ayodhya,Maryada Purushottam Shri Ram International Airport,26.7922,82.1998,26.792375,82.200264,verified_city,verified_city,exact,city,high,True,True,VALIDATED,True,Matched infrastructure site keyword in Ayodhya
618114,"Improvement and up-gradation of NH-227B 84 Kosi Parikrama Marg PackageV, from Design Km.140.960 Patranga to Km.160.200 Bahuvan Madar Majha on EPC mode in the State of Uttar Pradesh",Uttar Pradesh,Ayodhya,Maryada Purushottam Shri Ram International Airport,26.7922,82.1998,26.792647,82.199862,verified_city,verified_city,exact,city,high,True,True,VALIDATED,True,Matched infrastructure site keyword in Ayodhya
618116,lmprovement and Up-gradation from Km. 73.300 Bikapur to Km.140.960 Patranga of NH-227B 84 Kosi Parikrama Marg to 2LPS along with Parikrama Path,Uttar Pradesh,Ayodhya,Maryada Purushottam Shri Ram International Airport,26.7922,82.1998,26.792471,82.199398,verified_city,verified_city,exact,city,high,True,True,VALIDATED,True,Matched infrastructure site keyword in Ayodhya
618124,Rehabilitation and upgradation from km 51.600 to km 75.700 of NH-321G Nuhkhas to Etah section to two lane with paved shoulder configuration under EPC mode in the State of Uttar Pradesh,Uttar Pradesh,Etah,Etah Jawaharpur Thermal Power Plant,27.5615,78.6653,27.5615,78.6653,verified_city,verified_city,exact,city,high,True,True,VALIDATED,False,Matched infrastructure site keyword in Etah
618162,"Improvement and up-gradation to 2LPS of NH-227B 84-Kosi Parikrama Marg PackageVI, Design Km 160200 Bahuvan Madar Majha to Km 224040 Jagarnathpur under HAM",Uttar Pradesh,Ayodhya,Maryada Purushottam Shri Ram International Airport,26.7922,82.1998,26.792025,82.199336,verified_city,verified_city,exact,city,high,True,True,VALIDATED,True,Matched infrastructure site keyword in Ayodhya
618163,"Rehabilitation and Up-gradation from km. 0000 to km.40390 of NH-730S MaharajganjNichloulThuthibari to two lane with paved shoulders in the State of U.P. on Engineering, Procurement & Construction EPC Basis.",Uttar Pradesh,Lucknow,Lucknow Infrastructure Hub,26.8467,80.9462,26.847147,80.946262,verified_district,verified_district,approximate,district,medium,True,True,APPROXIMATE,True,Preserved validated district location
618164,Construction of four lane highway with paved shoulder from Km.74.700 to Km.112.950 of NH-731A i/c Yamuna Bridge on HAM in the state of Uttar Pradesh.,Uttar Pradesh,Raebareli,Raebareli Ring Road & Rail Coach Factory,25.4358,81.8463,26.224047,81.240962,verified_district,verified_district,approximate,district,medium,True,True,APPROXIMATE,True,Authoritative district resolution (Raebareli)
618165,Construction of 4-lane highway with paved shoulders from Km 49.155 to Km 74.700 of NH-731A on Hybrid Annuity Mode in the state of Uttar Pradesh,Uttar Pradesh,Varanasi,Varanasi Infrastructure Hub,25.3176,82.9739,25.317425,82.973441,verified_district,verified_district,approximate,district,medium,True,True,APPROXIMATE,True,Preserved validated district location
618166,Construction of 4-lane green field highway from Km. 35.000 to Km. 49.155 of NH- 731A with paved shoulders on Hybrid Annuity Mode in the state of Uttar Pradesh,Uttar Pradesh,Kanpur Nagar,Kanpur Nagar Infrastructure Hub,26.4499,80.3319,26.450171,80.331499,verified_district,verified_district,approximate,district,medium,True,True,APPROXIMATE,True,Preserved validated district location
618167,Rehabilitation & Upgradation of NH-731A from Km.0.00 to Km.35.00 to 2-lane with paved shoulder under EPC mode,Uttar Pradesh,Balrampur,Balrampur Bypass & Highway NH-330,25.4358,81.8463,27.430175,82.180467,verified_district,verified_district,approximate,district,medium,True,True,APPROXIMATE,True,Authoritative district resolution (Balrampur)
618168,Widening to four lane with paved shoulder from Design Km.49.200 to Km.89.285 of NH-731B on EPC mode in the state of Uttar Pradesh,Uttar Pradesh,Agra,Agra Infrastructure Hub,27.1767,78.0081,27.176971,78.007696,verified_district,verified_district,approximate,district,medium,True,True,APPROXIMATE,True,Preserved validated district location
618169,Construction of Two Lane with paved shoulder highway from Design Ch.0.000 to Ch.49.2OO of NH-731B on EPC Mode,Uttar Pradesh,Gorakhpur,Gorakhpur Infrastructure Hub,26.7606,83.3732,26.760153,83.373138,verified_district,verified_district,approximate,district,medium,True,True,APPROXIMATE,True,Preserved validated district location
618187,"Rehabilitation and upgradation of Salon - Jais - Jagdishpur Road section of NH-931A, from design Chainage km 0.000 to km 5.740 to four lane divided carriageway and from design Chainage km 5.740 to km 53.500 to two lane with paved Total length km 53.500 along with One time improvement in 04 no's of realigned/bypassed built-up areas in a total length of 9.732 km in the state of Uttar Pradesh on EPC mode",Uttar Pradesh,Amethi,Amethi Bypass & Jagdishpur Industrial Area,26.1558,81.8153,26.156247,81.815362,verified_city,verified_city,exact,city,high,True,True,VALIDATED,True,Matched infrastructure site keyword in Amethi
618229,Rehabilitation and upgradation to 2-lane with paved sholuders configuration of Near Karri village-Etawah section Km30.000 to Km 57.346 Pakage-II of NH-92 in state of Uttar Pradesh undergreen national Highway Corridor ProjectGNHCP with the loan assistance of world Bank on EPC mode.,Uttar Pradesh,Etawah,Etawah Rail & Wildlife Safari Node,26.7855,79.0154,26.785947,79.015462,verified_city,verified_city,exact,city,high,True,True,VALIDATED,True,Matched infrastructure site keyword in Etawah
618233,Construction of 6-lane bridge on Ganga on NH-96 and its approaches in Phaphamau Allahabad on EPC mode,Uttar Pradesh,Prayagraj,Jasra Bypass & Prayagraj Ring Road,25.4358,81.8463,25.435353,81.846239,verified_city,verified_city,exact,city,high,True,True,VALIDATED,True,Matched infrastructure site keyword in Prayagraj
618240,Rehabilitation and upgradation to 2-lane with paved sholuders configuration of Bewar- naer Karri village section Km0.00 to Km30.00 Pakage-I of NH-92 in state of Uttar Pradesh undergreen national Highway Corridor Project GNHCP with the loan assistance of world Bank on EPC mode.,Uttar Pradesh,Bareilly,Bareilly Infrastructure Hub,28.367,79.4304,28.367175,79.430871,verified_district,verified_district,approximate,district,medium,True,True,APPROXIMATE,True,Preserved validated district location
618243,Construction of Basti Ring Road Phase-I with 4L configuration for Basti City in the state of Uttar Pradesh on HAM mode,Uttar Pradesh,Basti,Basti Highway & Sugar Cluster,26.7994,82.7633,26.7994,82.7633,verified_city,verified_city,exact,city,high,True,True,VALIDATED,False,Matched infrastructure site keyword in Basti
618244,Construction of Raebareli Ring Road Phase-2 with four Lane configuration for Raebareli City in the state of Uttar Pradesh on Hybrid Annuity Model HAM basis,Uttar Pradesh,Raebareli,Raebareli Ring Road & Rail Coach Factory,26.2236,81.2409,26.223871,81.2405,verified_city,verified_city,exact,city,high,True,True,VALIDATED,True,Matched infrastructure site keyword in Raebareli
618247,Construction of 4 lane Mirzapur bypass including bridge over river Ganga from km 0.000 to km 15.000 of NH 135A in the State of Uttar Pradesh on HAM Mode.,Uttar Pradesh,Mirzapur,Chunar Junction & Mirzapur Terminal,25.1337,82.5644,25.133971,82.564003,verified_city,verified_city,exact,city,high,True,True,VALIDATED,True,Matched infrastructure site keyword in Mirzapur
618248,Widening to 4 lane from km. 139.00 to km 179.20 of NH-135A Pkg-III Jaunpur Akbarpur section and Akbarpur bypass on Hybrid Annuity Mode in the state of Uttar Pradesh.,Uttar Pradesh,Ambedkar Nagar,"NH-135A Jaunpur - Akbarpur 4-Lane Section, Akbarpur",26.34,79.95,26.43,82.54,verified_city,verified_facility,exact,project_site,high,True,True,VALIDATED,True,"Known verified facility (NH-135A Jaunpur - Akbarpur 4-Lane Section, Akbarpur)"
618249,Widening to 4 lane from km. 108.50 to km 139.00 of NH-135A Pkg-II Jaunpur Akbarpur section on Hybrid Annuity Mode in the state of Uttar Pradesh,Uttar Pradesh,Jaunpur,"NH-135A Jaunpur Bypass Section, Jaunpur",26.34,79.95,25.75,82.68,verified_city,verified_facility,exact,project_site,high,True,True,VALIDATED,True,"Known verified facility (NH-135A Jaunpur Bypass Section, Jaunpur)"
618252,"Improvement and Up-gradation to two Lane with Paved Shoulder/Four Lane configuration from existing Km 130.000 to Km 191.000 design km 131.500 to Km 188.735, Design length 57.235 Km of NH-227A near Barhalganj to Mehrauna Ghat in the state of Uttar Pradesh on Hybrid Annuity Model HAM basis",Uttar Pradesh,Varanasi,Varanasi Infrastructure Hub,25.3176,82.9739,25.317153,82.973839,verified_district,verified_district,approximate,district,medium,True,True,APPROXIMATE,True,Preserved validated district location
618260,"Construction of Salempur bypass to 4LPS from km 64.000 of NH-727A Km 171.00 of Sonauli Balia Marg, old SH-01, near Mahadahan Chauraha to km 61.500 of NH-727B Km 178.500 of Sonauli Balia Marg, old SH-01, near near Ahirauli Village under Hybrid Annuity Mode HAM in the State of Uttar Pradesh",Uttar Pradesh,Deoria,Deoria Highway & Rail Network,26.5024,83.7791,26.502575,83.779563,verified_city,verified_city,exact,city,high,True,True,VALIDATED,True,Matched infrastructure site keyword in Deoria
618262,Construction of Deoria Bypass from existing Km. 27.140 to existing Km. 46.780 Design Km. 49.109 on NH727A Design length 21.969 Km. to four lane with paved shoulder configuration under Hybrid Annuity Mode HAM in the State of Uttar Pradesh,Uttar Pradesh,Deoria,Deoria Highway & Rail Network,26.5024,83.7791,26.502847,83.779162,verified_city,verified_city,exact,city,high,True,True,VALIDATED,True,Matched infrastructure site keyword in Deoria
618263,"Rehabilitation and Up-gradation to 2LPS from Km. 0.000 to Km. 7.800 and Km. 35.400 to Km. 52.345 Design length 24.745 Km., except Bihar portion of NH-727B Tamkuhiraj to Bihar Border and Bihar Border to Majhauli on EPC mode in the State of Uttar Pradesh",Uttar Pradesh,Agra,Agra Infrastructure Hub,27.1767,78.0081,27.176525,78.007634,verified_district,verified_district,approximate,district,medium,True,True,APPROXIMATE,True,Preserved validated district location
618264,"Widening and Strengthening to two Lane with Paved Shoulder/Four Lane with paved shoulder configuration from km. 61.500 of NH-727B near Nawalpur km 178.500 of Sonauli Balia Marg, Old SH-01 i.e. end point of Salempur Bypass to km. 106.495 of NH-727B near Sikanderpur under EPC mode",Uttar Pradesh,Ballia,Ballia Green Field Expressway,25.7607,84.1491,25.760875,84.14956,verified_city,verified_city,exact,city,high,True,True,VALIDATED,True,Matched infrastructure site keyword in Ballia
618265,Rehabilitation and upgradation to 2-lane with paved sholuders configuration of Miranpur Katra to radhaita section of NH-730CKm.114.000 to Km 137.250pakage-III in state of Uttar Pradesh undergreen national Highway Corridor ProjectGNHCP with the loan assistance of world Bank on EPC mode.,Uttar Pradesh,Raebareli,Raebareli Ring Road & Rail Coach Factory,26.2236,81.2409,26.223425,81.240438,verified_district,verified_district,approximate,district,medium,True,True,APPROXIMATE,True,Preserved validated district location
618266,Rehabilitation and upgradation to 2-lane with paved sholuders configuration of Bewar- Allahaganj- section of NH-730C Km.0.000 to Km 52.770 pakage-I in state of Uttar Pradesh undergreen national Highway Corridor Project GNHCP with the loan assistance of world Bank on EPC mode.,Uttar Pradesh,Meerut,Meerut Infrastructure Hub,28.9845,77.7064,28.984675,77.706874,verified_district,verified_district,approximate,district,medium,True,True,APPROXIMATE,True,Preserved validated district location
618498,6L Greenfield Kanpur - Lucknow Expressway Pkg II from km. 28.500 to km. 73.744,Uttar Pradesh,Lucknow,Lucknow Metro Phase-1B & Sewerage System,26.8467,80.9462,26.846971,80.945798,verified_city,verified_city,exact,city,high,True,True,VALIDATED,True,Matched infrastructure site keyword in Lucknow
618499,6L Elevated Kanpur - Lucknow Exeressway Pkg-1 from Km. 10980 to Km. 28500,Uttar Pradesh,Lucknow,Lucknow Metro Phase-1B & Sewerage System,26.8467,80.9462,26.846525,80.945735,verified_city,verified_city,exact,city,high,True,True,VALIDATED,True,Matched infrastructure site keyword in Lucknow
618500,Construction of 4L Connector from Delhi Meerut Expressway Km 50.000 of Pkg IV to Km 8.520 of NH-235 Pkg-5,Uttar Pradesh,Meerut,Meerut RRTS Corridor & Metro,28.9845,77.7064,28.984947,77.706463,verified_city,verified_city,exact,city,high,True,True,VALIDATED,True,Matched infrastructure site keyword in Meerut
618529,Varanasi Ring Road Pkg-II connecting Sandaha Village km 11.70 / NH-29 with Revasa Village km 818.80 / NH-2,Uttar Pradesh,Varanasi,Lal Bahadur Shastri Airport & BHU Kayakalp,25.3176,82.9739,25.317329,82.974297,verified_city,verified_city,exact,city,high,True,True,VALIDATED,True,Matched infrastructure site keyword in Varanasi
618536,Construction of Ring Road around Kanpur from Ch.68.650 to Ch.93.209 Jarkala to Pakari Package-IV in State of Uttar Pradesh.,Uttar Pradesh,Kanpur Nagar,Ghatampur Power & Kanpur Metro & LPG Hub,26.4499,80.3319,26.449725,80.331437,verified_city,verified_city,exact,city,high,True,True,VALIDATED,True,Matched infrastructure site keyword in Kanpur Nagar
618537,Construction of Ring Road around Kanpur from Km.000 to Km. 23.325 Chachendi Sachendi I to Maharajpur Package-I,Uttar Pradesh,Kanpur Nagar,Ghatampur Power & Kanpur Metro & LPG Hub,26.4499,80.3319,26.449453,80.331838,verified_city,verified_city,exact,city,high,True,True,VALIDATED,True,Matched infrastructure site keyword in Kanpur Nagar
618538,Construction of Ring Road around kanpur from Ch.51.200 to Ch. 68.650 Badarka to Harbanch-Uchti Pkg-III,Uttar Pradesh,Kanpur Nagar,Ghatampur Power & Kanpur Metro & LPG Hub,26.4499,80.3319,26.449629,80.332301,verified_city,verified_city,exact,city,high,True,True,VALIDATED,True,Matched infrastructure site keyword in Kanpur Nagar
618539,Construction of Ring Road Kanpur from Ch. 32.090 to Ch.51.200 Transganaga to Sathara Package-II B,Uttar Pradesh,Kanpur Nagar,Ghatampur Power & Kanpur Metro & LPG Hub,26.4499,80.3319,26.450546,80.3326,verified_city,verified_city,exact,city,high,True,True,VALIDATED,True,Matched infrastructure site keyword in Kanpur Nagar
618540,Construction of Ring Road around Kanpur from Ch.23.325 to Ch.32.090 Chaudhariya to Transganga Package-IIA,Uttar Pradesh,Kanpur Nagar,Ghatampur Power & Kanpur Metro & LPG Hub,26.4499,80.3319,26.450766,80.331626,verified_city,verified_city,exact,city,high,True,True,VALIDATED,True,Matched infrastructure site keyword in Kanpur Nagar
618553,6L of Agra Bypass Northern connecting Km. 174.500 of NH-2 new NH-19 to Km. 141.000 of Yamuna Expressways,Uttar Pradesh,Agra,Agra Civil Enclave & Agra Metro Rail,27.1767,78.0081,27.176253,78.008038,verified_city,verified_city,exact,city,high,True,True,VALIDATED,True,Matched infrastructure site keyword in Agra
618554,Construction of left out portion of Agra Inner Ring Road connecting village Deori to NH-44 village Bad from Km. 0.000 to Km. 7.772,Uttar Pradesh,Agra,Agra Civil Enclave & Agra Metro Rail,27.1767,78.0081,27.176429,78.008504,verified_city,verified_city,exact,facility,high,True,True,VALIDATED,True,Matched infrastructure site keyword in Agra
618565,Strengthening of existing 4L Ayodhya Bypass Section from design Km. 121 600 to Km. 144020 of NH 28 New NH 27Pkg-3,Uttar Pradesh,Ayodhya,Maryada Purushottam Shri Ram International Airport,26.7922,82.1998,26.791753,82.199738,verified_city,verified_city,exact,city,high,True,True,VALIDATED,True,Matched infrastructure site keyword in Ayodhya
618566,4L Green Field Northern East side Gorakhpur Bypass 26.616 Kms starting from NH- 29E Chainage 83.308 and end at NH-28 Chainage 285.100,Uttar Pradesh,Gorakhpur,Gorakhpur AIIMS & Fertilizer Complex,26.7606,83.3732,26.760329,83.373602,verified_city,verified_city,exact,city,high,True,True,VALIDATED,True,Matched infrastructure site keyword in Gorakhpur
618567,4/6L of Northern Ayodhya Bypass starting Km. 112.540 and ending Km. 139.928 north of existing NH-27 part-1 and part-2 south of NH-27 from km 0.000 to km 5.000.,Uttar Pradesh,Ayodhya,Maryada Purushottam Shri Ram International Airport,26.7922,82.1998,26.791929,82.200202,verified_city,verified_city,exact,city,high,True,True,VALIDATED,True,Matched infrastructure site keyword in Ayodhya
618568,4/6L Southern Ayodhya Bypass from Km 5.000 to Km 37.172 starting near Km. 112.540 and ending at Km. 153.281 of NH-27,Uttar Pradesh,Ayodhya,Maryada Purushottam Shri Ram International Airport,26.7922,82.1998,26.792846,82.200502,verified_city,verified_city,exact,city,high,True,True,VALIDATED,True,Matched infrastructure site keyword in Ayodhya
618669,4 -Laning of MP/UP Border to Kabarai section of NH-34&35 from km 197.000 to km 242.991 Length 45.991 Km Sagar-Kabrai Package-5 under Bharat Mala Pariyojana EC in MP & UP on HAM,Uttar Pradesh,Bareilly,Bareilly Infrastructure Hub,28.367,79.4304,28.367447,79.430463,verified_district,verified_district,approximate,district,medium,True,True,APPROXIMATE,True,Preserved validated district location
618690,"4 lanning of Aligarh Palwal section from km 0.00 to km 46.39 package -1 from khereshwar junction-kurana of NH33D , including khair & jattari bypass in the state of UP on HAM mode",Uttar Pradesh,Aligarh,Aligarh Defense Industrial Corridor,27.8974,78.088,27.897575,78.088469,verified_city,verified_city,exact,city,high,True,True,VALIDATED,True,Matched infrastructure site keyword in Aligarh
618692,Aligarh-Kanpur Pkg I [Aligarh-Bhadwas],Uttar Pradesh,Aligarh,Aligarh Defense Industrial Corridor,27.8974,78.088,27.897847,78.088063,verified_city,verified_city,exact,city,high,True,True,VALIDATED,True,Matched infrastructure site keyword in Aligarh
618710,DL/UP Border - EPE Crossing Pkg-02,Uttar Pradesh,Jhansi,Jhansi Infrastructure Hub,25.4484,78.5685,25.448671,78.568102,verified_district,verified_district,approximate,district,medium,True,True,APPROXIMATE,True,Preserved validated district location
618722,6L access Controlled Greenfield Highway from Gogwan Jalalpur Shamli to Ranipur Barsi Saharanpur of Shamli -Ambala section Package-I Design Ch. Form km 00.600 to km 45.500,Uttar Pradesh,Saharanpur,Saharanpur Freight & Expressway Corridor,29.9679,77.5452,29.968075,77.545678,verified_city,verified_city,exact,city,high,True,True,VALIDATED,True,Matched infrastructure site keyword in Saharanpur
618761,4L Spur of Meerut-Garh-Mukteshwar section connecting NH-119 and NH-58 bypassing Meerut Town of NH 709 A,Uttar Pradesh,Meerut,Meerut RRTS Corridor & Metro,28.9845,77.7064,28.984771,77.70599,verified_city,verified_city,exact,city,high,True,True,VALIDATED,True,Matched infrastructure site keyword in Meerut
618768,Four laning of Agra-Aligarh Section from Km. 0.000 Junction of NH-34 Aligarh Km 144.60 to Km. 28.000 near Asroi village in Hathras of NH-509 Package-I,Uttar Pradesh,Aligarh,Aligarh Defense Industrial Corridor,27.8974,78.088,27.897671,78.087594,verified_city,verified_city,exact,city,high,True,True,VALIDATED,True,Matched infrastructure site keyword in Aligarh
618770,4L Spur of Panipat - Shamli connecting NH-709AD Panipat Shamli Muzaffarnagar and NH-709A Karnal Meerut bypassing Shamli district UP,Uttar Pradesh,Muzaffarnagar,Muzaffarnagar Highway Corridor,29.4727,77.7085,29.4727,77.7085,verified_city,verified_city,exact,city,high,True,True,VALIDATED,False,Matched infrastructure site keyword in Muzaffarnagar
618782,4L of Bareilly-Pilibhit-Sitarganj from Km. 0.000 to Km. 32.500 of NH-30 Pkg-1,Uttar Pradesh,Bareilly,Bareilly Smart City & Airport Hub,28.367,79.4304,28.367271,79.429992,verified_city,verified_city,exact,city,high,True,True,VALIDATED,True,Matched infrastructure site keyword in Bareilly
618798,4L of Sonauli - Gorakhpur,Uttar Pradesh,Gorakhpur,Gorakhpur AIIMS & Fertilizer Complex,26.7606,83.3732,26.761246,83.373902,verified_city,verified_city,exact,city,high,True,True,VALIDATED,True,Matched infrastructure site keyword in Gorakhpur
618843,Construction of two lane with paved shoulders bypass to Mungrabadshapur town starting from near Kodahu at Km 47/225 of NH-319D and ending near Nauwadandi at Km 219/720 of NH-31 under NHO in the state of Uttar Pradesh on EPC mode,Uttar Pradesh,Balrampur,Balrampur Bypass & Highway NH-330,27.43,82.18,27.430447,82.180063,verified_district,verified_district,approximate,district,medium,True,True,APPROXIMATE,True,Preserved validated district location
618848,Construction of Underpass beneath airport runway on NH-31 old NH-56 for proposed expansion of runway of Babatpur Airport Varanasi,Uttar Pradesh,Varanasi,Lal Bahadur Shastri Airport & BHU Kayakalp,25.3176,82.9739,25.318246,82.974594,verified_city,verified_city,exact,facility,high,True,True,VALIDATED,True,Matched infrastructure site keyword in Varanasi
618854,2L PS of Raebareli - Jagdishpur with 4L Jagdishpur Bypass Spur,Uttar Pradesh,Amethi,"Raebareli - Jagdishpur Corridor & Bypass, Amethi",26.1558,81.8153,26.47,81.63,verified_city,verified_facility,exact,project_site,high,True,True,VALIDATED,True,"Known verified facility (Raebareli - Jagdishpur Corridor & Bypass, Amethi)"
618855,"Improvement and Up-Gradation of Existing Road to 2/4L PS from Km 40.000 to 88.750, start of Khutar bypass to start of Shahjahanpur bypass of NH 731Pkg-I",Uttar Pradesh,Shahjahanpur,Shahjahanpur Power & Expressway Node,27.8805,79.912,27.8805,79.912,verified_city,verified_city,exact,city,high,True,True,VALIDATED,False,Matched infrastructure site keyword in Shahjahanpur
618856,"Improvement and Up-Gradation of Existing Road to 4L PS from Km 123.650 to 175.080, from Start of Shahabad Bypass to End of Hardoi bypass of NH 731 Pkg-2B",Uttar Pradesh,Hardoi,Hardoi Rail & Agriculture Node,27.3989,80.1306,27.3989,80.1306,verified_city,verified_city,exact,city,high,True,True,VALIDATED,False,Matched infrastructure site keyword in Hardoi
618858,"Improvement and Up-Gradation of Existing Road to 4L PS from Km 88.750 to 123.650, from Start of Shahjahanpur Bypass to start of Shahabad bypass of NH 731Pkg.-2A",Uttar Pradesh,Shahjahanpur,Shahjahanpur Power & Expressway Node,27.8805,79.912,27.880675,79.912469,verified_city,verified_city,exact,city,high,True,True,VALIDATED,True,Matched infrastructure site keyword in Shahjahanpur
618859,"Improvement and Up-Gradation of Existing Road to 4L PS from Km 229.070 to 260.800, End of Hardoi District to Lucknow Ring road of NH 731 Pkg-4",Uttar Pradesh,Hardoi,Hardoi Rail & Agriculture Node,26.8467,80.9462,27.399075,80.131067,verified_city,verified_city,exact,city,high,True,True,VALIDATED,True,Matched infrastructure site keyword in Hardoi
618864,4L from Mathura Bypass Start at Existing Km. 154.20 of NH-44 to Gaju Village at Km 32.982 of NH-530B Pkg-IB,Uttar Pradesh,Mathura,Mathura Refinery & Bitumen Augmentation,27.4924,77.6737,27.492847,77.673763,verified_city,verified_city,exact,city,high,True,True,VALIDATED,True,Matched infrastructure site keyword in Mathura
618865,4L from Gaju Village at Km. 32.982 to Devinagar Bypass End at Km. 208.000 of NH- 530B Pkg-1C.,Uttar Pradesh,Pratapgarh,Pratapgarh Bypass NH-31 to NH-330,25.9,81.98,25.900447,81.980062,verified_district,verified_district,approximate,district,medium,True,True,APPROXIMATE,True,Preserved validated district location
618866,"Four Lane Highway from Chandan Nagar Existing Km. 59.025 of NH 530B/Design Km. 179.5000 to Bareilly BypassStartExisting Km. 59.025 of NH 530B/Design Km. 218.000 Section of NH 530B, in the State of Uttar Pradesh on HAM Mode under NH0",Uttar Pradesh,Bareilly,Bareilly Smart City & Airport Hub,28.367,79.4304,28.366825,79.429929,verified_city,verified_city,exact,city,high,True,True,VALIDATED,True,Matched infrastructure site keyword in Bareilly
618867,4L Kasganj-Badaun Section from Km. 123.100 to Km. 179.500 Pkg-III of NH530B,Uttar Pradesh,Kasganj,Kasganj Rail Junction Hub,27.8083,78.6477,27.8083,78.6477,verified_city,verified_city,exact,city,high,True,True,VALIDATED,False,Matched infrastructure site keyword in Kasganj
618868,4L from Devinagar Bypass End Existing Km. 208.000 of NH 530B/Design Km. 66.000 to Kasganj Bypass End Existing Km.150.100 of NH 530B/ Design Km. 123.100 of NH 530B,Uttar Pradesh,Kasganj,Kasganj Rail Junction Hub,27.8083,78.6477,27.808475,78.648169,verified_city,verified_city,exact,city,high,True,True,VALIDATED,True,Matched infrastructure site keyword in Kasganj
618869,"Construction of 4/6 lane Highway of Southern Bareilly Bypass, starting at Ch. 237000 of NH 530 near Jhumka chauraha, Dhantiya village and ending at Ch. 267000 of NH 30 near Invertis University including Trumpet Interchange",Uttar Pradesh,Bareilly,Bareilly Smart City & Airport Hub,28.367,79.4304,28.366553,79.430337,verified_city,verified_city,exact,city,high,True,True,VALIDATED,True,Matched infrastructure site keyword in Bareilly
618883,Construction of Four Lane Highway form Ghazipur- Ballia-UP/Bihar State Border Greenfield section of NH-31 Package I [from Hridaipur km 0.000 to Shahapur km 42.500] on EPC Mode in the state of Uttar Pradesh.,Uttar Pradesh,Ghazipur,Ghazipur Purvanchal Expressway Terminal,25.584,83.577,25.584175,83.57746,verified_city,verified_city,exact,city,high,True,True,VALIDATED,True,Matched infrastructure site keyword in Ghazipur
618884,Construction of Four Lane Highway from Ghazipur- Ballia-UP/Bihar State Border Greenfield section of NH-31 Package II [from Shahapur km 42.500 to Pindari km 78.150] on EPC Mode in the state of Uttar Pradesh.,Uttar Pradesh,Ghazipur,Ghazipur Purvanchal Expressway Terminal,25.584,83.577,25.584447,83.577062,verified_city,verified_city,exact,city,high,True,True,VALIDATED,True,Matched infrastructure site keyword in Ghazipur
618885,Construction of Four Lane Highway from Ghazipur- Ballia-UP/Bihar State Border Greenfield section of NH-31 Package IV [from Buxur Spur of length km 17.270 on EPC Mode in the state of Uttar Pradesh.,Uttar Pradesh,Ghazipur,Ghazipur Purvanchal Expressway Terminal,25.584,83.577,25.584271,83.576602,verified_city,verified_city,exact,city,high,True,True,VALIDATED,True,Matched infrastructure site keyword in Ghazipur
618893,Varanasi Gorakhpur Section Packege IV from km. 149.540 to km. 215.160 Mau- Gorakhpur,Uttar Pradesh,Gorakhpur,Gorakhpur AIIMS & Fertilizer Complex,26.7606,83.3732,26.761466,83.372925,verified_city,verified_city,exact,city,high,True,True,VALIDATED,True,Matched infrastructure site keyword in Gorakhpur
618911,4L Greenfield Western Side spur of Rampur-Rudrapur Section from Km 0.000 to Km 13.700 connecting NH-24 to NH-87 bypassing rampur town,Uttar Pradesh,Rampur,"NH-109 Rampur - Rudrapur Greenfield Spur, Rampur",26.5024,83.7791,28.85,79.05,verified_city,verified_facility,exact,project_site,high,True,True,VALIDATED,True,"Known verified facility (NH-109 Rampur - Rudrapur Greenfield Spur, Rampur)"
618923,4L Behsuma at Km 39.250 Ex. Km 39240 To Bijnor at Km 78.810 Ex. Km 86590 Design Length 39.560 Km of NH-119 Pkg-II,Uttar Pradesh,Bijnor,Bijnor Ganga River Expressway Node,29.3732,78.1354,29.3732,78.1354,verified_city,verified_city,exact,city,high,True,True,VALIDATED,False,Matched infrastructure site keyword in Bijnor
618924,2L PS of Najibabad Kotdwar section from 112.575 to Km. 138.635 of NH 119,Uttar Pradesh,Bijnor,Bijnor Ganga River Expressway Node,29.3732,78.1354,29.373375,78.135876,verified_city,verified_city,exact,city,high,True,True,VALIDATED,True,Matched infrastructure site keyword in Bijnor
618925,Bijnor-Kotawali,Uttar Pradesh,Bijnor,Bijnor Ganga River Expressway Node,29.3732,78.1354,29.373647,78.135464,verified_city,verified_city,exact,city,high,True,True,VALIDATED,True,Matched infrastructure site keyword in Bijnor
618927,4L of Moradabad-Thakurdwara-Kashipur Section from Km. 0.000 to Km. 38.77 of NH- 734 Pkg-II,Uttar Pradesh,Moradabad,Moradabad Brass & Smart City Hub,28.8386,78.7733,28.838775,78.773773,verified_city,verified_city,exact,city,high,True,True,VALIDATED,True,Matched infrastructure site keyword in Moradabad
618929,4L of Moradabad western side spur connecting NH-734 & NH-24 from Km. 0.000 to Km. 33.200 Pkg-I,Uttar Pradesh,Moradabad,Moradabad Brass & Smart City Hub,28.8386,78.7733,28.839047,78.773363,verified_city,verified_city,exact,city,high,True,True,VALIDATED,True,Matched infrastructure site keyword in Moradabad
618959,4L Prayagraj Greenfield By-pass from design Km 50860 near Nibi Kala Uperhar to design Km 64763 on NH-19 near Khodaypur Kasgaon including Interchange loop at NH-19,Uttar Pradesh,Prayagraj,Jasra Bypass & Prayagraj Ring Road,25.4358,81.8463,25.435529,81.846698,verified_city,verified_city,exact,city,high,True,True,VALIDATED,True,Matched infrastructure site keyword in Prayagraj
618960,4 Lane Inner Ring Road around Allahabad City Pkg-2 Prayagraj Southern Bypass 43.200 - 50.860,Uttar Pradesh,Prayagraj,Jasra Bypass & Prayagraj Ring Road,25.4358,81.8463,25.436446,81.846994,verified_city,verified_city,exact,city,high,True,True,VALIDATED,True,Matched infrastructure site keyword in Prayagraj
618961,4 Lane Inner Ring Road around Allahabad City Pkg-1 Prayagraj Southern Bypass 34.400 43.200,Uttar Pradesh,Prayagraj,Jasra Bypass & Prayagraj Ring Road,25.4358,81.8463,25.436666,81.846028,verified_city,verified_city,exact,city,high,True,True,VALIDATED,True,Matched infrastructure site keyword in Prayagraj
618968,6L access control Greenfield highway of Vill-Khyawari to Vill-Latifpur at Saharanpur Bypass from Km. 82.000 to Km. 119.790 Pkg-4,Uttar Pradesh,Saharanpur,Saharanpur Freight & Expressway Corridor,29.9679,77.5452,29.968347,77.545264,verified_city,verified_city,exact,city,high,True,True,VALIDATED,True,Matched infrastructure site keyword in Saharanpur
618970,6L access control Greenfield highway of Vill-Lohadda to Vill-Karaunda Mahajan from Km. 27.000 to Km. 56.500 Pkg-2,Uttar Pradesh,Baghpat,"Greenfield Highway Lohadda - Karaunda Section, Baraut",25.4358,81.8463,29.15,77.25,verified_district,verified_facility,exact,project_site,high,True,True,VALIDATED,True,"Known verified facility (Greenfield Highway Lohadda - Karaunda Section, Baraut)"
619162,4L of Najibabad Bypass from Km. 105.423 to Km. 118.373 excluding 2.45 Km. of NH- 74 Bypass of NH-119,Uttar Pradesh,Bijnor,Bijnor Ganga River Expressway Node,29.3732,78.1354,29.373471,78.134988,verified_city,verified_city,exact,city,high,True,True,VALIDATED,True,Matched infrastructure site keyword in Bijnor
619168,6L access controlled Greenfield highway of Junction of EPE Vill.-Mavikalan to Vill.- Lohadda from Km. 0.000 to Km. 27.000 Pkg-1,Uttar Pradesh,Gorakhpur,Gorakhpur Infrastructure Hub,26.7606,83.3732,26.76082,83.372223,verified_district,verified_district,approximate,district,medium,True,True,APPROXIMATE,True,Preserved validated district location
619308,6L access-controlled highway from Ganeshpur tonear Mohand of Ganeshpur Dehradun section from Km.0 to Km.8.3 of NH-72A Package-1,Uttar Pradesh,Amethi,Amethi Bypass & Jagdishpur Industrial Area,26.1558,81.8153,26.156071,81.8149,verified_district,verified_district,approximate,district,medium,True,True,APPROXIMATE,True,Preserved validated district location
617888,Landslide treatment work on NH 58 from Kodiyala Km. 266.130 to Devprayag Km. 296.925 10 location under EPC mode in the State of Uttarakhand on EPC Mode,Uttarakhand,Dehradun,Dehradun Infrastructure Hub,30.3165,78.0322,30.3165,78.0322,verified_district,verified_district,approximate,district,medium,True,True,APPROXIMATE,False,Preserved validated district location
617889,Treatment of landslide zone from location no. 01 to 28 km 62.860 to 152.750 on NH- 12509 in the State of Uttarakhand under EPC mode in NHO Annual Plan 2022-23,Uttarakhand,Haridwar,Haridwar Infrastructure Hub,29.9457,78.1642,29.945971,78.163786,verified_district,verified_district,approximate,district,medium,True,True,APPROXIMATE,True,Preserved validated district location
617890,Construction of Champawat Bypass with two lane with paved shoulder configuration starting from existing chainage 121.700 to existing chainage 129.450 Design Length 9.847 of NH-125 in District-Champawat in the state of Uttrakhand on EPC mode.,Uttarakhand,Champawat,Champawat Bypass & Border Highway,29.3333,80.1,29.3333,80.1,verified_city,verified_city,exact,city,high,True,True,VALIDATED,False,Matched infrastructure site keyword in Champawat
617929,Construction of 2 lane with paved shoulder of Kund Bypass from Design Km 35.130 to Km 47.700 existing Km 33.130 to Km 41.260 of NH-109 in the State of Uttarakhand,Uttarakhand,Udham Singh Nagar,Udham Singh Nagar Infrastructure Hub,28.98,79.4,28.980447,79.400063,verified_district,verified_district,approximate,district,medium,True,True,APPROXIMATE,True,Preserved validated district location
617967,Construction of Rudraprayag tunnel of length 900.30 MTR including approaches and one major bridge on river Alaknanda connecting NH-107/old-109 to NH-07old-58 on EPC mode in the state of Uttarakhand.,Uttarakhand,Rudraprayag,Rishikesh-Karnaprayag Rail Rudraprayag Node,30.2858,78.9817,30.2858,78.9817,verified_city,verified_city,exact,city,high,True,True,VALIDATED,False,Matched infrastructure site keyword in Rudraprayag
617968,Construction & Widening Including Augustmuni Bypass Ch-16.545 to Ch - 19.890 to 2L/PS from Km 16.545-Km 33.130 & 45.980 -57.975 Augustmuni to Kund & Guptkashi to Sitapur on NH 109 in UK,Uttarakhand,Haridwar,Haridwar Infrastructure Hub,29.9457,78.1642,29.945525,78.163722,verified_district,verified_district,approximate,district,medium,True,True,APPROXIMATE,True,Preserved validated district location
617970,Reconstruction of existing 2 L/IL to 2L with paved shoulder from existing km 52.200 to 92.880 of NH-,Uttarakhand,Tehri Garhwal,Tehri Garhwal Infrastructure Hub,30.38,78.48,30.38,78.48,verified_district,verified_district,approximate,district,medium,True,True,APPROXIMATE,False,Preserved validated district location
617974,Rehabilitation and upgradation of 2 lane with paved shoulder from existing km. 195.175 to km. 220.000 Design Chainage km71.300 to Km. 95.947 Excluding existing chainage Km 200.300 to Km 202.400 Design chainage Km 76.400 to Km 78.400 on Dharasu to Yamunotri Road of NH- 134 Old NH-94,Uttarakhand,Udham Singh Nagar,Udham Singh Nagar Infrastructure Hub,28.98,79.4,28.980271,79.39959,verified_district,verified_district,approximate,district,medium,True,True,APPROXIMATE,True,Preserved validated district location
617975,Rehabilitation and upgradation to 2 lane with paved shoulder configuration from km 122.00 Dharasu Bend to km 147.230 Silkyara Bend of NH-94 in the state of Uttarakhand,Uttarakhand,Dehradun,Dehradun Infrastructure Hub,30.3165,78.0322,30.316675,78.03268,verified_district,verified_district,approximate,district,medium,True,True,APPROXIMATE,True,Preserved validated district location
618039,Widening to 2 Lane from Existing Chainage Km 74.700 Km 100.660 Design Chainage Km 53.365 to Km 78.785 on NH- 507 in the State of Uttarakhand.,Uttarakhand,Haridwar,Haridwar Infrastructure Hub,29.9457,78.1642,29.945253,78.164136,verified_district,verified_district,approximate,district,medium,True,True,APPROXIMATE,True,Preserved validated district location
618040,Rehabilitation and Upgradation to Two lanes with Paved Shoulders configuration and Strengthening from Km 175.00 to Km 196.00 Gumkhal to Satpuli of NH-119 New NH- 534 in the State of Uttarakhand under NHO Annual Plan 2021-22 under EPC mode,Uttarakhand,Tehri Garhwal,Tehri Garhwal Infrastructure Hub,30.38,78.48,30.380175,78.48048,verified_district,verified_district,approximate,district,medium,True,True,APPROXIMATE,True,Preserved validated district location
618041,Rehabilitation and upgrading to two lanes with paved shoulders and Strengthening of Kotdwar-Pauri-Srinagar road section from Km 232.00 to 274.470 on NH-119 New 534 Paidul to Srinagar in the State of Uttarakhand on EPC Mode under NHO Annual Plan 2021-22.,Uttarakhand,Pauri Garhwal,Kotdwar & Pauri Rail/Road Corridor,30.15,78.78,30.150175,78.780479,verified_city,verified_city,exact,city,high,True,True,VALIDATED,True,Matched infrastructure site keyword in Pauri Garhwal
618119,Rehabilitation and up-gradation to 2-lane configuration of Bageshwar to Kangarchina road from km 129.600 to Km 161.600 Existing Chainage 136.00 to Km 169.00 of NH- 309Ain the State of Uttarakhand Package-IV under NHO Annual Plan 2021-22,Uttarakhand,Bageshwar,Bageshwar Pindar Valley Corridor,29.8394,79.7719,29.8394,79.7719,verified_city,verified_city,exact,city,high,True,True,VALIDATED,False,Matched infrastructure site keyword in Bageshwar
618207,Widening to 2-lane with Hard Shoulder configuration of Mana Ch. 0.00 to Mana Pass Ch. 50.987 road on NH-07 under Bharatmala Pariyojna in the state of Uttarakhand under Annual Plan 2022-23 length 50.987,Uttarakhand,Haridwar,Haridwar Infrastructure Hub,29.9457,78.1642,29.945429,78.164614,verified_district,verified_district,approximate,district,medium,True,True,APPROXIMATE,True,Preserved validated district location
618208,Construction and upgradation of existing road to 2-lane with paved shoulder from existing chainage Km 509.725 to Km 528.000 design chainage Km 490.550 to Km 507.850 of NH-58 new NH-07 Benakuli bend to Mana Village in EPC mode under Chardham Programme in the State of Uttarakhand.,Uttarakhand,Tehri Garhwal,Tehri Garhwal Infrastructure Hub,30.38,78.48,30.380447,78.480064,verified_district,verified_district,approximate,district,medium,True,True,APPROXIMATE,True,Preserved validated district location
618209,Construction & up gradation of existing road to 2-Lane with paved shoulder from existing chainage km 468000 to km 489350 Design Chainage km 465150 to km 471500 of NH-07 Old NH-58 including Joshimath bypass on EPC mode in the state of Uttarakhand Length 6.35 km,Uttarakhand,Chamoli,Tapovan Vishnugad Hydroelectric Project,30.4167,79.3333,30.416971,79.332884,verified_city,verified_city,exact,city,high,True,True,VALIDATED,True,Matched infrastructure site keyword in Chamoli
618210,Rehabilitation and upgradation of Askot-Lipulekh on EPC Basis for Phase-I Existing Km 72.00 to 107.620 Design Chainage Km 21330 to Km 56935 under Project Hirak of BRO in the state of Uttarakhand under Bharatmala Pariyojna Phase-I on EPC Mode Length-35.605 Km CA No EPC/MORT&H/HRK/01/2021-22,Uttarakhand,Dehradun,Dehradun Infrastructure Hub,30.3165,78.0322,30.316947,78.032264,verified_district,verified_district,approximate,district,medium,True,True,APPROXIMATE,True,Preserved validated district location
618211,Improvement/construction of 2-lane with paved shoulder of Askote Llipulekh road from Tawaghat village to Budhi village design km. 56935 to km 95748 and from end of Tunnel portal to Kali Mandir design km 113828 to km. 133078 [total design length 58.063 km] under project Hirak of BRO in the state of Uttarakhand under Bharatmala Pariyojna on EPC Mode,Uttarakhand,Haridwar,Haridwar Infrastructure Hub,29.9457,78.1642,29.946346,78.164924,verified_district,verified_district,approximate,district,medium,True,True,APPROXIMATE,True,Preserved validated district location
618212,"STABILIZATION OF LAND SLIDE AND SLOPE PROTECTION AT KM 11.00 TO KM 11.08, 29,730 KM TO 30,060 KM, 30,400 KM TO 31,060 KM, 34,750 KM TO 35,300 KM, 38,950 KM TO 39,030 KM & 39,460 KM TO 39,540 KM TWO LOC CLUBBED, KM 40,400 TO KM 40,650, KM 43,500 KM 43,680, 52,460 RISHIKESH - DHARASU ROAD NH-94 ON EPC MODE IN THE STATE OF UTTARAKHAND. NOSE OF LAND SLIDE - 12 NOS",Uttarakhand,Dehradun,Dehradun Smart City & Rishikesh-Karnaprayag Rail,30.3165,78.0322,30.316771,78.031784,verified_city,verified_city,exact,city,high,True,True,VALIDATED,True,Matched infrastructure site keyword in Dehradun
618213,Rehabilitation and Upgradation of road Rishikesh Dharasu Old NH-94 with 2-lane with paved shoulder from km 76.000 to km 110.000 Design Chainage from km 74.733 to km 107.347 32.614 km including construction of Kamand re-alignment from existing Chainage Km 105.200 to Km 108.600 design chainage Km 103.436 to Km 105.949 - total length 2513 mtrs and land slide treatment work between design chainage Km 73.800 to Km 74.00 200m on EPC mode under improvement to NH connectivity to Chardham in,Uttarakhand,Dehradun,Dehradun Smart City & Rishikesh-Karnaprayag Rail,30.3165,78.0322,30.316325,78.03172,verified_city,verified_city,exact,city,high,True,True,VALIDATED,True,Matched infrastructure site keyword in Dehradun
618214,Rehabilitation and upgradation to 2 lane / 2 lane with paved shoulder configuration for design chainage km 107.347 to km 129.208 & km 133.878 to km 138.570 existing chainage km 110.000 to km 133.020 & km 137.330 to km 142.028 and land slide treatment at existing km 138.500 Design chainage km 134.970 of NH -94 on EPC mode under improvement to NH connectivity to Chardham in the state of Uttarakhand.,Uttarakhand,Tehri Garhwal,Tehri Garhwal Infrastructure Hub,30.38,78.48,30.380271,78.479584,verified_district,verified_district,approximate,district,medium,True,True,APPROXIMATE,True,Preserved validated district location
618218,Rehabilitation & upgradation of existing road to 2-lane with hard shoulder from Joshimath km 0.00 to Saraithota km 29.725 road on NH-107B under Bharatmala Pariyojna on EPC mode in the state of Uttarakhand,Uttarakhand,Chamoli,Tapovan Vishnugad Hydroelectric Project,30.4167,79.3333,30.416525,79.332819,verified_city,verified_city,exact,city,high,True,True,VALIDATED,True,Matched infrastructure site keyword in Chamoli
618219,Upgradation to 2-lane with Hard shoulder configuration of Suraithota Ch. 29.725 km to Malari Ch. 60.550 km road on NH- 107B under in the state of Uttarakhand.,Uttarakhand,Dehradun,Dehradun Infrastructure Hub,30.3165,78.0322,30.316053,78.032136,verified_district,verified_district,approximate,district,medium,True,True,APPROXIMATE,True,Preserved validated district location
618390,"Construction, Operation & Maintenance of 2-L Bi-directional Silkyara Bend- Barkot Tunnel with escape passage including approaches Tunnel-4.531 & Approach road- 0.328 on Dharasu-Yamunotri section b/w Chainage 25.400km and 51.00km falling along NH-134 Old NH-94 on EPC mode",Uttarakhand,Uttarkashi,Uttarkashi Char Dham Highway Corridor,30.73,78.45,30.73,78.45,verified_city,verified_city,exact,city,high,True,True,VALIDATED,False,Matched infrastructure site keyword in Uttarkashi
618391,"Construction for Mitigation Measures of 5 Nos. Landslides, 05 No. Sinking Zones and 01 No. Bridge from Ch. 450.00 to Ch. 468.00 18 Km. Length on NH-07 Package-III",Uttarakhand,Tehri Garhwal,Tehri Garhwal Infrastructure Hub,30.38,78.48,30.379825,78.47952,verified_district,verified_district,approximate,district,medium,True,True,APPROXIMATE,True,Preserved validated district location
618392,"Construction for Mitigation Measures of 5 Nos. Landslides, 5 Nos. Sinking Zones in between Ch. 433.00 to 450.00 BANERPANI VILLAGE on NH-07 on EPC mode in the state of Uttarakhand Package-2",Uttarakhand,Udham Singh Nagar,Udham Singh Nagar Infrastructure Hub,28.98,79.4,28.979825,79.399526,verified_district,verified_district,approximate,district,medium,True,True,APPROXIMATE,True,Preserved validated district location
618393,"Construction for Mitigation Measures of 10 Nos. Landslides, 01 No. Sinking Zones and 1 No. of Minor Bridge in between at Ch. Km 368.00 to Km 433.00 on NH-07 on EPC Mode in Uttarakhand Package-1",Uttarakhand,Dehradun,Dehradun Infrastructure Hub,30.3165,78.0322,30.316229,78.032616,verified_district,verified_district,approximate,district,medium,True,True,APPROXIMATE,True,Preserved validated district location
618875,4L of Haridwar Nagina section Design Ch. LME from km 13.829 to km 17.110 & km 26.077 to km 27.508 and Design Ch. RME from km 13.839 to km 17.120 & km 26.078 to km 27.509 of EUP mitigation measures on NH74,Uttarakhand,Haridwar,Haridwar Ring Road & SIDCUL Industrial Area,29.9457,78.1642,29.946566,78.163917,verified_city,verified_city,exact,city,high,True,True,VALIDATED,True,Matched infrastructure site keyword in Haridwar
619142,Construction of 4-lane connectivity to Banbasa ICP at India Nepal border from NH-09 old NH-125 Sitarganj-Tanakpur at Km 40.00 near Jagbuda bridge under Bharatmala Priyojana of NH-109D on EPC mode in the State of Uttarakhand,Uttarakhand,Udham Singh Nagar,Pantnagar Airport & Industrial Node,28.98,79.4,28.979553,79.399937,verified_city,verified_city,exact,city,high,True,True,VALIDATED,True,Matched infrastructure site keyword in Udham Singh Nagar
619155,Upgradation and 4L of Haridwar Bypass from Km 0.000 Km 188.100 of NH-58 to Km. 15.100 Km 5.100 of NH 74 PKg-1,Uttarakhand,Haridwar,Haridwar Ring Road & SIDCUL Industrial Area,29.9457,78.1642,29.94592,78.163193,verified_city,verified_city,exact,city,high,True,True,VALIDATED,True,Matched infrastructure site keyword in Haridwar
619292,4L Medinipur to Ballupur from Km. 458.65 to Km. 487.65 of NH-07Pkg-2,Uttarakhand,Tehri Garhwal,Tehri Garhwal Infrastructure Hub,30.38,78.48,30.379553,78.479936,verified_district,verified_district,approximate,district,medium,True,True,APPROXIMATE,True,Preserved validated district location
619293,Construction of 4 Lane Access Controlled Bypass for Dehradun on NH307 from Design Chainage km 0050 Jhajra on NH-07 to Design Chainage km 12220 Asharori on EPC Mode in the State of Uttarakhand under NHO,Uttarakhand,Dehradun,Dehradun Smart City & Rishikesh-Karnaprayag Rail,30.3165,78.0322,30.317146,78.032926,verified_city,verified_city,exact,city,high,True,True,VALIDATED,True,Matched infrastructure site keyword in Dehradun
619294,Road Safety Improvement of existing four lane section of Dehradun-Lal Tappar-Nepali Farm Section of NH-7 and Nepali Farm-Motichur NH-34 on EPC Mode in Uttarakhand under NHO.,Uttarakhand,Dehradun,Dehradun Smart City & Rishikesh-Karnaprayag Rail,30.3165,78.0322,30.317366,78.031915,verified_city,verified_city,exact,city,high,True,True,VALIDATED,True,Matched infrastructure site keyword in Dehradun
619295,Four/Six laning of Bhaniyawala-Jollygrant-Rishikesh spur section of NH-07 from Km. 0.000 to Km 19.780,Uttarakhand,Dehradun,Dehradun Smart City & Rishikesh-Karnaprayag Rail,30.3165,78.0322,30.31672,78.031189,verified_city,verified_city,exact,city,high,True,True,VALIDATED,True,Matched infrastructure site keyword in Dehradun
617893,Construction of additional major Bridge with 4- lane configuration of length 1.48 km on NH-60 NH-14 over River Kangshabati from Km. 117.770 to Km 119.250 and additional major Bridge with 4- lane configuration of length 0.900 km on NH-60 NH- 14 over River Shilabati from Km. 173.220 to Km 174.120 in the district of Paschim Medinipur of West Bengal under Annual Plan for FY 2023-24 on EPC mode. Job No 014-W8-2023-24/527 .,West Bengal,Paschim Medinipur,IIT Kharagpur & Railway Division,22.42,87.32,22.420175,87.320448,verified_city,verified_city,exact,city,high,True,True,VALIDATED,True,Matched infrastructure site keyword in Paschim Medinipur
617894,"Construction or 4 lane Raniganj Bypass of length 5.261 km on NH-60 new NH-14 from km 273.00 of NH to km 478.18 of NH-2 New NH 16 in paschim Bardhaman, West Bengal in EPC Mode- reg. Job No. 014-WB-2022-23/514",West Bengal,Paschim Bardhaman,"Raniganj Coalfields (Jhanjra, Sonepur Bazari, Parasea)",23.6889,86.9661,23.689105,86.967557,verified_city,verified_city,exact,city,high,True,True,VALIDATED,True,Matched infrastructure site keyword in Paschim Bardhaman
617931,Construction of ROB and its approaches in lieu of LC No. 10/B/T at Km 307.050 of NH-60.,West Bengal,North 24 Parganas,Netaji Subhash Chandra Bose Airport Upgradation,22.65,88.45,22.650447,88.45006,verified_district,verified_district,approximate,district,medium,True,True,APPROXIMATE,True,Preserved validated district location
617960,Construction of new road at the missing link portion of NH-81 along approved alignment between Harishchandrapur and Eastern approach of Kalindri Bridge from Km 46.550 to Km 59.697 in the district of Malda. Job No-081-WB-2015-16/400,West Bengal,Malda,Malda Town Railway Division & Airport,25.0,88.14,25.0,88.14,verified_city,verified_city,exact,facility,high,True,True,VALIDATED,False,Matched infrastructure site keyword in Malda
618227,Development to 4/6-lanning of NH-31 New NH-10 with both side service roads from km 569.258 to km 581.030 end of AH-02 project on NH- 31 near Shivmandir to Sevoke Army Cantonment in districts of Darjeeling and Jalpaiguri in the state of West Bengal on EPC Mode Job No. 010/WB/2021-22/490,West Bengal,Darjeeling,Bagdogra Airport New Civil Enclave,26.71,88.32,26.710271,88.319598,verified_city,verified_city,exact,city,high,True,True,VALIDATED,True,Matched infrastructure site keyword in Darjeeling
618427,Construction & upgradation of existing road to 2-lane with paved shoulder including geometric improvement of Kafer- Lava More section from km 40.00 to km 61.100 of NH717-A on EPC under SARDP-NE A in state of West Bengal Pkg-VA,West Bengal,Darjeeling,Darjeeling Infrastructure Hub,27.041,88.2663,27.041175,88.266765,verified_district,verified_district,approximate,district,medium,True,True,APPROXIMATE,True,Preserved validated district location
618429,Construction & upgradation of existing road to 2-lane with paved shoulder including geometric improvement of sect. from Pedong bypass to Reshi Border km 79.700 to km 96.254 of NH-717A under SARDP-NE-A on EPC as part of Alternate connectivity to Gangtok Lava More-Reshi Border Pkg-VB,West Bengal,Kalimpong,Sivok-Rangpo Rail Kalimpong Tunnels,27.06,88.47,27.06,88.47,verified_city,verified_city,exact,city,high,True,True,VALIDATED,False,Matched infrastructure site keyword in Kalimpong
618430,Construction of alternative highway to Gangtok in Sikkim via Bagrakot -Chuikhim- Nimbong -Kafer-Bakhim-Algarah-Rhenock in the State of West Bengal and from Rhenok-Rorathang-Pakyong along with spur from Aritar-Rolep-Menla in the State of Sikkim from Km 0.00 to Km 13.00 of Bagrakot -Kafer section of NH 717A on EPC Mode under Phase-A of SARDP-NE in the State of West Bengal PKG- IVA,West Bengal,North 24 Parganas,North 24 Parganas Infrastructure Hub,22.72,88.48,22.720175,88.480449,verified_district,verified_district,approximate,district,medium,True,True,APPROXIMATE,True,Preserved validated district location
618431,Construction of alternative highway to Gangtok in Sikkim via Bagrakot -Chuikhim- Nimbong -Kafer-Bakhim-Algarah-Rhenock in the State of West Bengal and from Rhenok-Rorathang-Pakyong along with spur from Aritar-Rolep-Menla in the State of Sikkim from Km 13.00 to Km 25.60 of Bagrakot -Kafer section of NH 717A on EPC Mode under Phase-A of SARDP-NE in the State of West Bengal PKG- IVB,West Bengal,Purulia,Raghunathpur Thermal Power Station Phase-II (DVC),23.49,86.68,23.490447,86.68006,verified_district,verified_district,approximate,district,medium,True,True,APPROXIMATE,True,Preserved validated district location
618572,Binnaguri Bypass-Descoped portion of Ghoshpukur-Dhupguri Section of NH-31Dpkg-1,West Bengal,Jalpaiguri,Jalpaiguri & Dhupguri Highway Corridor,26.52,88.73,26.52,88.73,verified_city,verified_city,exact,facility,high,True,True,VALIDATED,False,Matched infrastructure site keyword in Jalpaiguri
618574,Balance Works of 4L of NH-31D from Km. 113.200 to Km. 154.854 Package-II A Ghoshpukur-Salsalabari Section,West Bengal,Darjeeling,Darjeeling Infrastructure Hub,27.041,88.2663,27.041447,88.266362,verified_district,verified_district,approximate,district,medium,True,True,APPROXIMATE,True,Preserved validated district location
618808,6L Elevated Kona Expressway from Km. 0.145 to Km. 7.337 of NH-117,West Bengal,Kolkata,Kolkata Infrastructure Hub,22.5726,88.3639,22.572871,88.363511,verified_district,verified_district,approximate,district,medium,True,True,APPROXIMATE,True,Preserved validated district location
618823,4 laning of Barasat - Barajaguli Section of NH-12 from Km. 31.000 to Km. 48.679 in the district of North 24 - Parganas,West Bengal,North 24 Parganas,Netaji Subhash Chandra Bose Airport Upgradation,22.65,88.45,22.650271,88.449611,verified_city,verified_city,exact,city,high,True,True,VALIDATED,True,Matched infrastructure site keyword in North 24 Parganas
618824,"Development to 4-laning of the de-scoped stretches from Km 115.342 to Km 191.700 of NH-34 in Nadia District 3.962 & Murshidabad District 5.538 pertaining to Krishnagar to Berhampore section of NH-34 New NH-12 , in the state of West Bengal under NHO.",West Bengal,Murshidabad,Farakka Super Thermal Power Station,24.18,88.27,24.180175,88.270454,verified_city,verified_city,exact,city,high,True,True,VALIDATED,True,Matched infrastructure site keyword in Murshidabad
618825,Bridge over Ganga River at d/s of Farraka Barrage including Approaches connecting Farakka-Raiganj,West Bengal,Murshidabad,Farakka Super Thermal Power Station,24.18,88.27,24.180447,88.270061,verified_city,verified_city,exact,city,high,True,True,VALIDATED,True,Matched infrastructure site keyword in Murshidabad
618910,4L of Purulia Bypass section from Km 84.030 to Km 94.345 of NH-32,West Bengal,Purulia,Raghunathpur Thermal Power Station Phase-II (DVC),23.49,86.68,23.490271,86.679609,verified_city,verified_city,exact,city,high,True,True,VALIDATED,True,Matched infrastructure site keyword in Purulia
619004,"Construction of Dubrajpur Bypass with 4-lane configuration of length 5.676 km on NH- 60 new NH-14 from design chainage 0.00 existing km 316.135 on NH-60 to design chainage 5.676 existing km 320.980 on NH-60 in the district of Birbhum, West Bengal under Annual Plan 2022-23 in EPC Mode- reg. Job. No. 014-WB-2022- 23/518 .",West Bengal,Birbhum,Deucha Pachami Coal & Bolpur Shantiniketan,23.84,87.62,23.84,87.62,verified_city,verified_city,exact,city,high,True,True,VALIDATED,False,Matched infrastructure site keyword in Birbhum
619187,"Slope protection and landslide mitigation at 4 vulnerable locations km 1.950 to Km 2.100, km 11.100 to 11.450, km 22.435 to km 22.485 and km 22.610 to km 22.680 within Sevoke-Rangpo section of NH-10 old NH-31A in Darjeeling & Kalimpong district in the State of West Bengal on EPC mode",West Bengal,Darjeeling,Bagdogra Airport New Civil Enclave,26.71,88.32,26.709825,88.319536,verified_city,verified_city,exact,city,high,True,True,VALIDATED,True,Matched infrastructure site keyword in Darjeeling
709859,SETTING UP OF PHYSICAL INFRASTRUCTURE FOR THE NATIONAL INSTITUTE OF COMMUNICATION FINANCE [NICF] AT GHITORNI,Delhi,South West Delhi,South West Delhi Infrastructure Hub,28.58,77.05,28.580271,77.049591,verified_district,verified_district,approximate,district,medium,True,True,APPROXIMATE,True,Preserved validated district location
701598,Provision of 4G based Mobile Services in Uncovered Villages and National Highways of Meghalaya,Meghalaya,West Garo Hills,West Garo Hills Infrastructure Hub,25.514,90.203,25.514175,90.203459,verified_district,verified_district,approximate,district,medium,True,True,APPROXIMATE,True,Preserved validated district location
617413,Mobile connectivity in Left Wing Extremism [LWE] affected areas-Phase 1 Upgradation,"Multi-States (Andhra Pradesh, Bihar, Chhattisgarh, Jharkhand, Madhya Pradesh, Maharashtra, Odisha, Telangana, Uttar Pradesh, West Bengal)",YSR Kadapa,Kadapa Airport & Kopparthy Mega Industrial Node,22.5937,78.9629,14.466434,78.824454,verified_state,verified_district,approximate,district,medium,True,True,APPROXIMATE,True,Authoritative district resolution (YSR Kadapa)
701599,Mobile connectivity in Left Wing Extremism [LWE] affected areas-Phase2,"Multi-States (Andhra Pradesh, Bihar, Chhattisgarh, Jharkhand, Madhya Pradesh, Maharashtra, Odisha, Telangana, Uttar Pradesh, West Bengal)",NTR,Vijayawada International Airport & Rail Hub,22.5937,78.9629,16.505929,80.648374,verified_state,verified_district,approximate,district,medium,True,True,APPROXIMATE,True,Authoritative district resolution (NTR)
701602,"Provision of 4G based mobile services in 7,287 uncovered villages of 44 Aspirational District across 5 states of Andhra Pradesh, Chhattisgarh, Jharkhand, Maharashtra & Odisha","Multi-States (Andhra Pradesh, Chhattisgarh, Jharkhand, Maharashtra, Odisha)",YSR Kadapa,Kadapa Airport & Kopparthy Mega Industrial Node,22.5937,78.9629,14.46708,78.825101,verified_state,verified_district,approximate,district,medium,True,True,APPROXIMATE,True,Authoritative district resolution (YSR Kadapa)
701597,Provision of 4G Mobile Services in Uncovered Villages of Arunachal Pradesh and 2 Districts of Assam,"Multi-States (Arunachal Pradesh, Assam)",Lower Dibang Valley,Dibang Multipurpose Hydroelectric Project (2880 MW),22.5937,78.9629,28.140447,95.830063,verified_state,verified_district,approximate,district,medium,True,True,APPROXIMATE,True,Authoritative district resolution (Lower Dibang Valley)
704495,"502 Aspirational District Scheme in Four states - Bihar, Madhya Pradesh, Rajastha and Uttar Pradesh","Multi-States (Bihar, Madhya Pradesh, Rajasthan, Uttar Pradesh)",Patna,Bihta Airport & Patna Metro,22.5937,78.9629,25.594966,85.137328,verified_state,verified_district,approximate,district,medium,True,True,APPROXIMATE,True,Authoritative district resolution (Patna)
400013,Saturation 4G mobile coverage of Uncovered Villages through USOF,PAN India,New Delhi,"Universal Service Obligation Fund Headquarters, Sanchar Bhawan",28.6139,77.209,28.622,77.214,verified_district,verified_facility,exact,facility,high,True,True,VALIDATED,True,"Known verified facility (Universal Service Obligation Fund Headquarters, Sanchar Bhawan)"
701593,4G Services by BSNL,PAN India,New Delhi,"BSNL 4G National Operations Command, Janpath",28.6139,77.209,28.624,77.219,verified_district,verified_facility,exact,facility,high,True,True,VALIDATED,True,"Known verified facility (BSNL 4G National Operations Command, Janpath)"
706775,BharatNet,PAN India,New Delhi,"BharatNet National Broadband Mission Centre, C-DoT Campus",28.6139,77.209,28.508,77.155,verified_district,verified_facility,exact,facility,high,True,True,VALIDATED,True,"Known verified facility (BharatNet National Broadband Mission Centre, C-DoT Campus)"
709856,MPLS-IP BASED ACCESS AND AGGREGATION NETWORK [MAAN] IN BSNL ALONG WITH TEST AND MEASURING EQUIPMENT,PAN India,New Delhi,"BSNL MAAN National Network Operations Centre, Okhla",28.6139,77.209,28.535,77.275,verified_district,verified_facility,exact,facility,high,True,True,VALIDATED,True,"Known verified facility (BSNL MAAN National Network Operations Centre, Okhla)"
709857,"Planning, Engineering, Supply, Installation, Testing, Commissioning, Integration & Annual Maintenance of 4G mobile network at 1 Lakh sites on PAN India basis including Mumbai & Delhi LSA on turnkey basis under Phase IX.2 Project.",PAN India,New Delhi,"BSNL 4G Phase IX.2 National Project Command, New Delhi",28.6139,77.209,28.628,77.218,verified_district,verified_facility,exact,facility,high,True,True,VALIDATED,True,"Known verified facility (BSNL 4G Phase IX.2 National Project Command, New Delhi)"
616600,Interception and Diversion and STP works in Bhagalpur under Hybrid annuity based PPP mode-Namami Gange Programme,Bihar,Bhagalpur,Vikramshila 4-Lane Ganga Bridge,25.2425,87.0139,25.242771,87.013503,verified_city,verified_city,exact,city,high,True,True,VALIDATED,True,Matched infrastructure site keyword in Bhagalpur
616611,Sewage Treatment Plant 100MLD and Sewerage Network 288 km in Digha-Patna under Hybrid annuity based PPP mode-Namami Gange Programme,Bihar,Patna,Bihta Airport & Patna Metro,25.5941,85.1376,25.59432,85.136632,verified_city,verified_city,exact,facility,high,True,True,VALIDATED,True,Matched infrastructure site keyword in Patna
616612,Sewage Treatment Plant 50MLD and Sewerage Network 150 km in Kankarbagh- Patna under Hybrid annuity based PPP mode-Namami Gange Programme,Bihar,Patna,Bihta Airport & Patna Metro,25.5941,85.1376,25.593454,85.136905,verified_city,verified_city,exact,facility,high,True,True,VALIDATED,True,Matched infrastructure site keyword in Patna
616615,"Sewer Network, SPS and STP at Begusarai",Bihar,Begusarai,Barauni Refinery & Fertilizer Complex,25.4184,86.1272,25.419046,86.127894,verified_city,verified_city,exact,city,high,True,True,VALIDATED,True,Matched infrastructure site keyword in Begusarai
616616,"Sewer Networks, SPS and STP at Hajipur",Bihar,Vaishali,Hajipur Rail Zonal Headquarters,25.6858,85.2146,25.685353,85.214538,verified_city,verified_city,exact,city,high,True,True,VALIDATED,True,Matched infrastructure site keyword in Vaishali
616594,Interception & Diversion with Rehabilitation of sewerage scheme at Agra under Hybrid annuity based PPP model-Namami Gange Programme,Uttar Pradesh,Agra,Agra Civil Enclave & Agra Metro Rail,27.1767,78.0081,27.177346,78.008805,verified_city,verified_city,exact,city,high,True,True,VALIDATED,True,Matched infrastructure site keyword in Agra
616605,Pollution Abatement Works for River Kali Meerut under Meerut Municipality Interception & Diversion with STP,Uttar Pradesh,Meerut,Meerut RRTS Corridor & Metro,28.9845,77.7064,28.984325,77.705926,verified_city,verified_city,exact,city,high,True,True,VALIDATED,True,Matched infrastructure site keyword in Meerut
616604,Pollution Abatement works for River Ganga at Hooghly Chinsurah- Municipal Town Interception & Diversion with STP,West Bengal,Hooghly,Dankuni Freight Corridor Hub & Hooghly,22.9,88.39,22.9,88.39,verified_city,verified_city,exact,city,high,True,True,VALIDATED,False,Matched infrastructure site keyword in Hooghly
400100,Sardar Gouthu Latchanna Thotapalli Barrage Project,Andhra Pradesh,Vizianagaram,Bhogapuram International Airport Node,17.0005,81.804,18.112575,83.396036,verified_district,verified_city,exact,city,high,True,True,VALIDATED,True,Matched infrastructure site keyword in Vizianagaram
400101,Gundlakamma project,Andhra Pradesh,Prakasam,Ongole Industrial Node & Ramayapatnam Port,16.9891,82.2475,15.505875,80.05033,verified_district,verified_city,exact,city,high,True,True,VALIDATED,True,Matched infrastructure site keyword in Prakasam
701415,Polavaram Irrigation Project,Andhra Pradesh,Eluru,Eluru Smart City Corridor,16.7107,81.0952,16.710253,81.095142,verified_city,verified_city,exact,city,high,True,True,VALIDATED,True,Matched infrastructure site keyword in Eluru
701370,Borolia Irrigation Project,Assam,Golaghat,Golaghat Infrastructure Hub,26.5167,93.9667,26.516971,93.966299,verified_district,verified_district,approximate,district,medium,True,True,APPROXIMATE,True,Preserved validated district location
400111,Kelo Irrigation Project,Chhattisgarh,Bilaspur,Bilaspur Infrastructure Hub,22.0797,82.1409,22.079253,82.14084,verified_district,verified_district,approximate,district,medium,True,True,APPROXIMATE,True,Preserved validated district location
701399,Kudali Irrigation Project,Chhattisgarh,Raipur,Raipur Infrastructure Hub,21.2514,81.6296,21.25162,81.628664,verified_district,verified_district,approximate,district,medium,True,True,APPROXIMATE,True,Preserved validated district location
400097,Sardar Sarovar CADWM Project,Gujarat,Narmada,Sardar Sarovar & Statue of Unity,21.87,73.72,21.87,73.72,verified_city,verified_city,exact,city,high,True,True,VALIDATED,False,Matched infrastructure site keyword in Narmada
701372,Sardar Sarovar Project,Gujarat,Narmada,Sardar Sarovar & Statue of Unity,21.87,73.72,21.870175,73.720447,verified_city,verified_city,exact,city,high,True,True,VALIDATED,True,Matched infrastructure site keyword in Narmada
701376,"Subernarekha Multipurpose Project, Jharkhand",Jharkhand,Dhanbad,Jharia Coalfield & BCCL Mining Infrastructure,23.7957,86.4304,23.79592,86.429446,verified_district,verified_district,approximate,district,medium,True,True,APPROXIMATE,True,Preserved validated district location
701377,Upper Tunga Irrigation Project,Karnataka,Uttara Kannada,Karwar Naval Base & Port Node,14.8185,74.1416,14.818947,74.141657,verified_district,verified_district,approximate,district,medium,True,True,APPROXIMATE,True,Preserved validated district location
400096,Omkareshwar CADWM Project,Madhya Pradesh,Singrauli,"Nigahi, Jayant & Block-B Coal Mega Hub",22.7196,75.8577,24.200566,82.664431,verified_district,verified_district,approximate,district,medium,True,True,APPROXIMATE,True,Authoritative district resolution (Singrauli)
400115,Bargi Diversion Project Phase - IV [km. 154 to km 197],Madhya Pradesh,Jabalpur,Jabalpur Infrastructure Hub,23.1815,79.9864,23.182366,79.986133,verified_city,verified_city,exact,city,high,True,True,VALIDATED,True,Preserved validated district location
400116,Bargi Diversion Project Phase - III [km. 104 to km 154],Madhya Pradesh,Jabalpur,Jabalpur Infrastructure Hub,23.1815,79.9864,23.18172,79.985451,verified_city,verified_city,exact,city,high,True,True,VALIDATED,True,Preserved validated district location
400095,Gosikhurd CADWM Project,Maharashtra,Bhandara,"Gosikhurd CADWM Project, Pauni",20.8732,79.6468,20.873025,79.646356,verified_facility,verified_facility,exact,project_site,high,True,True,VALIDATED,True,Known verified facility (Command Area Development and Water Management for Gosikhurd Dam)
400105,Urmodi Irrigation Project,Maharashtra,Satara,"Urmodi Dam & Irrigation Project, Satara",21.1458,79.0882,17.65,73.95,verified_district,verified_facility,exact,facility,high,True,True,VALIDATED,True,"Known verified facility (Urmodi Dam & Irrigation Project, Satara)"
400107,Sulwade-Jamphal-Kanoli Lift Irrigation Scheme,Maharashtra,Dhule,"Sulwade Jamphal Kanoli Lift Irrigation, Tapi River, Dhule",19.2183,72.9781,21.32,74.88,verified_district,verified_facility,exact,facility,high,True,True,VALIDATED,True,"Known verified facility (Sulwade Jamphal Kanoli Lift Irrigation, Tapi River, Dhule)"
400109,Purna Barrage-2 [Ner Dhamana] Medium Irrigation Project,Maharashtra,Parbhani,Parbhani City Four Lane Bypass,19.2611,76.7767,19.260925,76.776261,verified_city,verified_city,exact,city,high,True,True,VALIDATED,True,Matched infrastructure site keyword in Parbhani
400112,Jigaon Irrigation Project,Maharashtra,Buldhana,Malkapur & Bodwad Rail Link,19.9975,73.7898,20.531275,76.184343,verified_district,verified_city,exact,city,high,True,True,VALIDATED,True,Matched infrastructure site keyword in Buldhana
617422,Bodwad Parisar Sinchan Yojna,Maharashtra,Buldhana,Malkapur & Bodwad Rail Link,20.5311,76.1839,20.531547,76.183959,verified_city,verified_city,exact,city,high,True,True,VALIDATED,True,Matched infrastructure site keyword in Buldhana
701383,Waghur Project,Maharashtra,Jalgaon,"Waghur Dam & Reservoir Project, Jalgaon",17.6599,75.9064,20.93,75.72,verified_district,verified_facility,exact,facility,high,True,True,VALIDATED,True,"Known verified facility (Waghur Dam & Reservoir Project, Jalgaon)"
701386,Gosikhurd Project,Maharashtra,Bhandara,"Gosikhurd Dam, Wainganga River, Pauni",20.8732,79.6468,20.872753,79.646741,verified_facility,verified_facility,exact,project_site,high,True,True,VALIDATED,True,"Known verified facility (Major National Irrigation Project on Wainganga River in Bhandara district, Maharashtra)"
701391,Aruna Medium Irrigation Project,Maharashtra,Sindhudurg,Sindhudurg Coastal & Irrigation Corridor,17.6805,74.0183,16.12,73.7,verified_district,verified_city,exact,city,high,True,True,VALIDATED,True,Matched infrastructure site keyword in Sindhudurg
701396,Lower Pedhi Project,Maharashtra,Amravati,Amravati Industrial Node,16.705,74.2433,20.9374,77.7796,verified_district,verified_city,exact,city,high,True,True,VALIDATED,True,Matched infrastructure site keyword in Amravati
701398,Nardave Medium Irrigation Project,Maharashtra,Sindhudurg,Sindhudurg Coastal & Irrigation Corridor,16.705,74.2433,16.120175,73.700431,verified_district,verified_city,exact,city,high,True,True,VALIDATED,True,Matched infrastructure site keyword in Sindhudurg
701400,Thoubal Multipurpose Project,Manipur,Tamenglong,Jiribam-Imphal Railway Line & Makru Bridge,24.98,93.49,24.979134,93.490271,verified_district,verified_district,approximate,district,medium,True,True,APPROXIMATE,True,Preserved validated district location
701412,North Koel Reservoir Project,"Multi-States (Bihar, Jharkhand)",Palamu / Aurangabad Border,North Koel Multi-Purpose Reservoir System,24.1,84.05,24.1,84.05,verified_district,verified_district,exact,project_site,high,True,True,VALIDATED,False,Preserved validated district location
701530,Ken-Betwa Linking Development Project,"Multi-States (Madhya Pradesh, Uttar Pradesh)",Chhatarpur / Banda Border,Ken-Betwa River Linkage Complex,24.65,79.85,24.65,79.85,verified_district,verified_district,exact,project_site,high,True,True,VALIDATED,False,Preserved validated district location
603945,Integrated Anandpur Barrage Project,Odisha,Koraput,NALCO Alumina Refinery & Pottangi Bauxite Mines,18.8135,82.7123,18.813229,82.712679,verified_district,verified_district,approximate,district,medium,True,True,APPROXIMATE,True,Preserved validated district location
701402,"Subernarekha Project, Odisha",Odisha,Khordha,Bhubaneswar Smart City & Metro Corridor,20.2961,85.8245,20.295653,85.824441,verified_district,verified_district,approximate,district,medium,True,True,APPROXIMATE,True,Preserved validated district location
701404,Kanupur Irrigation Project,Odisha,Cuttack,Cuttack Multi-Modal Logistic Park,20.4625,85.8828,20.462229,85.883183,verified_district,verified_district,approximate,district,medium,True,True,APPROXIMATE,True,Preserved validated district location
701410,Relining of Rajasthan feeder and Sirhind Feeder canal,Punjab,Fazilka,Relining of Rajasthan Feeder & Sirhind Feeder Canal,30.4036,74.0253,30.404047,74.025364,verified_city,verified_city,exact,city,high,True,True,VALIDATED,True,Matched infrastructure site keyword in Fazilka
701411,Shahpur Kandi Dam Project,Punjab,Amritsar,Amritsar Infrastructure Hub,31.634,74.8723,31.633729,74.872722,verified_district,verified_district,approximate,district,medium,True,True,APPROXIMATE,True,Preserved validated district location
400102,Sri Ram Sagar Project Stage - II,Telangana,Yadadri Bhuvanagiri,AIIMS Bibinagar & Malkapur ATF Pipeline,17.4728,78.7894,17.473071,78.789024,verified_district,verified_district,approximate,district,medium,True,True,APPROXIMATE,True,Preserved validated district location
400103,Indiramma Flood Flow Canal Project,Telangana,Hanamkonda,Kazipet Railway Manufacturing & Overhauling Unit,18.0,79.58,17.999729,79.580377,verified_district,verified_district,approximate,district,medium,True,True,APPROXIMATE,True,Preserved validated district location
701405,J. Chokka Rao Devadula Lift Irrigation Scheme,Telangana,Bhadradri Kothagudem,Bhadradri Kothagudem Infrastructure Hub,17.55,80.6167,17.550447,80.616758,verified_district,verified_district,approximate,district,medium,True,True,APPROXIMATE,True,Preserved validated district location
701406,Rajiv Bhima Lift Irrigation Scheme,Telangana,Hyderabad,Hyderabad Infrastructure Hub,17.385,78.4867,17.386258,78.487213,verified_district,verified_district,approximate,district,medium,True,True,APPROXIMATE,True,Preserved validated district location
400093,Saryu Nahar CADWM Project,Uttar Pradesh,Jaunpur,Mariahu Bypass & Jaunpur Hub,25.7464,82.6837,25.746671,82.683301,verified_district,verified_district,approximate,district,medium,True,True,APPROXIMATE,True,Preserved validated district location
701395,Morna [Gureghar] Irrigation Project,Uttar Pradesh,Meerut,Meerut Infrastructure Hub,28.9845,77.7064,28.984053,77.706337,verified_district,verified_district,approximate,district,medium,True,True,APPROXIMATE,True,Preserved validated district location
701408,Madhya Ganga canal Phase-II,Uttar Pradesh,Bijnor,"Madhya Ganga Canal Barrage & Network, Bijnor",25.51,81.86,29.35,78.15,verified_facility,verified_facility,exact,facility,high,True,True,VALIDATED,True,"Known verified facility (Madhya Ganga Canal Barrage & Network, Bijnor)"
613787,Jamrani Dam Multipurpose Project,Uttarakhand,Udham Singh Nagar,Udham Singh Nagar Infrastructure Hub,28.98,79.4,28.979729,79.40041,verified_district,verified_district,approximate,district,medium,True,True,APPROXIMATE,True,Preserved validated district location
