sl_no,ministry,sector,project_name,agency,project_id,legacy_ocms_code,pmgid,state,approval_date_mm_yyyy,start_date_mm_yyyy,original_target_doc_mm_yyyy,revised_target_doc_mm_yyyy,original_cost_crore,revised_cost_crore,cumulative_expenditure_crore,physical_progress_percent,report_month,source_pdf_page
1,Ministry of Civil Aviation,Aviation & Aviation Infrastructure,"Construction of New Domestic Terminal Building Building and miscellaneous works including maintenance, operations and AICMC at Kadapa Airport",Airport Authority of India [AAI],612786,N04000106,-,Andhra Pradesh,03/2023,01/2024,01/2026,07/2026,265.91,265.91,129.07,65.0,April 2026,55
2,Ministry of Civil Aviation,Aviation & Aviation Infrastructure,Construction of New Integrated Terminal Building and associated works including apron to park 3 code E type of aircraft or 6 code C type of aircraft at Vijayawada Airport.,Airport Authority of India [AAI],701107,N04000091,4353,Andhra Pradesh,06/2020,09/2020,09/2022,10/2026,611.8,611.8,523.14,87.2,April 2026,55
3,Ministry of Civil Aviation,Aviation & Aviation Infrastructure,Construction of New Domestic Terminal Building at Rajahmundry Airport.,Airport Authority of India [AAI],701121,N04000103,-,Andhra Pradesh,12/2022,08/2023,08/2025,06/2026,347.15,347.15,170.79,90.0,April 2026,55
4,Ministry of Civil Aviation,Aviation & Aviation Infrastructure,Guwahati Airport New Integrated Terminal Building Construction Project,Adani Airport Holdings Limited,706724,N04000083,9925,Assam,12/2016,03/2018,03/2025,06/2026,1712.0,2520.0,2627.39,98.0,April 2026,55
5,Ministry of Civil Aviation,Aviation & Aviation Infrastructure,Development of New Civil Enclave at Bihta,Airport Authority of India [AAI],612183,-,9918,Bihar,08/2024,04/2025,03/2027,-,1413.0,1413.0,7.64,1.28,April 2026,55
6,Ministry of Civil Aviation,Aviation & Aviation Infrastructure,Development of New Civil Enclave and associated works at Darbhanga Airport,Airport Authority of India [AAI],612194,N04000112,9917,Bihar,07/2024,07/2024,07/2026,11/2026,911.66,911.66,374.49,65.0,April 2026,55
7,Ministry of Civil Aviation,Aviation & Aviation Infrastructure,"Construction of New Domestic Terminal Building [Phase-I and II] and other allied structures at JPNI Airport, Patna",Airport Authority of India [AAI],701101,N04000082,4356,Bihar,10/2018,10/2018,05/2026,05/2026,1216.9,1216.9,1200.67,98.22,April 2026,55
8,Ministry of Civil Aviation,Aviation & Aviation Infrastructure,Goa Airport Terminal Building Extension Project,Airport Authority of India [AAI],701105,N04000095,4831,Goa,11/2017,12/2019,12/2021,04/2026,255.69,255.69,156.7,100.0,April 2026,55
9,Ministry of Civil Aviation,Aviation & Aviation Infrastructure,Development of Keshod Airport.,Airport Authority of India [AAI],619054,-,-,Gujarat,01/2024,07/2025,01/2027,-,363.1,363.1,87.88,33.13,April 2026,55
10,Ministry of Civil Aviation,Aviation & Aviation Infrastructure,"Development of Dholera International Greenfield Airport , Gujarat",Airport Authority of India [AAI],701126,N04000099,3366,Gujarat,06/2022,07/2022,06/2026,06/2026,1305.0,1551.0,896.82,82.0,April 2026,55
11,Ministry of Civil Aviation,Aviation & Aviation Infrastructure,"Construction of NTB complex including apron, taxi track and other associated civil works and electrical & mechanical installations towards Tawi River side at CA Jammu.",Airport Authority of India [AAI],611047,N04000107,9921,Jammu and Kashmir,10/2023,12/2023,06/2026,11/2026,861.37,861.37,319.5,51.35,April 2026,55
12,Ministry of Civil Aviation,Aviation & Aviation Infrastructure,Construction of New Domestic Terminal Building and Miscellaneous works at Hubli Airport,Airport Authority of India [AAI],612787,N04000108,-,Karnataka,06/2023,01/2024,01/2026,06/2026,320.47,320.47,148.68,77.0,April 2026,55
13,Ministry of Civil Aviation,Aviation & Aviation Infrastructure,Construction of New Domestic Terminal Building and Miscellaneous Works at Belagavi Airport.,Airport Authority of India [AAI],612788,N04000105,-,Karnataka,06/2023,02/2024,02/2026,06/2026,322.45,322.45,204.5,87.0,April 2026,55
14,Ministry of Civil Aviation,Aviation & Aviation Infrastructure,"Development of additional RESA on either end on Runway 10-28 at Calicut Airport. Construction of embankment with slope protection, drainage system and associated works for additional RESA on either end on Runway 10-28",Airport Authority of India [AAI],612789,N04000111,-,Kerala,06/2023,02/2024,09/2025,12/2026,484.57,484.57,204.6,59.0,April 2026,55
15,Ministry of Civil Aviation,Aviation & Aviation Infrastructure,"Construction of Terminal Building & Associated works at Leh Airport, Ladakh",Airport Authority of India [AAI],400010,N04000078,4665,Ladakh,07/2018,09/2018,09/2021,07/2026,480.0,640.0,501.81,78.9,April 2026,55
16,Ministry of Civil Aviation,Aviation & Aviation Infrastructure,C/o NITB Imphal Airport,Airport Authority of India [AAI],706718,N04000100,-,Manipur,11/2021,07/2022,07/2024,12/2026,499.0,499.0,201.99,50.69,April 2026,55
17,Ministry of Civil Aviation,Aviation & Aviation Infrastructure,"SITC of ATM Automation System and ASMGCS [Including SMR & MLAT] for Mumbai, Navi Mumbai, Jewar [earlier MOPA, without ASMGCS], HIAL & BIAL",Airport Authority of India [AAI],611570,-,-,"Multi-States (Karnataka, Maharashtra, Telangana, Uttar Pradesh)",12/2020,10/2022,09/2025,08/2026,500.48,500.48,381.2,78.0,April 2026,55
18,Ministry of Civil Aviation,Aviation & Aviation Infrastructure,"Development of New Greenfield Airport at Bundi, Kota Rajasthan.",Airport Authority of India [AAI],618977,-,10781,Rajasthan,08/2025,10/2025,10/2027,11/2027,1507.0,1507.0,40.4,12.8,April 2026,55
19,Ministry of Civil Aviation,Aviation & Aviation Infrastructure,Construction of New Passenger Terminal Building for Domestic Operations at Jodhpur Airport.,Airport Authority of India [AAI],701127,N04000101,-,Rajasthan,06/2022,05/2023,03/2026,04/2026,480.0,480.0,339.96,97.35,April 2026,55
20,Ministry of Civil Aviation,Aviation & Aviation Infrastructure,Construction of New Integrated Passenger Terminal Building at Udaipur Airport,Airport Authority of India [AAI],701128,N04000104,4363,Rajasthan,06/2023,11/2023,03/2026,09/2026,887.0,887.0,523.61,68.71,April 2026,55
21,Ministry of Civil Aviation,Aviation & Aviation Infrastructure,"Widening of basic strip at Western Side of Runway Chainage 80m to 920m i/c slope stabilization Measures [Balance work] of uphill and Improvement of Storm Water Drainage System at Pakyong Airport, Sikkim on design & build basis [EPC] with integrated 10 years maintenance.",Airport Authority of India [AAI],612793,N04000110,-,Sikkim,11/2023,12/2023,06/2026,06/2027,323.26,323.26,80.84,34.25,April 2026,56
22,Ministry of Civil Aviation,Aviation & Aviation Infrastructure,"Modernization of Chennai Airport, Phase II, Part 2",Airport Authority of India [AAI],611602,-,5163,Tamil Nadu,05/2018,06/2023,07/2025,12/2026,1207.0,1207.0,289.5,38.0,April 2026,56
23,Ministry of Civil Aviation,Aviation & Aviation Infrastructure,"Development of Lal Bahadur Shastri International airport, Varanasi including C/o New Terminal Building, Apron Extension, Runway Extension, PTT and allied works.",Airport Authority of India [AAI],701113,N04000114,9932,Uttar Pradesh,07/2024,07/2024,07/2027,07/2027,2869.65,2869.65,572.04,27.0,April 2026,56
24,Ministry of Civil Aviation,Aviation & Aviation Infrastructure,Development of New Integrated Civil Enclave at Agra Airport,Airport Authority of India [AAI],701122,N04000113,9931,Uttar Pradesh,06/2024,07/2024,07/2026,11/2026,579.0,579.0,197.61,40.03,April 2026,56
25,Ministry of Civil Aviation,Aviation & Aviation Infrastructure,Development of New Civil Enclave at Bagdogra Airport,Airport Authority of India [AAI],611495,N04000115,9920,West Bengal,08/2024,09/2024,03/2027,01/2027,1549.0,1549.0,441.41,34.6,April 2026,56
26,Ministry of Civil Aviation,Aviation & Aviation Infrastructure,"Re-Construction of Rigid portions of Secondary Runway, K and A Taxiway and Strengthening of C Taxiway at NSCBI Airport Kolkata.",Airport Authority of India [AAI],612791,N04000109,-,West Bengal,03/2023,12/2023,10/2025,08/2026,328.3,328.3,139.77,64.5,April 2026,56
27,Ministry of Coal,Coal,TIKAK EXTENSION OCP,MIS MoCoal Integration Logins,615820,N06000290,-,Assam,07/2022,07/2022,07/2031,-,159.77,159.77,111.47,88.18,April 2026,56
28,Ministry of Coal,Coal,TIRAP OCP,MIS MoCoal Integration Logins,615821,N06000291,-,Assam,11/2022,11/2022,11/2030,-,289.46,289.46,105.61,3.26,April 2026,56
29,Ministry of Coal,Coal,PORDA CHIMTAPANI OCP [10 MTY],South Eastern Coalfields Limited [SECL],400144,N06000199,3122,Chhattisgarh,12/2020,12/2020,03/2029,-,2310.12,2310.12,113.83,11.81,April 2026,56
30,Ministry of Coal,Coal,BAROUD OC EXPANSION [3.0-10.0M,South Eastern Coalfields Limited [SECL],400149,N06000197,3107,Chhattisgarh,08/2020,08/2020,03/2029,-,2309.8,2309.8,993.79,55.95,April 2026,56
31,Ministry of Coal,Coal,DIPKA EXPANSION OCP [40 MTY],South Eastern Coalfields Limited [SECL],400354,N06000200,771,Chhattisgarh,12/2020,12/2020,03/2029,-,5241.4,5241.4,2910.11,38.0,April 2026,56
32,Ministry of Coal,Coal,GEVRA OC [70 MTY],South Eastern Coalfields Limited [SECL],400424,060100093,192,Chhattisgarh,03/2016,03/2016,03/2023,03/2027,11816.4,11816.4,6905.46,78.48,April 2026,56
33,Ministry of Coal,Coal,AMERA OC RCE [1.0 MTY],South Eastern Coalfields Limited [SECL],613798,N06000123,-,Chhattisgarh,02/2015,02/2015,03/2026,-,335.97,335.97,90.88,42.47,April 2026,56
34,Ministry of Coal,Coal,AMGAON OC RCE [1.0 MTY],South Eastern Coalfields Limited [SECL],613799,N06000135,-,Chhattisgarh,07/2015,07/2015,03/2026,-,316.11,316.11,191.5,78.86,April 2026,56
35,Ministry of Coal,Coal,JAGANNATHPUR OC RCE PROJECT,South Eastern Coalfields Limited [SECL],613800,N06000232,-,Chhattisgarh,07/2016,07/2016,03/2025,03/2027,459.49,459.49,276.8,96.15,April 2026,56
36,Ministry of Coal,Coal,MAHAMAYA OCP [1.50 MTY],South Eastern Coalfields Limited [SECL],613801,N06000164,-,Chhattisgarh,05/2018,05/2018,03/2026,03/2028,410.26,410.26,187.63,54.6,April 2026,56
37,Ministry of Coal,Coal,KATKONA RO UG MINE,South Eastern Coalfields Limited [SECL],615191,N06000274,-,Chhattisgarh,01/2023,01/2023,03/2029,-,329.21,329.21,62.03,2.01,April 2026,56
38,Ministry of Coal,Coal,PELMA OC MDO,South Eastern Coalfields Limited [SECL],616234,N06000045,7367,Chhattisgarh,10/2022,10/2022,03/2033,-,1725.04,1725.04,16.71,40.34,April 2026,56
39,Ministry of Coal,Coal,KUSMUNDA OC EXPANSION PROJECT,SECL - CIL,617287,-,9611,Chhattisgarh,11/2024,11/2024,03/2030,-,4516.88,4516.88,817.06,22.0,April 2026,56
40,Ministry of Coal,Coal,MANIKPUR OC EXPANSION PROJECT,South Eastern Coalfields Limited [SECL],617288,-,-,Chhattisgarh,01/2025,01/2025,03/2029,-,382.61,382.61,116.09,21.29,April 2026,56
41,Ministry of Coal,Coal,RPR FOR DURGAPUR OCP 10 MTY,SECL - CIL,619171,-,11842,Chhattisgarh,09/2025,09/2025,03/2032,-,2415.91,2415.91,2.35,0.01,April 2026,56
42,Ministry of Coal,Coal,MADANNAGAR OCP 12 MTY - MDO,SECL - CIL,619172,-,11856,Chhattisgarh,12/2024,12/2024,03/2029,-,1859.19,1859.19,0.45,0.0,April 2026,57
43,Ministry of Coal,Coal,HURA C OCP,ECL - CIL,400018,N06000275,4585,Jharkhand,08/2022,08/2022,03/2029,-,859.41,859.41,455.25,63.22,April 2026,57
44,Ministry of Coal,Coal,KONAR EXPANSION OCP,Ministry of Coal,400073,N06000245,4077,Jharkhand,01/2022,01/2022,03/2032,-,799.34,799.34,433.64,53.47,April 2026,57
45,Ministry of Coal,Coal,KARO EXPANSION OCP,Ministry of Coal,400074,N06000246,4074,Jharkhand,01/2022,01/2022,03/2029,-,908.47,908.47,289.45,23.57,April 2026,57
46,Ministry of Coal,Coal,SANGHMITRA OC,Ministry of Coal,400136,-,3190,Jharkhand,03/2024,03/2024,03/2032,-,2660.0,2660.0,16.1,16.77,April 2026,57
47,Ministry of Coal,Coal,CHANDRAGUPT OCP,Ministry of Coal,400138,N06000238,3188,Jharkhand,08/2020,08/2020,03/2032,-,973.5,973.5,440.75,24.86,April 2026,57
48,Ministry of Coal,Coal,KOTRE BASANTPUR PACHMO OCP,Ministry of Coal,400139,N06000237,3183,Jharkhand,08/2020,08/2020,03/2032,-,861.06,625.4,455.95,47.95,April 2026,57
49,Ministry of Coal,Coal,Pachwara South Coal Block,NLC India Limited [NLCIL],400142,N06000193,3135,Jharkhand,03/2016,11/2019,09/2028,-,2242.9,2242.9,1365.83,87.0,April 2026,57
50,Ministry of Coal,Coal,RPR MAGADH EXP OCP,Ministry of Coal,400150,N06000216,3105,Jharkhand,08/2020,08/2020,03/2028,-,7254.37,7254.37,1688.4,40.21,April 2026,57
51,Ministry of Coal,Coal,NORTH URIMARI EXPANSION OCP,Ministry of Coal,400151,N06000218,3103,Jharkhand,07/2021,07/2021,03/2029,-,778.8,778.8,605.7,71.38,April 2026,57
52,Ministry of Coal,Coal,EPR ROHINI - KARKETTA OCP,Ministry of Coal,400153,N06000243,3100,Jharkhand,01/2021,01/2021,03/2028,-,1020.42,1020.42,84.94,22.84,April 2026,57
53,Ministry of Coal,Coal,EPR PUNDI OCP,Ministry of Coal,400154,N06000242,3099,Jharkhand,11/2020,11/2020,03/2027,-,713.35,713.35,236.58,10.19,April 2026,57
54,Ministry of Coal,Coal,EPR ASHOK OC,Ministry of Coal,400155,N06000247,3098,Jharkhand,05/2021,05/2021,03/2031,-,2898.28,2898.28,185.19,28.85,April 2026,57
55,Ministry of Coal,Coal,EPR AMRAPALI OCP,Ministry of Coal,400156,N06000217,3091,Jharkhand,02/2020,02/2020,03/2028,-,5136.15,5136.15,1326.01,44.45,April 2026,57
56,Ministry of Coal,Coal,RAJRAPPA RCE OCP,Ministry of Coal,400160,N06000087,3084,Jharkhand,12/2009,12/2009,03/2016,03/2027,510.85,510.85,488.71,78.25,April 2026,57
57,Ministry of Coal,Coal,CHITRA EAST OC,Eastern Coal Fields Limited [ECL],400172,N06000169,3032,Jharkhand,08/2018,08/2018,03/2026,03/2028,513.99,513.99,239.88,53.03,April 2026,57
58,Ministry of Coal,Coal,JHARKHAND-LAIYO OCP,Ministry of Coal,400352,N06000240,778,Jharkhand,08/2020,08/2020,03/2031,-,764.57,764.57,145.81,32.23,April 2026,57
59,Ministry of Coal,Coal,MOONIDIH XV SEAM UG,Bharat Coking Coal Limited (BCCL,400425,N06000098,189,Jharkhand,08/2011,08/2011,03/2019,08/2026,1230.27,1230.27,709.81,82.45,April 2026,57
60,Ministry of Coal,Coal,2.5 MTPA PATHERDIH NLW WASHERY,Ministry of Coal,611017,N06000194,4836,Jharkhand,10/2015,04/2016,04/2018,12/2026,334.27,334.27,162.75,51.81,April 2026,57
61,Ministry of Coal,Coal,AMALAGAMATED NTST KUJAMA OCP 8.5MTY,Bharat Coking Coal Limited (BCCL,611864,N06000273,5366,Jharkhand,01/2023,01/2023,03/2030,-,4011.85,4011.85,414.93,29.7,April 2026,57
62,Ministry of Coal,Coal,MURAIDIH UG PROJECT,Bharat Coking Coal Limited (BCCL,613808,N06000096,-,Jharkhand,02/2011,02/2011,04/2014,12/2026,339.87,339.87,191.0,70.47,April 2026,57
63,Ministry of Coal,Coal,TAPIN SOUTH EXPN,Ministry of Coal,615349,N06000241,-,Jharkhand,11/2020,11/2020,03/2028,-,230.41,230.41,22.02,22.76,April 2026,57
64,Ministry of Coal,Coal,SIRKA OC,Ministry of Coal,615822,N06000239,-,Jharkhand,05/2020,05/2020,03/2028,-,222.82,222.82,140.72,63.52,April 2026,57
65,Ministry of Coal,Coal,TETARIAKHAR OC,Ministry of Coal,615843,N06000186,-,Jharkhand,11/2019,11/2019,03/2025,03/2027,243.52,243.52,50.82,31.27,April 2026,58
66,Ministry of Coal,Coal,CHUPERBHITA SIMLONG OCP MDO 6,Eastern Coal Fields Limited [ECL],616225,N06000280,6880,Jharkhand,12/2023,12/2023,03/2037,-,979.08,979.08,0.0,0.05,April 2026,58
67,Ministry of Coal,Coal,JARANGDIH EXPN. OCP 1.5 MTY,CCL - CIL,616236,N06000295,-,Jharkhand,02/2020,02/2020,03/2029,-,414.37,414.37,85.6,34.18,April 2026,58
68,Ministry of Coal,Coal,BLOCK E OCP,Ministry of Coal,616253,N06000287,7368,Jharkhand,03/2024,03/2024,03/2029,-,5850.83,5850.83,20.32,4.17,April 2026,58
69,Ministry of Coal,Coal,"Revised Jharia Master Plan for Dealing with Fire, Subsidence & Rehabilitation of affected families in Jharia Coalfield- Reg.",Bharat Coking Coal Limited [BCCL],617416,-,9943,Jharkhand,06/2025,07/2025,12/2028,-,5940.47,5940.47,262.83,26.0,April 2026,58
70,Ministry of Coal,Coal,North Dhadu Western Part OCP,NLC India Limited [NLCIL],617764,-,9968,Jharkhand,10/2023,12/2023,03/2029,-,1354.2,1354.2,141.98,40.0,April 2026,58
71,Ministry of Coal,Coal,AMADAND OCP[4.0MTY],Ministry of Coal,400148,N06000148,3111,Madhya Pradesh,03/2016,03/2016,03/2021,03/2027,869.44,869.44,325.4,75.15,April 2026,58
72,Ministry of Coal,Coal,BLOCK B EXPANSION [3.5 TO 8.0,Northern Coalfields Limited [NCL],400162,N06000184,3059,Madhya Pradesh,07/2019,07/2019,03/2023,03/2027,998.71,998.71,518.17,50.0,April 2026,58
73,Ministry of Coal,Coal,NIGAHI EXPANSION [15 TO 25 MTP,Northern Coalfields Limited [NCL],400321,N06000196,943,Madhya Pradesh,11/2020,11/2020,03/2025,03/2028,1729.68,1729.68,929.02,48.76,April 2026,58
74,Ministry of Coal,Coal,KANCHAN OC EXP,South Eastern Coalfields Limited [SECL],613802,N06000125,-,Madhya Pradesh,12/2014,12/2014,03/2026,03/2028,371.04,371.04,148.87,58.2,April 2026,58
75,Ministry of Coal,Coal,JHIRIA WEST OCP [1.5 MTY],South Eastern Coalfields Limited [SECL],613803,N06000166,-,Madhya Pradesh,01/2024,01/2024,03/2029,-,366.94,366.94,35.57,41.29,April 2026,58
76,Ministry of Coal,Coal,RPR TAWA-III UG 0.84 MTY,Western Coalfields Limited [WCL],613804,N06000250,-,Madhya Pradesh,12/2021,12/2021,03/2027,-,314.09,314.09,17.89,17.78,April 2026,58
77,Ministry of Coal,Coal,AMALGAMATED DHANKASA & JAMUNIA,Western Coalfields Limited [WCL],615185,N06000257,-,Madhya Pradesh,09/2022,09/2022,03/2027,-,399.2,399.2,100.03,67.13,April 2026,58
78,Ministry of Coal,Coal,RPR OF VISHNUPURI UG TO OC,Western Coalfields Limited [WCL],615187,N06000260,-,Madhya Pradesh,11/2022,11/2022,03/2029,-,220.62,220.62,0.0,11.2,April 2026,58
79,Ministry of Coal,Coal,URDHAN EXPANSION OC COST PLUS,Western Coalfields Limited [WCL],615194,N06000265,-,Madhya Pradesh,07/2022,01/2023,03/2031,-,206.88,206.88,27.32,2.02,April 2026,58
80,Ministry of Coal,Coal,SHARDA UG MINE,Western Coalfields Limited [WCL],615195,N06000266,-,Madhya Pradesh,07/2022,09/2023,03/2028,-,166.25,166.25,5.19,9.39,April 2026,58
81,Ministry of Coal,Coal,GANDHIGRAM UG MINE,Western Coalfields Limited [WCL],615206,N06000183,-,Madhya Pradesh,08/2019,08/2019,03/2026,-,414.15,414.15,22.11,56.88,April 2026,58
82,Ministry of Coal,Coal,JAYANT EXPN. [20 TO 38 MTPA],Northern Coalfields Limited [NCL],619032,-,11593,Madhya Pradesh,02/2025,02/2025,03/2032,-,25560.48,25560.5,126.68,1.32,April 2026,58
83,Ministry of Coal,Coal,RPR FOR RAMPUR BATURA OCP,SECL - CIL,619053,-,11612,Madhya Pradesh,05/2025,05/2025,03/2030,-,1604.69,1604.69,74.71,0.3,April 2026,58
84,Ministry of Coal,Coal,BHATADI EXPANSION OC,Western Coalfields Limited [WCL],400033,N06000254,4376,Maharashtra,02/2020,05/2022,03/2028,-,580.61,580.61,112.17,33.91,April 2026,58
85,Ministry of Coal,Coal,AMALGAMATED YEKONA I & YEKONA,Western Coalfields Limited [WCL],400177,N06000132,3012,Maharashtra,08/2015,08/2015,03/2025,03/2026,727.28,727.28,563.25,80.77,April 2026,58
86,Ministry of Coal,Coal,DINESH[MAKARDHOKRA-III] OC,Western Coalfields Limited [WCL],400178,N06000222,3008,Maharashtra,02/2020,02/2020,03/2027,-,822.88,822.88,652.67,40.54,April 2026,58
87,Ministry of Coal,Coal,DHUPTALA OC [SASTI UG TO OC ],Western Coalfields Limited [WCL],400353,N06000209,776,Maharashtra,02/2019,10/2021,03/2028,-,711.01,711.01,174.62,19.02,April 2026,59
88,Ministry of Coal,Coal,SAONER UG MINE -1 EXPANSION 1.,Western Coalfields Limited [WCL],615184,N06000251,-,Maharashtra,01/2022,01/2022,03/2028,-,228.64,228.64,150.47,69.33,April 2026,59
89,Ministry of Coal,Coal,SASTI EXPANSION OPENCAST,Western Coalfields Limited [WCL],615186,N06000206,-,Maharashtra,08/2020,08/2020,03/2026,-,319.04,319.04,111.17,32.21,April 2026,59
90,Ministry of Coal,Coal,NEW MAJRI UG TO OC 3 MTY COST,Western Coalfields Limited [WCL],615188,N06000255,-,Maharashtra,05/2019,09/2022,03/2027,-,402.27,402.27,67.11,24.17,April 2026,59
91,Ministry of Coal,Coal,MAKARDHOKRA EXPN OC 4.9 MTY,Western Coalfields Limited [WCL],615189,N06000253,-,Maharashtra,06/2022,06/2022,03/2026,-,361.87,361.87,96.64,12.2,April 2026,59
92,Ministry of Coal,Coal,SINGHORI DEEP OC MIN 2.0 MTY,Western Coalfields Limited [WCL],615190,N06000252,-,Maharashtra,05/2022,05/2022,03/2029,-,335.75,335.75,49.75,9.57,April 2026,59
93,Ministry of Coal,Coal,GOKUL EXTENSION OC MINE,Western Coalfields Limited [WCL],615192,N06000264,-,Maharashtra,04/2021,04/2021,03/2026,-,309.58,309.58,57.46,8.44,April 2026,59
94,Ministry of Coal,Coal,KOLGAON EXPANSION DEEP OC MINE,Western Coalfields Limited [WCL],615199,N06000267,-,Maharashtra,01/2023,09/2023,03/2027,-,198.71,198.71,23.54,2.82,April 2026,59
95,Ministry of Coal,Coal,BALLARPUR NORTH WEST OC MINE,Western Coalfields Limited [WCL],615330,N06000282,-,Maharashtra,12/2022,12/2022,03/2029,-,360.81,360.81,3.84,5.17,April 2026,59
96,Ministry of Coal,Coal,GADEGAON OC 3 MTY,Western Coalfields Limited [WCL],615331,-,-,Maharashtra,10/2023,10/2023,03/2030,-,497.41,497.41,27.55,2.19,April 2026,59
97,Ministry of Coal,Coal,GHONSA EXPANSION DEEP OC MINE,Western Coalfields Limited [WCL],615914,N06000205,-,Maharashtra,03/2021,03/2021,03/2029,-,184.71,184.71,15.72,12.83,April 2026,59
98,Ministry of Coal,Coal,AMLG GAURI PAUNI EXPANSION OC,Western Coalfields Limited [WCL],615916,N06000271,7361,Maharashtra,04/2024,04/2024,03/2030,-,1225.21,1225.21,88.88,4.21,April 2026,59
99,Ministry of Coal,Coal,GAURIDEEP/GAURI CENTRAL OCP 7.,Western Coalfields Limited [WCL],615917,N06000278,7362,Maharashtra,08/2023,06/2024,03/2030,-,973.07,973.07,1.55,2.31,April 2026,59
100,Ministry of Coal,Coal,RPR OF BHANEGAON OC,Western Coalfields Limited [WCL],615918,N06000256,-,Maharashtra,02/2017,09/2022,03/2028,-,405.2,405.2,35.03,15.95,April 2026,59
101,Ministry of Coal,Coal,N. EXTN. MUNGOLI NIRGUDA D OCP,Western Coalfields Limited [WCL],615919,N06000283,7363,Maharashtra,06/2024,06/2024,03/2029,-,1024.91,1024.91,217.01,27.92,April 2026,59
102,Ministry of Coal,Coal,NILJAI EXPANSION DEEP OCP,Western Coalfields Limited [WCL],615982,N06000154,-,Maharashtra,08/2016,08/2016,03/2022,03/2026,319.75,319.75,196.86,79.83,April 2026,59
103,Ministry of Coal,Coal,UKNI DEEP OC MINE -COST PLUS,Western Coalfields Limited [WCL],616044,N06000179,764,Maharashtra,11/2018,01/2019,03/2021,03/2026,237.06,237.06,166.87,93.51,April 2026,59
104,Ministry of Coal,Coal,AMALGAMATED INDER-KAMPTEE DEEP,Western Coalfields Limited [WCL],616050,N06000226,-,Maharashtra,09/2018,09/2018,03/2024,03/2026,235.9,235.9,127.42,98.97,April 2026,59
105,Ministry of Coal,Coal,ADASA UG TO OC MINE,Western Coalfields Limited [WCL],616223,N06000219,-,Maharashtra,11/2018,11/2018,03/2024,03/2026,316.0,316.0,209.35,86.49,April 2026,59
106,Ministry of Coal,Coal,AMAL GONDEGAON GHATROHANA EXPN,Western Coalfields Limited [WCL],616229,N06000284,7364,Maharashtra,09/2024,09/2024,03/2029,-,668.54,668.54,2.94,2.52,April 2026,59
107,Ministry of Coal,Coal,WAGHODA UG MINE [1.02 MTY],Western Coalfields Limited [WCL],617233,N06000293,-,Maharashtra,01/2024,01/2025,03/2030,-,379.3,379.3,0.0,0.01,April 2026,59
108,Ministry of Coal,Coal,KOLARPIMPRI EXPANSION OC [2.5,Western Coalfields Limited [WCL],617278,N06000294,9897,Maharashtra,06/2024,02/2025,03/2030,-,630.37,630.37,0.61,0.35,April 2026,59
109,Ministry of Coal,Coal,SAONER-III EXPN UG MINE 1.54,Western Coalfields Limited [WCL],619055,-,-,Maharashtra,08/2025,08/2025,03/2032,-,444.42,444.42,0.0,0.0,April 2026,59
110,Ministry of Coal,Coal,BINA KAKRI AMALGAMATION EXPANS,Northern Coalfields Limited [NCL],400369,N06000192,612,"Multi-States (Madhya Pradesh, Uttar Pradesh)",08/2020,08/2020,03/2024,03/2027,836.42,836.42,835.34,89.9,April 2026,60
111,Ministry of Coal,Coal,KHADIA EXPANSION [10 TO 16 MTP,Northern Coalfields Limited [NCL],615183,N06000208,7021,"Multi-States (Madhya Pradesh, Uttar Pradesh)",06/2021,06/2021,03/2025,03/2027,491.67,491.67,276.75,55.57,April 2026,60
112,Ministry of Coal,Coal,SUBHADRA OCP,Mahanadi Coalfields Limited [MCL],400165,N06000249,3048,Odisha,05/2021,05/2021,04/2032,-,1693.81,1693.81,1329.14,45.57,April 2026,60
113,Ministry of Coal,Coal,SIARMAL OCP,Mahanadi Coalfields Limited [MCL],400166,N06000113,3045,Odisha,02/2021,02/2021,03/2029,-,5194.95,5194.95,3490.38,59.5,April 2026,60
114,Ministry of Coal,Coal,BALARAM EXPANSION OCP,Mahanadi Coalfields Limited [MCL],400183,N06000230,2997,Odisha,08/2020,08/2020,03/2029,-,3504.21,3504.21,958.0,57.15,April 2026,60
115,Ministry of Coal,Coal,GOPALJI KANIHA OCP [10 TO 30 M,MCL - CIL,400185,N06000229,2994,Odisha,04/2022,04/2022,03/2030,-,8416.19,6107.87,1771.98,34.54,April 2026,60
116,Ministry of Coal,Coal,INTEGRATED LAKHANPUR-BELPAHAR-,Mahanadi Coalfields Limited [MCL],400187,N06000167,2986,Odisha,05/2018,05/2018,03/2027,-,2434.75,2434.75,2002.75,79.05,April 2026,60
117,Ministry of Coal,Coal,BHARATPUR RE-ORGANIZATION OCP,Mahanadi Coalfields Limited [MCL],400392,N06000171,501,Odisha,11/2018,11/2018,03/2029,-,2838.86,2838.86,1711.38,52.0,April 2026,60
118,Ministry of Coal,Coal,BASUNDHARA WEST EXTENSION OPEN,MCL - CIL,615193,N06000112,7760,Odisha,05/2014,05/2014,03/2019,03/2029,479.15,479.15,281.57,67.58,April 2026,60
119,Ministry of Coal,Coal,Naini Coal Mine,Singareni Collieries Company Limited [SCCL],615857,N06000203,-,Odisha,03/2020,03/2020,03/2026,-,494.3,494.3,491.33,80.0,April 2026,60
120,Ministry of Coal,Coal,INTEGRATED KULDA GARJANBAHAL O,Mahanadi Coalfields Limited [MCL],616226,N06000289,7097,Odisha,04/2023,04/2023,03/2033,-,3563.5,3563.5,672.78,6.18,April 2026,60
121,Ministry of Coal,Coal,BHUBANESWARI EXPN OCP 50 MTY,MCL - CIL,616231,N06000286,9687,Odisha,03/2024,03/2024,03/2033,-,5366.27,5366.27,477.39,32.47,April 2026,60
122,Ministry of Coal,Coal,HINGULA II OC EXPN PH III 15 M,MCL - CIL,616232,N06000285,7365,Odisha,11/2022,11/2022,03/2029,-,1561.85,1561.85,279.32,29.19,April 2026,60
123,Ministry of Coal,Coal,BALABHADRA OCP,MCL - CIL,616233,N06000288,7366,Odisha,04/2023,04/2023,03/2030,-,978.44,978.44,251.55,15.24,April 2026,60
124,Ministry of Coal,Coal,Talabira II & III OCP - FMC,NLC India Limited [NLCIL],618982,-,10777,Odisha,10/2022,05/2023,06/2026,-,522.45,522.45,324.74,72.65,April 2026,60
125,Ministry of Coal,Coal,Jawahar Khani Open Cast Mine,Singareni Collieries Company Limited [SCCL],615818,N06000259,-,Telangana,12/2021,12/2021,03/2025,03/2027,297.88,297.88,47.48,20.0,April 2026,60
126,Ministry of Coal,Coal,Kalyanikhani Opencast Project,Singareni Collieries Company Limited [SCCL],615858,N06000213,-,Telangana,03/2016,05/2017,03/2026,-,384.32,384.32,291.01,75.0,April 2026,60
127,Ministry of Coal,Coal,Godavarikhani Coal Mine - 5,Singareni Collieries Company Limited [SCCL],615860,N06000202,9915,Telangana,07/2019,05/2019,03/2025,03/2026,607.04,607.04,200.06,71.0,April 2026,60
128,Ministry of Coal,Coal,Indaram Opencast Project,Singareni Collieries Company Limited [SCCL],615861,N06000211,-,Telangana,08/2017,12/2022,03/2025,03/2026,424.81,424.81,406.81,81.0,April 2026,60
129,Ministry of Coal,Coal,Goleti Opencast Mine,Singareni Collieries Company Limited [SCCL],615862,N06000258,-,Telangana,07/2021,08/2021,03/2026,-,345.6,345.6,111.15,32.0,April 2026,60
130,Ministry of Coal,Coal,Venkatesh Khani Coal Mine,Singareni Collieries Company Limited [SCCL],615863,N06000204,-,Telangana,10/2020,06/2020,03/2026,-,484.5,484.5,477.14,97.0,April 2026,60
131,Ministry of Coal,Coal,Kakatiyakhani OC - 2 Project,Singareni Collieries Company Limited [SCCL],615865,N06000214,-,Telangana,08/2017,09/2017,03/2025,03/2026,442.42,442.42,252.26,63.0,April 2026,60
132,Ministry of Coal,Coal,MOHANPUR EXPANSION OC -PHASE I,Eastern Coal Fields Limited [ECL],400173,N06000236,3029,West Bengal,11/2020,11/2020,03/2026,03/2030,888.99,888.99,142.55,31.52,April 2026,60
133,Ministry of Coal,Coal,BONJEMEHARI EXPANSION OCP,Eastern Coal Fields Limited [ECL],400180,N06000244,3004,West Bengal,08/2021,08/2021,03/2026,03/2030,570.11,570.11,88.78,17.1,April 2026,61
134,Ministry of Coal,Coal,NAKRAKONDA KUMARDIH- B OCP,Eastern Coal Fields Limited [ECL],400181,N06000170,3001,West Bengal,08/2018,08/2018,03/2029,-,502.68,502.67,83.8,27.52,April 2026,61
135,Ministry of Coal,Coal,SIDULI [OC & UG],ECL - CIL,400182,N06000165,2998,West Bengal,05/2018,05/2018,03/2027,03/2030,535.18,535.17,5.74,14.61,April 2026,61
136,Ministry of Coal,Coal,TILABONI UG,Eastern Coal Fields Limited [ECL],400186,N06000276,2989,West Bengal,01/2023,01/2023,03/2029,-,749.08,749.07,53.88,11.9,April 2026,61
137,Ministry of Coal,Coal,JHANJRA EXPANSION UG,Eastern Coal Fields Limited [ECL],400312,N06000223,995,West Bengal,04/2020,04/2020,03/2029,-,1210.12,1210.12,619.6,45.48,April 2026,61
138,Ministry of Coal,Coal,SONEPUR BAZARI EXPANSION OCP [,Eastern Coal Fields Limited [ECL],400315,N06000220,966,West Bengal,07/2021,07/2021,03/2029,-,5365.88,5365.88,623.88,18.47,April 2026,61
139,Ministry of Coal,Coal,2.0 MTPA BHOJUDIH NLW WASHERY,Ministry of Coal,611016,N06000195,4835,West Bengal,12/2015,03/2019,09/2020,05/2026,384.57,384.57,363.14,97.6,April 2026,61
140,Ministry of Coal,Coal,ITAPARA OCP,Eastern Coal Fields Limited [ECL],612816,N06000272,5529,West Bengal,12/2023,12/2023,03/2030,-,929.1,929.1,71.23,8.35,April 2026,61
141,Ministry of Coal,Coal,SHYAMSUNDARPUR UG INCLUDING SA,Eastern Coal Fields Limited [ECL],613793,N06000191,-,West Bengal,04/2020,04/2020,03/2026,03/2028,483.65,483.65,77.79,16.79,April 2026,61
142,Ministry of Coal,Coal,PARASEA-BELBAID UG PROJECT,Eastern Coal Fields Limited [ECL],613794,N06000277,-,West Bengal,01/2023,01/2023,03/2028,-,389.1,389.1,132.48,22.13,April 2026,61
143,Ministry of Coal,Coal,PARASCOLE JAMBAD OCP,Eastern Coal Fields Limited [ECL],616230,N06000281,6881,West Bengal,11/2024,11/2024,03/2037,-,1193.55,1193.55,11.42,0.22,April 2026,61
144,Ministry of Coal,Electricity Generation,50 MW Wind Power Project,NLC India Limited [NLCIL],617299,N06000292,-,Gujarat,07/2022,01/2024,06/2025,01/2026,383.84,383.84,328.56,51.0,April 2026,61
145,Ministry of Coal,Electricity Generation,600 MW Khavda Solar Power Project,NLC India Limited [NLCIL],617730,-,10775,Gujarat,08/2023,06/2024,06/2026,-,3335.85,3335.85,2171.16,40.0,April 2026,61
146,Ministry of Coal,Electricity Generation,200 MW SPP part of 510 MW CPSU scheme,NLC India Limited [NLCIL],618991,-,10796,Gujarat,07/2022,03/2024,12/2026,-,1221.41,1221.41,64.03,0.0,April 2026,61
147,Ministry of Coal,Electricity Generation,100 MW SPP part of SECI 150 MW Hybrid,NLC India Limited [NLCIL],618992,-,-,Gujarat,07/2022,04/2024,12/2026,-,480.68,480.68,2.62,1.2,April 2026,61
148,Ministry of Coal,Electricity Generation,NLC Talabira Thermal Power Project,NLC India Limited [NLCIL],400231,N06000270,2059,Odisha,01/2017,01/2024,03/2030,-,27212.96,27213.0,3454.06,2.1,April 2026,61
149,Ministry of Coal,Electricity Generation,300 MW SPP part of 510 MW CPSU scheme,NLC India Limited [NLCIL],612819,N06000269,5525,Rajasthan,07/2022,03/2023,09/2024,12/2025,1813.0,1813.0,1753.07,100.0,April 2026,61
150,Ministry of Coal,Electricity Generation,810 MW Solar Power Project - Rajasthan,NLC India Limited [NLCIL],618981,-,10776,Rajasthan,10/2024,09/2025,03/2028,-,4147.07,4147.07,224.77,0.0,April 2026,61
151,Ministry of Coal,Electricity Generation,50 MW Solar PP Minedout Area,NLC India Limited [NLCIL],615327,N06000279,-,Tamil Nadu,08/2023,02/2024,03/2025,12/2025,218.03,218.03,169.95,100.0,April 2026,61
152,Ministry of Coal,Electricity Generation,Ghatampur Thermal Power Plant 3 X 660 MW,NLC India Limited [NLCIL],400259,N06000152,1665,Uttar Pradesh,07/2016,08/2016,11/2020,03/2026,17237.8,21780.9,21237.52,95.68,April 2026,61
153,Ministry of Coal,Railways,Dharamjaigarh-Korba,Railway,400203,-,2277,Chhattisgarh,05/2018,03/2017,12/2026,08/2026,1686.22,2438.53,625.77,43.5,April 2026,61
154,Ministry of Coal,Railways,Shivpur-Kathautia New Rail [BG] Line [49 km] [Package II of Tori-Shivpur-Kathautia line],Ministry of Coal,400416,-,371,Jharkhand,02/2018,05/2022,06/2025,06/2026,1799.64,2564.34,1713.19,71.0,April 2026,62
155,Ministry of Power,Coal,Tubed Coal Mine,Damodar Valley Corporation,400192,-,2418,Jharkhand,07/2016,10/2016,05/2026,05/2026,1581.0,1581.0,601.03,36.0,April 2026,62
156,Ministry of Power,Coal,Badam Coal Mining project of NTPC,National Thermal Power Corporation [NTPC],603293,N18000367,2576,Jharkhand,02/2019,09/2019,12/2056,04/2027,502.0,784.0,471.08,67.86,April 2026,62
157,Ministry of Power,Electricity Generation,Dibang Multipurpose Project,National Hydroelectric Power Corporation Limited [NHPC],602182,N18000362,4934,Arunachal Pradesh,02/2023,02/2023,02/2032,02/2032,31876.39,31876.4,4593.04,17.43,April 2026,62
158,Ministry of Power,Electricity Generation,240MW Heo HE Project,North Eastern Electric Power Corporation Limited,611698,-,7620,Arunachal Pradesh,12/2024,05/2025,07/2029,-,1938.85,1938.85,96.94,4.95,April 2026,62
159,Ministry of Power,Electricity Generation,186 MW Tato-I H E Project,North Eastern Electric Power Corporation Limited,611699,-,7621,Arunachal Pradesh,12/2024,05/2025,07/2029,-,1750.07,1750.07,73.91,5.04,April 2026,62
160,Ministry of Power,Electricity Generation,700 MW Tato-II HE Project,North Eastern Electric Power Corporation Limited,611716,-,9690,Arunachal Pradesh,09/2025,09/2025,09/2031,-,8146.21,8146.21,243.25,6.41,April 2026,62
161,Ministry of Power,Electricity Generation,Kalai-II Hydro Electric Project [1200 MW],THDC India Limited,619311,-,12136,Arunachal Pradesh,04/2026,04/2026,10/2032,-,14105.83,14105.8,187.16,0.0,April 2026,62
162,Ministry of Power,Electricity Generation,Buxar Thermal Power Project [1320 MW],Satluj Jal Vidyut Nigam [SJVN] Thermal Limited,602579,N18000194,2361,Bihar,03/2019,06/2019,01/2024,05/2026,10439.09,13756.6,13370.07,94.33,April 2026,62
163,Ministry of Power,Electricity Generation,"Nabinagar Super Thermal Power Project, Stage-II [3x800 MW]",National Thermal Power Corporation [NTPC],619051,-,-,Bihar,11/2024,03/2025,07/2030,-,29948.0,29948.0,2676.55,10.17,April 2026,62
164,Ministry of Power,Electricity Generation,Lara Super Thermal Power Project Stage-II [2 x 800 MW],National Thermal Power Corporation [NTPC],611930,N18000381,5493,Chhattisgarh,08/2023,08/2023,06/2028,09/2028,15530.0,16106.0,4787.3,28.6,April 2026,62
165,Ministry of Power,Electricity Generation,"Sipat Super Thermal Power Project, Stage-III [1x800 MW]",National Thermal Power Corporation [NTPC],617188,-,9706,Chhattisgarh,09/2024,09/2024,09/2029,-,9791.0,9791.0,1619.63,18.91,April 2026,62
166,Ministry of Power,Electricity Generation,Bagodara Solar Power Project,Satluj Jal Vidyut Nigam [SJVN] Thermal Limited,709747,N18000297,-,Gujarat,03/2021,05/2021,12/2025,12/2025,339.35,339.35,370.0,51.86,April 2026,62
167,Ministry of Power,Electricity Generation,Dhaulasidh Hydro Electric Project [66 MW],Satluj Jal Vidyut Nigam [SJVN] Thermal Limited,602582,N18000291,2370,Himachal Pradesh,10/2020,05/2021,11/2025,03/2027,687.97,1561.21,1107.31,77.51,April 2026,62
168,Ministry of Power,Electricity Generation,Luhri Stage-I Hydro Electric Project [210 MW],Satluj Jal Vidyut Nigam [SJVN] Thermal Limited,602593,N18000279,2367,Himachal Pradesh,11/2020,11/2020,01/2026,02/2030,1810.56,4681.64,1924.48,51.32,April 2026,62
169,Ministry of Power,Electricity Generation,Sunni Dam Hydro Electric Project [382 MW],Satluj Jal Vidyut Nigam [SJVN] Thermal Limited,611586,N18000344,5062,Himachal Pradesh,01/2023,01/2023,04/2028,12/2029,2614.51,4925.87,1083.85,33.98,April 2026,62
170,Ministry of Power,Electricity Generation,"Pakal Dul [Drangdhuran] Hydroelectric Project, 1000 MW",National Hydroelectric Power Corporation Limited [NHPC],602525,N18000172,1425,Jammu and Kashmir,10/2014,02/2018,04/2020,12/2026,8112.12,12728.0,9114.12,80.5,April 2026,62
171,Ministry of Power,Electricity Generation,Kiru HE Project,National Hydroelectric Power Corporation Limited [NHPC],602532,N18000278,2412,Jammu and Kashmir,03/2019,02/2020,09/2023,12/2026,4287.59,5409.0,3733.26,83.46,April 2026,62
172,Ministry of Power,Electricity Generation,"Ratle HE Project - 850 MW, Ratle Hydroelectric Power Corporation Limited.",National Hydroelectric Power Corporation Limited [NHPC],602535,N18000324,2421,Jammu and Kashmir,02/2021,01/2022,02/2026,11/2028,5281.94,5281.94,1566.39,29.85,April 2026,62
173,Ministry of Power,Electricity Generation,Kwar HE Project,National Hydroelectric Power Corporation Limited [NHPC],605155,N18000363,4177,Jammu and Kashmir,05/2022,11/2022,11/2026,03/2028,4526.12,4526.12,1569.55,34.21,April 2026,62
174,Ministry of Power,Electricity Generation,Patratu Thermal Power Station Expansion Project Phase-I [3x800 MW],National Thermal Power Corporation [NTPC],400261,N18000275,1639,Jharkhand,11/2017,11/2017,03/2023,02/2027,18668.0,20302.0,18690.0,88.74,April 2026,63
175,Ministry of Power,Electricity Generation,"Koderma Thermal Power Station Phase II [2X800 MW] At Koderma, Jharkhand",Damodar Valley Corporation,611509,-,7414,Jharkhand,04/2023,11/2024,03/2029,-,14358.0,14358.0,1890.03,11.0,April 2026,63
176,Ministry of Power,Electricity Generation,"Gadarwara Super Thermal Power Project, Stage-II [2x800 MW]",National Thermal Power Corporation [NTPC],618976,-,10793,Madhya Pradesh,11/2024,05/2025,03/2030,-,20446.0,20446.0,1721.18,7.5,April 2026,63
177,Ministry of Power,Electricity Generation,Subansiri Lower HE Project [2000 MW],National Hydroelectric Power Corporation Limited [NHPC],602096,180100221,2415,"Multi-States (Arunachal Pradesh, Assam)",09/2003,01/2005,09/2010,05/2026,6285.33,26075.5,26150.32,97.64,April 2026,63
178,Ministry of Power,Electricity Generation,Talcher Thermal Power Station Stage III [2 x 660 MW] Expansion,National Thermal Power Corporation [NTPC],602961,N18000364,3450,Odisha,08/2022,09/2022,05/2027,03/2028,11843.75,12543.0,6454.35,50.2,April 2026,63
179,Ministry of Power,Electricity Generation,"Darlipali Super Thermal Power Project, Stage-II [1x800 MW]",National Thermal Power Corporation [NTPC],619056,-,-,Odisha,11/2025,11/2025,01/2031,-,11131.0,11131.0,460.85,1.95,April 2026,63
180,Ministry of Power,Electricity Generation,"TEESTA-VI HE PROJECT, SIKKIM [500 MW], executed by LANCO TEESTA HYDRO POWER LIMITED [A wholly owned Subsidiary of NHPC LTD. acquired through NCLT]",National Hydroelectric Power Corporation Limited [NHPC],602181,N18000325,2419,Sikkim,03/2019,03/2020,03/2024,12/2027,5748.04,5748.04,4356.15,72.51,April 2026,63
181,Ministry of Power,Electricity Generation,Rangit-IV HE Project [120 MW] executed by Jal Power Corporation Ltd. [JPCL] - A wholly owned subsidiary of NHPC Ltd. acquired through NCLT,National Hydroelectric Power Corporation Limited [NHPC],605156,N18000326,2408,Sikkim,03/2021,08/2021,05/2024,12/2025,938.29,1828.11,1625.93,96.53,April 2026,63
182,Ministry of Power,Electricity Generation,"Singrauli Super Thermal Power Project, Stage-III [2x800 MW]",National Thermal Power Corporation [NTPC],612142,N18000382,7569,Uttar Pradesh,03/2024,03/2024,02/2030,-,17195.0,17195.0,3306.21,19.8,April 2026,63
183,Ministry of Power,Electricity Generation,Tapovan-Vishnugad HEP [4x130 MW],National Thermal Power Corporation [NTPC],602185,N18000014,1452,Uttarakhand,11/2006,11/2006,03/2013,04/2029,2978.0,10907.3,7715.24,77.0,April 2026,63
184,Ministry of Power,Electricity Generation,Vishnugad Pipalkoti Hydro Electric Project [444 MW],THDC India Limited,602195,N18000042,157,Uttarakhand,08/2008,01/2014,12/2022,09/2027,3860.35,6405.08,5429.35,80.0,April 2026,63
185,Ministry of Power,Electricity Generation,"Raghunathpur Thermal Power Station Phase II [2X660 MW] at Raghunathpur, Purulia, West Bengal",Damodar Valley Corporation,400062,-,4195,West Bengal,01/2023,02/2025,06/2029,-,17673.0,17673.0,1950.25,9.4,April 2026,63
186,Ministry of Power,Electricity Generation,Rammam-III HEPP [3x40 MW],National Thermal Power Corporation [NTPC],602184,N18000178,1453,West Bengal,09/2014,09/2014,09/2019,03/2029,1381.84,2865.56,1568.56,55.06,April 2026,63
187,Ministry of Power,Electricity Generation,Installation of FGD for 4x210 & 2x250 MW MTPS U 1-6,Damodar Valley Corporation,602538,-,2463,West Bengal,06/2019,02/2021,01/2024,05/2026,1037.0,1106.0,1133.78,96.0,April 2026,63
188,Ministry of Power,Transmission & Distribution,Transmission Scheme for Solar Energy Zone in Ananthpuram 2500MW and Kurnool 1000MW,Power Grid Corporation of India Limited [POWERGRID],611967,N18000380,5451,Andhra Pradesh,09/2023,09/2023,09/2025,05/2026,823.0,823.0,798.31,98.34,April 2026,63
189,Ministry of Power,Transmission & Distribution,Transmission system strengthening at Kurnool- III PS for integration of additional RE generation projects [POWERGRID Kurnool III PS RE Transmission Limited],Power Grid Corporation of India Limited [POWERGRID],617183,N18000416,7488,Andhra Pradesh,03/2025,03/2025,12/2027,-,2886.0,2886.0,721.48,26.19,April 2026,63
190,Ministry of Power,Transmission & Distribution,North Eastern Region Expansion Scheme-XXIII [NERES-XXIII],Power Grid Corporation of India Limited [POWERGRID],617375,-,-,Arunachal Pradesh,08/2025,08/2025,02/2028,-,209.38,209.38,3.14,1.5,April 2026,63
191,Ministry of Power,Transmission & Distribution,Transmission system for evacuation of Power from REZ in Rajasthan [20 GW] under phase-III Part-D Phase-II,Power Grid Corporation of India Limited [POWERGRID],615336,-,11862,Delhi,11/2023,10/2024,02/2026,12/2026,284.0,284.0,22.72,7.75,April 2026,63
192,Ministry of Power,Transmission & Distribution,Transmission system for Evacuation of Additional 7 GW RE power from Khavda RE park under Phase-III Part B [Vataman Transmission Limited],Power Grid Corporation of India Limited [POWERGRID],612139,N18000384,5494,Gujarat,12/2023,12/2023,12/2025,12/2026,4231.0,4231.0,2538.6,62.0,April 2026,63
193,Ministry of Power,Transmission & Distribution,Transmission System for Evacuation of Power from Potential Energy Renewable Zone in Khavda Area of Gujarat under Ph-IV [7GW] Part E2,Power Grid Corporation of India Limited [POWERGRID],612855,N18000390,5537,Gujarat,05/2024,05/2024,05/2026,06/2026,697.0,697.0,369.41,56.0,April 2026,63
194,Ministry of Power,Transmission & Distribution,Augmentation of Transformation Capacity at jam Khambhaliya PS [GIS] [SPV Name POWERGRID Jam Khambhaliya Transmission Limited],Power Grid Corporation of India Limited [POWERGRID],615342,N18000398,-,Gujarat,10/2024,10/2024,07/2026,04/2027,329.0,329.0,36.19,13.5,April 2026,64
195,Ministry of Power,Transmission & Distribution,Provision of Dynamic Reactive Compensation at Khavda pooling Station 1 [KPS1] and Khavda Pooling station 3 [KPS3],Power Grid Corporation of India Limited [POWERGRID],615343,N18000402,6259,Gujarat,11/2024,11/2024,11/2026,-,501.0,501.0,25.05,6.0,April 2026,64
196,Ministry of Power,Transmission & Distribution,Transmission System for Evacuation of Power from Potential Renewable Energy Zone in Khavda area of Gujarat under Phase-IV [7GW] Part B [SPV Name POWERGRID South Olpad Transmission Limited],Power Grid Corporation of India Limited [POWERGRID],615345,N18000400,6261,Gujarat,10/2024,10/2024,10/2026,10/2027,4766.0,4766.0,1239.16,27.59,April 2026,64
197,Ministry of Power,Transmission & Distribution,Augmentation of Transformation Capacity at KPS1 [GIS] and KPS2 [GIS] [Phase-V Part B1 and Part B2 Scheme] [SPV Name- POWERGRID KPS1 and 2 Augmentation Transmission Limited],Power Grid Corporation of India Limited [POWERGRID],617069,N18000411,-,Gujarat,02/2025,02/2025,02/2027,-,466.0,466.0,93.2,22.5,April 2026,64
198,Ministry of Power,Transmission & Distribution,Augmentation of Banaskantha [Raghanesda] PS [GIS] [POWERGRID Banaskantha Transco Limited],Power Grid Corporation of India Limited [POWERGRID],617182,N18000412,-,Gujarat,03/2025,03/2025,03/2027,-,172.0,172.0,58.48,36.0,April 2026,64
199,Ministry of Power,Transmission & Distribution,Augmentation of Transformation Capacity at Bhuj-II PS [GIS],Power Grid Corporation of India Limited [POWERGRID],617391,-,-,Gujarat,02/2025,02/2025,11/2026,06/2027,488.29,488.29,5.86,1.5,April 2026,64
200,Ministry of Power,Transmission & Distribution,Jamnagar Transmission Limited,Adani Transmission Limited,617405,-,9765,Gujarat,NA,10/2024,10/2026,-,4000.0,4000.0,537.0,18.0,April 2026,64
201,Ministry of Power,Transmission & Distribution,Provision of ICT Augmentation & Bus Reactor at Bhuj-II PS,Power Grid Corporation of India Limited [POWERGRID],617801,-,9955,Gujarat,03/2025,03/2025,12/2026,06/2027,581.74,581.74,7.08,1.5,April 2026,64
202,Ministry of Power,Transmission & Distribution,KPSIII HVDC Transmission Limited,Adani Transmission Limited,619026,-,11610,Gujarat,NA,12/2025,12/2029,-,19000.0,19000.0,20.0,1.0,April 2026,64
203,Ministry of Power,Transmission & Distribution,Transmission System for Reliable Power Supply to Dholera,Power Grid Corporation of India Limited [POWERGRID],619029,-,-,Gujarat,09/2024,09/2024,03/2026,12/2026,319.42,319.42,51.1,18.0,April 2026,64
204,Ministry of Power,Transmission & Distribution,Khavda IVA Power Transmission Limited,Adani Transmission Limited,619049,-,12526,Gujarat,08/2024,08/2024,08/2026,-,4500.0,4500.0,2263.7,58.0,April 2026,64
205,Ministry of Power,Transmission & Distribution,Transmission Scheme for evacuation of Power from Ratle HEP [850 MW] & kiru [624 MW] Part B,Power Grid Corporation of India Limited [POWERGRID],617179,N18000417,-,Jammu and Kashmir,07/2024,07/2024,07/2026,06/2027,218.6,218.6,3.72,1.7,April 2026,64
206,Ministry of Power,Transmission & Distribution,Implementation of Transmission Systems in the State of Jharkhand consisting of 400/220/132/33 kV transmission lines and substations under Jharkhand Consultancy Project,Power Grid Corporation of India Limited [POWERGRID],617326,-,9893,Jharkhand,02/2012,02/2012,03/2026,08/2026,1842.25,1842.25,1648.05,96.0,April 2026,64
207,Ministry of Power,Transmission & Distribution,Transmission Scheme for Integration of Renewable Energy Zone [Phase II] in Koppal II [Phase A&B] and gadag II[Phase A] in Karnataka [POWERGRID KOPPAL GADAG TRANSMISSION LIMITED],Power Grid Corporation of India Limited [POWERGRID],612140,N18000385,5495,Karnataka,12/2023,12/2023,12/2025,09/2026,4445.0,4445.0,3733.8,86.0,April 2026,64
208,Ministry of Power,Transmission & Distribution,System Strengthening at Koppal-II and GadagII for integration of RE generation projects [SPV Name POWERGRID Koppal Gadag Augmentation Transmission Limited],Power Grid Corporation of India Limited [POWERGRID],616672,N18000409,7054,Karnataka,01/2025,01/2025,06/2027,-,1354.0,1354.0,270.8,22.5,April 2026,64
209,Ministry of Power,Transmission & Distribution,"Augmentation of Transformation Capacity by 3x500 MVA, 400/220 KV ICTS [6th-8th] and 1x1500 MVA, 765/400 KV ICT [4th] at Bidar PS [SPV Name- POWERGRID Bidar Augmentation Transmission Limited]",Power Grid Corporation of India Limited [POWERGRID],617068,N18000410,-,Karnataka,02/2025,02/2025,06/2027,-,288.0,288.0,20.16,7.2,April 2026,64
210,Ministry of Power,Transmission & Distribution,Transmission Scheme for integration of Davanagere/ Chitradurga and Bellary REZ in Karnataka [POWERGRID Chitradurga Bellary REZ Transmission Limited],Power Grid Corporation of India Limited [POWERGRID],617184,N18000419,7489,Karnataka,03/2025,03/2025,09/2027,-,3453.0,3453.0,414.36,13.41,April 2026,64
211,Ministry of Power,Transmission & Distribution,Transmission System Strengthening at Davanagere for Integration of RE Generation [SPV Name - POWERGRID Davanagere Power Transmission Limited],Power Grid Corporation of India Limited [POWERGRID],617803,-,-,Karnataka,09/2025,09/2025,09/2027,-,379.0,379.0,17.06,2.5,April 2026,64
212,Ministry of Power,Transmission & Distribution,Transmission System Strengthening for integration of additional RE Potential at Davanagere [0.25 GW] and Bellary [2.75 GW],Power Grid Corporation of India Limited [POWERGRID],619228,-,11953,Karnataka,02/2026,02/2026,02/2028,-,1111.0,1111.0,5.5,1.0,April 2026,64
213,Ministry of Power,Transmission & Distribution,Augmentation of 1x500 MVA 400/220kV ICT [3rd] at Thrissur VSC HVDC Station in Kerala,Power Grid Corporation of India Limited [POWERGRID],619028,-,-,Kerala,08/2025,08/2025,08/2027,-,173.14,173.14,2.08,1.5,April 2026,65
214,Ministry of Power,Transmission & Distribution,Transmission System for Evacuation of Power from Rajasthan REZ Ph-IV [Part-2 5.5GW] [Jaisalmer/Barmer Complex] Part H1 [POWERGRID KURAWAR TRANSMISSION LIMITED],Power Grid Corporation of India Limited [POWERGRID],615344,N18000399,6260,Madhya Pradesh,10/2024,10/2024,10/2026,06/2027,3674.0,3674.0,1396.12,39.24,April 2026,65
215,Ministry of Power,Transmission & Distribution,Transmission System for Evacuation of Power from Rajasthan REZ Ph-IV [Part-2 5.5 GW] [Jaisalmer/Barmer Complex] Part C [SPV Name POWERGRID Mandsaur Transmission Limited],Power Grid Corporation of India Limited [POWERGRID],615346,N18000392,6262,Madhya Pradesh,08/2024,08/2024,08/2026,02/2027,2708.0,2708.0,1489.4,57.8,April 2026,65
216,Ministry of Power,Transmission & Distribution,Implementation of LILO of both circuits of 400KV vindhyachal PS-Sasan D/C Line at Hindalco Switchyard,Power Grid Corporation of India Limited [POWERGRID],617272,N18000420,-,Madhya Pradesh,06/2024,06/2024,12/2026,-,370.0,370.0,114.7,35.03,April 2026,65
217,Ministry of Power,Transmission & Distribution,Transmission System for evacuation of power from Mahan Energen Limited Generating Station in Madhya Pradesh [SPV Name - POWERGRID MEL Power Transmission Limited],Power Grid Corporation of India Limited [POWERGRID],617279,-,7643,Madhya Pradesh,06/2025,06/2025,12/2027,-,558.0,558.0,50.22,9.75,April 2026,65
218,Ministry of Power,Transmission & Distribution,Augmentation of Transformation Capacity and Implementation of Line Bays at Mandsaur S/S for RE Interconnection [SPV Name- POWERGRID Mandsaur I RE Transmission Limited],Power Grid Corporation of India Limited [POWERGRID],617802,-,-,Madhya Pradesh,10/2025,10/2025,03/2028,-,319.0,319.0,12.76,2.5,April 2026,65
219,Ministry of Power,Transmission & Distribution,Mahan Transmission Limited,Adani Transmission Limited,619024,-,11556,Madhya Pradesh,03/2025,03/2025,04/2027,-,3125.32,3125.32,286.79,17.0,April 2026,65
220,Ministry of Power,Transmission & Distribution,Transmission System for Evacuation of power from Potential RE Zone in Khavda Area of Gujarat under phase IV 7GW-Part E4,Power Grid Corporation of India Limited [POWERGRID],611966,N18000377,-,Maharashtra,11/2023,11/2023,07/2025,04/2026,224.41,224.41,206.45,94.8,April 2026,65
221,Ministry of Power,Transmission & Distribution,WRNES Talegaon Power Transmission Limited,Adani Transmission Limited,619027,-,11611,Maharashtra,NA,05/2025,01/2028,-,2000.0,2000.0,36.0,5.0,April 2026,65
222,Ministry of Power,Transmission & Distribution,Network Expansion Scheme in Maharashtra for removal of Transmission constraints in Pune Region-I [765/400kV AIS Pune East],Power Grid Corporation of India Limited [POWERGRID],619227,-,11952,Maharashtra,03/2026,03/2026,03/2028,-,1420.0,1420.0,2.84,0.5,April 2026,65
223,Ministry of Power,Transmission & Distribution,Transmission System for Integration of Kurnool-IV REZ Phase-I [for 4.5 GW] [POWERGRID Kurnool-IV Transmission Limited],Power Grid Corporation of India Limited [POWERGRID],617185,N18000413,7490,"Multi-States (Andhra Pradesh, Karnataka)",03/2025,03/2025,03/2027,09/2027,5550.0,5550.0,943.5,17.86,April 2026,65
224,Ministry of Power,Transmission & Distribution,Transmission System for Integration of Ananthapur 2 REZ Phase 1 for 4.5 GW. SPV Name Anantapuram 2 REZ Transmission Ltd,Sterlite Power,617806,-,9970,"Multi-States (Andhra Pradesh, Karnataka)",08/2024,03/2025,03/2027,-,4535.99,4535.99,677.57,40.0,April 2026,65
225,Ministry of Power,Transmission & Distribution,Inter-Regional Strengthening between SR Grid and ER Grid,Power Grid Corporation of India Limited [POWERGRID],619030,-,11590,"Multi-States (Andhra Pradesh, Odisha)",02/2026,02/2026,08/2028,-,2722.5,2722.5,13.4,1.0,April 2026,65
226,Ministry of Power,Transmission & Distribution,Transmission System for Kurnool Wind Energy Zone/ Solar Energy Zone Part-A and Part-B,Power Grid Corporation of India Limited [POWERGRID],900808,N18000352,5224,"Multi-States (Andhra Pradesh, Telangana)",11/2022,03/2023,11/2024,05/2026,3546.94,3546.94,3532.75,99.69,April 2026,65
227,Ministry of Power,Transmission & Distribution,Comprehensive Scheme for Strengthening of Transmission and Distribution [T&D] Systems [CSST&DS] in Arunachal Pradesh and Sikkim,Power Grid Corporation of India Limited [POWERGRID],602223,N18000249,1648,"Multi-States (Arunachal Pradesh, Sikkim)",10/2014,10/2014,12/2018,03/2027,4754.42,9129.32,8069.4,83.4,April 2026,65
228,Ministry of Power,Transmission & Distribution,NORTH EASTERN REGION POWER SYSTEM IMPROVEMENT PROJECT [NERPSIP],Power Grid Corporation of India Limited [POWERGRID],607709,N18000250,1625,"Multi-States (Assam, Manipur, Meghalaya, Mizoram, Nagaland, Tripura)",12/2014,03/2016,12/2018,03/2027,5111.33,6700.0,5577.75,98.5,April 2026,65
229,Ministry of Power,Transmission & Distribution,Eastern Region Expansion Scheme-43 [ERES-43],Power Grid Corporation of India Limited [POWERGRID],617271,N18000421,-,"Multi-States (Bihar, Odisha, West Bengal)",09/2024,09/2024,03/2026,09/2026,342.69,342.69,102.8,29.73,April 2026,65
230,Ministry of Power,Transmission & Distribution,Inter-regional [NR-WR] Transmission System strengthening to relieve the loading of 765 kV Vindhyachal-Varanasi D/c line,Power Grid Corporation of India Limited [POWERGRID],617807,-,10787,"Multi-States (Bihar, Uttar Pradesh)",10/2025,10/2025,10/2027,-,2368.0,2368.0,35.52,2.0,April 2026,65
231,Ministry of Power,Transmission & Distribution,Eastern Region Expansion Scheme-44 [ERES-44],Power Grid Corporation of India Limited [POWERGRID],617270,N18000422,-,"Multi-States (Bihar, West Bengal)",11/2024,11/2024,05/2026,06/2027,408.94,408.94,6.13,1.5,April 2026,65
232,Ministry of Power,Transmission & Distribution,Transmission Network Expansion in Gujarat to increase its ATC from ISTS Part B,Power Grid Corporation of India Limited [POWERGRID],400005,N18000337,4690,"Multi-States (Dadra & Nagar Haveli and Daman & Diu, Gujarat, Maharashtra)",01/2022,07/2022,06/2023,05/2026,4546.26,4546.26,4528.07,99.9,April 2026,66
233,Ministry of Power,Transmission & Distribution,Transmission system for evacuation of power from REZ in Rajasthan 20GW under Phase-III Part J,Power Grid Corporation of India Limited [POWERGRID],611735,N18000378,-,"Multi-States (Delhi, Rajasthan)",12/2022,12/2022,03/2025,12/2026,331.0,331.0,197.71,56.75,April 2026,66
234,Ministry of Power,Transmission & Distribution,Transmission Scheme for Evacuation of power from REZ in Rajasthan [20 GW] under Phase-III Part D Phase I [Sikar Khetri Transmission Ltd],Power Grid Corporation of India Limited [POWERGRID],612132,N18000389,5489,"Multi-States (Delhi, Rajasthan)",02/2024,02/2024,08/2025,09/2026,2423.0,2423.0,2035.32,85.45,April 2026,66
235,Ministry of Power,Transmission & Distribution,TRANSMISSION SYSTEM FOR EVACUATION OF POWER FROM POTENTIAL RENEWABLE ENERGY ZONE IN KHAVDA AREA OF GUJARAT UNDER PHASE-V [8 GW] PART A [SPV Name POWERGRID West Central Transmission Limited],Power Grid Corporation of India Limited [POWERGRID],615347,N18000405,6263,"Multi-States (Gujarat, Maharashtra)",11/2024,11/2024,05/2029,-,24819.0,24819.0,2481.9,9.67,April 2026,66
236,Ministry of Power,Transmission & Distribution,Transmission system for evacuation of power from Rajasthan REZ Ph-IV [Part- 3/6GW] [Bikaner complex] Part A [SPV Name POWERGRID Bikaner IV Transmission Limited],Power Grid Corporation of India Limited [POWERGRID],615339,N18000403,6257,"Multi-States (Haryana, Punjab, Rajasthan)",11/2024,11/2024,11/2026,04/2027,5969.0,5969.0,1313.18,24.07,April 2026,66
237,Ministry of Power,Transmission & Distribution,TRANSMISSION SYSTEM FOR EVACUATION OF POWER FROM RAJASTHAN REZ PH-IV [PART-3/ 6 GW] [BIKANER COMPLEX] PART B [SPV Name POWERGRID Siwani Transmission Limited],Power Grid Corporation of India Limited [POWERGRID],615340,N18000404,6258,"Multi-States (Haryana, Rajasthan)",11/2024,11/2024,11/2026,06/2027,5357.0,5357.0,1446.39,28.27,April 2026,66
238,Ministry of Power,Transmission & Distribution,Inter-Regional Strengthening between SR Grid and WR Grid,Power Grid Corporation of India Limited [POWERGRID],617808,-,10788,"Multi-States (Karnataka, Maharashtra)",10/2025,10/2025,10/2027,-,1007.0,1007.0,20.14,2.5,April 2026,66
239,Ministry of Power,Transmission & Distribution,"Transmission Scheme for Solar Energy Zone in Bidar [2500 MW], Karnataka [Bidar Transmission Ltd]",Power Grid Corporation of India Limited [POWERGRID],612138,N18000388,5500,"Multi-States (Karnataka, Telangana)",02/2024,02/2024,02/2026,06/2026,1368.0,1368.0,1190.16,89.46,April 2026,66
240,Ministry of Power,Transmission & Distribution,Transmission System for Evacuation of Power from Rajasthan REZ Ph-IV [Part-2 5.5 GW] [Jaisalmer/Barmer Complex] Part D [SPV Name POWERGRID Beawar Mandsaur Transmission Limited],Power Grid Corporation of India Limited [POWERGRID],615333,N18000393,6252,"Multi-States (Madhya Pradesh, Rajasthan)",08/2024,08/2024,08/2026,12/2026,2227.0,2227.0,979.88,38.74,April 2026,66
241,Ministry of Power,Transmission & Distribution,Transmission System for Evacuation of Power from Rajasthan REZ Ph-IV [Part-2 5.5 GW] [Jaisalmer/Barmer Complex] Part E [SPV Name POWERGRID Mewar Transmission Limited],Power Grid Corporation of India Limited [POWERGRID],615334,N18000394,6253,"Multi-States (Madhya Pradesh, Rajasthan)",08/2024,08/2024,08/2026,04/2027,3251.0,3251.0,1592.99,39.4,April 2026,66
242,Ministry of Power,Transmission & Distribution,Rajasthan REZ Ph-V [Part-1- 4 GW] [Sirohi/Nagaur] Complex [Rajasthan V Power Transmission Limited],Power Grid Corporation of India Limited [POWERGRID],617186,N18000414,7491,"Multi-States (Madhya Pradesh, Rajasthan)",03/2025,03/2025,03/2027,06/2027,5028.0,5028.0,1054.2,24.07,April 2026,66
243,Ministry of Power,Transmission & Distribution,RAJASTHAN PART I POWER TRANSMISSION LIMITED,Adani Transmission Limited,619025,-,11607,"Multi-States (Madhya Pradesh, Rajasthan, Uttar Pradesh)",01/2025,01/2025,07/2029,-,25000.0,25000.0,230.05,2.0,April 2026,66
244,Ministry of Power,Transmission & Distribution,Transmission System for Evacuation of power from Rajasthan REZ Ph-IV [Part-1] [Bikaner Complex] Part D [Neemrana Bareilly Transmission Ltd],Power Grid Corporation of India Limited [POWERGRID],612133,N18000387,5490,"Multi-States (Rajasthan, Uttar Pradesh)",12/2023,12/2023,12/2025,12/2026,3271.0,3271.0,2731.28,72.16,April 2026,66
245,Ministry of Power,Transmission & Distribution,Transmission System for evacuation of Power from Rajasthan REZ Ph-IV [Part-4 3.5 GW] Part A [SPV name POWERGRID Ghiror Transmission Limited],Power Grid Corporation of India Limited [POWERGRID],616670,N18000407,7052,"Multi-States (Rajasthan, Uttar Pradesh)",12/2024,12/2024,12/2026,06/2027,5846.0,5846.0,1636.88,31.37,April 2026,66
246,Ministry of Power,Transmission & Distribution,Transmission System for Evacuation of Power from REZ in Rajasthan 20GW under Phase III- Part E2,Power Grid Corporation of India Limited [POWERGRID],611947,N18000379,-,Rajasthan,11/2023,11/2023,06/2025,06/2026,428.3,428.3,415.45,98.4,April 2026,66
247,Ministry of Power,Transmission & Distribution,Transmission system for evacuation of power from REZ in Rajasthan 20 GW under Phase-III part H,Power Grid Corporation of India Limited [POWERGRID],611948,N18000374,5434,Rajasthan,10/2023,10/2023,04/2025,06/2026,1910.0,1910.0,1851.81,98.33,April 2026,66
248,Ministry of Power,Transmission & Distribution,Transmission system for evacuation of power from REZ in Rajasthan 20 GW under Phase-III part C1,Power Grid Corporation of India Limited [POWERGRID],611949,N18000375,5435,Rajasthan,10/2023,10/2023,04/2025,05/2026,1160.0,1160.0,1136.8,99.0,April 2026,66
249,Ministry of Power,Transmission & Distribution,Transmission System for Evacuation of power from Rajasthan REZ Ph-IV [Part-1] [Bikaner Complex] Part A [Bikaner Neemrana Transmission Ltd],Power Grid Corporation of India Limited [POWERGRID],612134,N18000386,5491,Rajasthan,12/2023,12/2023,12/2025,12/2026,4741.0,4741.0,3650.57,72.22,April 2026,66
250,Ministry of Power,Transmission & Distribution,Transmission System for Evacuation of Power from Rajasthan REZ Ph-IV [Part-2 5.5 GW][Jaisalmer/Barmer Complex] Part B [SPV Name POWERGRID Sirohi Transmission Limited],Power Grid Corporation of India Limited [POWERGRID],615332,N18000391,6251,Rajasthan,08/2024,08/2024,08/2026,03/2027,3279.0,3279.0,1508.34,47.13,April 2026,67
251,Ministry of Power,Transmission & Distribution,Transmission System Strengthening for Interconnections of Bhadla-III & Bikaner III Complex [SPV Name POWERGRID BHADLA BIKANER TRANSMISSION LIMITED],Power Grid Corporation of India Limited [POWERGRID],615335,N18000397,6254,Rajasthan,08/2024,08/2024,08/2026,03/2027,1382.0,1382.0,552.8,42.0,April 2026,67
252,Ministry of Power,Transmission & Distribution,Additional Transmission System for evacuation of Power from Bhadla-III PS as part of Rajasthan REZ Phase III Scheme [20 GW] [SPV Name POWERGRID Bhadla-III Power Transmission Limited],Power Grid Corporation of India Limited [POWERGRID],615337,N18000396,-,Rajasthan,08/2024,08/2024,02/2026,09/2026,369.0,369.0,210.33,63.85,April 2026,67
253,Ministry of Power,Transmission & Distribution,TRANSMISSION SYSTEM FOR EVACUATION OF POWER FROM RAJASTHAN REZ PH -IV [PART-2 5.5 GW] [JAISALMER/BARMER COMPLEX] PART F [SPV Name POWERGRID BARMER I TRANSMISSION LIMITED],Power Grid Corporation of India Limited [POWERGRID],615338,N18000401,6256,Rajasthan,11/2024,11/2024,11/2026,06/2027,2735.0,2735.0,875.2,31.48,April 2026,67
254,Ministry of Power,Transmission & Distribution,"Augmentation at Fatehgarh-II PS, Fatehgarh-IV PS [Section-II] and Barmer-I PS [POWERGRID Fatehgarh Barmer Augmentation Transmission Limited]",Power Grid Corporation of India Limited [POWERGRID],617181,N18000415,-,Rajasthan,03/2025,03/2025,12/2026,06/2027,404.0,404.0,28.28,9.8,April 2026,67
255,Ministry of Power,Transmission & Distribution,Transmission System under ISTS for evacuation of Power from Kudankulam Unit-3&4 [2x1000 MW] [SPV Name POWERGRID Kudankulam Tarnsmission Limited],Power Grid Corporation of India Limited [POWERGRID],616671,N18000408,7053,Tamil Nadu,01/2025,01/2025,12/2026,03/2027,548.0,548.0,120.56,18.72,April 2026,67
256,Ministry of Power,Transmission & Distribution,Transmission System for Strengthening to facilitate evacuation of power from Bhadla/Bikaner Complex,Power Grid Corporation of India Limited [POWERGRID],617269,N18000423,-,Uttar Pradesh,12/2024,12/2024,06/2026,08/2026,212.81,212.81,6.38,3.0,April 2026,67
257,Ministry of Housing & Urban Affairs,Construction,"Construction of One Tower of Office Complex and another Tower of Residential quarters consisting of 10Nos. Type-V, 10Nos. Type-VI & 1No.Type-VII Quarters i/c internal water supply, sanitary installation and all development and bulk services, Horticulture works on EPC Mode-I basis i/c comprehensive operation and maintenance of Civil, E&M services for 7 years after completion of original construction work for Ranga Reddy, Secunderabad, Medchal, AuditI, Audit-II Commissionerates of Central Tax at Khajaguda, Serilingampally, Hyderabad.",Central Public Works Department - CPWD,617412,-,9743,Telangana,03/2024,11/2024,09/2027,-,644.0,644.0,161.57,21.0,April 2026,67
258,Ministry of Housing & Urban Affairs,Real Estate,"Integrated Command control Center [ICCC] - Construction and Development of Integrated Command Control Center with Security, Surveillance, ITMS, Connecting Port, Ship Service, Smart Solid Waste Management, Smart Public Transport System",ministry of housing and urban affairs,707229,-,-,Andaman & Nicobar,07/2021,11/2021,05/2023,-,209.88,209.88,0.0,70.0,April 2026,67
259,Ministry of Housing & Urban Affairs,Real Estate,Redevelopment of Seven General Pool Residential Accommodation [GPRA] Colonies in Delhi,National Buildings Construction Corporation [NBCC],400188,-,2914,Delhi,07/2016,05/2018,12/2025,12/2025,32850.0,32841.0,13885.72,46.8,April 2026,67
260,Ministry of Housing & Urban Affairs,Real Estate,Rehablitation in Junavadaj Area Smart City Project,ministry of housing and urban affairs,701719,-,-,Gujarat,02/2016,06/2016,07/2022,05/2026,539.0,539.0,599.76,98.5,April 2026,67
261,Ministry of Housing & Urban Affairs,Real Estate,Green Building Development Project,ministry of housing and urban affairs,701766,-,-,Uttarakhand,11/2019,08/2019,11/2023,12/2026,150.97,206.0,54.01,40.0,April 2026,67
262,Ministry of Housing & Urban Affairs,Urban Public Transport,Patna Metro Rail Project,Patna Metro Rail Corporation Ltd. [PMRCL],702627,N28000148,3114,Bihar,02/2019,02/2019,02/2024,06/2027,13365.77,13365.8,5197.09,50.0,April 2026,67
263,Ministry of Housing & Urban Affairs,Urban Public Transport,Delhi Metro Rail Phase-IV [2 Corridors],Delhi Metro Rail Corporation Limited [DMRC],617207,-,7531,Delhi,03/2024,03/2024,03/2029,-,8399.81,8399.81,94.53,3.64,April 2026,67
264,Ministry of Housing & Urban Affairs,Urban Public Transport,Delhi Metro Rail Phase V A,Delhi Metro Rail Corporation Limited [DMRC],619031,-,11591,Delhi,01/2026,01/2026,12/2028,-,12014.91,12014.9,17.4,5.34,April 2026,67
265,Ministry of Housing & Urban Affairs,Urban Public Transport,DMRTS Phase - IV [3 Priority Corridors],Delhi Metro Rail Corporation Limited [DMRC],702632,N28000135,3115,Delhi,07/2019,07/2019,03/2025,12/2026,24948.65,24948.7,20350.75,80.56,April 2026,67
266,Ministry of Housing & Urban Affairs,Urban Public Transport,Surat Metro Rail Project,Gujarat Metro Rail Corporation Limited [GMRCL],702630,N28000138,3141,Gujarat,03/2019,04/2019,03/2024,06/2026,12020.32,12020.3,8929.65,79.5,April 2026,68
267,Ministry of Housing & Urban Affairs,Urban Public Transport,Ahmedabad Metro Rail Project [Phase-I],Gujarat Metro Rail Corporation Limited [GMRCL],702639,N28000122,1749,Gujarat,11/2014,02/2015,03/2018,05/2026,10773.0,12924.5,12520.65,99.99,April 2026,68
268,Ministry of Housing & Urban Affairs,Urban Public Transport,"Metro connectivity from Millennium City Centre to Cyber City with Spur to Dwarka Expressway, Gurugram.",Gurugram Metro Rail Limited [GMRL],619022,-,11535,Haryana,07/2023,08/2024,07/2027,-,5452.72,5452.72,92.12,0.0,April 2026,68
269,Ministry of Housing & Urban Affairs,Urban Public Transport,Bangalore Metro Rail Project - PHASE-3,Bengaluru Metro Rail,612878,-,-,Karnataka,NA,06/2026,05/2031,-,15611.0,15611.0,0.0,0.0,April 2026,68
270,Ministry of Housing & Urban Affairs,Urban Public Transport,Construction of Bangalore Metro Rail Project Phase 2.,Bengaluru Metro Rail,702635,N28000058,2472,Karnataka,02/2014,02/2016,03/2021,09/2026,26405.14,30695.1,29802.97,95.5,April 2026,68
271,Ministry of Housing & Urban Affairs,Urban Public Transport,Construction Bangalore Metro Rail Project Phase-2A & 2B,Bengaluru Metro Rail,702665,N28000151,2476,Karnataka,06/2021,01/2019,06/2026,06/2026,14788.1,14788.1,10276.44,65.0,April 2026,68
272,Ministry of Housing & Urban Affairs,Urban Public Transport,Kochi Metro Rail Phase 2 Development Project,CSPCC Projects,702664,N28000158,4736,Kerala,11/2022,11/2022,11/2026,11/2026,1957.05,1957.05,746.33,36.17,April 2026,68
273,Ministry of Housing & Urban Affairs,Urban Public Transport,Bhopal Metro Rail Project,Madhya Pradesh Metro Rail Co Limited [MPMRCL],702625,N28000124,3137,Madhya Pradesh,11/2018,11/2018,11/2022,06/2028,6941.4,6941.4,4259.25,59.94,April 2026,68
274,Ministry of Housing & Urban Affairs,Urban Public Transport,Indore Metro Rail Project,Madhya Pradesh Metro Rail Co Limited [MPMRCL],702626,N28000125,3138,Madhya Pradesh,11/2018,11/2018,11/2022,12/2028,7500.8,7500.8,4923.05,64.15,April 2026,68
275,Ministry of Housing & Urban Affairs,Urban Public Transport,PCMC To Nigdi- Extension Of North South Corridor Of Phase-1,Maharashtra Metro Rail Corporation Limited [MMRCL],617225,N28000157,7570,Maharashtra,10/2023,10/2023,01/2027,-,910.18,960.18,269.74,41.58,April 2026,68
276,Ministry of Housing & Urban Affairs,Urban Public Transport,Pune Metro Phase-1 Extension line towards south from Swargate to Katraj,Maharashtra Metro Rail Corporation Limited [MMRCL],617226,N28000160,7627,Maharashtra,09/2024,09/2024,03/2029,-,2954.53,2954.53,46.13,5.2,April 2026,68
277,Ministry of Housing & Urban Affairs,Urban Public Transport,Thane Integral Ring Metro Rail Project,Maharashtra Metro Rail Corporation Limited [MMRCL],617327,-,7735,Maharashtra,09/2024,09/2024,09/2029,-,12200.1,12200.1,81.63,8.25,April 2026,68
278,Ministry of Housing & Urban Affairs,Urban Public Transport,Pune Metro Rail Project Phase-2 Corridor 2A Vanaz to Chandani Chowk and Corridor 2B Ramwadi to Wagholi/Vitthalwadi,Maharashtra Metro Rail Corporation Limited [MMRCL],618971,-,10784,Maharashtra,07/2025,07/2025,07/2029,-,3626.24,3626.24,2.65,1.38,April 2026,68
279,Ministry of Housing & Urban Affairs,Urban Public Transport,Pune Metro Rail Project Phase-2 Line-4 Kharadi to Khadakwasla with Spur Line 4A Nal Stop - Warje - Manikbaug,Maharashtra Metro Rail Corporation Limited [MMRCL],618985,-,10785,Maharashtra,12/2025,12/2025,12/2030,-,9857.85,9857.85,3.94,0.48,April 2026,68
280,Ministry of Housing & Urban Affairs,Urban Public Transport,New Suburba Station Development Project,ministry of housing and urban affairs,701745,-,-,Maharashtra,04/2018,03/2019,07/2022,-,262.76,262.76,17.62,6.0,April 2026,68
281,Ministry of Housing & Urban Affairs,Urban Public Transport,Kalyan Station Precinct Imporvement Project,ministry of housing and urban affairs,701991,-,-,Maharashtra,04/2018,07/2020,07/2023,06/2026,600.0,723.7,492.82,82.0,April 2026,68
282,Ministry of Housing & Urban Affairs,Urban Public Transport,Mumbai Metro Line 3,Mumbai Metro Rail Corporation Limited [MMRC],702637,N28000086,1384,Maharashtra,07/2013,06/2016,03/2023,08/2025,23136.0,37276.0,33526.69,97.79,April 2026,68
283,Ministry of Housing & Urban Affairs,Urban Public Transport,Nagpur Metro Rail Phase II Development Project,Maharashtra Metro Rail Corporation Limited [MMRCL],702658,N28000155,5205,Maharashtra,12/2022,12/2022,12/2027,-,6708.0,6708.0,1912.03,38.0,April 2026,68
284,Ministry of Housing & Urban Affairs,Urban Public Transport,Delhi Metro Rail Phase-IV [Rithala - Kundli Corridor],Delhi Metro Rail Corporation Limited [DMRC],617206,-,7530,"Multi-States (Delhi, Haryana)",01/2025,01/2025,01/2029,-,6230.99,6230.99,72.98,0.0,April 2026,68
285,Ministry of Housing & Urban Affairs,Urban Public Transport,Chennai Metro Rail Phase-II Development Project,Chennai Metro Rail Limited [CMRL],702668,-,4262,Tamil Nadu,10/2024,11/2020,08/2029,-,63246.0,63246.0,33129.33,52.55,April 2026,68
286,Ministry of Housing & Urban Affairs,Urban Public Transport,LUCKNOW METRO RAIL PROJECT PHASE-1B EAST WEST CORRIDOR,Uttar Pradesh metro rail corporation [UPMRC],619052,-,11609,Uttar Pradesh,09/2025,05/2026,04/2031,-,5801.05,5801.05,0.0,1.0,April 2026,68
287,Ministry of Housing & Urban Affairs,Urban Public Transport,Kanpur Metro Rail Project,Uttar Pradesh metro rail corporation [UPMRC],702628,N28000144,3116,Uttar Pradesh,05/2019,11/2019,05/2024,03/2027,11076.48,11076.5,9101.15,80.9,April 2026,68
288,Ministry of Housing & Urban Affairs,Urban Public Transport,Agra Metro Rail Project,Uttar Pradesh metro rail corporation [UPMRC],702629,N28000145,3117,Uttar Pradesh,05/2019,12/2020,05/2024,06/2027,8379.62,8379.62,6071.78,69.5,April 2026,69
289,Ministry of Housing & Urban Affairs,Waste & Water,"ESR - 8 nos., distribution system - 216 Km, new house service connections - 38760 nos. upgrading of feeder mains, pumping station etc. - Phase II",Ministry of Housing & Urban Affairs,702674,-,-,Andhra Pradesh,02/2017,07/2018,03/2023,06/2026,172.22,172.22,88.86,82.0,April 2026,69
290,Ministry of Housing & Urban Affairs,Waste & Water,Muzaffarpur Storm Water Drainage Phase-I Project,Ministry of Housing & Urban Affairs,702699,-,-,Bihar,11/2016,02/2019,10/2023,06/2026,158.78,158.78,135.72,84.0,April 2026,69
291,Ministry of Housing & Urban Affairs,Waste & Water,Storm water drainag Development Project,ministry of housing and urban affairs,702355,-,-,Dadra & Nagar Haveli and Daman & Diu,08/2020,12/2021,03/2024,-,210.0,210.0,0.0,20.0,April 2026,69
292,Ministry of Housing & Urban Affairs,Waste & Water,Sewerage Management Scheme Part-3 Implementation,Ministry of Housing & Urban Affairs,702734,-,-,Haryana,03/2017,11/2017,09/2023,09/2026,278.01,278.01,228.49,88.0,April 2026,69
293,Ministry of Housing & Urban Affairs,Waste & Water,Dhanbad Water Supply Infrastructure Project,Ministry of Housing & Urban Affairs,702741,-,-,Jharkhand,02/2017,12/2018,03/2023,06/2026,216.55,216.55,129.16,76.0,April 2026,69
294,Ministry of Housing & Urban Affairs,Waste & Water,SAAP-3 Water Supply Infrastructure SAAP-3 Project,Ministry of Housing & Urban Affairs,702742,-,-,Jharkhand,02/2017,12/2018,10/2023,06/2026,159.31,159.31,87.5,67.0,April 2026,69
295,Ministry of Housing & Urban Affairs,Waste & Water,Augmentation and Strenghthning of Urban Water Supply Phase 1 - SAAP 3,Ministry of Housing & Urban Affairs,702746,-,-,Jharkhand,02/2017,12/2018,03/2023,06/2026,278.28,278.28,186.5,81.0,April 2026,69
296,Ministry of Housing & Urban Affairs,Waste & Water,Belgavi Improvement in Sewerage System Project,Ministry of Housing & Urban Affairs,702760,-,-,Karnataka,12/2015,10/2016,07/2023,06/2026,162.73,162.73,79.5,80.0,April 2026,69
297,Ministry of Housing & Urban Affairs,Waste & Water,Indore Water Supply Infrastructure Project,Ministry of Housing & Urban Affairs,702793,-,-,Madhya Pradesh,12/2016,11/2017,03/2023,06/2026,287.17,287.17,252.5,99.0,April 2026,69
298,Ministry of Housing & Urban Affairs,Waste & Water,Satna Sewerage Management and Treatment Infrastructure Project,Ministry of Housing & Urban Affairs,702808,-,-,Madhya Pradesh,11/2015,12/2016,03/2024,05/2026,191.56,215.89,200.32,96.0,April 2026,69
299,Ministry of Housing & Urban Affairs,Waste & Water,Singrauli Sewerage Management and Treatment Infrastructure Project,Ministry of Housing & Urban Affairs,702810,-,-,Madhya Pradesh,05/2016,11/2017,03/2023,06/2026,402.01,438.1,357.68,90.0,April 2026,69
300,Ministry of Housing & Urban Affairs,Waste & Water,Kalyan-Dombivali Water Supply Infrastructure Project,Ministry of Housing & Urban Affairs,702833,-,-,Maharashtra,07/2016,09/2019,10/2023,06/2026,194.2,194.2,136.56,75.0,April 2026,69
301,Ministry of Housing & Urban Affairs,Waste & Water,Mira-Bhayandar Water Supply Infrastructure Project,Ministry of Housing & Urban Affairs,702840,-,-,Maharashtra,11/2016,08/2018,03/2023,05/2026,204.55,204.55,186.13,99.0,April 2026,69
302,Ministry of Housing & Urban Affairs,Waste & Water,Pune Water Supply Infrastructure Project,Ministry of Housing & Urban Affairs,702851,-,-,Maharashtra,03/2017,07/2017,03/2023,05/2026,235.95,235.95,220.77,95.0,April 2026,69
303,Ministry of Housing & Urban Affairs,Waste & Water,Solapur Sewerage Management Infrastructure Project,Ministry of Housing & Urban Affairs,702854,-,-,Maharashtra,03/2017,04/2018,03/2023,06/2026,180.24,180.24,172.22,98.0,April 2026,69
304,Ministry of Housing & Urban Affairs,Waste & Water,Jalandhar Water Supply Infrastructure Project,Ministry of Housing & Urban Affairs,703021,-,-,Punjab,11/2016,08/2020,08/2023,06/2026,258.53,266.64,161.02,58.0,April 2026,69
305,Ministry of Housing & Urban Affairs,Waste & Water,Patiala Water Supply Infrastructure Part-2 Project,Ministry of Housing & Urban Affairs,703057,-,-,Punjab,11/2016,08/2020,10/2023,06/2026,287.0,287.0,213.64,99.0,April 2026,69
306,Ministry of Housing & Urban Affairs,Waste & Water,Jhansi Water Supply Infrastructure Phase-II Project,Ministry of Housing & Urban Affairs,702949,-,-,Uttar Pradesh,03/2017,06/2019,07/2023,05/2026,561.74,561.74,500.04,95.0,April 2026,69
307,Ministry of Housing & Urban Affairs,Waste & Water,Lucknow Sewerage Management Infrastructure Project,Ministry of Housing & Urban Affairs,702958,-,-,Uttar Pradesh,NA,05/2019,03/2023,05/2026,142.46,173.21,152.65,95.0,April 2026,69
308,Ministry of Mines,Construction,"Construction of Basement + Ground Floor+ 10 Storeyed building for State of the Art Director General, GSI Building at plot No.GN-40, Sector-V, Salt Lake, Kolkata",Central Public Works Department [CPWD],617280,N10000015,-,West Bengal,04/2019,02/2020,08/2026,-,255.37,255.37,98.92,64.0,April 2026,70
309,Ministry of Mines,Metals & Mining,Expansion of Malanjkhand Copper Project,Hindustan Copper Limited [HCL],400426,-,160,Madhya Pradesh,09/2011,04/2015,04/2020,03/2029,1856.36,3800.0,965.07,84.87,April 2026,70
310,Ministry of Mines,Metals & Mining,Expansion of Alumina Refinery Plant with addition of 5th Stream having capacity enhancement of 1.0 Million Tonee Per Annum,National Aluminium Company Limited [NALCO],400141,N10000010,3148,Odisha,04/2017,04/2017,12/2022,06/2026,4103.0,5677.4,4887.6,94.2,April 2026,70
311,Ministry of Mines,Metals & Mining,Pottangi Bauxite Mines Project,National Aluminium Company Limited [NALCO],400299,N10000016,1199,Odisha,05/2018,05/2018,03/2025,05/2026,1381.0,1960.77,770.08,52.1,April 2026,70
312,Ministry of Mines,Metals & Mining,SOURCING OF BAUXITE ARRANGEMENT FOR 5TH STREAM ALUMINA REFINERY FROM SOUTH BLOCK MINING LEASE OF PANCHPATMAILI MINES,National Aluminium Company Limited [NALCO],709831,N10000013,-,Odisha,11/2017,11/2019,05/2025,06/2026,483.0,483.0,446.16,92.35,April 2026,70
313,Ministry of Mines,Metals & Mining,25.5 MW WIND POWER PROJECT AT KAYATHAR IN TAMILNADU,National Aluminium Company Limited [NALCO],709832,N10000014,-,Tamil Nadu,09/2017,12/2017,03/2025,03/2026,166.0,166.0,135.0,66.73,April 2026,70
314,Department of Higher Education,Education,Construction of Permanent Campus of Central Tribal University of Andhra Pradesh Phase-1,Central Tribal University of Andhra Pradesh,613008,-,-,Andhra Pradesh,09/2019,12/2023,06/2027,-,305.0,305.0,64.25,44.0,April 2026,70
315,Department of Higher Education,Education,Construction of Permanent Campus of National Institute of Technology Arunachal Pradesh,"National Institute of Technology, Arunachal Pradesh",612898,-,5650,Arunachal Pradesh,09/2009,03/2013,08/2026,08/2024,592.61,592.61,551.3,80.0,April 2026,70
316,Department of Higher Education,Education,Tezpur University Projects,Tezpur University,606112,-,-,Assam,05/2019,06/2021,11/2023,12/2025,153.71,153.71,137.84,97.7,April 2026,70
317,Department of Higher Education,Education,Additional Campus of NITPatna,NIT Patna,606013,-,-,Bihar,07/2022,08/2022,07/2024,01/2026,499.21,499.21,449.96,98.5,April 2026,70
318,Department of Higher Education,Education,Phase B Construction of Permanent Campus of IIT Bhilai,"Indian Institute of Technology, Bhilai",617877,-,10102,Chhattisgarh,05/2025,01/2026,10/2028,-,1188.97,1188.97,0.0,0.0,April 2026,70
319,Department of Higher Education,Education,"Phase 1B - Construction of Academic Block, Hostel, Residential Tower, Directors Residence and External Development works at National Institute of Technology, Delhi Campus on Engineering, Procurement and Construction basis",National Institute of Technology Delhi,612851,-,-,Delhi,09/2009,11/2022,09/2025,01/2026,333.49,336.42,321.76,99.72,April 2026,70
320,Department of Higher Education,Education,Delhi University Eastern Campus at Surajmal Vihar,Delhi University,616886,-,-,Delhi,09/2024,03/2025,10/2026,-,373.0,373.0,28.13,12.0,April 2026,70
321,Department of Higher Education,Education,"Construction of permanent campus of Central University of Gujarat at Village kundhela, Dist. Vadodara, Gujarat.",Central University of Gujarat,612916,-,-,Gujarat,12/2020,02/2021,03/2025,03/2026,490.63,490.63,335.08,85.0,April 2026,70
322,Department of Higher Education,Education,Establishment of Permanent campus Phase 1 of IIM Sirmaur,"Indian Institute of Management, Sirmaur",602099,N42000008,4877,Himachal Pradesh,09/2018,08/2020,10/2023,05/2026,392.51,454.78,336.71,97.5,April 2026,70
323,Department of Higher Education,Education,Hostel blocks & dining hall block,"Indian Institute of Technology, Mandi",612128,-,-,Himachal Pradesh,03/2023,03/2024,03/2026,07/2026,166.66,166.66,122.26,82.0,April 2026,70
324,Department of Higher Education,Education,"Construction of Permanent Campus of Central University of Himachal Pradesh at Dehra, District - Kangra, [H.P.] on Engineering. Procurement and Construction [EPC Mode 1] Basis.","Central University, Himachal Pradesh",612894,N42000011,5657,Himachal Pradesh,03/2021,08/2022,11/2024,03/2026,251.98,300.45,223.21,85.0,April 2026,70
325,Department of Higher Education,Education,"Construction of Permanent Campus for IIM Jammu Phase-1 at Jagti, Nagrota, Jammu, J&K","Indian Institute of Management, Jammu",602098,N28000130,4869,Jammu and Kashmir,03/2019,10/2020,06/2023,11/2025,424.93,500.91,484.52,96.0,April 2026,70
326,Department of Higher Education,Education,CONSTRUCTION OF PERMANENT CAMPUS FOR IIT PALAKKAD UNDER PHASE 1A,INDIAN INSTITUTE OF TECHNOLOGY PALAKKAD,606431,N28000140,3415,Kerala,07/2017,03/2020,06/2022,06/2026,1006.45,1217.4,680.69,86.0,April 2026,71
327,Department of Higher Education,Education,Phase B of Construction of Permanent Campus of IIT Palakkad,INDIAN INSTITUTE OF TECHNOLOGY PALAKKAD,617878,-,10104,Kerala,05/2025,01/2026,10/2028,-,1527.0,1527.0,9.8,0.0,April 2026,71
328,Department of Higher Education,Education,"Phase III A works at IIT Indore [03 Hostels, 01 Studio Apartment, 01 Housing, Heavy & Sophisticated lab complex, Academic POD and Infrastructure for center of excellence]","Indian Institute of Technology, Indore",611957,-,-,Madhya Pradesh,12/2023,04/2024,02/2027,-,496.28,496.28,78.35,58.0,April 2026,71
329,Department of Higher Education,Education,Construction and Developement of National Institute of Technology Meghalaya Permanent Campus at Sohra,"National Institute of Technology, Meghalaya",612885,N42000001,5654,Meghalaya,09/2009,09/2014,03/2022,10/2026,494.52,429.7,368.98,95.0,April 2026,71
330,Department of Higher Education,Education,"Construction of Permanent Campus for NIT Mizoram at Lengpui, Aizawl",NIT Mizoram,612876,-,5653,Mizoram,09/2009,06/2014,12/2029,03/2022,474.23,474.23,167.55,4.0,April 2026,71
331,Department of Higher Education,Education,Establishment of NIT Nagaland,NIT Nagaland,613013,-,-,Nagaland,09/2009,12/2014,12/2025,-,275.63,275.63,263.25,98.0,April 2026,71
332,Department of Higher Education,Education,IISER BERHAMPUR,"Indian Institutes of Science Education and Research, Behrampur",610315,N28000126,3441,Odisha,10/2018,09/2019,03/2021,06/2026,1229.32,843.09,874.09,98.5,April 2026,71
333,Department of Higher Education,Education,Construction of IIT Bhubaneswar -Phase III,"Indian Institute of Technology, Bhubaneshwar",611961,-,-,Odisha,02/2024,05/2024,11/2026,-,454.27,454.27,100.77,7.0,April 2026,71
334,Department of Higher Education,Education,"1000 seater Boys hostel, 500 seater Girls hostel, 1.5 MLD Sewage Treatment Plant and Faculty Residence - 72 nos. Flats",NIT Rourkela,619033,-,-,Odisha,09/2023,01/2024,06/2026,-,198.97,198.97,42.55,42.0,April 2026,71
335,Department of Higher Education,Education,Establishment of NIT Puducherry Permanent Campus [Phase-I and Phase-II],"National Institute of Technology, Puducherry",612877,-,5639,Puducherry,09/2009,07/2013,12/2024,05/2026,618.34,544.34,543.74,98.5,April 2026,71
336,Department of Higher Education,Education,"Construction of Permanent Campus of Indian Institute of Management [IIM] Amritsar, Punjab, Phase-I","Indian intitue of Management, Amritsar",605292,N28000142,4865,Punjab,10/2019,07/2020,06/2023,09/2026,348.31,348.31,293.1,91.7,April 2026,71
337,Department of Higher Education,Education,"Construction of Girls Hostel 400 seater, Boys Hostel 600 seater, Academic Block, International Hostel 100 seater, VC Residence and Purchase of Equipment",Central University of Punjab,617221,-,-,Punjab,08/2024,04/2025,10/2027,-,210.99,210.99,74.96,45.0,April 2026,71
338,Department of Higher Education,Education,"Construction of Sikkim University Campus Phase-I Package-II at Yangang, South Sikkim",Sikkim University,609736,N44000002,-,Sikkim,08/2020,01/2022,01/2025,03/2026,314.06,314.06,292.0,95.0,April 2026,71
339,Department of Higher Education,Education,Establishment of Permanent Campus of NIT SIkkim at Khamdong-Gangtok District,NIT Sikkim,612883,-,5656,Sikkim,02/2024,03/2024,02/2028,12/2026,685.76,610.76,283.56,34.5,April 2026,71
340,Department of Higher Education,Education,Construction of Precast housing and hostels at IIT Hyderabad,"Indian Institute of Technology, Hyderabad",609996,-,-,Telangana,09/2022,11/2022,10/2024,01/2026,262.0,262.0,213.89,87.44,April 2026,71
341,Department of Higher Education,Education,Banaras Hindu University [ Kayakalp of Institute of Medical Sciences],Banaras Hindu University,606479,-,-,Uttar Pradesh,06/2020,06/2020,09/2022,03/2026,246.0,246.0,207.02,99.0,April 2026,71
342,Department of Higher Education,Education,"Construction & Development of Infrastructural Facilities in the main campus of NIT Uttarakhand at Sumari, Pauri Garhwal",National Institute of Technology Uttarakhand,611963,-,5655,Uttarakhand,06/2020,04/2024,09/2027,-,650.85,650.85,345.85,56.0,April 2026,71
343,Department of Higher Education,Education,"HEFA projects on development of student hostels, playgrounds, departmental buildings, class room complex and other campus facilities in IIT Kharagpur","Indian Institute of Technology, Kharagpur",609019,N28000146,4351,West Bengal,06/2018,04/2019,03/2023,03/2026,500.0,442.0,415.35,96.0,April 2026,71
344,Department of Sports,Education,"National Sports University [NSU], Imphal [Manipur]",Department of Sports & Youth Affairs,400081,-,3895,Manipur,NA,01/2022,08/2024,08/2026,906.47,611.74,574.12,97.0,April 2026,71
345,Ministry of Petroleum & Natural Gas,Energy Storage,"Construction of LPG Facilities at Kamardanga, Assam",Hindustan Petroleum Corporation Limited,709754,N16000484,-,Assam,03/2023,03/2023,07/2027,07/2027,156.36,156.36,102.07,75.5,April 2026,72
346,Ministry of Petroleum & Natural Gas,Energy Storage,"Setting up of new rail fed POL facility at Kamardanga, Assam",Hindustan Petroleum Corporation Limited [HPCL],709755,N16000494,-,Assam,03/2023,03/2023,07/2027,07/2027,384.04,384.04,216.85,82.4,April 2026,72
347,Ministry of Petroleum & Natural Gas,Energy Storage,Capacity Augmentation of Kandla LPG Import Terminal [KLIT] from 0.6 MMTPA to 2.5 MMTPA,Ministry of Petroleum & Natural Gas,617839,-,-,Gujarat,05/2023,05/2023,07/2026,07/2026,356.86,304.4,72.32,66.0,April 2026,72
348,Ministry of Petroleum & Natural Gas,Energy Storage,"Andheri Residential Towers, Mumbai",Ministry of Petroleum & Natural Gas,604833,N16000503,-,Maharashtra,06/2017,06/2017,05/2025,06/2026,281.35,389.67,270.49,79.5,April 2026,72
349,Ministry of Petroleum & Natural Gas,Energy Storage,Setting up of 50 MW [plus/minus 5 percent] Wind Power Plant for Captive Consumption at MR,MinistryofPetroleumNaturalGas,619313,-,-,Maharashtra,05/2023,05/2023,04/2027,04/2027,483.14,483.14,287.79,57.9,April 2026,72
350,Ministry of Petroleum & Natural Gas,Energy Storage,LPG Bottling Plant at Mualkhang,Ministry of Petroleum & Natural Gas,617829,-,-,Mizoram,07/2024,07/2024,10/2028,11/2027,225.71,225.71,22.78,32.0,April 2026,72
351,Ministry of Petroleum & Natural Gas,Energy Storage,Srikakulam Angul Gas Pipeline Project,Ministry of Petroleum & Natural Gas,701343,N16000388,2530,"Multi-States (Andhra Pradesh, Odisha)",09/2019,09/2019,07/2022,06/2026,2658.34,2810.0,2315.2,97.6,April 2026,72
352,Ministry of Petroleum & Natural Gas,Energy Storage,Paradip-Numaligarh Crude Oil Pipeline [PNCPL] & Crude Oil Import Terminal [COIT] at Paradip,Ministry of Petroleum & Natural Gas,701349,N16000394,2318,"Multi-States (Assam, Bihar, Jharkhand, Odisha, West Bengal)",01/2019,01/2019,07/2024,10/2026,10228.0,11407.0,10912.42,92.4,April 2026,72
353,Ministry of Petroleum & Natural Gas,Energy Storage,New Mundra Panipat Crude Oil Pipeline,Ministry of Petroleum & Natural Gas,400078,N16000435,4049,"Multi-States (Gujarat, Haryana, Rajasthan)",12/2021,12/2021,12/2024,06/2026,9028.0,9028.0,7160.82,91.4,April 2026,72
354,Ministry of Petroleum & Natural Gas,Energy Storage,Kandla Gorakhpur LPG Pipeline,Ministry of Petroleum & Natural Gas,400012,-,4509,"Multi-States (Gujarat, Madhya Pradesh, Uttar Pradesh)",12/2018,12/2018,12/2021,06/2026,10088.0,10088.0,8529.58,95.2,April 2026,72
355,Ministry of Petroleum & Natural Gas,Energy Storage,Multi Product Pipeline from Irugur to Devangonthi,"Department of Water Resources, River Development & GR",400301,N16000234,1195,"Multi-States (Karnataka, Tamil Nadu)",11/2012,11/2012,02/2017,09/2026,678.0,1732.0,1118.26,82.6,April 2026,72
356,Ministry of Petroleum & Natural Gas,Energy Storage,Rajasthan Refinery Project,MinistryofPetroleumNaturalGas,701263,N16000513,5468,Rajasthan,10/2017,10/2017,10/2022,06/2026,43129.0,79459.0,69202.21,91.9,April 2026,72
357,Ministry of Petroleum & Natural Gas,Energy Storage,"Petrochemical evacuation marketing terminal at Barmer, Rajasthan",Hindustan Petroleum Corporation Limited [HPCL],709759,N16000512,-,Rajasthan,12/2023,12/2023,12/2026,12/2026,461.05,461.05,225.25,89.8,April 2026,72
358,Ministry of Petroleum & Natural Gas,Energy Storage,Laying of POL Pipelines in Common Corridor for proposed grass root terminal at Vallur [Chennai],Ministry of Petroleum & Natural Gas,400043,N16000455,4272,Tamil Nadu,01/2022,01/2022,05/2026,05/2026,829.0,829.0,350.21,76.2,April 2026,72
359,Ministry of Petroleum & Natural Gas,Energy Storage,"Grass Root Rail-fed Depot at Sekerkote, Agartala as resitement of existing Dharmanagar Depot",Indian Oil Corporation Limited [IOCL],400035,N16000495,4373,Tripura,06/2022,06/2022,09/2025,06/2026,656.0,656.0,537.17,97.0,April 2026,72
360,Ministry of Petroleum & Natural Gas,Energy Storage,"Grass-root Terminal at Mirzapur, Uttar Pradesh",Ministry of Petroleum & Natural Gas,604852,N16000506,5256,Uttar Pradesh,09/2022,09/2022,11/2026,11/2026,980.45,980.45,293.88,75.0,April 2026,72
361,Ministry of Petroleum & Natural Gas,Oil & Gas,KG-DWN-98/2 Cluster - II Development Project - NELP Block,Oil and Natural Gas Corporation Limited [ONGC],400120,N16000247,3284,Andhra Pradesh,03/2016,03/2016,06/2020,09/2026,34012.0,34012.0,33006.7,96.5,April 2026,72
362,Ministry of Petroleum & Natural Gas,Oil & Gas,Provision of four bitumen tanks with capacity of 5 TMT each at Visakh Refinery,Ministry of Petroleum and Natural Gas,619226,-,-,Andhra Pradesh,09/2025,09/2025,03/2028,03/2028,258.34,258.34,1.65,10.5,April 2026,72
363,Ministry of Petroleum & Natural Gas,Oil & Gas,HP-COAT [Crude to Olefins and Aromatics Technology] demo unit at Visakh Refinery,Hindustan Petroleum Corporation Limited,709752,N16000432,-,Andhra Pradesh,09/2021,09/2021,06/2024,02/2027,160.0,220.0,135.52,91.6,April 2026,72
364,Ministry of Petroleum & Natural Gas,Oil & Gas,Numaligarh Refinery Expansion Project,Ministry of Petroleum & Natural Gas,604791,N16000379,2312,Assam,07/2020,07/2020,07/2024,03/2027,12366.0,22494.0,19522.33,84.6,April 2026,72
365,Ministry of Petroleum & Natural Gas,Oil & Gas,Development of Surface Facilities for production and evacuation of Crude Oil and Natural Gas from Nadua and East Khagorija,Ministry of Petroleum & Natural Gas,604863,N16000331,3083,Assam,01/2018,01/2018,02/2020,06/2026,682.9,726.93,598.62,94.3,April 2026,73
366,Ministry of Petroleum & Natural Gas,Oil & Gas,"Guwahati Refinery Expansion [1.0 to 1.2 MMTPA] along with installation of CRU, Guwahati Refinery",Ministry of Petroleum & Natural Gas,607701,N16000414,4908,Assam,05/2021,05/2021,10/2023,05/2026,412.3,577.0,457.64,94.9,April 2026,73
367,Ministry of Petroleum & Natural Gas,Oil & Gas,"Construction of Field Gas Gathering Station at Baghjan area for collection, processing & transportation of natural Gas to be produced from Baghjan Field",Ministry of Petroleum & Natural Gas,616858,N16000450,-,Assam,12/2020,12/2020,03/2024,06/2026,430.76,430.76,346.97,92.4,April 2026,73
368,Ministry of Petroleum & Natural Gas,Oil & Gas,Coke Drum Structure Package,Ministry of Petroleum & Natural Gas,617836,-,10009,Assam,12/2022,12/2022,12/2025,09/2026,635.28,635.28,453.66,60.6,April 2026,73
369,Ministry of Petroleum & Natural Gas,Oil & Gas,"Group Gathering Station, Lakwagaon",Ministry of Petroleum & Natural Gas,619316,-,-,Assam,10/2025,10/2025,10/2027,10/2027,495.59,495.59,18.04,5.7,April 2026,73
370,Ministry of Petroleum & Natural Gas,Oil & Gas,Augmentation/Revamping of Facilities at existing Guwahati Terminal at Betkuchi,MinistryofPetroleumNaturalGas,709776,N16000441,-,Assam,04/2022,04/2022,09/2026,09/2026,277.0,323.09,226.36,81.2,April 2026,73
371,Ministry of Petroleum & Natural Gas,Oil & Gas,Capacity Expansion of Digboi Refinery from 0.65 to 1.0 MMTPA,MinistryofPetroleumNaturalGas,709779,N16000457,-,Assam,06/2022,06/2022,03/2026,07/2027,768.0,740.0,174.5,56.0,April 2026,73
372,Ministry of Petroleum & Natural Gas,Oil & Gas,Pipeline Network Project Rudrasagar,Ministry of Petroleum & Natural Gas,709847,N16000528,-,Assam,01/2023,01/2023,04/2026,04/2027,481.03,481.03,235.37,54.1,April 2026,73
373,Ministry of Petroleum & Natural Gas,Oil & Gas,Borholla GGS Life Extension Project [BLEP],Ministry of Petroleum & Natural Gas,709850,N16000532,-,Assam,09/2023,09/2023,05/2026,09/2026,198.7,198.7,96.22,55.7,April 2026,73
374,Ministry of Petroleum & Natural Gas,Oil & Gas,DCU Revamp Project,NRL,709864,N16000511,-,Assam,08/2021,08/2021,07/2024,10/2026,370.0,370.0,281.31,76.3,April 2026,73
375,Ministry of Petroleum & Natural Gas,Oil & Gas,Power Recovery Turbine [PRT] in PFCCU unit as an Energy Conservation Scheme,NRL,709865,N16000510,-,Assam,04/2023,04/2023,12/2024,09/2026,293.5,293.5,81.84,99.0,April 2026,73
376,Ministry of Petroleum & Natural Gas,Oil & Gas,"Setting up of LPG Plant with Rail Unloading Facility at Hathua, Dist. Gopalganj, Bihar",MinistryofPetroleumNaturalGas,617304,-,-,Bihar,10/2023,10/2023,03/2027,03/2027,340.15,340.15,167.24,51.0,April 2026,73
377,Ministry of Petroleum & Natural Gas,Oil & Gas,Barauni Refinery Capacity Expansion from 6.0 to 9.0 MMTPA,Ministry of Petroleum & Natural Gas,701324,N16000386,3063,Bihar,01/2020,01/2020,04/2023,08/2026,14810.0,16724.0,12872.04,90.9,April 2026,73
378,Ministry of Petroleum & Natural Gas,Oil & Gas,Installation of Bitumen Manufacturing Unit along with allied facilities at Barauni Refinery,MinistryofPetroleumNaturalGas,709777,N16000453,-,Bihar,01/2022,01/2022,04/2025,01/2027,389.35,340.0,115.69,60.8,April 2026,73
379,Ministry of Petroleum & Natural Gas,Oil & Gas,"City Gas Distribution Projects at Darbhanga, Madhubani, Supaul, Sitamarhi and Sheohar districts",Bharat Petroleum Corporation Limited [BPCL],709792,N16000524,-,Bihar,12/2022,12/2022,03/2030,03/2030,3638.0,3638.0,472.43,33.3,April 2026,73
380,Ministry of Petroleum & Natural Gas,Oil & Gas,"City Gas Distribution Projects at Gopalganj, Siwan, West Champaran, East Champaran and Deoria districts",Bharat Petroleum Corporation Limited [BPCL],709793,N16000523,-,Bihar,12/2022,12/2022,06/2030,06/2030,3919.0,3919.0,510.08,30.1,April 2026,73
381,Ministry of Petroleum & Natural Gas,Oil & Gas,"City Gas Distribution [CGD] Project in Kondagaon, Bastar, Sukma, Narayanpur, Bijapur & Dantewada GA",Ministry of Petroleum & Natural Gas,617819,-,9998,Chhattisgarh,06/2022,06/2022,06/2030,06/2030,557.04,557.04,8.76,2.2,April 2026,73
382,Ministry of Petroleum & Natural Gas,Oil & Gas,Redevelopment of Sobhasan Complex,Oil and Natural Gas Corporation Limited [ONGC],400087,N16000431,3514,Gujarat,08/2021,08/2021,03/2027,03/2027,885.63,1347.61,990.06,87.5,April 2026,73
383,Ministry of Petroleum & Natural Gas,Oil & Gas,Redevelopment of Santhal Field [Onshore-Mehsana Asset],Oil and Natural Gas Corporation Limited [ONGC],400167,N16000279,3042,Gujarat,02/2017,02/2017,03/2026,12/2026,1162.56,1162.56,1152.51,95.9,April 2026,73
384,Ministry of Petroleum & Natural Gas,Oil & Gas,Redevelopment of Linch Field,Oil and Natural Gas Corporation Limited [ONGC],400169,N16000428,3040,Gujarat,04/2021,04/2021,03/2025,07/2026,631.03,845.42,612.97,90.0,April 2026,73
385,Ministry of Petroleum & Natural Gas,Oil & Gas,Petrochemical and Lube Integration Project at Gujarat Refinery,Ministry of Petroleum & Natural Gas,701329,N16000409,3062,Gujarat,09/2020,09/2020,08/2024,11/2026,18936.0,17825.0,13579.35,88.3,April 2026,73
386,Ministry of Petroleum & Natural Gas,Oil & Gas,Installation of new Biturox Unit along with allied facilities at Gujarat Refinery,MinistryofPetroleumNaturalGas,709778,N16000454,-,Gujarat,01/2022,01/2022,08/2025,12/2026,328.29,344.36,214.63,84.1,April 2026,74
387,Ministry of Petroleum & Natural Gas,Oil & Gas,Commercial Polymer Flooding Project in Bechraji field,Oil and Natural Gas Corporation Limited [ONGC],709838,N16000444,-,Gujarat,01/2022,01/2022,11/2024,05/2027,621.4,739.02,222.8,42.0,April 2026,74
388,Ministry of Petroleum & Natural Gas,Oil & Gas,"Restoration of Gas Terminal, Phase-I [Part-A], Hazira",Oil and Natural Gas Corporation Limited [ONGC],709840,N16000477,-,Gujarat,05/2022,05/2022,02/2025,07/2026,249.43,249.43,210.5,97.1,April 2026,74
389,Ministry of Petroleum & Natural Gas,Oil & Gas,Old Pipe Line Replacement [OPRP] Group-A,Oil and Natural Gas Corporation Limited [ONGC],709841,N16000483,-,Gujarat,07/2021,07/2021,07/2025,07/2026,173.03,169.84,164.86,93.5,April 2026,74
390,Ministry of Petroleum & Natural Gas,Oil & Gas,"Kalol Redevelopment Project, Ahmedabad Asset",Oil and Natural Gas Corporation Limited [ONGC],709842,N16000481,-,Gujarat,08/2022,08/2022,03/2027,03/2027,1487.41,1487.41,940.5,64.0,April 2026,74
391,Ministry of Petroleum & Natural Gas,Oil & Gas,"Revamping of SV Stations, Gas Terminal & Kribhco Terminal",Oil and Natural Gas Corporation Limited [ONGC],709845,N16000514,-,Gujarat,11/2022,11/2022,08/2026,08/2026,837.34,837.34,445.89,67.7,April 2026,74
392,Ministry of Petroleum & Natural Gas,Oil & Gas,"Indian Oil Technology Development and Deployment Centre at R&D Campus-II, Faridabad",Ministry of Petroleum & Natural Gas,604853,N16000375,3069,Haryana,06/2019,06/2019,12/2022,10/2026,2281.94,3200.0,1879.93,65.0,April 2026,74
393,Ministry of Petroleum & Natural Gas,Oil & Gas,Poly Butadiene Rubber plant at Panipat,Indian Oil Corporation Limited [IOCL],611917,N16000458,7629,Haryana,03/2022,03/2022,03/2025,12/2026,1459.0,2531.44,1473.41,85.9,April 2026,74
394,Ministry of Petroleum & Natural Gas,Oil & Gas,Change of service of existing Mundra-Panipat Pipeline [Panipat - Churwa section] from Crude oil to Product,IOCL,619196,-,-,Haryana,05/2025,05/2025,03/2027,-,359.0,359.0,10.37,35.3,April 2026,74
395,Ministry of Petroleum & Natural Gas,Oil & Gas,Capacity Expansion of Panipat Refinery from 15 to 25 MMTPA,Ministry of Petroleum & Natural Gas,701289,N16000412,3038,Haryana,02/2021,02/2021,09/2024,12/2026,34627.0,36225.0,27035.45,93.2,April 2026,74
396,Ministry of Petroleum & Natural Gas,Oil & Gas,"Installation of Multiple Effect Evaporator [MEE] for ETP-1, 2 & 4 of Panipat Refinery and Petrochemical Complex.",MinistryofPetroleumNaturalGas,709783,-,-,Haryana,12/2020,12/2020,06/2023,06/2026,165.13,247.69,174.93,87.1,April 2026,74
397,Ministry of Petroleum & Natural Gas,Oil & Gas,"City Gas Distribution Project at Jammu, Udhampur, Reasi, Samba and Kathua Districts",MinistryofPetroleumNaturalGas,709773,N16000527,-,Jammu and Kashmir,03/2022,03/2022,03/2032,09/2034,538.0,538.0,4.32,0.6,April 2026,74
398,Ministry of Petroleum & Natural Gas,Oil & Gas,Development of Jharia CBM Block [Phase-1],Oil and Natural Gas Corporation Limited [ONGC],610984,N16000445,4893,Jharkhand,11/2019,11/2019,01/2024,05/2026,431.0,431.0,261.97,65.3,April 2026,74
399,Ministry of Petroleum & Natural Gas,Oil & Gas,Laying of Natural Gas Pipeline from Hazaribagh to Ranchi [HRPL],MinistryofPetroleumNaturalGas,709785,N16000480,-,Jharkhand,02/2023,02/2023,02/2026,03/2027,202.07,202.07,63.8,56.5,April 2026,74
400,Ministry of Petroleum & Natural Gas,Oil & Gas,Power System Upgradation Project,Mangalore Refinary and Petrochemicals Limited,612790,N16000509,-,Karnataka,10/2023,10/2023,11/2025,09/2026,385.0,385.0,260.92,82.5,April 2026,74
401,Ministry of Petroleum & Natural Gas,Oil & Gas,Demo Bio-ATF Project,Ministry of Petroleum & Natural Gas,616879,N16000536,-,Karnataka,03/2024,03/2024,01/2027,01/2027,364.0,364.0,71.1,47.4,April 2026,74
402,Ministry of Petroleum & Natural Gas,Oil & Gas,Revamping/ Augmentation of facilities at existing port terminal at Mangalore,Ministry of Petroleum & Natural Gas,709774,N16000437,-,Karnataka,01/2022,01/2022,12/2025,06/2027,463.0,500.62,302.1,83.0,April 2026,74
403,Ministry of Petroleum & Natural Gas,Oil & Gas,Augmentation of CCKPL and IDPL Pipelines capacity along with setting up of Palakkad TOP,Ministry of Petroleum & Natural Gas,617838,-,10010,Kerala,09/2024,09/2024,08/2028,08/2028,1130.0,1130.0,268.98,36.2,April 2026,74
404,Ministry of Petroleum & Natural Gas,Oil & Gas,Setting up Polypropylene Unit at Kochi Refinery,MinistryofPetroleumNaturalGas,709799,N16000530,-,Kerala,12/2023,12/2023,10/2027,10/2027,4460.0,4850.0,818.9,32.2,April 2026,74
405,Ministry of Petroleum & Natural Gas,Oil & Gas,C2/C3 Vijaipur Pata Pipeline,Ministry of Petroleum & Natural Gas,617830,-,10000,Madhya Pradesh,05/2024,05/2024,01/2027,01/2027,1792.0,1792.0,488.0,65.2,April 2026,74
406,Ministry of Petroleum & Natural Gas,Oil & Gas,Ethylene Cracker Project at Bina Refinery including downstream Petrochemical Plants and expansion of Refinery,MinistryofPetroleumNaturalGas,709798,N16000518,11306,Madhya Pradesh,05/2023,05/2023,05/2028,05/2028,43367.0,43367.0,4802.7,25.5,April 2026,74
407,Ministry of Petroleum & Natural Gas,Oil & Gas,"500 KTA PDHPP Project, Usar",Ministry of Petroleum & Natural Gas,400168,N16000430,3026,Maharashtra,04/2021,04/2021,04/2025,04/2027,8797.0,11256.0,8003.66,90.7,April 2026,75
408,Ministry of Petroleum & Natural Gas,Oil & Gas,Lube Modernization & Bottom Upgradation Project at Mumbai Refinery,Ministry of Petroleum and Natural Gas,616933,N16000540,-,Maharashtra,12/2024,12/2024,03/2028,03/2028,4679.0,4679.0,270.1,10.7,April 2026,75
409,Ministry of Petroleum & Natural Gas,Oil & Gas,Petro Resid Fluidized Catalytic Cracking [PRFCC] Unit and its associated facilities at Mumbai Refinery,Ministry of Petroleum & Natural Gas,619223,-,11911,Maharashtra,05/2025,05/2025,09/2029,09/2029,13626.0,13626.0,55.4,4.4,April 2026,75
410,Ministry of Petroleum & Natural Gas,Oil & Gas,Augmentation of DUPL-DPPL Pipeline,Ministry of Petroleum & Natural Gas,619224,-,11913,Maharashtra,06/2025,06/2025,03/2028,03/2028,844.0,844.0,0.61,6.1,April 2026,75
411,Ministry of Petroleum & Natural Gas,Oil & Gas,Installation of Compression facility at GAIL Usar,Ministry of Petroleum & Natural Gas,619225,-,-,Maharashtra,04/2025,04/2025,04/2027,04/2027,260.2,260.2,0.0,0.0,April 2026,75
412,Ministry of Petroleum & Natural Gas,Oil & Gas,HP TDAE Unit in Mumbai Refinery,Hindustan Petroleum Corporation Limited,709760,N16000534,-,Maharashtra,06/2024,06/2024,04/2026,06/2026,240.0,240.0,151.04,85.0,April 2026,75
413,Ministry of Petroleum & Natural Gas,Oil & Gas,"City Gas Distribution Project at Beed, Jalgaon and Jalna Districts",MinistryofPetroleumNaturalGas,709771,N16000487,-,Maharashtra,03/2022,03/2022,09/2031,09/2031,865.0,865.0,78.67,3.4,April 2026,75
414,Ministry of Petroleum & Natural Gas,Oil & Gas,Construction of Additional Tankages and Allied Facilities at JNPT Terminal,MinistryofPetroleumNaturalGas,709780,N16000504,-,Maharashtra,04/2022,04/2022,08/2026,08/2026,341.43,436.14,300.5,70.9,April 2026,75
415,Ministry of Petroleum & Natural Gas,Oil & Gas,ATF Pipeline from Jawaharlal Nehru Port Trust to Navi Mumbai International Airport,Indian Oil Corporation Limited [IOCL],709782,N16000456,-,Maharashtra,08/2022,08/2022,08/2025,06/2026,165.0,165.0,101.62,97.8,April 2026,75
416,Ministry of Petroleum & Natural Gas,Oil & Gas,POL & LOBS Installations with Receipt Pipelines at Rasayani,Bharat Petroleum Corporation Limited [BPCL],709797,N16000519,9966,Maharashtra,05/2023,05/2023,05/2026,05/2026,2585.0,2585.0,1288.41,80.6,April 2026,75
417,Ministry of Petroleum & Natural Gas,Oil & Gas,Visakh Raipur Pipeline Project,Ministry of Petroleum and Natural Gas,616254,N16000539,-,"Multi-States (Andhra Pradesh, Chhattisgarh, Odisha)",09/2024,09/2024,09/2027,09/2027,2212.0,2212.0,498.11,34.0,April 2026,75
418,Ministry of Petroleum & Natural Gas,Oil & Gas,North East Gas Grid,Ministry of Petroleum & Natural Gas,701346,N16000439,2106,"Multi-States (Arunachal Pradesh, Assam, Manipur, Meghalaya, Mizoram, Nagaland, Sikkim, Tripura, West Bengal)",04/2020,04/2020,03/2024,07/2026,9265.0,9265.0,6877.97,87.6,April 2026,75
419,Ministry of Petroleum & Natural Gas,Oil & Gas,"Pipeline Rehabilitation Project, Phase-II",Ministry of Petroleum & Natural Gas,617827,-,10800,"Multi-States (Assam, Bihar, West Bengal)",12/2024,12/2024,12/2029,12/2029,680.0,680.0,8.19,24.0,April 2026,75
420,Ministry of Petroleum & Natural Gas,Oil & Gas,"CGD Project in Banka, Dumka, Godda, Jamtara, Pakur, Sahibganj GA ID 11A.02",Hindustan Petroleum Corporation Limited,709757,N16000497,-,"Multi-States (Bihar, Jharkhand)",06/2022,06/2022,06/2030,06/2030,1377.0,1377.0,375.17,37.0,April 2026,75
421,Ministry of Petroleum & Natural Gas,Oil & Gas,Mumbai Nagpur Jharsuguda Pipeline Project,Ministry of Petroleum & Natural Gas,701354,N16000398,2523,"Multi-States (Chhattisgarh, Madhya Pradesh, Maharashtra, Odisha)",06/2020,06/2020,05/2023,06/2026,7844.25,8255.0,7070.1,98.9,April 2026,75
422,Ministry of Petroleum & Natural Gas,Oil & Gas,Mehsana-Bhatinda & Bhatinda-Jammu Natural Gas Pipeline,Ministry of Petroleum & Natural Gas,701330,-,739,"Multi-States (Gujarat, Haryana, Punjab, Rajasthan)",07/2011,07/2011,06/2024,12/2026,7392.0,7392.0,6354.05,90.2,April 2026,75
423,Ministry of Petroleum & Natural Gas,Oil & Gas,Gurdaspur Jammu Pipeline,Gas Authority of India Limited [GAIL],612853,N16000531,-,"Multi-States (Jammu and Kashmir, Punjab)",07/2023,07/2023,07/2026,07/2026,521.9,521.9,302.5,47.6,April 2026,75
424,Ministry of Petroleum & Natural Gas,Oil & Gas,Kochi - Koottanad - Bangalore - Mangalore Pipeline Phase-II,Ministry of Petroleum & Natural Gas,701228,N16000285,803,"Multi-States (Karnataka, Kerala, Tamil Nadu)",06/2009,06/2009,12/2012,09/2026,2915.0,5909.0,4790.3,96.6,April 2026,75
425,Ministry of Petroleum & Natural Gas,Oil & Gas,City Gas Distribution Maharashtra Natural Gas Limited,Ministry of Petroleum & Natural Gas,701338,-,-,"Multi-States (Karnataka, Maharashtra)",01/2006,01/2006,06/2031,06/2031,5535.0,5535.0,4230.6,47.0,April 2026,75
426,Ministry of Petroleum & Natural Gas,Oil & Gas,Dhamra Haldia Pipeline Project,Ministry of Petroleum & Natural Gas,701344,N16000391,2527,"Multi-States (Odisha, West Bengal)",03/2020,03/2020,11/2022,09/2026,1030.65,1125.0,916.9,93.7,April 2026,75
427,Ministry of Petroleum & Natural Gas,Oil & Gas,"City Gas Distribution Projects at Fazilka [except area already authorized], Ganganagar and Hanumangarh districts",Bharat Petroleum Corporation Limited [BPCL],709794,N16000520,-,"Multi-States (Punjab, Rajasthan)",12/2022,12/2022,06/2030,06/2030,3207.0,3207.0,414.52,30.8,April 2026,75
428,Ministry of Petroleum & Natural Gas,Oil & Gas,"Augmentation/ Revamping of Dimapur Depot, Dimapur",MinistryofPetroleumNaturalGas,709786,N16000529,-,Nagaland,08/2023,08/2023,11/2027,11/2027,227.62,227.62,25.94,41.0,April 2026,76
429,Ministry of Petroleum & Natural Gas,Oil & Gas,Integrated Para Xylene [PX] and Purified Terephthalic Acid [PTA] Project at Paradip Refinery,Ministry of Petroleum & Natural Gas,604859,N16000396,3064,Odisha,07/2020,07/2020,01/2024,08/2026,13805.0,11783.0,8450.45,93.9,April 2026,76
430,Ministry of Petroleum & Natural Gas,Oil & Gas,"City Gas Distribution [CGD] Project in Gajapati, Kandhamal, Boudh, & Sonepur GA",Ministry of Petroleum & Natural Gas,617818,-,9999,Odisha,02/2022,02/2022,02/2030,12/2031,514.91,514.91,22.08,5.9,April 2026,76
431,Ministry of Petroleum & Natural Gas,Oil & Gas,"CUF POL Depot at Sadashibpur [Meramundali], Odisha",MinistryofPetroleumNaturalGas,709800,-,-,Odisha,04/2021,04/2021,03/2026,06/2026,393.54,393.54,218.63,80.9,April 2026,76
432,Ministry of Petroleum & Natural Gas,Oil & Gas,Life Extension of 48 well platforms of Mumbai High & Heera Fields,Oil and Natural Gas Corporation Limited [ONGC],400119,N16000213,3294,Offshore,12/2015,12/2015,04/2018,08/2026,3190.69,3375.9,3123.2,90.0,April 2026,76
433,Ministry of Petroleum & Natural Gas,Oil & Gas,PRP-VIII [Group-A],Ministry of Petroleum & Natural Gas,616950,-,-,Offshore,09/2024,09/2024,02/2026,12/2026,1486.4,1486.4,529.96,53.8,April 2026,76
434,Ministry of Petroleum & Natural Gas,Oil & Gas,Pipeline Replacement Project- PRP-IX,Ministry of Petroleum & Natural Gas,619314,-,12147,Offshore,08/2025,08/2025,05/2027,-,6175.0,6175.0,520.71,11.3,April 2026,76
435,Ministry of Petroleum & Natural Gas,Oil & Gas,Daman Upside Development Project,Oil and Natural Gas Corporation Limited [ONGC],709839,N16000470,-,Offshore,06/2022,06/2022,10/2025,12/2026,4144.41,6406.9,6136.43,99.9,April 2026,76
436,Ministry of Petroleum & Natural Gas,Oil & Gas,MHN TCPP PGC BGC Project [MTPBP],Ministry of Petroleum & Natural Gas,709848,N16000526,-,Offshore,06/2022,06/2022,05/2026,05/2026,2329.45,2354.23,1613.16,92.7,April 2026,76
437,Ministry of Petroleum & Natural Gas,Oil & Gas,PRP-VIII Group B [NH & BS Asset],Ministry of Petroleum & Natural Gas,709849,N16000533,-,Offshore,06/2024,06/2024,02/2026,05/2026,2379.84,3165.53,2654.5,97.6,April 2026,76
438,Ministry of Petroleum & Natural Gas,Oil & Gas,Integrated Development of 4 Contract Areas under DSF-II,Ministry of Petroleum & Natural Gas,709851,N16000537,-,Offshore,05/2023,05/2023,04/2027,04/2027,6183.79,6183.79,1555.0,40.4,April 2026,76
439,Ministry of Petroleum & Natural Gas,Oil & Gas,2G Ethanol Biorefinery at Bathinda,Hindustan Petroleum Corporation Limited [HPCL],400171,N16000402,3028,Punjab,05/2020,05/2020,02/2023,12/2026,1421.46,1421.46,1263.61,95.8,April 2026,76
440,Ministry of Petroleum & Natural Gas,Oil & Gas,City Gas Distribution Project at Pathankot District,MinistryofPetroleumNaturalGas,709770,N16000488,-,Punjab,03/2022,03/2022,09/2033,09/2033,151.0,151.0,8.89,2.0,April 2026,76
441,Ministry of Petroleum & Natural Gas,Oil & Gas,CBR 9 MMTPA Project,Chennai Petroleum Corporation Limited [CPCL],604795,N16000434,3278,Tamil Nadu,09/2021,09/2021,06/2025,10/2028,31580.0,36354.0,1570.83,10.2,April 2026,76
442,Ministry of Petroleum & Natural Gas,Oil & Gas,Laying of new 28 inch Desal Water Pipeline and 10 inch Reject Water Pipeline between CPCL Manali Refinery and CPCL Desalination plant at Ennore,Chennai Petroleum Corporation Limited [CPCL],709750,-,-,Tamil Nadu,01/2024,01/2024,09/2025,12/2026,205.0,205.0,92.93,70.6,April 2026,76
443,Ministry of Petroleum & Natural Gas,Oil & Gas,City Gas Distribution Projects at the Nilgiris and Erode districts,Bharat Petroleum Corporation Limited [BPCL],709796,N16000521,-,Tamil Nadu,12/2022,12/2022,03/2030,03/2030,3685.0,3685.0,288.66,25.4,April 2026,76
444,Ministry of Petroleum & Natural Gas,Oil & Gas,ATF Pipeline from BPCLs Malkapur POL Installation to Hyderabad International airport,MinistryofPetroleumNaturalGas,617822,-,-,Telangana,03/2025,03/2025,09/2027,09/2027,215.0,215.0,45.69,24.7,April 2026,76
445,Ministry of Petroleum & Natural Gas,Oil & Gas,"Creation of Gas Dehydration Facilities, Tripura Asset",Oil and Natural Gas Corporation Limited [ONGC],709837,-,-,Tripura,03/2022,03/2022,05/2024,08/2026,209.33,131.51,78.98,68.9,April 2026,76
446,Ministry of Petroleum & Natural Gas,Oil & Gas,Kanpur LPG Bottling Plant,MinistryofPetroleumNaturalGas,619191,-,-,Uttar Pradesh,09/2025,09/2025,09/2027,09/2027,202.0,202.0,125.69,54.0,April 2026,76
447,Ministry of Petroleum & Natural Gas,Oil & Gas,Bulk Loading Hub- Kanpur,MinistryofPetroleumNaturalGas,619312,-,-,Uttar Pradesh,09/2025,09/2025,09/2027,09/2027,186.0,186.0,92.47,54.0,April 2026,76
448,Ministry of Petroleum & Natural Gas,Oil & Gas,Revamping / Augmentation of Facilities at Mathura Bitumen Plant,MinistryofPetroleumNaturalGas,709781,N16000505,-,Uttar Pradesh,04/2022,04/2022,06/2027,12/2026,260.12,260.12,20.15,52.3,April 2026,76
449,Ministry of Petroleum & Natural Gas,Oil & Gas,"City Gas Distribution Projects at Lakhimpur Kheri , Sitapur, Bahraich, Shravasti,Balrampur, Siddharth Nagar & Maharajganj districts",Bharat Petroleum Corporation Limited [BPCL],709795,N16000525,-,Uttar Pradesh,12/2022,12/2022,06/2030,06/2030,16654.0,16654.0,713.77,17.9,April 2026,76
450,Ministry of Petroleum & Natural Gas,Oil & Gas,Durgapur - Haldia Pipeline [Section-3B of JHBDPL Project],Ministry of Petroleum & Natural Gas,617302,N16000275,-,West Bengal,03/2017,03/2017,12/2020,09/2026,1740.0,2493.15,2363.6,94.7,April 2026,77
451,Ministry of Petroleum & Natural Gas,Oil & Gas,Siliguri-Jhapa Pipeline Project,Indian Oil Corporation Limited [IOCL],617828,-,-,West Bengal,09/2024,09/2024,03/2029,08/2029,267.0,267.0,1.92,11.2,April 2026,77
452,Ministry of Petroleum & Natural Gas,Oil & Gas,Siliguri Marketing Terminal [SMT] Capacity Augmentation Project,Ministry of Petroleum & Natural Gas,617837,-,-,West Bengal,11/2021,11/2021,12/2025,09/2026,484.0,484.0,310.0,87.9,April 2026,77
453,Ministry of Petroleum & Natural Gas,Oil & Gas,Haldia Panagarh Pipeline Project,Hindustan Petroleum Corporation Limited,709753,N16000478,-,West Bengal,11/2022,11/2022,11/2025,05/2026,1010.0,1107.0,846.32,95.0,April 2026,77
454,Ministry of Petroleum & Natural Gas,Oil & Gas,"CGD Project in Malda, Birbhum, Murshidabad, Dakshin Dinajpur GA ID 11A.03",Hindustan Petroleum Corporation Limited,709758,N16000498,-,West Bengal,06/2022,06/2022,06/2030,06/2030,2628.0,2628.0,388.06,36.3,April 2026,77
455,Ministry of Petroleum & Natural Gas,Oil & Gas,"City Gas Distribution Project at East Mednipore, West Mednipore & Jhargram Districts",MinistryofPetroleumNaturalGas,709772,N16000491,-,West Bengal,03/2022,03/2022,06/2031,06/2031,609.0,609.0,62.42,2.8,April 2026,77
456,Ministry of Petroleum & Natural Gas,Oil & Gas,City Gas Distribution Projects at Alipurduar and Cooch Behar,Bharat Petroleum Corporation Limited [BPCL],709791,N16000522,-,West Bengal,12/2022,12/2022,03/2030,03/2030,1017.0,1017.0,227.8,43.6,April 2026,77
457,Ministry of Health & Family Welfare,Healthcare,AIIMS Darbhanga,PMSSY AND Institute of NATIONAL Importance,701172,-,3216,Bihar,09/2020,09/2020,09/2024,-,1264.0,1264.0,0.0,0.0,April 2026,77
458,Ministry of Health & Family Welfare,Healthcare,Establishment of new GMC Jamui,"Medical Education, Ministry of Health and Family Welfare",707020,-,10127,Bihar,03/2019,10/2022,10/2025,-,250.0,500.0,102.21,50.0,April 2026,77
459,Ministry of Health & Family Welfare,Healthcare,Establishment of new GMC Korba,"Medical Education, Ministry of Health and Family Welfare",707044,-,-,Chhattisgarh,02/2023,10/2023,12/2026,-,325.0,322.85,177.49,54.0,April 2026,77
460,Ministry of Health & Family Welfare,Healthcare,Establishment of new GMC Mahasamund,"Medical Education, Ministry of Health and Family Welfare",707045,-,-,Chhattisgarh,10/2023,10/2023,05/2026,-,325.0,325.0,321.5,82.0,April 2026,77
461,Ministry of Health & Family Welfare,Healthcare,Establishment of new GMC Kanker,"Medical Education, Ministry of Health and Family Welfare",707046,-,-,Chhattisgarh,02/2020,09/2024,03/2027,-,325.0,325.0,35.0,59.0,April 2026,77
462,Ministry of Health & Family Welfare,Healthcare,"Setting up IT Infrastructure including Network Security and Hosting at AIIMS, New Delhi",PMSSY AND Institute of NATIONAL Importance,617882,-,-,Delhi,09/2025,09/2025,09/2026,-,358.19,358.19,0.0,0.0,April 2026,77
463,Ministry of Health & Family Welfare,Healthcare,"Redevelopment of Residential colonies at Ayur Vigyan Nagar and West Ansari Nagar campuses of AIIMS, New Delhi",PMSSY AND Institute of NATIONAL Importance,617883,-,10791,Delhi,10/2016,06/2022,06/2027,-,4441.0,4441.0,24.68,61.0,April 2026,77
464,Ministry of Health & Family Welfare,Healthcare,AIIMS Rajkot,PMSSY AND Institute of NATIONAL Importance,701170,-,3219,Gujarat,01/2019,01/2019,03/2026,03/2026,1195.0,1195.0,775.6,93.7,April 2026,77
465,Ministry of Health & Family Welfare,Healthcare,Establishment of new GMC Panchmahal,"Medical Education, Ministry of Health and Family Welfare",707049,-,10708,Gujarat,09/2022,09/2022,03/2026,-,325.0,663.5,455.34,87.5,April 2026,77
466,Ministry of Health & Family Welfare,Healthcare,Establishment of new GMC Porbandar,"Medical Education, Ministry of Health and Family Welfare",707050,-,10710,Gujarat,04/2022,10/2022,09/2024,-,325.0,618.98,934.64,78.0,April 2026,77
467,Ministry of Health & Family Welfare,Healthcare,AIIMS Majra Rewari Haryana,PMSSY AND Institute of NATIONAL Importance,701173,N21000032,4799,Haryana,02/2019,02/2019,12/2026,12/2026,1299.0,1646.43,651.42,57.2,April 2026,77
468,Ministry of Health & Family Welfare,Healthcare,AIIMS Kashmir at Awantipora Jammu & Kashmir,PMSSY AND Institute of NATIONAL Importance,701167,N28000150,3209,Jammu and Kashmir,01/2019,03/2019,12/2025,12/2026,1828.0,2160.84,1545.05,76.0,April 2026,77
469,Ministry of Health & Family Welfare,Healthcare,Establishment of new GMC Koderma,"Medical Education, Ministry of Health and Family Welfare",707021,-,10126,Jharkhand,09/2023,02/2024,08/2026,-,250.0,504.8,270.0,40.0,April 2026,77
470,Ministry of Health & Family Welfare,Healthcare,Establishment of new GMC Chaibasa [Singhbhum],"Medical Education, Ministry of Health and Family Welfare",707022,-,-,Jharkhand,06/2018,03/2023,09/2025,-,250.0,454.1,64.0,57.0,April 2026,77
471,Ministry of Health & Family Welfare,Healthcare,Establishment of new GMC Rajgarh,"Medical Education, Ministry of Health and Family Welfare",707058,-,-,Madhya Pradesh,12/2021,11/2022,04/2024,-,325.0,325.0,178.0,84.0,April 2026,78
472,Ministry of Health & Family Welfare,Healthcare,Establishment of new GMC Mandla,"Medical Education, Ministry of Health and Family Welfare",707059,-,-,Madhya Pradesh,08/2023,10/2023,04/2026,-,325.0,325.0,82.41,43.0,April 2026,78
473,Ministry of Health & Family Welfare,Healthcare,Establishment of new GMC Kapurthala,"Medical Education, Ministry of Health and Family Welfare",707069,-,11345,Punjab,11/2019,07/2027,12/2028,-,325.0,550.0,0.0,0.0,April 2026,78
474,Ministry of Health & Family Welfare,Healthcare,Establishment of new GMC Hoshiarpur,"Medical Education, Ministry of Health and Family Welfare",707070,-,-,Punjab,01/2020,03/2026,12/2028,-,325.0,374.75,1.0,1.0,April 2026,78
475,Ministry of Health & Family Welfare,Healthcare,Establishment of new GMC Gangtok,"Medical Education, Ministry of Health and Family Welfare",707039,-,11583,Sikkim,10/2018,12/2018,12/2026,-,250.0,635.21,666.21,92.0,April 2026,78
476,Ministry of Health & Family Welfare,Healthcare,ALL India Institute of Medical Sciences-AIIMS Madurai,PMSSY AND Institute of NATIONAL Importance,701168,-,4797,Tamil Nadu,12/2018,12/2018,08/2022,10/2026,1264.0,2021.51,485.02,48.0,April 2026,78
477,Ministry of Health & Family Welfare,Healthcare,AIIMS Bibinagar,PMSSY AND Institute of NATIONAL Importance,701171,N21000031,3220,Telangana,12/2018,07/2022,06/2026,06/2026,1028.0,1365.95,989.98,87.21,April 2026,78
478,Ministry of Health & Family Welfare,Healthcare,Establishment of new GMC Rudrapur,"Medical Education, Ministry of Health and Family Welfare",707086,-,-,Uttarakhand,10/2022,02/2024,12/2026,-,325.0,325.0,272.0,60.0,April 2026,78
479,Ministry of Health & Family Welfare,Healthcare,Establishment of new GMC Pithoragarh,"Medical Education, Ministry of Health and Family Welfare",707087,-,11579,Uttarakhand,08/2021,04/2023,12/2026,-,325.0,768.89,325.08,84.0,April 2026,78
480,Ministry of Labour and Employment,Healthcare,"Construction of 350 beds + 50 Super Specialty beds ESIC Hospital Sheelanagar, Visakhapatnam, Andhra Pradesh",Employee's State Insurance Company [ESIC],612167,-,5506,Andhra Pradesh,02/2021,04/2023,10/2025,03/2026,384.27,384.27,253.37,88.0,April 2026,78
481,Ministry of Labour and Employment,Healthcare,"Construction of 200 bedded ESIC Hospital with 62 Nos Staff quarters , Beltola",Employee's State Insurance Company [ESIC],612201,-,5630,Assam,12/2017,10/2021,04/2025,06/2026,143.23,154.75,130.08,98.0,April 2026,78
482,Ministry of Labour and Employment,Healthcare,350 Bedded [Upgradable to 500 beds] ESI Hospital at Sanand,Employee's State Insurance Company [ESIC],612186,-,5504,Gujarat,06/2022,04/2023,03/2026,05/2027,558.12,558.12,55.81,21.0,April 2026,78
483,Ministry of Labour and Employment,Healthcare,"Demolition, Construction and upgradation of ESI Hospital, Kalol, Gujarat from 50 beds to 150 beds.",Employee's State Insurance Company [ESIC],612211,-,5628,Gujarat,08/2022,10/2023,10/2025,11/2026,205.87,205.87,51.74,46.0,April 2026,78
484,Ministry of Labour and Employment,Healthcare,"Construction of 200 bed ESI Hospital at Bommasandra, Karnataka",Employee's State Insurance Company [ESIC],612745,-,5614,Karnataka,02/2015,10/2024,01/2027,05/2027,278.0,278.0,68.23,23.0,April 2026,78
485,Ministry of Labour and Employment,Healthcare,"Construction of 100 bed ESI Hospital and Staff Quarters [32 Nos.] at Harohalli, Karnataka",Employee's State Insurance Company [ESIC],612748,-,5560,Karnataka,07/2019,03/2025,02/2027,-,150.92,150.92,6.76,10.0,April 2026,78
486,Ministry of Labour and Employment,Healthcare,"Construction of 200 Bedded [Upgradable to 500 Bedded including 50 beds of SST] ESIC Hospital at Bibewadi, Pune",Employee's State Insurance Company [ESIC],612188,-,5505,Maharashtra,05/2018,03/2023,09/2025,08/2026,429.25,429.25,341.9,78.0,April 2026,78
487,Ministry of Labour and Employment,Healthcare,"Construction of 200 Bedded ESIC Hospital at Butibori, Nagpur, Maharashtra.",Employee's State Insurance Company [ESIC],612213,-,5627,Maharashtra,10/2013,08/2022,08/2025,09/2026,194.93,196.7,114.39,65.5,April 2026,78
488,Ministry of Labour and Employment,Healthcare,"Upgradation & Extension of ESIC Hospital and Construction of PG Hostel / Staff Housing for ESIC Hospital at Andheri, Mumbai",Employee's State Insurance Company [ESIC],616691,-,7339,Maharashtra,12/2008,06/2009,08/2025,09/2026,260.13,260.13,216.46,89.0,April 2026,78
489,Ministry of Labour and Employment,Healthcare,"Construction of 100 Bedded ESI Hospital at Duburi, Odisha.",Employee's State Insurance Company [ESIC],612513,-,5583,Odisha,12/2010,02/2025,06/2027,-,164.6,164.6,16.4,7.2,April 2026,78
490,Ministry of Labour and Employment,Healthcare,CONSTRUCTION OF 300 BEDDED HOSPITAL AT HARIDWAR,Employee's State Insurance Company [ESIC],612259,-,5623,Uttarakhand,02/2021,12/2021,10/2024,03/2026,102.4,297.63,334.86,84.0,April 2026,78
491,"Ministry of Ports, Shipping and Waterways",Inland Waterways,Jal Marg Vikas Project,Inland Waterways Authority of India [IWAI],701565,N25000072,2959,"Multi-States (Bihar, Jharkhand, Uttar Pradesh, West Bengal)",01/2018,02/2018,12/2023,12/2025,5369.18,5061.15,3990.06,81.2,April 2026,79
492,"Ministry of Ports, Shipping and Waterways",Shipping,"Development of Container Terminal at Tuna-Tekra, Deendayal Port on BOT Basis Under PPP Mode",Deendayal Port Trust,609424,-,7514,Gujarat,10/2022,03/2024,03/2027,09/2027,4243.64,4243.64,2244.0,60.0,April 2026,79
493,"Ministry of Ports, Shipping and Waterways",Shipping,"Replacement and revamping of pipeline projects in oil jetty area, Kandla",Deendayal Port Trust [DPT],701570,-,-,Gujarat,09/2021,09/2021,09/2023,03/2025,171.0,211.61,149.5,91.0,April 2026,79
494,"Ministry of Ports, Shipping and Waterways",Shipping,Mechanization of Berth No.14 for handling Containers and other cargo on DBFOT basis - Phase II,New Mangalore Port Authority,617804,-,-,Karnataka,12/2023,06/2024,03/2027,-,153.23,153.23,58.93,58.0,April 2026,79
495,"Ministry of Ports, Shipping and Waterways",Shipping,Rewas Port Project,Reliance Industries Ltd,400382,-,551,Maharashtra,12/2019,01/2020,03/2023,-,6000.0,6000.0,5999.89,88.0,April 2026,79
496,"Ministry of Ports, Shipping and Waterways",Shipping,Deepening and Optimization of Inner Harbour facilities including development of Western Dock on BOT basis to handle Cape size vessels,Paradip Port Trust [PPT],701574,-,2250,Odisha,05/2022,01/2023,12/2027,10/2028,3004.63,3004.63,2117.12,70.0,April 2026,79
497,"Ministry of Ports, Shipping and Waterways","Tourism, Hospitality & Wellness",National Maritime Heritage Complex [NMHC] Phase-I,Indian Port Rail & Ropeway Corporation Ltd. [IPRCL],707215,-,3109,Gujarat,02/2019,01/2022,03/2024,03/2026,573.0,1238.05,614.91,76.12,April 2026,79
498,Department for Promotion of Industry & Internal Trade,Logistics Infrastructure,Integrated Multi Modal Logistics Hub at Nangal Chaudhary in Haryana - Other Trunk Infrastructure Development Phase 1,National Highways & Infrastructure Development Corporation Ltd. [NHIDCL],707410,-,4123,Haryana,05/2018,12/2021,12/2023,05/2028,763.0,763.0,430.0,60.0,April 2026,79
499,Department for Promotion of Industry & Internal Trade,Real Estate,Orvakal Industrial Area,NICDC,617727,-,9936,Andhra Pradesh,08/2024,10/2025,10/2028,-,2786.0,2786.0,112.0,6.14,April 2026,79
500,Department for Promotion of Industry & Internal Trade,Real Estate,Kopparthy Industrial Area,NICDC,617729,-,9937,Andhra Pradesh,08/2024,10/2025,10/2028,-,2136.0,2136.0,39.75,3.0,April 2026,79
501,Department for Promotion of Industry & Internal Trade,Real Estate,Krishnapatnam Node - Phase 1 - Roads and Services Development,National Industrial Corridor Development Corporation,701658,-,4122,Andhra Pradesh,12/2020,02/2024,02/2028,-,2139.44,2139.44,814.26,39.14,April 2026,79
502,Department for Promotion of Industry & Internal Trade,Real Estate,Tumakuru Node - Phase 1 - Roads and Services Development,National Highways & Infrastructure Development Corporation Ltd. [NHIDCL],701657,-,4121,Karnataka,12/2020,02/2023,09/2026,-,1701.81,1701.81,278.35,23.18,April 2026,79
503,Department for Promotion of Industry & Internal Trade,Real Estate,Development of Palakkad Node under extension of CBIC to Kochi,National Industrial Corridor Development Corporation,701668,-,9941,Kerala,08/2024,10/2025,04/2029,-,3805.0,3805.0,0.0,1.0,April 2026,79
504,Department for Promotion of Industry & Internal Trade,Real Estate,Development of Zaheerabad Node under Hyderabad Nagpur Industrial Corridor,National Industrial Corridor Development Corporation,601812,-,9939,Telangana,08/2024,02/2026,01/2029,-,2360.0,2360.0,0.0,0.3,April 2026,79
505,Department for Promotion of Industry & Internal Trade,Real Estate,IMC at Prayagraj,National Industrial Corridor Development Corporation,707419,-,9938,Uttar Pradesh,08/2024,04/2026,12/2028,-,658.0,658.0,0.0,6.5,April 2026,79
506,Ministry of Steel,Metals & Mining,Capacity expansion of Deposit-14 and 14 NMZ at Kirandul,National Mineral Development Corporation Limited [NMDC],615202,-,6244,Chhattisgarh,08/2021,07/2022,12/2028,03/2028,1700.0,1756.2,258.41,20.3,April 2026,79
507,Ministry of Steel,Steel,Replacement of Hot Leveller No.1 of Plate Mill at Bhilai Steel Plant,Steel Authority of India Limited [SAIL],617243,N12000137,-,Chhattisgarh,07/2024,08/2024,07/2026,-,198.62,198.62,75.16,79.73,April 2026,80
508,Ministry of Steel,Steel,"Replacement of Converter Vessels, Trunnion Rings, Support System & Installation of Secondary Emission at Bhilai Steel Plant",Steel Authority of India Limited [SAIL],617255,N12000131,-,Chhattisgarh,10/2023,12/2023,06/2026,-,471.83,471.83,239.59,67.07,April 2026,80
509,Ministry of Steel,Steel,Rebuilding of Coke Oven Battery No.7 & 8 at Bhilai Steel Plant,Steel Authority of India Limited [SAIL],617256,N12000133,-,Chhattisgarh,11/2023,01/2024,10/2025,03/2026,884.1,884.1,601.25,89.99,April 2026,80
510,Ministry of Steel,Steel,NMDC Slurry Pipeline Project Phase-1,National Mineral Development Corporation Limited [NMDC],706811,N12000124,870,Chhattisgarh,11/2015,09/2020,06/2023,05/2026,2907.0,5427.0,3607.64,94.1,April 2026,80
511,Ministry of Steel,Steel,SCREENING PLANT-III AT KIRANDUL,National Mineral Development Corporation Limited [NMDC],709826,N12000127,-,Chhattisgarh,01/2009,10/2021,01/2026,07/2027,2718.84,2718.84,1524.61,82.17,April 2026,80
512,Ministry of Steel,Steel,"New Sinter Plant at BSL, SAIL",Steel Authority of India Limited [SAIL],400174,N12000095,3020,Jharkhand,03/2015,10/2015,10/2017,06/2027,1034.01,1752.3,980.24,59.78,April 2026,80
513,Ministry of Steel,Steel,Replacement of existing Grinders in CRM-I & II at Bokaro Steel Plant,Steel Authority of India Limited [SAIL],617249,N12000142,-,Jharkhand,01/2025,02/2025,01/2027,-,211.94,211.94,58.64,47.5,April 2026,80
514,Ministry of Steel,Steel,Secondary Emission Control in Converters of SMS-II at Bokaro Steel Plant,Steel Authority of India Limited [SAIL],617250,N12000143,-,Jharkhand,01/2025,02/2025,10/2026,-,207.13,207.13,57.34,39.92,April 2026,80
515,Ministry of Steel,Steel,Revamping of old sub-systems of Blast Furnace 3 at Bokaro Steel Plant,Steel Authority of India Limited [SAIL],617253,N12000129,9899,Jharkhand,08/2023,10/2023,07/2025,05/2026,513.82,513.82,408.4,97.3,April 2026,80
516,Ministry of Steel,Steel,Replacement of remaining 04 sets of Battery Cyclones with 04 Nos. of ESPs in Sinter Plant-1 at Bokaro Steel Plant,Steel Authority of India Limited [SAIL],617254,N12000134,-,Jharkhand,03/2024,04/2024,06/2026,04/2027,260.37,260.37,102.86,44.17,April 2026,80
517,Ministry of Steel,Steel,Rebuilding of Coke Oven Battery No.6 at Bokaro Steel Plant,Steel Authority of India Limited [SAIL],617257,N12000135,-,Jharkhand,11/2023,12/2023,11/2026,-,627.31,627.31,330.82,61.84,April 2026,80
518,Ministry of Steel,Steel,"Construction of Screening Plant-II for Donimalai and Kumaraswamy Iron Ore Mining Complex of NMDC Limited at Ballari Dt, Karnataka.",National Mineral Development Corporation Limited [NMDC],400121,N12000136,3282,Karnataka,11/2014,06/2024,08/2026,-,1043.63,1043.63,609.8,63.1,April 2026,80
519,Ministry of Steel,Steel,Rebuilding of COB 4 at Durgapur Steel Plant,Steel Authority of India Limited [SAIL],612781,N12000132,5635,West Bengal,09/2023,09/2023,12/2026,09/2027,916.78,916.78,206.54,33.66,April 2026,80
520,Ministry of Steel,Steel,Installation of New Bar Mill at Durgapur Steel Plant,Steel Authority of India Limited [SAIL],617242,N12000138,9902,West Bengal,07/2024,08/2024,06/2027,-,2115.44,2115.44,564.14,57.55,April 2026,80
521,Ministry of Steel,Steel,Up-gradation of Blast Furnace No. 3 at Durgapur Steel Plant,Steel Authority of India Limited [SAIL],617246,N12000139,9900,West Bengal,09/2024,10/2024,06/2026,10/2027,758.09,758.09,219.33,38.12,April 2026,80
522,Ministry of Steel,Steel,Third Ladle Furnace in Secondary Refinery Unit at IISCO Steel Plant,Steel Authority of India Limited [SAIL],617248,N12000141,-,West Bengal,11/2024,12/2024,07/2026,-,227.96,227.96,75.66,66.37,April 2026,80
523,Ministry of Steel,Steel,Revamping of Air Pollution Control Systems of SP-1 at Durgapur Steel Plant,Steel Authority of India Limited [SAIL],617251,N12000140,-,West Bengal,07/2024,12/2024,05/2026,-,196.4,196.4,35.36,24.8,April 2026,80
524,Ministry of Steel,Steel,Stamp Charge Battery No.12 Battery Proper at IISCO Steel Plant,Steel Authority of India Limited [SAIL],617338,-,9892,West Bengal,01/2025,02/2025,07/2028,-,2518.39,2518.39,375.65,22.5,April 2026,80
525,Ministry of Railways,Railways,Nadikudi - Srikalahasti New Line,South Central Railway [SCR] - II,400298,N22000286,1204,Andhra Pradesh,03/2012,12/2016,05/2027,03/2028,2312.0,5932.0,3069.35,55.01,April 2026,80
526,Ministry of Railways,Railways,GOOTY-PENDEKALLU DOUBLING 29.225 Km,South Central Railway [SCR] - II,611752,N22000585,-,Andhra Pradesh,03/2023,06/2023,03/2027,03/2027,351.83,351.83,330.25,3.03,April 2026,80
527,Ministry of Railways,Railways,GUNTAKAL WEST-MALLAPPA GATE RAIL OVER RAIL - ROR TRACK,South Central Railway [SCR] - II,611754,-,-,Andhra Pradesh,07/2023,07/2023,07/2026,-,293.3,293.3,267.51,0.23,April 2026,80
528,Ministry of Railways,Railways,Kurnool - Setting up facilities for coach midlife rehabilitation workshop,WPO/Patna,611927,-,5430,Andhra Pradesh,01/2014,10/2017,12/2023,-,560.72,560.72,276.66,65.0,April 2026,81
529,Ministry of Railways,Railways,Flyover between Pendurthi and Simhachalam North to avoid surface crossing at Simhachalam 7.135 km PB 73 of 2023 24 NR,East Coast Railway [ECoR] - II,612827,-,-,Andhra Pradesh,04/2023,05/2024,04/2027,-,183.65,183.65,14.79,15.0,April 2026,81
530,Ministry of Railways,Railways,3rd & 4th line between Vadlapudi -Gate Jn. cabin and Tie line between Gate Junction to Gangavaram port,East Coast Railway [ECoR] - II,616697,-,-,Andhra Pradesh,04/2023,03/2024,06/2026,-,154.28,154.28,58.16,75.0,April 2026,81
531,Ministry of Railways,Railways,Tiupati Katpadi 104.39 kms,South Central Railway [SCR] - II,617210,-,7532,Andhra Pradesh,04/2025,04/2025,03/2029,-,1215.56,1215.56,0.16,0.05,April 2026,81
532,Ministry of Railways,Railways,3rd Line between Gudur Renigunta 83.17 Km,South Central Railway [SCR] - II,617216,-,7545,Andhra Pradesh,10/2024,10/2024,03/2027,-,877.34,877.34,205.35,0.16,April 2026,81
533,Ministry of Railways,Railways,Kurnool Coach Midlife Rehabilitation Project,South Central Railway [SCR] - II,705253,-,-,Andhra Pradesh,05/2016,07/2014,12/2020,12/2026,563.0,560.72,949.34,75.0,April 2026,81
534,Ministry of Railways,Railways,Kotapalli - Narasapur New Line,South Central Railway [SCR] - II,705436,220100265,1800,Andhra Pradesh,03/2009,09/2013,03/2028,03/2028,2501.0,2501.0,1417.65,30.01,April 2026,81
535,Ministry of Railways,Railways,Guntur-Guntakal Doubling Project,South Central Railway [SCR] - II,705633,N22000368,1799,Andhra Pradesh,03/2017,11/2017,12/2025,12/2026,3733.0,4295.0,5523.6,94.01,April 2026,81
536,Ministry of Railways,Railways,Vijaywada-Gudur 3rd Line,RVNL - II,705648,N22000369,1873,Andhra Pradesh,08/2016,04/2018,11/2024,03/2026,6654.0,6654.0,6170.32,96.0,April 2026,81
537,Ministry of Railways,Railways,Furkating-New Tinsukia[194 Km],Northeast Frontier Railway [NFR],618986,-,10768,Assam,09/2025,09/2025,06/2029,-,3633.58,3633.58,0.0,0.0,April 2026,81
538,Ministry of Railways,Railways,Doubling of New Bonggigaon to Kamakhya via Goalpara - 176 km,Northeast Frontier Railway [NFR],705572,N22000388,1796,Assam,09/2016,09/2016,03/2026,03/2026,4060.0,4961.0,3797.35,95.13,April 2026,81
539,Ministry of Railways,Railways,Guwahati-Dibrugarh via Tinsukia & Simaluguri-Dibrugarh,Central Organisation for Railway Electrification [CORE],706922,-,3221,Assam,09/2020,09/2018,09/2020,06/2024,890.36,889.36,391.73,89.0,April 2026,81
540,Ministry of Railways,Railways,"Mariani-Jorhat, Tinsukia-Dangri and Makum -TirapTrack Electrification Project",GM/C/ NFR,706940,-,-,Assam,09/2018,01/2022,05/2024,-,183.99,183.99,0.0,0.0,April 2026,81
541,Ministry of Railways,Railways,Harmuty-Murkongselek Branch Line Electrification Project,GM/C/ NFR,706942,-,-,Assam,09/2018,01/2022,05/2024,-,237.52,237.52,0.0,0.0,April 2026,81
542,Ministry of Railways,Railways,Sakri -Hasanpur [via Harnagar - Kusheshwar Asthan] New Railway line,East Central Railway [ECR] - I,400254,-,1731,Bihar,12/2023,08/1997,12/2024,03/2027,735.2,735.2,589.37,84.2,April 2026,81
543,Ministry of Railways,Railways,Construction of Bulb line at Nabinagar Ankorah of East Central Railway,East Central Railway [ECR] - I,617231,-,9908,Bihar,06/2024,06/2024,06/2028,-,611.74,611.74,0.0,0.0,April 2026,81
544,Ministry of Railways,Railways,Doubling of Narkatiaganj Raxaul Sitamarhi Darbhanga & Sitamarhi Muzaffarpur 256 KM,East Central Railway [ECR] - I,617239,-,9904,Bihar,11/2024,11/2025,11/2029,-,4079.95,4079.95,2.67,0.0,April 2026,81
545,Ministry of Railways,Railways,Khagaria-Kusheshwar Asthan [42Km] new line project,East Central Railway [ECR] - I,705364,220100257,1883,Bihar,04/2019,12/1998,12/2024,03/2027,614.0,1384.16,491.2,55.7,April 2026,81
546,Ministry of Railways,Railways,Hajipur-Sagauli New line,East Central Railway [ECR] - I,705366,220100303,1729,Bihar,10/2007,10/2004,03/2020,06/2027,2067.0,2087.0,2084.14,75.3,April 2026,81
547,Ministry of Railways,Railways,Araria Supaul New BG Line,East Central Railway [ECR] - I,705368,N22000177,2265,Bihar,06/2018,03/2009,03/2024,01/2027,1605.0,2514.0,1711.89,46.7,April 2026,81
548,Ministry of Railways,Railways,"Fatuha-Islampur incl. MM for extn.of NL from Neora to Daniawan , Daniawan to Biharsharif, Biharsharif to Barbigha , Barbigha to Shekhpura",East Central Railway [ECR] - I,705373,N22000476,2260,Bihar,08/2002,03/2002,03/2023,08/2025,1473.0,2882.0,2641.14,98.0,April 2026,81
549,Ministry of Railways,Railways,Jogbani-Biratnagar New Rail Line project,Indian Railway Construction International Limited [IRCON],705450,N22000207,1904,Bihar,06/2010,01/2011,03/2022,12/2026,402.0,486.0,369.28,86.26,April 2026,81
550,Ministry of Railways,Railways,Samastipur-Darbhanga Doubling Railway Project,East Central Railway [ECR] - I,705526,N22000329,2308,Bihar,11/2015,12/2015,03/2025,10/2025,519.0,519.0,401.84,97.0,April 2026,82
551,Ministry of Railways,Railways,Sagauli-Valmiknagar,East Central Railway [ECR] - I,705527,N22000472,2309,Bihar,03/2018,03/2017,12/2025,12/2025,1216.0,2222.0,2097.52,92.8,April 2026,82
552,Ministry of Railways,Railways,Muzaffarpur-Sugauli,East Central Railway [ECR] - I,705528,N22000473,2310,Bihar,03/2018,03/2017,06/2024,06/2026,1586.0,1586.0,1494.93,99.0,April 2026,82
553,Ministry of Railways,Railways,Rampur Dumra-Tal-Rajendrapul Additional Bridge and Railway Line Doubling,Indian Railway Construction International Limited [IRCON],706759,N22000350,1753,Bihar,03/2016,05/2017,12/2024,12/2025,2373.64,1700.24,1610.45,98.5,April 2026,82
554,Ministry of Railways,Railways,Barauni-Bachwara [16 km] - 3rd & 4th line incl. Barauni yard remodelling [32 km],East Central Railway [ECR] - I,706860,N22000524,9923,Bihar,10/2022,08/2025,08/2025,10/2026,645.0,645.0,47.53,56.7,April 2026,82
555,Ministry of Railways,Railways,JHAJHA - BATIA,East Central Railway [ECR] - I,900874,-,9901,Bihar,03/2023,03/2023,03/2028,01/2030,588.18,588.18,2.38,0.1,April 2026,82
556,Ministry of Railways,Railways,Kharsia-Dharamjaygarh with Spur line [East Corridor-Phase 1],Indian Railway Construction International Limited [IRCON],400220,N22000489,2094,Chhattisgarh,03/2016,01/2014,09/2018,12/2026,3055.0,3798.06,2695.19,95.1,April 2026,82
557,Ministry of Railways,Railways,Doubling of Kirandul-Jagdalpur Line [150 km],East Coast Railway [ECoR] - II,400291,N22000318,1456,Chhattisgarh,02/2013,03/2013,03/2020,04/2027,1589.0,1798.0,1656.54,97.6,April 2026,82
558,Ministry of Railways,Railways,Gauge Conversion of Kendri-Dhamtari including Abhanpur - Rajim Branch line 67.20 Kms - 2nd Material Modification to Raipur Titlagarh doubling.,SECR,602792,N22000572,9922,Chhattisgarh,07/2011,05/2021,02/2025,06/2026,1171.0,1171.0,404.58,100.0,April 2026,82
559,Ministry of Railways,Railways,4th line between Nipania Bhatapara 14.4 Km,South East Central Railway [SECR] - II,612815,N22000573,-,Chhattisgarh,12/2022,05/2024,03/2027,-,170.49,170.49,9.56,15.0,April 2026,82
560,Ministry of Railways,Railways,KHARSIA- NAYA RAIPUR-PARMALKASA 5th and 6th Line [278KM],CAO/C/SECR,617200,-,7527,Chhattisgarh,04/2025,04/2025,03/2031,-,7853.84,7853.84,0.64,0.0,April 2026,82
561,Ministry of Railways,Railways,"Dallirajhara - Rowghat New Rail Line Project, Phase-I",Rail Vikas Nigam Limited,617374,N22000602,-,Chhattisgarh,07/2009,11/2009,03/2025,02/2026,1516.45,1881.26,2124.32,98.0,April 2026,82
562,Ministry of Railways,Railways,Dallirajhra- Rowghat New Railway Line - Phase I [95 km],Rail Vikas Nigam Limited,705433,-,386,Chhattisgarh,07/2009,12/2009,09/2025,12/2025,1628.0,1628.0,1440.85,82.0,April 2026,82
563,Ministry of Railways,Railways,Gevra Road-Pendra Road New Railway Line [135 km],Indian Railway Construction International Limited [IRCON],705444,-,2095,Chhattisgarh,04/2014,04/2014,03/2022,12/2026,4970.0,7448.52,5152.72,82.0,April 2026,82
564,Ministry of Railways,Railways,Boridand - Ambikapur Doubling Line Project,South East Central Railway [SECR] - II,706854,N22000580,-,Chhattisgarh,06/2022,04/2022,06/2030,06/2030,1376.0,1576.72,258.97,27.0,April 2026,82
565,Ministry of Railways,Railways,4TH LINE - BHATAPARA-HATHBAND [8.8 KM] [PB-72/NR/2022-23],SECR,709815,N22000574,-,Chhattisgarh,09/2022,05/2024,01/2027,12/2027,177.03,177.03,4.8,16.0,April 2026,82
566,Ministry of Railways,Railways,4TH LINE - BHILAI-BHILAI NAGAR [8.8 KM] [PB-72/NR/2022-23],SECR,709816,N22000575,-,Chhattisgarh,09/2022,05/2024,02/2027,02/2027,177.34,177.34,1.91,7.0,April 2026,82
567,Ministry of Railways,Railways,4TH LINE - DADHAPARA-BELHA [9.2 KM] [PB-72/NR/2022-23],SECR,709817,N22000576,-,Chhattisgarh,09/2022,05/2024,11/2026,11/2026,169.06,169.06,22.52,65.0,April 2026,82
568,Ministry of Railways,Railways,4TH LINE RAJNANDGAON-DONGARHGARH [31.2 KM] [PB-72/NR/2022-23],SECR,709818,N22000577,-,Chhattisgarh,09/2022,05/2024,01/2027,01/2027,328.34,328.34,78.66,33.0,April 2026,82
569,Ministry of Railways,Railways,3RD AND 4TH LINE - SARAGBUNDIA AND MADWARANI,SECR,709819,N22000579,-,Chhattisgarh,09/2022,05/2025,12/2026,12/2026,167.64,167.64,20.13,8.0,April 2026,82
570,Ministry of Railways,Railways,Redevelopment of New Delhi Railway Station and construction of associated infrastructure,Rail Land Development Authority,613785,-,6133,Delhi,01/2023,06/2024,12/2028,-,4744.0,4744.0,257.53,3.0,April 2026,82
571,Ministry of Railways,Railways,Development of New Bijwasan Railway Terminal,Northern Railways,617379,-,-,Delhi,02/2008,03/2013,03/2020,12/2026,446.21,446.21,553.14,80.0,April 2026,82
572,Ministry of Railways,Railways,Anand Vihar-Tilak Bridge 3rd & 4th line,CAO/C/NR,705583,N22000281,2336,Delhi,03/2013,03/2013,03/2023,12/2027,667.0,667.0,312.74,23.0,April 2026,83
573,Ministry of Railways,Railways,Chandargaon - Cansaulium Rail Flyover Project [16 Km],South Western Railway [SWR] - II,706865,-,6111,Goa,NA,04/2026,03/2031,-,1892.0,1892.0,0.0,0.0,April 2026,83
574,Ministry of Railways,Railways,Kosamba Umarpada 70 Km,PCE/WR,611918,-,-,Gujarat,07/2023,07/2022,03/2027,-,468.0,468.0,44.62,9.0,April 2026,83
575,Ministry of Railways,Railways,New Broad Gauge line between Naliya to Jakhau Port,Western Railway [WR] - II,611943,N22000550,-,Gujarat,02/2023,02/2023,01/2028,02/2028,410.26,410.26,11.23,5.0,April 2026,83
576,Ministry of Railways,Railways,Petlad Bhadran 23 Kms,Western Railway,611945,N22000538,-,Gujarat,05/2022,05/2022,05/2030,05/2030,307.11,307.11,18.9,17.0,April 2026,83
577,Ministry of Railways,Railways,Samlaya Timba Road 54 km,PCE/WR,611970,N22000540,5448,Gujarat,02/2023,02/2023,03/2030,03/2030,670.17,670.17,45.86,12.0,April 2026,83
578,Ministry of Railways,Railways,Samni Jambusar 24 km,PCE/WR,611971,N22000541,-,Gujarat,05/2022,05/2022,03/2030,03/2030,350.0,349.93,71.06,31.0,April 2026,83
579,Ministry of Railways,Railways,Western Railway Samakhiali Gandhidham Quadrupiling 53 Kms,Western Railway [WR] - II,611974,-,5449,Gujarat,08/2023,08/2023,12/2026,12/2027,1430.0,1430.0,519.4,35.0,April 2026,83
580,Ministry of Railways,Railways,Dahod Creation of Infrastructure facilities for 9000 HP Electric locomotives Manufacturing at,PCE/WR,611977,-,-,Gujarat,05/2022,02/2023,02/2025,-,487.0,487.0,222.88,53.0,April 2026,83
581,Ministry of Railways,Railways,Dahod Rolling Stock Workshop Provision of Infrastructure for CBS at,PCE/WR,611978,-,-,Gujarat,11/2022,03/2023,03/2025,-,158.0,158.0,51.87,10.0,April 2026,83
582,Ministry of Railways,Railways,Sabarmati Setting up of Maintenance Facilities for Train Sets Phase ii,Western Railway [WR] - II,611979,-,-,Gujarat,01/2023,04/2023,06/2025,05/2026,250.0,250.0,181.53,88.0,April 2026,83
583,Ministry of Railways,Railways,4th LINE BETWEEN BAREJADI NANDEJ-SANAND-AHMEDABAD BYPASS,Western Railway WR - II,612072,N22000532,5465,Gujarat,02/2023,02/2023,03/2027,07/2028,961.67,961.67,507.6,21.0,April 2026,83
584,Ministry of Railways,Railways,"Redevelopment of Ahmedabad railway station and associated infrastructure on engineering, procurement and construction mode",Rail Land Development Authority,613786,-,6134,Gujarat,01/2023,11/2023,03/2028,-,2379.0,2379.0,977.35,31.4,April 2026,83
585,Ministry of Railways,Railways,Kosamba Umarpada GC PROJECT,Ministry of Railways-,616983,-,-,Gujarat,07/2023,07/2023,06/2027,-,467.58,467.58,70.54,16.0,April 2026,83
586,Ministry of Railways,Railways,Desalpar-Hajipir-Luna and Vayor-Lakhpat New Line,Western Railway [WR] - II,617880,-,10790,Gujarat,09/2025,09/2025,09/2028,-,2526.47,2526.47,0.0,0.0,April 2026,83
587,Ministry of Railways,Railways,Devbhumi Dwarka [Okha] - Kanalus Doubling,Western Railway [WR] - II,618972,-,10792,Gujarat,12/2025,12/2025,12/2028,-,1456.77,1456.77,0.0,0.0,April 2026,83
588,Ministry of Railways,Railways,Miyagam-Karjan-Dabhoi-Samlaya [GC],Western Railway [WR] - II,705458,N22000142,1781,Gujarat,01/2017,01/2017,03/2021,12/2026,483.88,1039.13,716.47,45.0,April 2026,83
589,Ministry of Railways,Railways,Modasa-Shamlaji Road Railway Line Project,Western Railway WR - II,706757,N22000622,-,Gujarat,09/2012,04/2008,03/2025,03/2026,262.0,262.0,383.67,64.0,April 2026,83
590,Ministry of Railways,Railways,Rajkot - Kanalus Doubling Project [111.2 Kms],Western Railway WR - II,706763,N22000535,3803,Gujarat,10/2021,12/2021,10/2026,06/2026,1080.58,1080.58,952.06,81.0,April 2026,83
591,Ministry of Railways,Railways,NADIAD-PETLAD [37.26 KM],Railway,709812,N22000539,-,Gujarat,05/2022,10/2023,06/2030,06/2030,461.91,461.91,186.78,8.0,April 2026,83
592,Ministry of Railways,Railways,NEW BG LINE INTERSECTION [5 NOS] BETWEEN GERATPUR-SANAND & BOTAD-AHMEDABAD [16.51 KM],Western Railway [WR] - II,709813,N22000551,-,Gujarat,10/2022,07/2025,06/2028,10/2027,437.21,437.21,117.87,21.0,April 2026,83
593,Ministry of Railways,Railways,Bhiwani - Dobh Bahali Doubling Project [42.30 Km],North Western Railway [NWR],611884,N22000604,-,Haryana,02/2023,02/2023,02/2028,02/2028,471.0,471.0,263.12,72.0,April 2026,83
594,Ministry of Railways,Railways,Doubling between Pradhankunta-Patherih-Bhojudih of East Central Railway,East Central Railway [ECR] - I,617372,-,-,Jharkhand,11/2022,11/2022,12/2025,03/2026,349.22,349.22,125.71,71.5,April 2026,84
595,Ministry of Railways,Railways,Koderma-Arigada Doubling 133.38 Km of East Central Railway,East Central Railway [ECR] - I,617832,-,10780,Jharkhand,06/2025,06/2025,12/2029,-,2887.11,2887.11,0.0,0.0,April 2026,84
596,Ministry of Railways,Railways,Parasnath-Madhuban-Giridih new line,East Central Railway [ECR] - I,705747,-,2266,Jharkhand,03/2019,03/2019,03/2024,03/2026,902.86,902.86,0.0,0.1,April 2026,84
597,Ministry of Railways,Railways,Gomoh - Flyover for DN trains,East Central Railway [ECR] - I,705765,N22000611,2019,Jharkhand,01/2018,01/2018,03/2026,03/2026,686.0,686.0,631.52,66.5,April 2026,84
598,Ministry of Railways,Railways,Lodhma - Piska - Link Line bypassing Hatia/Ranchi with Y connection,South Eastern Railway [SER] - I,705785,N22000508,2397,Jharkhand,08/2021,03/2019,06/2026,05/2027,473.0,473.0,306.22,10.0,April 2026,84
599,Ministry of Railways,Railways,Pradhan Kuntha Jn Line Doubling Project,East Central Railway [ECR] - I,706837,N22000529,-,Jharkhand,11/2022,11/2022,11/2027,11/2027,349.22,349.22,125.71,71.5,April 2026,84
600,Ministry of Railways,Railways,Construction of New BG line between Hassan to Belur [27 Km],South Western Railway [SWR] - II,400023,N22000558,4449,Karnataka,03/2019,12/2025,04/2028,04/2027,749.0,749.0,0.94,0.3,April 2026,84
601,Ministry of Railways,Railways,Yeshvanthpur - Channasandra Doubling Project [21.70 Km],Karnataka Rail Infrastructure Development Company Limited [K-RIDE],703585,N22000543,-,Karnataka,04/2019,10/2019,03/2024,03/2026,314.1,683.57,171.0,56.5,April 2026,84
602,Ministry of Railways,Railways,New Railway Line between Ginigera and Raichur [165.57 km],South Western Railway [SWR] - II,705434,-,885,Karnataka,03/2008,05/2009,03/2019,03/2027,2565.0,3034.98,2293.26,70.0,April 2026,84
603,Ministry of Railways,Railways,Bangalore-Satyamanglam New Line Project [260 Km] - Part Hejjala - Chamarajanagar [142 Km],South Western Railway [SWR] - II,705464,-,6110,Karnataka,02/1999,07/2026,12/2031,-,1382.78,1382.78,0.0,0.0,April 2026,84
604,Ministry of Railways,Railways,Gadag-Wadi New Railway Line [257 km],South Western Railway [SWR] - II,705490,N22000299,1541,Karnataka,04/2013,08/2017,03/2027,12/2027,2842.0,6700.0,1539.51,34.5,April 2026,84
605,Ministry of Railways,Railways,Kadur - Chickamagalur - Sakleshpur [93km],South Western Railway [SWR] - II,705492,N22000486,2227,Karnataka,01/2014,11/2016,06/2025,12/2025,825.0,825.0,774.11,84.2,April 2026,84
606,Ministry of Railways,Railways,Hubli-Ankola New Line Project [164.44 km],South Western Railway [SWR] - II,705493,-,652,Karnataka,01/1999,01/2000,03/2005,03/2030,5174.0,5174.0,178.42,4.7,April 2026,84
607,Ministry of Railways,Railways,Bagalkot-Kudachi New Railway Line [142 km],South Western Railway [SWR] - II,705495,N22000258,1778,Karnataka,10/2013,11/2012,03/2027,01/2027,1378.0,1649.0,797.87,36.0,April 2026,84
608,Ministry of Railways,Railways,Tumkur-Chitradurga-Davangere New Rail Line Project [191 km],South Western Railway [SWR] - II,705496,N22000256,1531,Karnataka,10/2013,01/2017,03/2019,12/2027,1876.0,1876.0,563.37,15.5,April 2026,84
609,Ministry of Railways,Railways,Bangalore-Whitefield-Bangalore City-Krishnarajapuram [23.08 km] - Quadrupling,South Western Railway [SWR] - II,705663,N22000621,3892,Karnataka,02/2018,06/2022,02/2026,02/2026,493.0,493.0,318.39,85.5,April 2026,84
610,Ministry of Railways,Railways,SHIMOGA - SHIKARIPURA - RANEBENNUR [96 Km],South Western Railway [SWR] - II,705761,N22000559,3292,Karnataka,09/2019,02/2023,12/2027,06/2028,1454.0,1454.0,97.75,13.5,April 2026,84
611,Ministry of Railways,Railways,Construction of New BG line between Hassan [Alur] to Belur [ Km 27.34],South Western Railway [SWR] - II,705762,-,6107,Karnataka,06/2019,09/2022,04/2027,12/2027,748.86,748.86,1.15,0.3,April 2026,84
612,Ministry of Railways,Railways,Bangalore Suburban Railway Project,Karnataka Rail Infrastructure Development Company Limited [K-RIDE],705941,-,5237,Karnataka,10/2020,10/2020,12/2026,03/2030,15767.0,15767.0,3224.09,19.95,April 2026,84
613,Ministry of Railways,Railways,Belgaum-Dharwad via Kittur [73.10Km],South Western Railway [SWR] - II,706835,N22000557,3384,Karnataka,09/2020,03/2025,12/2027,03/2029,1591.0,1591.0,0.38,0.0,April 2026,84
614,Ministry of Railways,Railways,Kumbalam-Turavur doubling project [15.59 Km],Ministry of Railways,705638,N22000620,1717,Kerala,04/2023,04/2023,03/2027,03/2027,813.0,802.8,126.48,30.5,April 2026,84
615,Ministry of Railways,Railways,Ernakulam-Kumbalam doubling project [7.71 Km],SR-ERS,705639,N22000619,1716,Kerala,04/2023,04/2023,03/2028,02/2027,601.0,595.39,308.42,25.0,April 2026,84
616,Ministry of Railways,Railways,"Lalitpur-Satna, Rewa-Singrauli & Mahoba-Khajuraho",North Central Railway,705480,220100232,1208,Madhya Pradesh,01/2007,03/1998,03/2027,12/2027,8914.0,8914.0,6806.95,74.0,April 2026,85
617,Ministry of Railways,Railways,Satna-Rewa Railway Line Doubling Project,West Central Railway [WCR] - II,705659,N22000554,7289,Madhya Pradesh,11/2015,08/2017,03/2026,03/2026,500.0,584.0,566.56,86.0,April 2026,85
618,Ministry of Railways,Railways,Doubling of Katni - Singrauli Railway Line [261 km],Indian Railway Construction International Limited [IRCON],705660,N22000351,1969,Madhya Pradesh,03/2016,03/2017,12/2025,12/2025,2445.0,4377.0,3306.78,81.1,April 2026,85
619,Ministry of Railways,Railways,Katni Grade Separator/Bye Pass,Indian Railway Construction International Limited [IRCON],705661,N22000416,1811,Madhya Pradesh,03/2016,09/2017,09/2024,09/2026,1248.0,1248.0,1817.51,95.0,April 2026,85
620,Ministry of Railways,Railways,Indore - Budni New Railway Line [198 kms],RVNL - II,705763,N22000601,1941,Madhya Pradesh,08/2019,10/2020,09/2030,09/2030,7474.0,7474.0,2529.21,36.0,April 2026,85
621,Ministry of Railways,Railways,Nimach-Ratlam Doubling [133 Km],Western Railway [WR] - II,705933,N22000536,3802,Madhya Pradesh,10/2021,10/2021,10/2027,10/2027,1095.88,1095.88,1284.91,94.0,April 2026,85
622,Ministry of Railways,Railways,DHULE [BORVIHIR] - NARDANA NEW LINE [50.60 KMS],Central Railway,400019,N22000514,4514,Maharashtra,01/2019,04/2023,12/2026,09/2027,492.76,1170.83,519.29,25.0,April 2026,85
623,Ministry of Railways,Railways,Wardha-Nanded Via Yavatmal New BG Line,Central Railway [CR] - II,400271,N22000231,1557,Maharashtra,12/2017,04/2008,03/2025,12/2026,3445.0,3445.0,3002.93,50.0,April 2026,85
624,Ministry of Railways,Railways,AURANGABAD-ANKAI - DOUBLING PROJECT 98.25 Km,South Central Railway [SCR] - II,611751,-,5341,Maharashtra,05/2023,05/2023,03/2027,-,960.64,960.64,1304.54,2.02,April 2026,85
625,Ministry of Railways,Railways,Gauge Conversion of Pachora-Jamner with Extension upto Malkapur [Bodwad] [84.34 Kms],Central Railway [CR] - II,612845,-,7616,Maharashtra,08/2022,01/2026,07/2028,-,955.39,955.39,13.97,10.0,April 2026,85
626,Ministry of Railways,Railways,Redevelopment of Chhatrapati Shivaji Maharaj Terminus [CSMT] and construction of associated infrastructure,Rail Land Development Authority,613015,-,6128,Maharashtra,04/2023,07/2023,03/2027,-,1813.0,1813.0,833.84,23.0,April 2026,85
627,Ministry of Railways,Railways,Gondia-Balharshah [Chanda Fort] Doubling [240 Km],South East Central Railway,617201,-,7529,Maharashtra,04/2025,04/2025,03/2031,-,4373.04,4373.04,1.0,1.0,April 2026,85
628,Ministry of Railways,Railways,Doubling between Parbhani Parli Vaijanath stations 64.71 Km,South Central Railway [SCR] - II,617215,-,7585,Maharashtra,12/2023,12/2023,03/2028,-,769.93,769.93,197.06,0.19,April 2026,85
629,Ministry of Railways,Railways,Babupeth - Sasti New Rail Line [13.114 KMs],CentralRailway,617361,-,-,Maharashtra,10/2024,10/2024,03/2028,-,362.81,362.81,0.48,0.0,April 2026,85
630,Ministry of Railways,Railways,Double Chord line Between Nilaje-Kopar,CentralRailway,617364,-,-,Maharashtra,01/2025,01/2025,07/2028,-,338.33,205.0,24.04,24.0,April 2026,85
631,Ministry of Railways,Railways,Ahmednagar - Beed - Parli - Vaijnath New Broad Gauge Line Railway Project [261.3 km],Central Railway [CR] - II,705356,220100181,1478,Maharashtra,01/1999,10/2002,03/2026,03/2026,2538.67,4957.27,5180.78,98.0,April 2026,85
632,Ministry of Railways,Railways,Baramati Lonand New Line Project,Central Railway,705357,N22000615,2255,Maharashtra,03/2016,03/1999,03/2027,03/2027,138.48,1843.9,1007.49,60.0,April 2026,85
633,Ministry of Railways,Railways,Wadsa-Gadchiroli,South East Central Railway,705479,N22000480,2276,Maharashtra,05/2017,03/2012,03/2027,03/2027,1886.0,1886.0,809.55,66.0,April 2026,85
634,Ministry of Railways,Railways,Wardha - Yavatmal Nanded Railway Line Project,Central Railways,705497,-,6638,Maharashtra,02/2008,04/2013,12/2026,-,3445.34,4030.69,3608.59,47.0,April 2026,85
635,Ministry of Railways,Railways,3rd Line Kalyan - Kasara [67.35 Kilometres],Central Railway,705498,N22000233,1782,Maharashtra,09/2015,09/2015,12/2026,12/2026,792.89,1395.79,1077.37,73.0,April 2026,85
636,Ministry of Railways,Railways,3rd Line Wardha - Sewagram - Nagpur,Central Railway [CR] - II,705500,N22000250,1784,Maharashtra,09/2015,05/2016,12/2025,10/2026,540.02,916.53,835.39,88.0,April 2026,85
637,Ministry of Railways,Railways,3rd Line Wardha - Ballarshah [132 Kilometres],Central Railway [CR] - II,705502,N22000356,1775,Maharashtra,03/2016,12/2016,12/2025,02/2026,1384.72,2033.59,1813.52,98.0,April 2026,85
638,Ministry of Railways,Railways,Doubling of Daund Manmad Line [247.6 km],Central Railway,705504,N22000360,2304,Maharashtra,10/2017,03/2017,12/2025,03/2026,2081.27,3267.06,3077.28,92.0,April 2026,86
639,Ministry of Railways,Railways,4th Line Wardha - Nagpur [78.7 Kilometres],Central Railway [CR] - II,705505,N22000362,1789,Maharashtra,04/2017,05/2018,12/2025,10/2026,637.95,1214.69,1047.02,88.0,April 2026,86
640,Ministry of Railways,Railways,3rd Line Manmad - Jalgaon [160 Kilometres],Central Railway [CR] - II,705506,N22000361,1776,Maharashtra,05/2017,04/2018,12/2024,08/2025,1035.16,1870.0,1865.44,100.0,April 2026,86
641,Ministry of Railways,Railways,Solapur-tuljapur-Osmanabad,Central Railway,705735,N22000513,2256,Maharashtra,08/2018,12/2023,03/2027,03/2028,904.92,3295.74,1216.56,12.0,April 2026,86
642,Ministry of Railways,Railways,Nagpur- Nagbhir Railway Line Gauge Conversion Project,MRIDC,705799,N22000629,-,Maharashtra,10/2019,04/2020,12/2025,12/2025,1400.0,1400.0,1472.0,80.0,April 2026,86
643,Ministry of Railways,Railways,Mumbai Urban Transport Project [MUTP] - PHASE II,Mumbai Rail Vikas Corporation Ltd.[MRVC],706779,N22000092,1681,Maharashtra,05/2008,04/2008,03/2014,12/2027,8087.0,8087.0,7504.75,90.0,April 2026,86
644,Ministry of Railways,Railways,Mumbai Urban Transport Project [MUTP] Phase-IIIA,Mumbai Rail Vikas Corporation Ltd.[MRVC],706780,N22000627,3407,Maharashtra,04/2019,04/2019,12/2027,12/2027,33690.0,33690.0,3577.36,22.0,April 2026,86
645,Ministry of Railways,Railways,Mumbai Urban Transport Project Phase-III,Mumbai Rail Vikas Corporation Ltd.[MRVC],706781,-,3406,Maharashtra,11/2016,12/2016,03/2022,12/2026,10947.0,10947.0,6609.95,75.0,April 2026,86
646,Ministry of Railways,Railways,Jiribam-Imphal new line project,Northeast Frontier Railway [NFR],705391,220100288,653,Manipur,03/2013,12/2007,12/2026,06/2029,14323.0,21885.9,16020.78,72.1,April 2026,86
647,Ministry of Railways,Railways,Byrnihat-Shillong New Rail Line- 108 km,Northeast Frontier Railway [NFR],705396,-,651,Meghalaya,04/2011,03/2010,03/2021,03/2027,8324.28,8342.28,266.12,2.04,April 2026,86
648,Ministry of Railways,Railways,Marikuppam - Kuppam New Line Project [23.70 Km],South Western Railway [SWR] - II,705491,N22000308,-,"Multi-States (Andhra Pradesh, Karnataka)",04/2012,10/2018,06/2026,06/2026,297.0,297.0,145.78,21.0,April 2026,86
649,Ministry of Railways,Railways,Rayadurg-Tumkur via Kalyandurg New Line [207 km],South Western Railway [SWR] - II,705494,N22000279,1555,"Multi-States (Andhra Pradesh, Karnataka)",03/2008,07/2010,09/2015,02/2028,2496.0,2496.0,1898.7,72.0,April 2026,86
650,Ministry of Railways,Railways,"Renigunta, Wadi & Gooty Bypass Railway Project",South Central Railway [SCR] - II,705610,N22000587,9928,"Multi-States (Andhra Pradesh, Karnataka)",04/2016,04/2016,12/2025,03/2026,302.0,543.0,635.72,89.03,April 2026,86
651,Ministry of Railways,Railways,Doubling between Mudkhed Medchal & Mahbubnagar Dhone section 417.88 Km,South Central Railway [SCR] - II,617212,-,7543,"Multi-States (Andhra Pradesh, Maharashtra, Telangana)",08/2023,08/2023,03/2029,-,4686.09,4686.09,1938.02,2.08,April 2026,86
652,Ministry of Railways,Railways,Vizianagaram - Titlagarh 3rd line [272 Km including By - pass line of 7.68 KM],RVNL - II,400253,N22000409,1747,"Multi-States (Andhra Pradesh, Odisha)",06/2016,11/2016,12/2025,12/2026,4803.0,6669.91,6211.43,97.0,April 2026,86
653,Ministry of Railways,Railways,Doubling of Kottavalasa-Koraput Rail Line [189 KM],East Coast Railway [ECoR] - II,705512,N22000377,1763,"Multi-States (Andhra Pradesh, Odisha)",12/2015,01/2016,03/2022,03/2028,2500.0,2500.0,2163.97,73.0,April 2026,86
654,Ministry of Railways,Railways,Tindivanam-Nagari New Line Project [184.5 km],Ministry of Railways,400275,N22000085,1549,"Multi-States (Andhra Pradesh, Tamil Nadu)",07/2008,10/2008,09/2025,03/2028,3631.0,3631.0,1259.7,16.5,April 2026,86
655,Ministry of Railways,Railways,Doubling between Motumari Vishnupuram - 88.81 Km and Rail over Rail - RoR at Motumari - 10.877 Km,South Central Railway [SCR] - II,616857,-,7099,"Multi-States (Andhra Pradesh, Telangana)",02/2024,03/2025,03/2029,-,1595.55,1595.55,212.11,2.04,April 2026,86
656,Ministry of Railways,Railways,Doubling of Guntur Bibinagar 239 Km,South Central Railway [SCR] - II,617211,-,7584,"Multi-States (Andhra Pradesh, Telangana)",08/2023,08/2023,03/2029,-,2853.23,2853.23,348.95,2.5,April 2026,86
657,Ministry of Railways,Railways,Rail Connectivity to Errupalem Amravati Namburu 57 Km,South Central Railway [SCR] - II,617214,-,7544,"Multi-States (Andhra Pradesh, Telangana)",11/2024,11/2024,03/2027,-,2047.4,2047.4,208.59,0.16,April 2026,86
658,Ministry of Railways,Railways,Kazipet-Vijayawada 3rd line with electrification [220 km],South Central Railway [SCR] - II,705612,N22000261,2087,"Multi-States (Andhra Pradesh, Telangana)",03/2013,08/2014,02/2025,12/2025,1953.0,3363.0,5178.65,95.01,April 2026,86
659,Ministry of Railways,Railways,Vijayawada - Kazipet Byepass line,South Central Railway [SCR] - II,705632,N22000586,2000,"Multi-States (Andhra Pradesh, Telangana)",04/2016,04/2016,01/2025,12/2025,647.0,904.0,1242.64,95.01,April 2026,86
660,Ministry of Railways,Railways,Murkongselek-Pasighat,Northeast Frontier Railway [NFR] - II,705401,N22000208,2273,"Multi-States (Arunachal Pradesh, Assam)",02/2011,03/2023,03/2025,12/2026,435.0,1250.0,853.0,68.0,April 2026,87
661,Ministry of Railways,Railways,Tetlia-Byrnihat New Railway Line,Northeast Frontier Railway [NFR],705394,-,1521,"Multi-States (Assam, Meghalaya)",08/2010,03/2007,11/2011,06/2027,1304.62,1304.62,1254.47,86.16,April 2026,87
662,Ministry of Railways,Railways,Lumding Furkating Doubling Project 140 km,Northeast Frontier Railway [NFR],616701,-,7078,"Multi-States (Assam, Nagaland)",02/2024,01/2025,02/2028,-,2123.7,2123.7,121.34,10.0,April 2026,87
663,Ministry of Railways,Railways,Dimapur [Dhansiri]-Sukhobi Kohima [Zubza] NL [82.5 Km],Northeast Frontier Railway [NFR] - II,705392,N22000124,1680,"Multi-States (Assam, Nagaland)",08/2015,02/2016,03/2025,12/2029,6663.0,6663.0,6282.3,43.0,April 2026,87
664,Ministry of Railways,Railways,New Delhi- Howrah Speed Booster[160Kmph] Project,PCE/NCR,705794,-,-,"Multi-States (Bihar, Delhi, Jharkhand, Uttar Pradesh, West Bengal)",09/2019,09/2019,03/2024,-,6684.81,6684.81,127.03,0.0,April 2026,87
665,Ministry of Railways,Railways,Multi tracking of Son Nagar-Andal 374.53 rkm & 814.38 tkm,East Central Railway [ECR] - I,616699,-,7077,"Multi-States (Bihar, Jharkhand)",08/2023,08/2023,03/2028,-,12333.57,12333.6,816.82,17.5,April 2026,87
666,Ministry of Railways,Railways,Koderma-Tilaiya New Line,East Central Railway [ECR] - I,705375,220100305,2261,"Multi-States (Bihar, Jharkhand)",11/2004,03/2002,02/2025,02/2026,1626.0,2486.62,2215.44,95.5,April 2026,87
667,Ministry of Railways,Railways,Pirpainti - Jasidih [100.52 Km] New BG line,Eastern Railway [ER] - I,705385,N22000219,1728,"Multi-States (Bihar, Jharkhand)",03/2014,03/2022,03/2028,03/2028,2555.0,2555.0,1113.67,61.8,April 2026,87
668,Ministry of Railways,Railways,NER Provision of Automatic Block Signalling on Gorakhpur Cantt[Excl] Chhapra Gramin & Burhwal Jn [Excl] Sitapur Jn section of high density routes,North Eastern Railway [NER],611669,-,-,"Multi-States (Bihar, Uttar Pradesh)",05/2022,06/2023,03/2027,03/2028,380.47,380.47,256.53,20.0,April 2026,87
669,Ministry of Railways,Railways,Gorakhpur-Valmikinagar Doubling project,NER,617224,-,7567,"Multi-States (Bihar, Uttar Pradesh)",08/2023,03/2024,12/2027,-,1120.0,1120.0,401.82,26.4,April 2026,87
670,Ministry of Railways,Railways,Chhapra-Ballia Patch Doubling,North Eastern Railway [NER],705562,N22000134,2325,"Multi-States (Bihar, Uttar Pradesh)",03/2013,12/2015,02/2025,05/2026,963.0,1046.0,917.1,95.9,April 2026,87
671,Ministry of Railways,Railways,Katihar Kumedpur & Katihar Mukuria BG Doubling Project,Northeast Frontier Railway [NFR],617245,-,7607,"Multi-States (Bihar, West Bengal)",08/2022,08/2022,08/2026,02/2027,942.64,942.64,611.19,65.0,April 2026,87
672,Ministry of Railways,Railways,Gondia - Dongargarh 4th line [84 Km],South Eastern Central Railway,618978,-,10723,"Multi-States (Chhattisgarh, Maharashtra)",10/2025,10/2025,10/2030,-,2222.53,2222.53,0.0,0.0,April 2026,87
673,Ministry of Railways,Railways,Rajnandgaon - Nagpur [Kalumna] Third Railway Line [228.30 km],South East Central Railway [SECR] - II,705617,N22000420,1851,"Multi-States (Chhattisgarh, Maharashtra)",09/2016,12/2016,12/2024,06/2026,3545.0,3545.0,3639.58,96.0,April 2026,87
674,Ministry of Railways,Railways,Sardega -Bhalumuda New Double line [37.24 Km],SECR,617390,-,9702,"Multi-States (Chhattisgarh, Odisha)",09/2024,09/2024,03/2028,-,1281.81,1281.81,128.07,4.0,April 2026,87
675,Ministry of Railways,Railways,Jagdalpur-Koraput,East Coast Railway [ECoR] - II,705511,N22000376,2306,"Multi-States (Chhattisgarh, Odisha)",12/2015,03/2016,03/2024,12/2026,1547.0,1547.0,1379.69,94.46,April 2026,87
676,Ministry of Railways,Railways,Jharsuguda-Bilaspur Fourth Railway Line [206 km],SECR,705616,N22000484,2001,"Multi-States (Chhattisgarh, Odisha)",09/2016,09/2016,10/2024,03/2026,2140.0,2979.0,2260.48,97.0,April 2026,87
677,Ministry of Railways,Railways,Mumbai-Ahmedabad High Speed Rail Project- 508 km,National High Speed Rail Corporation [NHSRC],705728,N22000463,1748,"Multi-States (Dadra & Nagar Haveli and Daman & Diu, Gujarat, Maharashtra)",03/2015,09/2017,08/2027,12/2029,108000.0,108000.0,90501.89,59.86,April 2026,87
678,Ministry of Railways,Railways,Raising of speed to 160 kmph/200 kmph on existing New Delhi-Mumbai route incl. Vadodara-Ahmedabad,PCE/WR,705793,-,-,"Multi-States (Delhi, Gujarat, Madhya Pradesh, Maharashtra, Rajasthan)",09/2019,09/2019,03/2024,03/2026,6806.44,8095.12,9480.86,66.32,April 2026,87
679,Ministry of Railways,Railways,Hospet - Tinaighat - Vasco Rail Doubling Project,RVNL - II,705650,N22000297,1470,"Multi-States (Goa, Karnataka)",03/2010,07/2012,03/2027,12/2027,5060.0,5060.0,5304.19,86.13,April 2026,87
680,Ministry of Railways,Railways,Hospet-Hubli-Vasco da Gama Line Electrification Project,RVNL,706950,-,-,"Multi-States (Goa, Karnataka)",07/2015,05/2018,03/2023,06/2026,744.49,1122.62,1163.14,99.65,April 2026,87
681,Ministry of Railways,Railways,Western Dedicated Freight Corridor,DFCCIL,705237,N22000464,961,"Multi-States (Gujarat, Haryana, Maharashtra, Rajasthan, Uttar Pradesh)",02/2008,01/2012,03/2022,12/2025,51101.0,124005.0,124623.0,96.0,April 2026,87
682,Ministry of Railways,Railways,"New line Dahod-Indore via Sardarpur, Jabuwa and Dhar",Western Railway [WR] - II,705453,N22000139,1547,"Multi-States (Gujarat, Madhya Pradesh)",06/2012,06/2012,02/2027,02/2027,456.07,3516.77,4157.76,55.0,April 2026,88
683,Ministry of Railways,Railways,Chhota Udaipur - Dhar New Line Project [157 km],Western Railway [WR] - II,705454,N22000138,2230,"Multi-States (Gujarat, Madhya Pradesh)",11/2008,01/2014,12/2025,12/2025,1794.0,1794.0,1819.63,80.3,April 2026,88
684,Ministry of Railways,Railways,MUMBAI CENTRAL VIRAR VADODARA AHMEDABAAD TRAIN PROTECTION SYSTEM 500 RKM,Western Railway,611452,N22000434,5039,"Multi-States (Gujarat, Maharashtra)",09/2019,03/2023,12/2025,12/2026,311.0,311.0,263.42,93.0,April 2026,88
685,Ministry of Railways,Railways,Taranga Hill-Abu Road via Ambaji,North Western Railway [NWR],400022,N22000592,4458,"Multi-States (Gujarat, Rajasthan)",07/2022,07/2022,07/2030,07/2030,2798.0,2798.0,2439.32,37.0,April 2026,88
686,Ministry of Railways,Railways,LUNI- SAMDARI- BHILDI DOUBLING,North Western Railway [NWR],616842,-,7083,"Multi-States (Gujarat, Rajasthan)",02/2024,02/2024,07/2027,-,3085.59,3085.59,778.73,30.0,April 2026,88
687,Ministry of Railways,Railways,Chandigarh-Baddi New Rail Line- 36 km,Northen Railway [NR],705424,N22000467,1611,"Multi-States (Haryana, Himachal Pradesh)",02/2018,02/2018,12/2026,12/2026,1540.0,1540.13,590.11,43.0,April 2026,88
688,Ministry of Railways,Railways,Rewari - Kathuwas Doubling Project [27.72 Km],North Western Railway [NWR],611861,N22000606,-,"Multi-States (Haryana, Rajasthan)",02/2023,12/2022,06/2027,06/2027,352.0,352.0,315.28,73.0,April 2026,88
689,Ministry of Railways,Railways,Nangal Dam-Talwara New Broad Gauge Line [84 KM] and Taking Over Siding Mukerian-Talwara [29 KM],Northen Railway [NR],705410,220100188,1525,"Multi-States (Himachal Pradesh, Punjab)",03/1983,05/1985,12/2025,12/2027,2018.0,2018.0,2384.29,84.0,April 2026,88
690,Ministry of Railways,Railways,Bhanupalli-Bilaspur-Beri New Railway Line Project,RVNL - II,705428,N22000273,385,"Multi-States (Himachal Pradesh, Punjab)",03/2009,04/2015,12/2026,12/2027,13447.0,13447.0,7558.16,63.0,April 2026,88
691,Ministry of Railways,Railways,Doubling of Hatia [Ranchi]-Bondamunda Rail Line - 159 km,South Eastern Railway - JH,705628,N22000396,1802,"Multi-States (Jharkhand, Odisha)",03/2016,02/2017,06/2025,06/2026,3029.0,3029.04,2629.17,92.0,April 2026,88
692,Ministry of Railways,Railways,Buramara-Chakulia new line [59.96 km],South Eastern Railway [SER] - I,616588,-,7027,"Multi-States (Jharkhand, Odisha, West Bengal)",08/2024,12/2024,12/2029,-,1459.13,1459.13,7.58,0.0,April 2026,88
693,Ministry of Railways,Railways,Chandil - Anara - Damodar - 3rd line [121.26 km],CAO/C/SER,616227,-,7573,"Multi-States (Jharkhand, West Bengal)",09/2024,07/2025,09/2029,-,1932.01,1932.01,4.51,0.0,April 2026,88
694,Ministry of Railways,Railways,KHARAGPUR-ADITYAPUR THIRD RAIL LINE- 132 KM,RVNL - I,705668,N22000595,1862,"Multi-States (Jharkhand, West Bengal)",09/2016,01/2018,03/2025,06/2026,3250.0,3250.0,3287.18,97.5,April 2026,88
695,Ministry of Railways,Railways,Baiyyappanahalli - Hosur Doubling Project [48 km],Karnataka Rail Infrastructure Development Company Limited [K-RIDE],703586,N22000542,-,"Multi-States (Karnataka, Tamil Nadu)",04/2019,02/2019,03/2024,01/2026,498.7,748.7,698.51,88.0,April 2026,88
696,Ministry of Railways,Railways,Trivandrum- Kanyakumari,Southern Railway [SR] - I,705635,N22000399,2388,"Multi-States (Kerala, Tamil Nadu)",08/2017,03/2016,03/2025,06/2028,1432.0,3785.45,2909.77,56.0,April 2026,88
697,Ministry of Railways,Railways,Ratlam-Mhow-Khandwa-Akola Gauge Conversion,Western Railway [WR] - II,705457,N22000120,1544,"Multi-States (Madhya Pradesh, Maharashtra)",04/2008,03/2010,03/2027,09/2028,1656.25,6499.86,4606.71,83.0,April 2026,88
698,Ministry of Railways,Railways,Itarsi - Nagpur Third Railway Line [280 km],Central Railway [CR] - II,705507,N22000358,1772,"Multi-States (Madhya Pradesh, Maharashtra)",09/2016,09/2016,03/2027,12/2027,2449.91,2506.68,2155.76,55.0,April 2026,88
699,Ministry of Railways,Railways,RATLAM- DUNGARPUR VIA BANSWARA NEW LINE PROJECT,North Western Railway [NWR],617406,-,9722,"Multi-States (Madhya Pradesh, Rajasthan)",10/2015,05/2023,03/2028,-,2417.24,2417.24,7.19,8.0,April 2026,88
700,Ministry of Railways,Railways,Gwalior - Seopurkala with extension to Kota [Gauge Conversion],North Central Railway,705419,N22000148,1767,"Multi-States (Madhya Pradesh, Rajasthan)",03/2011,07/2018,03/2025,02/2026,2913.0,2913.0,2213.55,92.0,April 2026,88
701,Ministry of Railways,Railways,Ramganjmandi-Bhopal New Line Project [276.50 km],West Central Railway [WCR] - II,705481,220100314,1542,"Multi-States (Madhya Pradesh, Rajasthan)",03/2001,10/2004,12/2025,12/2027,3032.0,5073.0,4139.87,81.0,April 2026,88
702,Ministry of Railways,Railways,Nimach-Badi Sadri New Rail Line Project,Western Railway [WR] - II,705764,N22000503,9926,"Multi-States (Madhya Pradesh, Rajasthan)",04/2017,09/2021,03/2026,06/2026,495.0,825.0,261.69,60.0,April 2026,88
703,Ministry of Railways,Railways,Mathura-Jhansi Third Railway Line [274 Km],RVNL - II,705667,N22000501,2005,"Multi-States (Madhya Pradesh, Rajasthan, Uttar Pradesh)",12/2015,03/2018,12/2024,12/2026,5961.0,5961.0,5121.42,95.48,April 2026,88
704,Ministry of Railways,Railways,Jhansi - Bina Third Railway Line [153 Km],CAO/C/NCR,705598,N22000496,2083,"Multi-States (Madhya Pradesh, Uttar Pradesh)",09/2016,03/2018,03/2022,03/2026,2002.0,2002.0,1939.11,96.0,April 2026,89
705,Ministry of Railways,Railways,Jhansi-Khairar-Manikpur & Khirar-Bhimsen,North Central Railway,705608,N22000495,2319,"Multi-States (Madhya Pradesh, Uttar Pradesh)",03/2018,04/2019,03/2026,03/2026,4330.0,4330.0,2895.52,68.0,April 2026,89
706,Ministry of Railways,Railways,Third Line [new] between Kazipet - Balharshah with electrification [201.04 Km],South Central Railway [SCR] - II,705613,N22000367,1773,"Multi-States (Maharashtra, Telangana)",09/2016,10/2016,01/2025,11/2025,2595.0,3071.0,4141.26,94.7,April 2026,89
707,Ministry of Railways,Railways,Narayangarh-Bhadrak 3rd line,South Eastern Railway [SER] - I,705629,N22000506,2385,"Multi-States (Odisha, West Bengal)",03/2019,03/2017,12/2025,01/2027,2400.0,3425.32,2655.21,77.0,April 2026,89
708,Ministry of Railways,Railways,Nagapattinam-Tiruturaipundi and Karaikal-Peralam New Line,Ministry of Railways,400223,N22000626,2081,"Multi-States (Puducherry, Tamil Nadu)",07/2008,01/2019,03/2027,03/2028,713.0,981.0,635.3,80.0,April 2026,89
709,Ministry of Railways,Railways,Sivok-Rangpo New Rail Line,Indian Railway Construction International Limited [IRCON],705432,N22000102,650,"Multi-States (Sikkim, West Bengal)",10/2009,05/2010,05/2015,12/2027,7877.0,11775.0,10770.42,93.0,April 2026,89
710,Ministry of Railways,Railways,"Sainthia, Sitarampur, Mughalsarai, Allahabad & Etawah - Bypass Line Project",Eastern Railway [ER] - I,602797,N22000631,-,"Multi-States (Uttar Pradesh, West Bengal)",08/2017,12/2017,03/2027,03/2027,461.64,461.64,291.24,31.85,April 2026,89
711,Ministry of Railways,Railways,Jharsuguda-Barpali-Sardega Ph II Works- Rail Connectivity for Coal Loading Bulb at Barpali.,South Eastern Railway [SER] - I,400006,-,4689,Odisha,10/2021,10/2021,10/2025,12/2026,808.99,808.99,701.15,38.0,April 2026,89
712,Ministry of Railways,Railways,Proposed 6 nos Road Over Bridge [ROB] at different locations under MCL Talcher Under Deposit Scheme.,East Coast Railway [ECoR] - II,400045,-,4299,Odisha,08/2022,07/2022,03/2025,01/2025,168.32,168.32,69.85,82.0,April 2026,89
713,Ministry of Railways,Railways,Doubling of Lingaraj SILO connectivity of NTPC line and augmentation of NTPC exchange yard and NTPC Block Cabin.,East Coast Railway [ECoR] - II,400047,-,4292,Odisha,08/2022,06/2022,12/2024,12/2026,210.0,210.0,39.31,52.0,April 2026,89
714,Ministry of Railways,Railways,Doubling of lines connecting the loading spurs in Talcher Yard.,East Coast Railway [ECoR] - II,400048,-,4247,Odisha,09/2022,06/2022,12/2024,06/2027,186.21,186.21,100.97,88.0,April 2026,89
715,Ministry of Railways,Railways,Brundamal-Jharsuguda- flyover connection for joining downline,East Coast Railway [ECoR] - II,400232,N22000521,2015,Odisha,01/2014,01/2014,12/2026,12/2026,297.0,297.0,232.73,56.0,April 2026,89
716,Ministry of Railways,Railways,3rd & 4th line between Sarla - Sason [8 km] [PB 73/2023-24/NR],East Coast Railway [ECoR] - II,612834,-,-,Odisha,04/2023,04/2023,12/2025,-,252.0,252.0,117.3,86.0,April 2026,89
717,Ministry of Railways,Railways,Rourkela-Bondamunda A-Cabin 5th line [9.6 km],CAO/C/SER,615915,-,-,Odisha,09/2022,12/2023,03/2026,-,244.99,244.99,95.42,31.0,April 2026,89
718,Ministry of Railways,Railways,Bangriposi-Gorumahisani new line [ 85.60 km ],CAO/C/SER,616586,-,7025,Odisha,08/2024,09/2025,12/2029,-,2269.49,2269.49,7.14,0.0,April 2026,89
719,Ministry of Railways,Railways,Badampahar-Kendujhargarh new line [82.06 km],CAO/C/SER,616587,-,7026,Odisha,08/2024,09/2025,12/2029,-,1875.72,1875.72,2.15,0.0,April 2026,89
720,Ministry of Railways,Railways,Flyover between Siju and Paradeep coaching Yard to avoid Surface crossing of trains,East Coast Railway [ECoR] - II,616694,-,-,Odisha,04/2023,10/2025,07/2028,-,200.77,200.77,34.06,5.5,April 2026,89
721,Ministry of Railways,Railways,Paradeep - Badabandha 3rd & 4th Line / 18.51kms,East Coast Railway [ECoR] - II,616695,-,-,Odisha,08/2023,04/2025,11/2028,-,300.15,300.15,0.89,10.5,April 2026,89
722,Ministry of Railways,Railways,Naupada-Gunupur - New line upto Theruvali [73.62 km],Indian Railway,616839,-,7082,Odisha,08/2024,04/2026,12/2029,-,1165.89,1165.89,0.0,0.0,April 2026,89
723,Ministry of Railways,Railways,New Line between Junagarh - Nabarangpur [116.21 Km],Indian Railway,618995,-,10798,Odisha,08/2024,08/2025,08/2030,-,2864.51,2864.51,0.0,0.0,April 2026,89
724,Ministry of Railways,Railways,Khurda-Bolangir New Broad Gauge Rail Link [301km],East Coast Railway [ECoR] - II,705358,220100284,1476,Odisha,03/1994,03/2001,12/2026,12/2026,3792.0,5089.0,5671.96,92.0,April 2026,89
725,Ministry of Railways,Railways,Talcher-Bimlagarh New Railway Line,East Coast Railway [ECoR] - II,705359,220100328,423,Odisha,03/2004,12/2004,03/2025,03/2029,1928.0,1928.0,2120.08,56.0,April 2026,89
726,Ministry of Railways,Railways,Bhadrak-Nergundi Third Line,East Coast Railway [ECoR] - II,705510,N22000316,1854,Odisha,10/2015,04/2015,11/2024,01/2026,1284.0,1284.0,1352.81,95.0,April 2026,90
727,Ministry of Railways,Railways,Koraput - Singapur Railway Doubling,East Coast Railway [ECoR] - II,705513,N22000379,1857,Odisha,12/2015,12/2015,12/2027,03/2028,2362.0,2362.0,1962.43,74.6,April 2026,90
728,Ministry of Railways,Railways,Jarapada- Budhapank with flyover at Talcher road 3rd and 4th Line,East Coast Railway [ECoR] - II,705514,N22000380,1855,Odisha,11/2015,12/2015,11/2018,03/2028,1000.0,810.02,455.8,59.0,April 2026,90
729,Ministry of Railways,Railways,3rd & 4th Railway Line Project from Salegaon to Budhapank via Rajathgarh.,East Coast Railway [ECoR] - II,705515,N22000381,1752,Odisha,07/2013,12/2015,03/2026,03/2026,1173.0,2092.0,2120.58,89.0,April 2026,90
730,Ministry of Railways,Railways,Jeypore-Navarangpur New Rail Line Project,East Coast Railway [ECoR] - II,705741,N22000517,3436,Odisha,07/2017,04/2023,07/2028,12/2029,748.0,748.0,15.91,1.97,April 2026,90
731,Ministry of Railways,Railways,Jeypore-Malkanagiri New Railway Line Project,East Coast Railway [ECoR] - II,705742,N22000516,3458,Odisha,02/2018,12/2023,07/2033,07/2033,2344.0,2344.0,549.72,23.1,April 2026,90
732,Ministry of Railways,Railways,Khurda Road - Balangir Electrification of Railway Track Project,Ministry of Railways,706898,-,-,Odisha,09/2018,09/2019,03/2021,-,267.61,267.61,0.0,0.0,April 2026,90
733,Ministry of Railways,Railways,GANDHAMARDAN IRON ORE MINES TO GOALDIH STATION/12.76kms,East Coast Railway [ECoR] - II,709811,N22000520,-,Odisha,09/2022,05/2025,09/2027,09/2027,190.0,189.93,3.4,5.0,April 2026,90
734,Ministry of Railways,Railways,"Jaynagar-Bijalpura, incl. extn. Bet, Bijalpura-Bardibas [Nepal]",East Central Railway [ECR] - I,705362,N22000181,2290,Bihar,08/2015,03/2011,03/2022,03/2026,819.0,819.0,580.51,75.0,April 2026,90
735,Ministry of Railways,Railways,North Region Video Surveillance Project,RCIL,705298,-,-,PAN India,06/2020,04/2023,03/2024,-,274.39,274.39,0.0,48.0,April 2026,90
736,Ministry of Railways,Railways,Ludhiana Mullanpur 21Km Doubling Railway project,CAO/C/NR,607653,-,-,Punjab,NA,10/2022,06/2024,-,234.78,234.78,10.0,0.0,April 2026,90
737,Ministry of Railways,Railways,Ludhiana- Killa Raipur Railway Doubling Project,Railway,705783,N22000584,-,Punjab,03/2019,12/2022,03/2025,02/2027,237.64,238.0,137.05,57.0,April 2026,90
738,Ministry of Railways,Railways,Devgarh Madariya - Nathdwara Gauge Conversion [82.54 Km] part of Marwar - Mavli Gauge Conversion [152 Km],North Western Railway [NWR],611855,-,9756,Rajasthan,01/2023,01/2023,01/2027,-,968.92,968.92,708.25,73.0,April 2026,90
739,Ministry of Railways,Railways,Maintenance cum workshop depot for Vande Bharat Sleeper Trains as per conditions under WTA 527,WPO/Patna,611929,-,-,Rajasthan,09/2022,06/2023,12/2024,-,166.86,166.86,0.0,0.0,April 2026,90
740,Ministry of Railways,Railways,PUSHKAR- MERTA CITY NEW LINE,North Western Railway [NWR],616841,-,7086,Rajasthan,02/2024,02/2024,12/2026,-,799.64,799.64,131.75,8.0,April 2026,90
741,Ministry of Railways,Railways,AJMER- CHANDERIYA DOUBLING,North Western Railway [NWR],616843,-,7084,Rajasthan,02/2024,02/2024,06/2027,-,1634.79,1634.79,377.37,12.0,April 2026,90
742,Ministry of Railways,Railways,SADULPUR - CHURU DOUBLING PROJECT,North Western Railway [NWR],617403,-,-,Rajasthan,01/2024,01/2024,06/2026,-,468.64,468.64,188.7,90.0,April 2026,90
743,Ministry of Railways,Railways,POKHRAN - RAMDEVRA New Line,North Western Railway [NWR],617404,-,-,Rajasthan,04/2025,04/2025,03/2028,-,189.21,189.21,0.0,0.0,April 2026,90
744,Ministry of Railways,Railways,NATHDWARA- NATHDWARA TOWN NL,North Western Railway [NWR],617408,-,-,Rajasthan,03/2019,04/2024,03/2027,-,166.33,166.33,109.96,15.0,April 2026,90
745,Ministry of Railways,Railways,Dholpur - Sirmuttra Gauge Conversion,North Central Railway,705482,N22000158,1692,Rajasthan,03/2022,04/2020,02/2019,02/2027,747.0,747.0,491.95,49.5,April 2026,90
746,Ministry of Railways,Railways,Gudha-Thatha Mithri Construction of Railway Track Project,North Western Railway [NWR],705752,N22000593,7072,Rajasthan,04/2019,04/2019,11/2026,11/2026,819.48,967.06,400.92,94.0,April 2026,90
747,Ministry of Railways,Railways,Sawai Madhopur-Jaipur Railway Line Project,North Western Railway [NWR],705912,-,-,Rajasthan,02/2024,04/2023,03/2027,-,1203.89,1203.89,207.11,19.0,April 2026,90
748,Ministry of Railways,Railways,Agra Fort-Bandikui Doubling Line Project,CAO/C/NCR,705919,N22000553,-,Rajasthan,06/2022,02/2021,06/2027,06/2027,1390.0,1390.0,477.04,54.0,April 2026,91
749,Ministry of Railways,Railways,Dedicated Test Track for RDSO /Phase-II Project,North Western Railway [NWR],706836,-,-,Rajasthan,11/2021,01/2022,03/2026,-,466.42,466.42,533.9,98.0,April 2026,91
750,Ministry of Railways,Railways,Sawaimadhopur Bye Pass Line Project,North Western Railway [NWR],706866,N22000607,-,Rajasthan,12/2022,01/2023,03/2026,05/2027,304.0,304.0,83.03,72.0,April 2026,91
751,Ministry of Railways,Railways,Phase II extension of MRTS from Velachery to St Thomas Mount,Ministry of Railways,400280,N22000028,1509,Tamil Nadu,11/2007,11/2008,07/2025,09/2025,734.0,734.01,486.53,99.9,April 2026,91
752,Ministry of Railways,Railways,Redevelopment of Chennai Egmore Station,Ministry of Railways,613002,-,5830,Tamil Nadu,05/2022,10/2022,03/2026,-,842.0,842.0,340.0,0.0,April 2026,91
753,Ministry of Railways,Railways,Coach Production Factory Upgradation Project,CPM/ICF,705244,-,-,Tamil Nadu,12/2017,07/2018,12/2021,-,520.0,520.0,192.25,0.0,April 2026,91
754,Ministry of Railways,Railways,Madurai- Tuticorin New Line,Ministry of Railways,705489,-,1508,Tamil Nadu,04/2011,09/2016,07/2021,12/2027,601.43,2084.48,641.26,0.0,April 2026,91
755,Ministry of Railways,Railways,Doubling between Bhadrachalam Road and Dornakal,South Central Railway [SCR] - II,616856,-,7098,Telangana,08/2023,04/2025,04/2029,-,770.12,770.12,87.93,0.05,April 2026,91
756,Ministry of Railways,Railways,Railway Manufacturing Unit,RVNL - II,617409,-,9725,Telangana,07/2016,02/2023,12/2026,03/2026,521.36,521.36,491.87,90.0,April 2026,91
757,Ministry of Railways,Railways,Kazipet Wagon Overhauling Project,RVNL,705252,-,-,Telangana,09/2017,07/2017,12/2023,-,385.0,385.0,0.0,0.0,April 2026,91
758,Ministry of Railways,Railways,Manoharabad-Kothapalli New Rail Line [151 km],South Central Railway [SCR] - II,705437,N22000032,1664,Telangana,07/2016,01/2017,03/2027,12/2027,1160.0,2781.0,3040.86,72.01,April 2026,91
759,Ministry of Railways,Railways,Bahraich-Shravasti-Balrampur-Siddharthnagar -Santkabir nagar,North Eastern Railway [NER],400204,N22000569,2271,Uttar Pradesh,10/2018,03/2017,10/2030,10/2030,4939.78,4939.78,1055.82,8.9,April 2026,91
760,Ministry of Railways,Railways,Sahjanwa-Dohrighat,North Eastern Railway [NER],400205,N22000565,2270,Uttar Pradesh,08/2019,03/2017,03/2029,03/2029,1319.75,1319.75,492.3,4.0,April 2026,91
761,Ministry of Railways,Railways,Varanasi-Pt. Deen Dayal Upadhyaya multitracking 15km including construction of new Rail-cum-Road Bridge across Ganga River.,Northern Railways,617213,-,9911,Uttar Pradesh,10/2024,10/2025,10/2029,-,2464.46,2464.46,59.82,2.42,April 2026,91
762,Ministry of Railways,Railways,Anandnagar - Ghugli via Maharajganj New line 52.7 km,Construction NER,617252,-,7619,Uttar Pradesh,10/2023,11/2023,03/2028,-,958.27,958.27,635.41,23.8,April 2026,91
763,Ministry of Railways,Railways,Chunar-Chopan doubling project,North Central Railway,617284,-,7648,Uttar Pradesh,08/2023,01/2025,03/2028,-,1423.96,1423.96,123.09,17.0,April 2026,91
764,Ministry of Railways,Railways,Surface triangle line bet. Bhadura stn and new crossing stn Karma,East Central Railway [ECR] - I,617333,-,-,Uttar Pradesh,10/2022,05/2024,02/2027,-,199.96,199.96,5.19,0.5,April 2026,91
765,Ministry of Railways,Railways,Doubling between Jaunpur Jn - Zaffarabad 6.28 km,M/S SRC company Infra Private Limited,617370,-,-,Uttar Pradesh,03/2023,02/2025,01/2027,-,180.66,180.66,43.65,10.5,April 2026,91
766,Ministry of Railways,Railways,Burhwal Gonda 3rd line,North Eastern Railway [NER],705567,N22000468,2328,Uttar Pradesh,11/2017,07/2019,03/2025,05/2026,1016.0,1118.0,1050.11,88.4,April 2026,91
767,Ministry of Railways,Railways,Janghai-Pratapgarh- Amethi,CAO/C/II/NR,705588,N22000583,2339,Uttar Pradesh,11/2017,03/2017,03/2025,03/2026,722.0,1194.0,1691.52,70.0,April 2026,91
768,Ministry of Railways,Railways,Lalitpur-Birari with flyover at Lalitpur- 16 Km,North Central Railway,705766,N22000546,2084,Uttar Pradesh,03/2017,11/2017,12/2024,01/2026,304.44,356.0,255.32,86.0,April 2026,91
769,Ministry of Railways,Railways,Allahabad-Bamhrauli Flyover Construction & 4th Railway Line Project,North Central Railway,705771,N22000563,-,Uttar Pradesh,04/2019,10/2020,03/2026,03/2026,494.0,494.0,397.57,78.0,April 2026,91
770,Ministry of Railways,Railways,"Mughalsarai-Allahabad, 3rd line",North Central Railway,705772,N22000544,2317,Uttar Pradesh,12/2015,03/2016,12/2026,03/2027,2649.0,2649.44,1930.12,71.0,April 2026,92
771,Ministry of Railways,Railways,Aligarh -Daud Khan Flyover Construction & 3rd Railway Line Project,CAO/C/NCR,705774,N22000562,6129,Uttar Pradesh,04/2019,09/2020,01/2025,03/2027,758.0,779.49,484.51,83.0,April 2026,92
772,Ministry of Railways,Railways,Bhandai - Flyover for Etawah bound down train- 10 Km,North Central Railway [NCR] - II,705777,N22000564,10080,Uttar Pradesh,07/2020,04/2021,02/2026,02/2027,250.18,250.18,139.49,9.0,April 2026,92
773,Ministry of Railways,Railways,Bhatni-Aurnihar with electrification excluding Indara-Mau,RVNL - I,705780,N22000598,2330,Uttar Pradesh,03/2018,03/2017,12/2024,06/2026,2529.0,2529.46,2164.72,96.5,April 2026,92
774,Ministry of Railways,Railways,Barabanki-Malhaur 3rd & 4th Railway Line Project,Ministry of Railways,705782,N22000590,-,Uttar Pradesh,01/2019,04/2017,03/2025,08/2026,407.0,407.0,409.54,77.0,April 2026,92
775,Ministry of Railways,Railways,Allahabad division - Aligarh - Harduaganj Flyover,North Central Railway,705918,N22000545,3451,Uttar Pradesh,04/2020,02/2021,10/2026,03/2027,1457.0,1457.0,400.19,36.0,April 2026,92
776,Ministry of Railways,Railways,Rishikesh-Karnaprayag New Rail Line- 125 km,RVNL - II,705429,N22000406,1764,Uttarakhand,11/2016,08/2018,12/2025,12/2028,38953.0,38953.0,28286.15,74.0,April 2026,92
777,Ministry of Railways,Railways,Kalinarayanpur-Krishnanagar Doubling Alongwith Krishnanagar - Chapra New Line And Naihati-Ranaghat 3rd Line.,Eastern Railway [ER] - I,400247,N22000624,1852,West Bengal,07/2015,11/2005,02/2027,03/2028,1000.0,1000.0,1065.08,74.5,April 2026,92
778,Ministry of Railways,Railways,Tarakeshwar-Bishnupur New Line [82.47 km],Eastern Railway [ER] - I,400273,220100272,1552,West Bengal,03/2001,02/2008,03/2019,02/2026,1189.0,1542.0,1390.59,96.9,April 2026,92
779,Ministry of Railways,Railways,Dum Dum Airport-New Garia via Rajarhat-Construction of Metro Railway,RVNL - II,400277,N22000110,1539,West Bengal,03/2010,10/2011,12/2025,12/2027,8964.0,8964.0,8621.5,86.6,April 2026,92
780,Ministry of Railways,Railways,Construction of Balurghat-Hilli new BG Line,Northeast Frontier Railway [NFR],612096,N22000206,5478,West Bengal,12/2010,12/2010,03/2027,03/2027,1209.0,1181.57,491.05,16.0,April 2026,92
781,Ministry of Railways,Railways,SER Upgradation of maintenance infrastructure at Shalimar into Vande Bharat Chair Car maintenance cum workshop depot.,South Eastern Railway - JH,617345,-,-,West Bengal,03/2024,12/2024,10/2026,-,226.87,226.87,86.69,50.0,April 2026,92
782,Ministry of Railways,Railways,Joka-BBD Bag new metro project,RVNL - II,705730,N22000111,648,West Bengal,03/2010,04/2010,12/2026,12/2029,4835.0,10362.0,4932.47,51.0,April 2026,92
783,Ministry of Railways,Railways,Noapara-Barasat via Bimanbandar - Construction of Metro railway [18 km],"Metro Railway, Kolkata",706776,N22000108,3398,West Bengal,11/2010,03/2010,08/2026,03/2029,4830.0,4830.0,3258.95,32.0,April 2026,92
784,Ministry of Railways,Railways,Baranagar-Barrackpore and Dakshineshwar- Construction of Metro Railway,RVNL - II,706777,N22000109,3400,West Bengal,03/2010,03/2010,12/2026,12/2030,2298.0,2734.0,393.02,17.0,April 2026,92
785,Ministry of Road Transport & Highways,Roads & Highways,"Rehabilitation and up-gradation of section to Intermediate/2-Lane with hard shoulder from Km 107.760 to Km 129.445 After Middle strait to Humphrey, Km 130.600 to Km 138.00 After Humphrey to Kadamtala & Km 155.00 to Km 181.0 End of Jarwa to Rangat of NH-04 in UT of A&N on EPC Package-IIIA",NHIDCL,619184,-,-,Andaman & Nicobar,02/2018,03/2024,09/2025,05/2026,207.45,376.48,0.0,78.01,April 2026,92
786,Ministry of Road Transport & Highways,Roads & Highways,Rehabilitation and up-gradation and completion of balance work of section from Km 155.00 to Km 181.00 End of Jarwa to Rangat of NH -4 Total length 26 Km to Intermediate Lane/2-lane with hard shoulders in the UT of A&N Islands on EPC basis - Package-III.B Balance work,NHIDCL,619185,-,-,Andaman & Nicobar,02/2018,05/2024,10/2025,05/2026,183.56,333.12,0.0,47.28,April 2026,92
787,Ministry of Road Transport & Highways,Roads & Highways,Construction of Balance works of Major Bridge over Middle Strait Creek between Km.106.590 to km108.553 of NH-04 connecting South Andaman & Baratang Island in the Union Territory of Andaman & Nicobar Islands on EPC basis,NHIDCL,619186,-,-,Andaman & Nicobar,03/2015,05/2024,02/2026,12/2026,262.96,371.88,0.0,12.64,April 2026,92
788,Ministry of Road Transport & Highways,Roads & Highways,Rehabilitation and Up-gradation from Km 170700 Bhadrachalam to Km 234567 Konta on NH-30 to Two lane with Paved Shoulder in the State of Andra Pradesh on EPC mode.,MoRTH,617907,N24001953,-,Andhra Pradesh,12/2021,09/2022,09/2024,04/2026,436.09,436.09,221.22,100.0,April 2026,92
789,Ministry of Road Transport & Highways,Roads & Highways,Tadipatri Bypass Km 0000 to Km 6285 of 4-Lane on NH-67 in Anantapuramu district of AP state under NHO on EPC Mode under Annual Plan 2022-23,MoRTH,617949,N24002145,-,Andhra Pradesh,03/2023,03/2024,03/2026,03/2026,159.66,159.66,59.26,100.0,April 2026,93
790,Ministry of Road Transport & Highways,Roads & Highways,"Gudivada Town 2 RoB, and Road improvement NH-165",MoRTH,617984,N24000989,-,Andhra Pradesh,03/2022,05/2023,05/2025,11/2026,317.22,317.22,0.0,73.46,April 2026,93
791,Ministry of Road Transport & Highways,Roads & Highways,Widening to two lane with paved shoulders from Km 0/0 to 64/020 Pamarru to Akiveedu,MoRTH,617985,N24000983,10158,Andhra Pradesh,03/2020,11/2021,11/2023,05/2027,529.54,588.65,0.0,69.62,April 2026,93
792,Ministry of Road Transport & Highways,Roads & Highways,Kurnool/Kadapa Border-Jammalamadugu section of NH-167K i.e. Design Ch. Km 248010 to km 269900 to 2,MoRTH,617986,N24001537,-,Andhra Pradesh,03/2023,12/2024,12/2026,12/2026,292.63,292.63,0.0,82.57,April 2026,93
793,Ministry of Road Transport & Highways,Roads & Highways,Nandyala-Kurnool/Kadapa Border section of NH-167K i.e. Km 186/000 to Km 250/000Design Ch.186000 to 248010 to 2LPS,MoRTH,617987,-,10159,Andhra Pradesh,10/2024,09/2025,09/2027,09/2027,691.81,691.81,0.0,40.49,April 2026,93
794,Ministry of Road Transport & Highways,Roads & Highways,Sangameswaram - Atmakuru section from Km 96 to Km 124 & Velegodu- Nandyal section including Nandyal Bypass from Km 143/6 to 185/9 NH-167K,MoRTH,617988,-,10160,Andhra Pradesh,10/2024,07/2025,07/2027,07/2027,776.17,644.14,0.0,20.94,April 2026,93
795,Ministry of Road Transport & Highways,Roads & Highways,Construction of bypass road to Adoni town connecting NH-167 Hagari - Jadcharla road from km.62/700 to 71/400 in Kurnool District in the State of Andhra Pradesh.,MoRTH,617990,N24002025,-,Andhra Pradesh,03/2023,02/2024,11/2025,-,242.0,242.0,78.49,95.94,April 2026,93
796,Ministry of Road Transport & Highways,Roads & Highways,"Rehabilitation and up-gradation of NH-167 from Km 14/900 to Km70/000 Design Ch. 14/900 to 69/700 Chintakunta to Adoni section to two lane with paved shoulders in the State of Andhra Pradesh under Corridor Approach through Engineering, Procurement",MoRTH,617991,N24001278,-,Andhra Pradesh,11/2016,05/2017,05/2019,10/2026,290.15,290.15,140.23,91.9,April 2026,93
797,Ministry of Road Transport & Highways,Roads & Highways,4-laning of Puttaparthi-Koduru Section of NH-342,MoRTH,618013,-,10164,Andhra Pradesh,10/2022,11/2023,11/2025,06/2026,1318.59,909.19,341.52,79.5,April 2026,93
798,Ministry of Road Transport & Highways,Roads & Highways,Rehabilitation and Up-gradation of existin of road from 2-lane to 2-lane with paved shoulders from km. 0.00 to km 53.590 total length-53.590 km of Raychoti to Vempalli section of NH-440 in the State of Andhra Pradesh on EPC mode.,MoRTH,618037,N24001934,-,Andhra Pradesh,12/2021,05/2022,05/2024,06/2026,439.82,359.52,178.83,82.0,April 2026,93
799,Ministry of Road Transport & Highways,Roads & Highways,Gorantla - Hindupur section from Km 120/300 to 165/000 of NH716G in the State of Andhra Pradesh,MoRTH,618052,-,10169,Andhra Pradesh,10/2024,08/2025,08/2027,08/2027,808.7,808.7,0.0,18.72,April 2026,93
800,Ministry of Road Transport & Highways,Roads & Highways,Muddanur to B. Kothapalli section of NH-716G from Km. 0/000 to Km. 56/500 56.500 Km in the State of Andhra Pradesh on EPC mode Job no. 741,MoRTH,618053,-,10170,Andhra Pradesh,10/2024,08/2025,08/2027,08/2027,1019.97,1019.97,0.0,20.63,April 2026,93
801,Ministry of Road Transport & Highways,Roads & Highways,Dornala to Kunta Junction from Design Chainage Km 244000 to 267990 section of NH-765 Package-2,MoRTH,618062,N24002147,-,Andhra Pradesh,12/2022,03/2024,09/2025,01/2026,244.83,244.83,0.0,99.64,April 2026,93
802,Ministry of Road Transport & Highways,Roads & Highways,Kondamodu to Perecherla Section Design Ch. Km 000 to Km 49917 of NH-167AG to to 4LPS,MoRTH,618101,-,10181,Andhra Pradesh,10/2024,04/2025,04/2027,04/2027,881.61,881.61,0.0,36.82,April 2026,93
803,Ministry of Road Transport & Highways,Roads & Highways,Rehabilitation and upgradation from Km 22300 to 58635 of MudireddyPalle to Kadapa/Nellore Border via porumamilla Section of NH 167 Two Lane with paved Shoulder in,MoRTH,618103,-,-,Andhra Pradesh,03/2022,10/2024,04/2026,06/2026,279.29,279.29,155.02,88.25,April 2026,93
804,Ministry of Road Transport & Highways,Roads & Highways,Rehabilitation and upgradation of NH 326A from km 0/0 to 41/979 excluding km 2/255 to 3/372 and km 36/820 to 38/275 Odisha border to Narasamapeta to two lane with paved Shoulders in the State of Andhra Pradesh under NHO on EPC Mode,MoRTH,618125,-,-,Andhra Pradesh,03/2018,09/2018,03/2020,10/2025,228.32,228.32,44.45,100.0,April 2026,93
805,Ministry of Road Transport & Highways,Roads & Highways,Widening to two lane with paved shoulder of Rampachodavaram - Koyyuru section of NH 516E from Km 43700 to Km 113820 in the State of Andhra Pradesh on EPC mode Job No. 737,MoRTH,618145,N24001263,10190,Andhra Pradesh,03/2022,01/2023,01/2025,04/2026,568.12,568.12,303.13,98.63,April 2026,93
806,Ministry of Road Transport & Highways,Roads & Highways,Widening and Reconstruction of existing road to four lane from Km.56400 to Km 120300 i.e. from B.Kothapalli Junction to Gorantla excluding Kadiri Bypass from Km 70200 to Km 77105 of NH 716G in the State of Andhra Pradesh on EPC mode Job no. 742,MoRTH,618161,N24001416,10194,Andhra Pradesh,03/2022,09/2023,12/2025,04/2026,839.98,839.98,355.56,99.45,April 2026,93
807,Ministry of Road Transport & Highways,Roads & Highways,"Rehabilitation and upgradation of NH-167AD from Macherla to Dachepalli via Paluvai Junction, Rentachinthala, Gurazala from Km.0.000 to 43.659 to two lane with paved shoulders in the state of Andhra Pradesh job-729",MoRTH,618191,N24001951,-,Andhra Pradesh,01/2022,01/2023,01/2025,03/2026,403.22,403.22,227.13,99.06,April 2026,94
808,Ministry of Road Transport & Highways,Roads & Highways,Duttalur at NH-565 Junction to Kavali Joining on NH-16 Chainage Km. 36/400 to Km. 107/224 excluding the stretch from Km 101.880 to 105.300 67.404 Km of NH-167BG from in the State of Andhra Pradesh on EPC mode,MoRTH,618192,N24001942,-,Andhra Pradesh,03/2021,07/2022,07/2024,04/2026,423.67,423.67,0.0,94.65,April 2026,94
809,Ministry of Road Transport & Highways,Roads & Highways,Widening of Existing Road to Two Lane with Paved Shoulder Configuration from Km 0.00 to 26.000 & Km 45.200 To 59.622 Of NH 365BB in the State of Andhra Pradesh Under Annual Plan 2023-24 through EPC Mode,MoRTH,618193,-,-,Andhra Pradesh,01/2024,04/2025,12/2026,12/2026,368.63,368.63,37.37,22.55,April 2026,94
810,Ministry of Road Transport & Highways,Roads & Highways,Rehabilitation and upgradation of New NH 544DD from design Chainage Km. 56/000 to 102/20 of Kalyandrg - Molakalmuru Section,MoRTH,618194,N24000937,-,Andhra Pradesh,03/2018,08/2018,02/2020,09/2025,294.13,285.29,312.39,98.52,April 2026,94
811,Ministry of Road Transport & Highways,Roads & Highways,Rehabilitation and Up-gradation of Dhindi - Digamarru section from Km 126/510 to Km 135/740 of NH -214New NH -216 and digamarru -Losari section from Km 0/000 tp Km 34/230 of NH-214 ANew Nh-216 to two lane with paved shoulder in the state of AP- NH,MoRTH,618236,-,-,Andhra Pradesh,02/2016,05/2016,05/2018,11/2023,316.06,288.76,220.75,100.0,April 2026,94
812,Ministry of Road Transport & Highways,Roads & Highways,Rehabilitation and Up-gradation of Pasarlapudi to Dhindi section from Km 105/170 to Km 126/510 of NH -214 New NH -216 to two lane with paved shoulder in the state of Andhra Pradesh under NHDP-IV,MoRTH,618237,N24000969,-,Andhra Pradesh,03/2017,09/2017,09/2019,09/2025,263.45,263.45,151.56,98.4,April 2026,94
813,Ministry of Road Transport & Highways,Roads & Highways,Rehabilitation and Up-gradation of Thimmapuram to Gurajanapalli section from Km 26/150 to Km 41/161 of NH - 214 New NH - 216 to two lane with paved shoulder in the state of Andhra Pradesh under NHDP-IV,MoRTH,618238,N24000964,-,Andhra Pradesh,08/2016,01/2017,07/2018,07/2026,350.61,432.91,233.92,98.2,April 2026,94
814,Ministry of Road Transport & Highways,Roads & Highways,"Rehabilitation & Upgradation of NH214New NH-216 from Km 34/230 to Km 84/550 Losari to Machavaram Section to two lane with paved shoulder in the state of Andhrapradesh under NHDP-IV through Engineering, Procurement& Construction EPC mode.",MoRTH,618239,-,-,Andhra Pradesh,03/2016,09/2016,09/2018,07/2025,445.22,459.37,0.0,98.6,April 2026,94
815,Ministry of Road Transport & Highways,Roads & Highways,Construction of Paderu bypass Km 0000 to Km 13000 of 2- lane with paved shoulder on NH-516E,MoRTH,618254,N24002148,-,Andhra Pradesh,03/2023,01/2025,07/2026,12/2026,244.43,244.43,11.67,13.0,April 2026,94
816,Ministry of Road Transport & Highways,Roads & Highways,Two laning with paved shoulders of Lambasingi to Paderusection of NH 516E,MoRTH,618255,N24002142,-,Andhra Pradesh,04/2020,11/2023,11/2025,11/2026,361.24,358.05,109.5,43.22,April 2026,94
817,Ministry of Road Transport & Highways,Roads & Highways,"Rehabilitation and Upgradation to 2-lane with paved should ders Sir, configuration of Chaprathipalem to Lambasingi section Km 165500 to Km 205000 of NH-516E in the State of Andhra Pradesh under Green National Highways Corridor Project GNHCP with the loan assistance of World Bank on EPC mode",MoRTH,618256,N24001958,-,Andhra Pradesh,08/2020,10/2022,10/2024,05/2026,311.22,311.22,195.13,91.25,April 2026,94
818,Ministry of Road Transport & Highways,Roads & Highways,Rehabilitation and Upgradation to 2-lane with paved shoulders configuration of Koyyuru to Chaprathipalem section Km 120000 to Km 165500 of NH-516E in the State of Andhra Pradesh under Green National Highways Corridor Project GNHCP with the loan assistance of World Bank on EPC mode,MoRTH,618257,N24001957,-,Andhra Pradesh,08/2020,07/2022,07/2024,03/2026,349.29,349.29,242.02,100.0,April 2026,94
819,Ministry of Road Transport & Highways,Roads & Highways,Two laning with paved shoulders of Gondiguda to Araku uptoBhallaguda section of NH 516E,MoRTH,618258,N24001956,-,Andhra Pradesh,08/2020,09/2021,09/2023,04/2024,296.66,289.11,237.52,91.5,April 2026,94
820,Ministry of Road Transport & Highways,Roads & Highways,Two laning with paved shoulders of Paderu to GundigudaSection of NH 516E,MoRTH,618259,N24001386,-,Andhra Pradesh,08/2020,03/2021,03/2023,03/2024,222.61,222.61,122.52,100.0,April 2026,94
821,Ministry of Road Transport & Highways,Roads & Highways,Construction of i Connecting Road from Z-Morh Tunnel to Zojila Tunnel Road Length 18.475km and ii 14.150 Km long 2-L Bi-directional single tube Zoji-la Tunnel across Zojila Pass on Sonamarg - Kargil section from Km 82 to Km 118 of NH-01 under PMDP,NHIDCL,618412,N24001256,10304,Andhra Pradesh,01/2018,10/2020,09/2026,02/2028,6808.69,6808.69,3214.27,66.05,April 2026,94
822,Ministry of Road Transport & Highways,Roads & Highways,Bangalore Chennai Expressway Phase-II Pkg-II from km.96.000 to Km 127.000 Baireddypalle to Bangarupalem section,National Highways Authority of India [NHAI],618475,N24001985,10334,Andhra Pradesh,02/2021,06/2023,06/2025,09/2026,2548.04,2548.04,1226.85,92.14,April 2026,94
823,Ministry of Road Transport & Highways,Roads & Highways,Bangalore Chennai Expressway Phase-II Pkg-III from km.127.000 to Km 156.000 Bangarupalem to Gudipala section,National Highways Authority of India [NHAI],618476,N24001821,10335,Andhra Pradesh,11/2020,10/2022,10/2024,05/2026,1407.33,1407.33,689.49,99.46,April 2026,95
824,Ministry of Road Transport & Highways,Roads & Highways,Construction of 6 lane elevated corridor including its approaches from Km. 629880 to Km. 634470 Design Chainage of NH-16 in Ranasthalam Town portion in the state of Andhra Pradesh on EPC Mode under NHO.,National Highways Authority of India [NHAI],618524,-,-,Andhra Pradesh,07/2024,03/2025,03/2027,03/2027,257.98,192.85,46.41,34.5,April 2026,95
825,Ministry of Road Transport & Highways,Roads & Highways,Construction of flyover at Gammon Junction at Km.903.265 on NH16 including vent at Diwancheruvu junction at Km.902.308 Blackspot ID No.AP03299 in Andhra Pradesh on EPC mode under NHO,National Highways Authority of India [NHAI],618525,-,-,Andhra Pradesh,03/2025,10/2025,10/2027,10/2027,326.61,223.29,13.18,8.8,April 2026,95
826,Ministry of Road Transport & Highways,Roads & Highways,6L of Gundugolanu Design km 1023.280 to Kalaparru Design km 1050.680 of NH-5 New NH-16,National Highways Authority of India [NHAI],618526,-,10377,Andhra Pradesh,10/2018,01/2020,07/2021,05/2026,665.59,665.59,512.09,95.73,April 2026,95
827,Ministry of Road Transport & Highways,Roads & Highways,Six Laning of Vijayawada Bypass from Gollapudi to Chinnakakani in Vijayawada - Gundugolanu Section from km. 30.00 to km. 47.881 Pkg-IV,National Highways Authority of India [NHAI],618527,N24001301,10378,Andhra Pradesh,01/2020,07/2021,01/2024,05/2026,1194.57,1757.82,853.14,99.92,April 2026,95
828,Ministry of Road Transport & Highways,Roads & Highways,6L of Anandapuram Pendurthi Anakapalli Section from km. 681.000 to km. 731.780 of NH-16,National Highways Authority of India [NHAI],618579,-,10415,Andhra Pradesh,01/2018,01/2019,07/2021,05/2026,2527.0,2957.25,994.53,100.0,April 2026,95
829,Ministry of Road Transport & Highways,Roads & Highways,Nandigama Bypass and Kanchikacherla bypass,National Highways Authority of India [NHAI],618629,-,-,Andhra Pradesh,11/2017,03/2018,06/2019,05/2026,416.07,444.58,110.65,98.47,April 2026,95
830,Ministry of Road Transport & Highways,Roads & Highways,4L of Kadapa China Orampadu section of NH-716 Package I of Kadapa-Renigunta section,National Highways Authority of India [NHAI],618633,-,12088,Andhra Pradesh,12/2022,03/2026,03/2028,03/2028,1732.66,1732.66,0.03,0.0,April 2026,95
831,Ministry of Road Transport & Highways,Roads & Highways,6L Korlam-Kantakapalle Section of NH-130CD Road from Km 421.100 to Km 445.100 Pkg-3,National Highways Authority of India [NHAI],618682,-,10485,Andhra Pradesh,02/2021,02/2022,02/2024,07/2026,1112.7,1127.63,822.68,99.26,April 2026,95
832,Ministry of Road Transport & Highways,Roads & Highways,Renigunta - Poyya - Naidupeta km 124.60 to km 183.4 of NH 71,National Highways Authority of India [NHAI],618700,N24001824,10500,Andhra Pradesh,03/2020,01/2022,01/2024,05/2026,1863.09,2510.14,1488.04,98.6,April 2026,95
833,Ministry of Road Transport & Highways,Roads & Highways,6L Access Controlled Greenfield Highway from Kodur Ch. 0000 to Vanavolu Ch. 24300 of [NH-544G] Package-1,National Highways Authority of India [NHAI],618712,N24001841,10507,Andhra Pradesh,01/2023,02/2024,02/2026,12/2026,912.94,798.25,333.15,85.01,April 2026,95
834,Ministry of Road Transport & Highways,Roads & Highways,6L Access Controlled Greenfield Highway from Yerragudipadu Ch. 129000 to Audireddipalle Ch. 160000 of [NH 544G] Package-6,National Highways Authority of India [NHAI],618713,N24001846,10508,Andhra Pradesh,02/2023,02/2024,02/2026,04/2027,1200.42,1019.69,218.52,38.41,April 2026,95
835,Ministry of Road Transport & Highways,Roads & Highways,6L Access Controlled Greenfield Highway from Nallacheruvu palli Ch. 96300 to Yerragudipadu Ch. 129000 of [NH-544G] Package-5,National Highways Authority of India [NHAI],618714,N24001845,10509,Andhra Pradesh,02/2022,02/2024,02/2026,12/2026,1253.26,1095.78,339.28,62.02,April 2026,95
836,Ministry of Road Transport & Highways,Roads & Highways,6L Access Controlled Greenfield Highway from Odulapalle Ch. 72000 to Nallacheruvu- palli Ch. 96300 of [NH-544G]Package-4,National Highways Authority of India [NHAI],618715,N24001844,10510,Andhra Pradesh,01/2023,02/2024,02/2026,02/2027,1058.9,946.1,377.77,73.93,April 2026,95
837,Ministry of Road Transport & Highways,Roads & Highways,6L Access Controlled Greenfield Highway from Vankarakunta Ch. 45700 to Odulapalle Ch. 72000 of [NH-544G]Package-3,National Highways Authority of India [NHAI],618716,N24001843,10511,Andhra Pradesh,12/2022,03/2024,03/2026,12/2026,992.91,888.07,319.82,73.1,April 2026,95
838,Ministry of Road Transport & Highways,Roads & Highways,6L Access Controlled Greenfield Highway from Vanavolu Ch. 24300 to Vankarakunta Ch. 45700 of [NH-544G] Package-2,National Highways Authority of India [NHAI],618717,N24001842,10512,Andhra Pradesh,01/2023,03/2024,03/2026,11/2026,750.81,626.91,226.46,82.18,April 2026,95
839,Ministry of Road Transport & Highways,Roads & Highways,6L Access Controlled Greenfield Highway from Kavulakuntla Ch. 196000 to Narayanmpet Ch. 203500Package-09,National Highways Authority of India [NHAI],618718,-,10513,Andhra Pradesh,02/2023,02/2025,02/2027,04/2027,1092.18,956.4,178.93,36.0,April 2026,95
840,Ministry of Road Transport & Highways,Roads & Highways,6L Access Controlled Greenfield Highway from Mallapalle Ch. 176000 to Kavulakuntla Ch. 196000 Package-08,National Highways Authority of India [NHAI],618719,N24001848,10514,Andhra Pradesh,02/2023,02/2024,02/2026,01/2027,909.02,751.81,257.58,56.01,April 2026,95
841,Ministry of Road Transport & Highways,Roads & Highways,6L Access Controlled Greenfield Highway from Audireddipalle Ch. 160000 to Mallapalle Ch. 176000Package-07,National Highways Authority of India [NHAI],618720,N24001847,10515,Andhra Pradesh,02/2023,03/2024,03/2026,02/2027,987.1,848.06,297.0,65.77,April 2026,95
842,Ministry of Road Transport & Highways,Roads & Highways,6L Access Controlled Greenfield Highway from Chandrasekharapuram Ch. 228000 to Polavaram Ch. 260000of [NH-544G] Package-11,National Highways Authority of India [NHAI],618721,N24002123,10516,Andhra Pradesh,02/2023,02/2024,02/2026,01/2027,1292.65,1110.33,319.82,58.42,April 2026,96
843,Ministry of Road Transport & Highways,Roads & Highways,Khammam-Devarapalle Pkg IV [4L Access Controlled Greenfield from Recherla village to Gurvaygudem village Design Chainage 105236 to 132664],National Highways Authority of India [NHAI],618748,N24001476,10535,Andhra Pradesh,11/2020,09/2022,09/2024,05/2025,569.37,752.02,355.88,100.0,April 2026,96
844,Ministry of Road Transport & Highways,Roads & Highways,Khammam-Devarapalle Pkg V [4L Access Controlled Greenfield from Gurvaygudem village to Devarapalle village Design Chainage 132664 to 162126,National Highways Authority of India [NHAI],618749,N24001477,10536,Andhra Pradesh,12/2020,09/2022,09/2024,06/2026,711.94,926.48,422.97,99.66,April 2026,96
845,Ministry of Road Transport & Highways,Roads & Highways,4L PS Mydukur - Badvel from Km 585.820 to Km 630.960 of NH-67,National Highways Authority of India [NHAI],618759,N24001849,10541,Andhra Pradesh,05/2022,09/2023,09/2025,05/2026,1063.57,1103.87,502.6,90.4,April 2026,96
846,Ministry of Road Transport & Highways,Roads & Highways,4L of Pileru to Kalur Section from Km 55.900 to Km 92.800 & Km 94.500 to Km 95.717 of NH-71Package-II,National Highways Authority of India [NHAI],618777,N24001986,10553,Andhra Pradesh,03/2022,10/2023,11/2025,06/2026,1877.47,592.85,246.22,98.84,April 2026,96
847,Ministry of Road Transport & Highways,Roads & Highways,4L of Madanapalle to Pileru Section from Km 0.000 to Km 55.900 of NH-71Package-I,National Highways Authority of India [NHAI],618778,N24001823,10554,Andhra Pradesh,02/2022,01/2023,01/2025,06/2026,1877.47,1994.1,1145.97,94.9,April 2026,96
848,Ministry of Road Transport & Highways,Roads & Highways,Development of 4L Road from Samarlakota to Achampeta Junction as part of Kakinada Port Connectivity to NH-16 Rajanagaram Junction in East Godavari District,National Highways Authority of India [NHAI],618803,N24001856,10572,Andhra Pradesh,09/2022,08/2023,08/2025,05/2026,645.63,750.2,595.09,90.5,April 2026,96
849,Ministry of Road Transport & Highways,Roads & Highways,Dedicated Port road to Krishnapatnam Port Package-I from Km. 0.000 to Km. 18.000,National Highways Authority of India [NHAI],618804,N24000811,-,Andhra Pradesh,03/2018,12/2018,12/2020,08/2026,348.72,341.36,184.68,77.93,April 2026,96
850,Ministry of Road Transport & Highways,Roads & Highways,6L Connectivity to Port Road from Sabbavaram Sheelanagar-NH516C,National Highways Authority of India [NHAI],618805,-,11880,Andhra Pradesh,12/2024,02/2026,02/2028,02/2028,977.33,977.33,64.7,4.0,April 2026,96
851,Ministry of Road Transport & Highways,Roads & Highways,Improvement of 4L road to 6L road and 4L dedicated Port Roads for the Port connectivity road from Convent junction to Sheelanagar Junction,National Highways Authority of India [NHAI],618806,-,10573,Andhra Pradesh,01/2023,02/2024,02/2026,06/2026,685.99,680.21,460.16,79.0,April 2026,96
852,Ministry of Road Transport & Highways,Roads & Highways,"4L Greenfield Road connecting North and South industrial cluster of Khandaleru Creek near Krishnapatnam port at Thamminapatnam to Mollur from Km 0.0 to Km 16.046, Part I & 6L extension of dedicated port road of NH-67 Km 18.0 to Km 19.3, Part II",National Highways Authority of India [NHAI],618807,N24001979,10574,Andhra Pradesh,08/2022,09/2023,09/2025,06/2026,609.43,559.98,505.16,78.62,April 2026,96
853,Ministry of Road Transport & Highways,Roads & Highways,4 Laning of NH-544D from Km 0.000 to km 37.000 of Anantapur- Muchukota section Pkg-1,National Highways Authority of India [NHAI],618826,N24001980,10590,Andhra Pradesh,10/2022,07/2023,07/2025,05/2026,907.76,905.98,448.53,91.4,April 2026,96
854,Ministry of Road Transport & Highways,Roads & Highways,4 Laning of NH-544D from Km 37.000 to km 69.000 of Muchukota- Bugga section Pkg-2,National Highways Authority of India [NHAI],618827,N24001983,10591,Andhra Pradesh,10/2022,08/2023,08/2025,07/2026,1097.57,1055.23,356.89,70.68,April 2026,96
855,Ministry of Road Transport & Highways,Roads & Highways,4L PS from Mandlem Existing Km. 38.000/Design Km.30.600 to Atmakur Existing Km.73.000/Design Km 66.115 of NH340C Package2,National Highways Authority of India [NHAI],618919,N24001984,10665,Andhra Pradesh,03/2023,11/2023,11/2025,-,887.28,913.03,374.39,99.94,April 2026,96
856,Ministry of Road Transport & Highways,Roads & Highways,Access Controlled Highway of 4 Lane with Paved Shoulders from TN/AP Border Design Chainage Km 6151 to Puttur Design Chainage Km 81540 of NH-716 & 6 Lane with Paved Shoulders from Mallavaram to Renigunta,National Highways Authority of India [NHAI],618920,-,10666,Andhra Pradesh,03/2024,12/2024,12/2026,02/2027,1346.82,1260.37,171.16,34.98,April 2026,96
857,Ministry of Road Transport & Highways,Roads & Highways,Six Laning of Vijayawada Bypass from Chinna Avutapalli to Gollapudi in Vijayawada - Gundugolanu Section from km. 0.00 to km. 30.00 Pkg-III,National Highways Authority of India [NHAI],619076,-,11766,Andhra Pradesh,01/2020,02/2021,02/2023,05/2026,1581.24,1883.71,934.99,98.2,April 2026,96
858,Ministry of Road Transport & Highways,Roads & Highways,4 L of China Orampadu-Renigunta section of NH-716 Package-II of Kadapa- Renigunta section,National Highways Authority of India [NHAI],619102,-,12087,Andhra Pradesh,12/2022,03/2026,03/2028,03/2028,1500.11,1500.11,0.17,0.0,April 2026,96
859,Ministry of Road Transport & Highways,Roads & Highways,6L Jakkuva Korlam Section of NH-130CD Road from km 396.800 to km 421.100 Pkg 2,National Highways Authority of India [NHAI],619111,N24001837,11785,Andhra Pradesh,02/2021,03/2022,03/2024,05/2026,840.51,840.51,549.56,99.32,April 2026,96
860,Ministry of Road Transport & Highways,Roads & Highways,6L Kantakapalle Sabbavaram Section of NH-130CD Road from Km 445.100 to Km 464.662 Pkg-4,National Highways Authority of India [NHAI],619112,N24001836,11786,Andhra Pradesh,02/2021,10/2022,10/2024,12/2026,1012.57,1012.57,568.13,81.06,April 2026,96
861,Ministry of Road Transport & Highways,Roads & Highways,6L Access Controlled Greenfield Highway from Narayanmpet Ch. 203500 to Chandrasekharpuram Ch. 228000Package-10,National Highways Authority of India [NHAI],619123,N24002122,11792,Andhra Pradesh,02/2023,02/2024,02/2026,12/2026,813.66,678.21,196.59,61.5,April 2026,97
862,Ministry of Road Transport & Highways,Roads & Highways,6L Access Controlled Greenfield Highway from Polavaram Ch. 260000 to Marripudi Ch. 285500 of [NH-544G]Package-12,National Highways Authority of India [NHAI],619124,N24002124,11793,Andhra Pradesh,02/2023,02/2024,02/2026,11/2026,747.29,626.83,227.96,69.6,April 2026,97
863,Ministry of Road Transport & Highways,Roads & Highways,6L Access Controlled Greenfield Highway from Somavarappadu Ch.314.600 to Muppavaram Ch.343240 of [NH-544G] Package-14,National Highways Authority of India [NHAI],619125,N24002126,11794,Andhra Pradesh,02/2023,02/2024,02/2026,03/2027,1103.9,943.66,197.36,43.16,April 2026,97
864,Ministry of Road Transport & Highways,Roads & Highways,6L Access Controlled Greenfield Highway from Marripudi Ch. 285500 to Somavarappadu Ch. 314600 of [NH-544G] Package-13,National Highways Authority of India [NHAI],619126,N24002125,11795,Andhra Pradesh,02/2023,02/2024,02/2026,09/2026,976.41,798.71,293.33,73.0,April 2026,97
865,Ministry of Road Transport & Highways,Roads & Highways,6L of Naidupeta Junction - Turpukanupur Section from km 57.046 to km 91.927,National Highways Authority of India [NHAI],619140,N24001981,11806,Andhra Pradesh,08/2022,10/2023,10/2025,02/2027,1398.84,965.58,297.06,43.4,April 2026,97
866,Ministry of Road Transport & Highways,Roads & Highways,Construction of four lane access controlled highway from Chillakuru cross road to Turpu KanupurPart 1 of Package - II km 0.000 131.500 of NH - 16 to km 23.770 on New NH-516W including sixlane flyover and approaches on NH-16 length km 1.050 and six lane access controlled from TurpuKanupur to Port South Gate Part 2 of Package - II km 23.770 to km 35.015 on New NH-516W inthe state of Andhra Pradesh on HAM Mode under Bharatmala Pariyojana Phase I,National Highways Authority of India [NHAI],619141,N24002033,11807,Andhra Pradesh,08/2022,12/2023,12/2025,11/2026,864.2,844.39,305.43,50.17,April 2026,97
867,Ministry of Road Transport & Highways,Roads & Highways,Balance works in AP Portion and punch list items in TN & AP portion of NH-205,National Highways Authority of India [NHAI],619160,-,-,Andhra Pradesh,10/2022,07/2023,01/2025,01/2026,166.52,113.46,98.26,100.0,April 2026,97
868,Ministry of Road Transport & Highways,Roads & Highways,Construction of 2-lane road of Potin to Pangin section of NH-13 from Km 163.59 to Km 206.66 Package-5 on EPC Mode in the State of Arunachal Pradesh under Arunachal Pradesh Package of Roads and Highways of SARDP-NE [Job No SARDP-NE/P- P/Pkg-A/NH-13/Ar.Pr./PWD/2018-19/116],MoRTH,617892,N24001297,-,Arunachal Pradesh,03/2019,11/2020,11/2023,05/2026,450.65,450.65,308.61,96.61,April 2026,97
869,Ministry of Road Transport & Highways,Roads & Highways,4-Laning of Itanagar to Bandardewa section of NH-415from km 40430 to km 51735 Package-Bon EPC Mode in the state of Arunachal Pradesh Job NO. 415/Ar. P/2020- 21/031,MoRTH,618033,N24001375,-,Arunachal Pradesh,06/2020,12/2021,12/2024,07/2026,496.47,496.47,165.43,51.37,April 2026,97
870,Ministry of Road Transport & Highways,Roads & Highways,"Construction of Intermediate Lane with Hard Shoulder of Hunli to Hayuliang Package- III from design Km 60.000 to Km 121.500 Design Length 61.500 km, Greenfield Section of Frontier Highway NH-913 in the State of Arunachal Pradesh on EPC Mode Pkg-3",NHIDCL,618401,-,10300,Arunachal Pradesh,02/2024,07/2025,07/2028,07/2028,1418.67,1418.67,0.0,1.7,April 2026,97
871,Ministry of Road Transport & Highways,Roads & Highways,"Construction of Intermediate Lane with Hard Shoulder of Hunli to Hayuliang from Design Km 0.000 to Km 53.000 Design Length 53.000 km, Greenfield Section of Frontier Highway NH-913 in the State of Arunachal Pradesh on EPC Mode Package-I",NHIDCL,618402,N24002222,10301,Arunachal Pradesh,02/2024,03/2025,02/2028,03/2028,1262.43,1262.43,233.81,16.75,April 2026,97
872,Ministry of Road Transport & Highways,Roads & Highways,Construction of Intermediate Lane Road with hard shoulder from design Km 0.000 to Km 17.387 Total length 17.387 km of Hunli to Ithun Bridge section on NH-913 Frontier Highway in State of Arunachal Pradesh on EPC mode under NHO-NE,NHIDCL,618403,N24002223,-,Arunachal Pradesh,02/2024,01/2025,01/2027,01/2027,275.5,275.5,0.0,49.23,April 2026,97
873,Ministry of Road Transport & Highways,Roads & Highways,Construction of lntermediate Lane Road with hard shoulder from design chainage Km 0.000 to Km 53.040 Existing Length68.500 Km & Total Design length 53.04 km of Tato to Monigong section of NH-913 Frontier Highway on Nafra Bomdila to Vijaynagar along China border in state of Arunachal pradesh on EPC mode,NHIDCL,618404,-,10302,Arunachal Pradesh,12/2023,05/2025,11/2027,11/2027,625.61,625.61,0.0,21.37,April 2026,97
874,Ministry of Road Transport & Highways,Roads & Highways,"Construction of Intermediate Lane of Pango to Jorging Road from 0000 to Design Km Design Km 40000 Design Length 40.00 Km, Pkg-l, Greenfield Alignment in the State of Arunachal Pradesh on EPC mode Pkg-1",NHIDCL,618405,N24002224,10303,Arunachal Pradesh,01/2024,01/2025,07/2027,07/2027,898.19,898.19,0.0,39.1,April 2026,97
875,Ministry of Road Transport & Highways,Roads & Highways,Construction of Balance work of 2-Lane with PS of Joram-Koloriang Road NH-713 on EPC basis from Design Km 44.989 to Km 61.547 Existing Km 50.050 to Km 70.000 in the state of Arunachal Pradesh under SARDP-NE Pkg-3,NHIDCL,618432,N24001390,-,Arunachal Pradesh,02/2017,10/2020,04/2022,07/2023,228.72,228.72,0.0,99.52,April 2026,97
876,Ministry of Road Transport & Highways,Roads & Highways,Construction of Balance work of 2-Lane with PS of Joram Koloriang Road from existing Km122.600 to km138.00 [Design Km108.724 to Km123.714] in Arunachal Pradesh on EPC Mode under SARDP-NE Pkg-7,NHIDCL,618433,N24001393,-,Arunachal Pradesh,02/2017,10/2020,04/2022,04/2026,184.89,184.89,0.0,99.69,April 2026,97
877,Ministry of Road Transport & Highways,Roads & Highways,Roing-Hunli Road Greenfield Alignment Project,NHIDCL,618434,N24000946,10309,Arunachal Pradesh,02/2017,03/2018,03/2022,06/2026,1718.59,1718.59,178.83,82.04,April 2026,98
878,Ministry of Road Transport & Highways,Roads & Highways,Construction of 2-Laning with hard shoulders of Demwe-Brahmakund section of NH- 13 from Ch.0.00 km to 18.464 km on EPC under SARDP-NE NHO-NE -Balance Work,NHIDCL,618445,-,-,Arunachal Pradesh,08/2020,06/2025,12/2027,12/2027,353.9,353.9,0.0,17.91,April 2026,98
879,Ministry of Road Transport & Highways,Roads & Highways,"lmprovement and Widening to 2 lane with paved Shoulder of NH-15 old NH-52 from Existing Km 770.600 Design Km 24.819 to Existing km 805.750 Design Km 59.885 Kamlang T-Junction to Chowkham, Existing Length 35.150 Km, Design Length-35.066 Km in the state of Arunachal Pradesh on EPC mode Pkg-2",NHIDCL,619014,-,-,Arunachal Pradesh,12/2023,02/2026,02/2028,-,316.73,316.73,0.0,0.0,April 2026,98
880,Ministry of Road Transport & Highways,Roads & Highways,Construction of Mangaldoi Bypass NH-15 starting at Ch 26400 and terminating at Ch 41505 under Rangia NH Division L 15.105 Km in the State of Assam. Job No. 15/AS/2021-22/234,MoRTH,617895,N24001840,10132,Assam,03/2022,04/2023,04/2025,12/2026,535.03,535.03,161.56,70.71,April 2026,98
881,Ministry of Road Transport & Highways,Roads & Highways,"Construction of 4 lane Gauripur Bypass Starting bfrom Km 852.56 of NH- 31Dumardoha Pt-II and Terminating at Km 862.17 Baladmara via. Khudimari Pt.- II, Fulkumari, Charaldanga, Sajuakuti,Geramari Pt.-III and finally meeting at km 862.17 of NH-17New/ NH-31Old in the State of Assam under EPC Mode Job no. 31/AS/ 2023- 24/265",MoRTH,617896,N24002237,-,Assam,03/2024,04/2025,10/2026,10/2026,421.15,421.15,0.0,17.9,April 2026,98
882,Ministry of Road Transport & Highways,Roads & Highways,Construction of 2 lane Barpeta Bypass from Km 77900Baradi to Km 86150 Deurikuchi Length8.25Km on NH-427 in the state of Assam under EPC ModeJob No.427/AS/2022-23/245,MoRTH,618034,N24002238,-,Assam,03/2023,02/2025,08/2026,08/2026,173.65,173.65,8.07,20.0,April 2026,98
883,Ministry of Road Transport & Highways,Roads & Highways,"Construction of new 2 Lane with paved shoulders of NH Standards from km 0.080 to km 11.690 L11.610 km in Majuli and from km 19.715 to km 27.484 L 7.769 km in Jorhat on the newly declared NH 715K and construction of 1.10 km flyover on NH-715 with its approaches and service roads L1.10 km, Total Length 20.479 km in the State of Assam Job No. 715K/AS/2023-24/256",MoRTH,618159,-,-,Assam,02/2024,09/2025,03/2027,03/2027,382.1,382.1,25.58,0.0,April 2026,98
884,Ministry of Road Transport & Highways,Roads & Highways,"Construction of 2 lane Major Bridge including approaches over Brahmaputra between Majuli on North Bank and Jorhat on South Bank from km. 11.690 to km. 19.715 length of bridge 6,812.5m Package - II on NH-715K in the state of Assam Job no. 715/AS/2020-21/213",MoRTH,618160,-,-,Assam,03/2025,12/2025,12/2027,12/2027,1019.17,1019.17,0.0,1.82,April 2026,98
885,Ministry of Road Transport & Highways,Roads & Highways,4-L Bilasipara-Guwahati Package-10,NHIDCL,618282,N24002023,10237,Assam,03/2023,12/2023,06/2026,03/2027,1264.9,1264.9,469.24,56.91,April 2026,98
886,Ministry of Road Transport & Highways,Roads & Highways,4-L Bilasipara-Guwahati Package-9,NHIDCL,618283,N24002022,10238,Assam,03/2023,12/2023,06/2026,03/2027,1000.27,1000.27,416.11,50.92,April 2026,98
887,Ministry of Road Transport & Highways,Roads & Highways,Widening/Improvement to 4-Lane with paved shoulder from Km 99930 to Km 143680 Design Chainage 96000 to 139750 of Paikan to Dhupdhara Sahar of Bilasipura- Guwahati Road on NH-17 in the state of Assam on EPC mode under Bharatmala Pariyojana in Economic Corridors Project Length 43.750km under NHO-NE Package- 8,NHIDCL,618284,N24002021,10239,Assam,03/2023,12/2023,12/2026,12/2026,1457.59,1457.59,793.68,79.46,April 2026,98
888,Ministry of Road Transport & Highways,Roads & Highways,Widening/Improvement to 4 -Lane with Paved Shoulder from Ch. 88.000km to Ch.99.930 km Design Ch.84.100km to Ch.96.000 km of Sagunbashi forest near Nichinta to starting of Krishnai Bypass Section of Bilasipura Guwahati road NH 17 on EPC Package-7,NHIDCL,618285,N24001368,-,Assam,03/2021,10/2023,10/2025,01/2026,286.72,286.72,186.64,100.0,April 2026,98
889,Ministry of Road Transport & Highways,Roads & Highways,Construction of New 2-Lane Bridge with its approaches from km 0000 to Km 4385 across River Brahmaputra on NH-17 at Jogighopa in Assam on EPC mode,NHIDCL,618286,N24001434,10240,Assam,09/2021,11/2021,11/2024,12/2026,746.76,746.76,410.28,76.47,April 2026,98
890,Ministry of Road Transport & Highways,Roads & Highways,"Widening/Improvement to 4-Lane with paved Shoulder from Ch. 25.633 Km to Ch. 52.470 Km Design Ch. 21.850 Km to Ch.48.670 Km for Package-2 of Bilasipura- Guwahati road NH-17 Section Near Mowatari, before Chapar Bypass to Tulungia junction with NH-17 in the state of Assam on HAM mode under NHO-NE Package-2",NHIDCL,618287,N24002229,10241,Assam,11/2023,12/2024,06/2027,06/2027,1338.61,1338.61,0.0,12.45,April 2026,98
891,Ministry of Road Transport & Highways,Roads & Highways,"Widening/lmprovement to 4-Lane with Paved Shoulder from Ch.5.580 Km to Ch.25.633 Km Design Ch.0.000 Km to Ch.17.737km Km 901.100 to Km 921.145 of old NH-31 of Bilasipara- Guwahati road NH-17 Section Near Chirakuta to near Mowatari, before Chapar Bypass in the state ol Assam on HAM mode Package-1",NHIDCL,618288,N24002225,10242,Assam,02/2024,02/2025,08/2027,08/2027,1081.15,1081.15,0.0,28.74,April 2026,98
892,Ministry of Road Transport & Highways,Roads & Highways,Construction and up gradation to 4-Lane of existing two lane with paved shoulder from Hapachara to Tulungia road of NH-117 of existing Km 0.00 to km 14.050 and Design Km 0.000 to km 14.660 under BMP on EPC mode,NHIDCL,618289,N24001246,-,Assam,03/2020,06/2020,12/2022,03/2026,224.85,224.85,204.31,97.76,April 2026,99
893,Ministry of Road Transport & Highways,Roads & Highways,Construction of 4-Lane Panchgram Bypass from Design Chainage km 15500 on NH- 37 Old NH-53 at Kalinagar Pt.-I Village to Design Chainage km 27300 at crossing with NH-6 Old NH-44 Near Siddeswar Pt.-I Village on Silchar - Churaibari stretch in the State of Assam on EPC Mode under Bharatmala Pariyojana in Economic Corridors Silchar- Churaibari Package-2,NHIDCL,618308,N24002154,10247,Assam,03/2023,08/2024,02/2027,02/2027,676.18,728.97,0.0,57.17,April 2026,99
894,Ministry of Road Transport & Highways,Roads & Highways,Widening/lmprovement to 4-Laning and Greenfield alignment with Paved shoulder of Silchar-Badarpur Churaibari section of NH-37 & NH-8 from Design chainage 38.600 End point of proposed Badarpur Bypass to Km. 62.800 Start point of proposed Nilambazar/Cheragi Bypass in the state of Assam on HAM Mode Package-4,NHIDCL,618309,-,10248,Assam,02/2024,08/2025,08/2027,08/2027,1319.55,1319.55,0.0,14.6,April 2026,99
895,Ministry of Road Transport & Highways,Roads & Highways,Widening/lmprovement to 4-L of Karimgani - sutarkandi section of NH 37 from design Ch 0020 Start of proposed Karimganj Bypass from NH -8 to design Chainage Km 14380 near Sutarkandi Spur Connectivity to Indo/Bangladesh Border on Silchar- Churaibari in the State of Assam on HAM Mode Package-7,NHIDCL,618310,N24002231,10249,Assam,02/2024,02/2025,02/2027,02/2027,791.79,791.79,0.06,40.4,April 2026,99
896,Ministry of Road Transport & Highways,Roads & Highways,Widening/lmprovement to 4-Lane with Paved shoulder for existing as well as Greenfield alignment of Badarpur Churaibari section of NH-8 from Design chainage 87.700 Chandkhira to Km. 106.500 Churaibari section Assam-Tripura border in the state of Assam on HAM Mode Package-6,NHIDCL,618311,N24002230,10250,Assam,03/2024,03/2025,03/2027,03/2027,870.0,870.0,0.0,31.83,April 2026,99
897,Ministry of Road Transport & Highways,Roads & Highways,Widening/lmprovement to 4-Lane with Paved Shoulder from existing road and Greenfield alignment form Design Ch. 62.800 start of proposed Nilambazar/Cheragi Bypass to Design Ch. 87.700 near Chandkhira Village of NH-8 on Silchar-Churaibari in the state of Assam on HAM Mode Package-5,NHIDCL,618312,N24002243,10251,Assam,02/2024,04/2025,10/2027,10/2027,1258.13,1258.13,0.0,11.0,April 2026,99
898,Ministry of Road Transport & Highways,Roads & Highways,Widening/lmprovement of Existing 2 lane to 4-Laning of Karimganj-Silchar section of NH-37 from Design Ch 0.000 near Silchar ISBT to Design Ch 15.970 near Kalinagar Pt I on NH-37 in Assam on HAM Mode Pkg-1,NHIDCL,618313,-,10252,Assam,03/2024,09/2025,09/2027,09/2027,1181.55,1181.55,0.0,0.0,April 2026,99
899,Ministry of Road Transport & Highways,Roads & Highways,4-Laning of Dhanehari Lailapur / Vairengte section from Existing Chainage km 12920 to km 43000 of NH 306 Design Chainage km 20000 to km 49360 on Silchar - Vairengte Sairang road in the State of Assam under Bharatmala Pariyojna on EPC mode. Project Length 29.360 km under NHO-NE Package-2,NHIDCL,618314,N24002128,10253,Assam,03/2023,02/2024,08/2026,08/2026,1716.21,1716.21,918.32,79.34,April 2026,99
900,Ministry of Road Transport & Highways,Roads & Highways,4-Laning of Silchar - Dhanehari section from Existing Chainage km 263800 of NH 37 to km 12920 of NH 306 Design Chainage km 0000 to km 20000 on Silchar - Vairengte - Sairang road in the State of Assam under Bharatmala Pariyojna on EPC mode Package-1,NHIDCL,618315,N24002127,10254,Assam,02/2023,01/2024,07/2026,07/2026,1256.9,1256.9,550.91,55.46,April 2026,99
901,Ministry of Road Transport & Highways,Roads & Highways,Dillai to Lahorijan Package-7,NHIDCL,618325,N24001537,-,Assam,11/2021,01/2023,07/2024,12/2025,204.1,204.1,0.0,0.0,April 2026,99
902,Ministry of Road Transport & Highways,Roads & Highways,Widening/Improvement to 4-Lane with Paved Shoulder from KM 38500 to Km 51246 Design Chainage 38500 to 50959 with proposed Daboka Bypass of Daboka- Parokhaowa of NH 29 on EPC under NHO-NE Package-1,NHIDCL,618326,N24001450,10261,Assam,01/2023,11/2023,11/2025,05/2026,516.88,516.88,0.0,97.96,April 2026,99
903,Ministry of Road Transport & Highways,Roads & Highways,Widening/Improvement to 4-Lane with Paved Shoulder from KM 113300 to Km 146230 Design Chainage 113830 to 145712 of Kwaram Taro Village - Dillai Section in Assam on EPC Package-6,NHIDCL,618327,N24001450,10262,Assam,09/2021,07/2022,07/2024,03/2025,625.64,625.64,0.0,0.0,April 2026,99
904,Ministry of Road Transport & Highways,Roads & Highways,Construction of 4/6 Laning from existing Km 159.400 of NH-36 to existing Km 102.500 of NH-39 and upto end point of Assam portion [Design Km 118.050 to design Km 132.375] Total New Alignment length of 14.325 Km of Daboka -Dimapur Section Dimapur Bypass in the state of Assam under SARDP-NE 'Phase-A' on EPC mode Assam Portion,NHIDCL,618330,N24001263,10265,Assam,03/2018,11/2019,11/2022,09/2025,511.02,511.02,647.21,100.0,April 2026,99
905,Ministry of Road Transport & Highways,Roads & Highways,lmprovement to 4-Lane with Paved Shoulder from existing km 260000 Design Ch.4560 km to existing km Ch.233000 D. Ch.24560 of Silchar near Nutan Dayapur village - Budha Nagar Section Length-20.00 Km of NH-37 under Package Silchar- Jiribam Pkg-1 in the state of Assam on HAM Mode,NHIDCL,618331,N24002226,10266,Assam,01/2024,01/2025,01/2028,01/2028,957.95,957.95,149.51,36.56,April 2026,99
906,Ministry of Road Transport & Highways,Roads & Highways,Widening/Improvement to 2-Lane Lane with Paved Shoulder from km 16900 Bogapani to km 27150 Golai Goan on existing Dibrugarh to Ledo section with proposed Digboi Bypass Green Field and Brownfield 2-LanePS of NH-315 OLD NH-38 in Tinsukia District under NHO- NE Package-4,NHIDCL,618339,N24002025,-,Assam,01/2023,12/2023,12/2026,-,356.65,356.65,0.0,20.45,April 2026,100
907,Ministry of Road Transport & Highways,Roads & Highways,Widening/Improvement to 4-Lane with Paved Shoulder from km 626030 Nalani hulla Gaon to km 650450 Chotahapjan on existing Tinsukhia -Makum Bypass of NH-15 OLD NH-37 and Strengthening of existing NH-315 OLD NH-38 from Km 0000 Chotahapjan to Km 16900 Bogapani section 2-Lane PS in Assam on EPCMode under NHO-NE Package-3,NHIDCL,618340,N24001419,-,Assam,01/2023,05/2023,05/2025,07/2026,458.59,458.59,217.2,83.39,April 2026,100
908,Ministry of Road Transport & Highways,Roads & Highways,Widening & Upgradation to 2 lanes with paved shoulders road from Tamenglong to Mahur NH-137 in the State of Assam starting from km 156.489 near P. Leikul to km 176.410 near Borowapu on EPC mode under NHO-NE Assam portion Package-10,NHIDCL,618351,N24001971,10273,Assam,03/2023,08/2023,08/2025,06/2026,890.33,693.15,569.61,81.9,April 2026,100
909,Ministry of Road Transport & Highways,Roads & Highways,Widening & Upgradation to 2 lanes with paved shoulders road from Tamenglong to Mahur NH-137 in the State of Assam starting from km 136.500 near Hejaichak to km 156.489 near P. Leikul Package-9 on EPC mode under NHO-NE Package-9,NHIDCL,618352,N24001970,10274,Assam,03/2023,08/2023,08/2025,06/2026,860.37,614.43,528.46,87.5,April 2026,100
910,Ministry of Road Transport & Highways,Roads & Highways,Widening & Upgradation to 2-lanes with paved shoulders road from Tamenglong to Mahur NH-137 in the State of Assam starting from km 116.480 near Hangrum to km 136.500 near Hejaichak Package-8 on EPC mode under NHO-NE Package 8,NHIDCL,618353,N24001969,10275,Assam,03/2023,08/2023,08/2025,06/2026,904.04,904.04,520.05,85.2,April 2026,100
911,Ministry of Road Transport & Highways,Roads & Highways,Wideinig & Upgradation to 2-lanes with paved shoulders road from Tamenglong to Mahur NH-137 in the State of Assam starting from km 96.870 near Jiri River to km 116.550 near Hangrum Package-7 on EPC mode Package7,NHIDCL,618354,N24002130,10276,Assam,12/2023,03/2024,03/2026,06/2026,846.82,846.82,0.0,85.29,April 2026,100
912,Ministry of Road Transport & Highways,Roads & Highways,"Widening/Improvement to 4-Lane with Paved Shoulder configuration of existing single lane road from Srirampur near Bhairiguri Village to Kachukhana Harichara Paglagaunj Package-I of Srirampur - Dhubri Section of NH-127B from existing Km 0.000 to Km 28.050 Design Km 0.000 to Km 27.650, Design Length27.650 Km under JICA ODA Loan assistance Phase-V -Balance work",NHIDCL,618371,N24001831,10285,Assam,03/2022,11/2024,11/2026,11/2026,613.89,613.89,260.02,78.09,April 2026,100
913,Ministry of Road Transport & Highways,Roads & Highways,"Widening / Improvement to 4-Lane with Paved Shoulder configuration of existing single lane road from Kachukhana Harichara Paglagaunj to Dhubri - Phulbari Bridge approach Package-II of Srirampur - Dhubri Section of NH-127B from existing Km 28.050 to Km 55.060 Design Km 27.650 to Km 54.154, Design Length26.504 Km under JICA ODA Loan assistance Phase-V [Srirampur - Dhubri Pkg-2]",NHIDCL,618372,N24001544,10286,Assam,03/2022,01/2023,01/2025,06/2025,909.02,909.02,638.5,100.0,April 2026,100
914,Ministry of Road Transport & Highways,Roads & Highways,"Construction of 4-Lane Bridge including approaches over River Brahmaputra between Dhubri on North Bank,Assam and Phulbari on south Bank,Meghalaya on NH-127B under JICA ODA Loan assistance Phase-III",NHIDCL,618373,N24001326,10287,Assam,05/2019,12/2020,09/2028,09/2028,4997.04,4997.04,2808.4,74.36,April 2026,100
915,Ministry of Road Transport & Highways,Roads & Highways,4-Laning from Rangagara to Kaliabor Tiniali from km 297.00 to km 315.315 of NH-37 on EPC basis under SARDP-NE in state of Assam,NHIDCL,618435,N24000438,-,Assam,01/2016,10/2017,04/2020,06/2026,386.51,386.51,352.16,97.13,April 2026,100
916,Ministry of Road Transport & Highways,Roads & Highways,4-Laning of Jamugurihat to end of Biswanath Chariali By-Pass from Km 182.000 to Km 208.000 of NH-52 on EPC mode in state of Assam under SARDP-NE,NHIDCL,618436,N24000431,10310,Assam,03/2015,12/2016,06/2019,07/2025,599.0,599.0,405.02,100.0,April 2026,100
917,Ministry of Road Transport & Highways,Roads & Highways,"Construction of Balance Work of 4-Laning of NH-37 Section between End of Moran Bypass to Bogibeel junction near Lapetketa Km. 561.700-Km. 580.875 under SARDP- NE, Phase 'A' in the State of Assam on EPC mode Pkg-I Road works & Toll Plaza",NHIDCL,618437,N24000583,-,Assam,01/2016,09/2024,03/2025,08/2025,274.34,274.34,90.6,100.0,April 2026,100
918,Ministry of Road Transport & Highways,Roads & Highways,"4-Laning of NH-37 Section between Demow to End of Moran Bypass From Km. 534.800 to Km. 561.700 including Emergency Landing Facility ELF under SARDP-NE, Phase 'A' in the State of Assam on EPC mode",NHIDCL,618438,N24000582,-,Assam,01/2016,01/2023,07/2024,08/2025,385.57,385.57,145.89,100.0,April 2026,100
919,Ministry of Road Transport & Highways,Roads & Highways,"Construction of Balance Work of 4-Laning of the Section from Jorhat to Jhanji of NH- 37 Old from Km 453000 to Km 463000 10.000 Km, under SARDP- NE under EPC Mode in the state of Assam Pkg-I Road Works",NHIDCL,618439,N24000319,-,Assam,01/2024,02/2024,08/2024,-,478.3,478.3,0.0,96.79,April 2026,100
920,Ministry of Road Transport & Highways,Roads & Highways,"Construction of Balance Work of 4-Laning of the Section from Jhanji to Demow of NH- 37 Old from Km 490.800 to Km 534.800, under SARDP- NE on EPC Mode in the state of Assam Pkg- IV Structures & Toll Plaza",NHIDCL,618440,N24000320,-,Assam,01/2016,10/2024,10/2025,-,187.09,100.22,0.0,0.0,April 2026,100
921,Ministry of Road Transport & Highways,Roads & Highways,"Construction of Balance Work of 4-Laning of the Section from Jhanji to Demow of NH- 37 Old from Km 490.800 to Km 501.800 11.000 Km, under SARDP- NE under EPC Mode in the state of Assam Pkg-I Road Works",NHIDCL,618441,N24000320,-,Assam,01/2016,10/2024,09/2025,-,467.79,476.5,72.13,0.0,April 2026,101
922,Ministry of Road Transport & Highways,Roads & Highways,"Construction of Balance Work of the 4-Laning of the Section from Jorhat to Jhanji of NH-37 Old from Km 477.000 to Km 490800 13.800 Km, under SARDP- NE under EPC Mode in the state of Assam Pkg-III Road Works",NHIDCL,618442,N24000319,-,Assam,01/2024,02/2024,08/2024,-,358.72,358.72,0.07,99.05,April 2026,101
923,Ministry of Road Transport & Highways,Roads & Highways,"Construction of Balance Work of the 4-Laning of the Section from Jorhat to Jhanji of NH-37 Old from Km 463.00 to Km 477.000 14.000 Km, under SARDP- NE under EPC Mode in the state of Assam Pkg-II Road Works",NHIDCL,618443,N24000319,-,Assam,01/2024,02/2024,08/2024,-,438.44,438.44,0.0,95.86,April 2026,101
924,Ministry of Road Transport & Highways,Roads & Highways,"Construction of Balance Work of the 4-Laning of the Section from Jorhat to Jhanji of NH-37 Old from Km 453.000 to Km 490.800, under SARDP- NE , under EPC Mode in the state of Assam Pkg-IV Structures & Toll Plaza",NHIDCL,618444,N24000319,-,Assam,01/2024,02/2024,08/2024,-,279.01,279.01,0.0,94.73,April 2026,101
925,Ministry of Road Transport & Highways,Roads & Highways,"Earthwork in Formation, Road Work, Construction of Bridges, Blanketing, P. Way Linking works including Supply of P. Way Fittings and Track Ballast in connection with Construction of Railway Siding from Jogighopa Railway Station to MMLP at Jogighopa from Ch. 00 to 3760 on Item Rate basis Package -3, Railway Siding from Jogighopa Railway Station to MMLP",NHIDCL,618454,N24002030,10313,Assam,02/2020,12/2020,06/2022,09/2024,693.97,693.97,37.6,93.23,April 2026,101
926,Ministry of Road Transport & Highways,Roads & Highways,Development of External Trunk Connectivity and Internal Infrastructure Works at Multi Model Logistics ParkMMLP at Jogighopa in the State of Assam on EPC Mode Package-I Road and Utility Works,NHIDCL,618455,N24002030,10314,Assam,02/2020,09/2020,04/2022,09/2024,693.97,693.97,296.96,100.0,April 2026,101
927,Ministry of Road Transport & Highways,Roads & Highways,"6L Standalone Flyovers at Raha, Demow, Borghat, Kathiatali junctions and ROB at Jagiroad on stretches of NH 36 and NH 27",National Highways Authority of India [NHAI],618576,N24001545,-,Assam,03/2022,12/2022,06/2024,-,280.75,255.53,211.79,99.04,April 2026,101
928,Ministry of Road Transport & Highways,Roads & Highways,Guwahati Ring Road in the State of Assam,National Highways Authority of India [NHAI],618934,-,-,Assam,08/2024,01/2026,01/2030,01/2030,5729.47,5729.47,3.15,0.0,April 2026,101
929,Ministry of Road Transport & Highways,Roads & Highways,2L with ES of Yagyi - Kalewa section from Milepost 40/0 to Milepost 115/5 in Myanmar,National Highways Authority of India [NHAI],618958,-,10693,Assam,12/2017,05/2018,06/2023,07/2027,1200.14,1200.14,0.0,52.0,April 2026,101
930,Ministry of Road Transport & Highways,Roads & Highways,"Construction of Balance Work of 4-Laning of the Section from Jhanji to Demow of NH- 37 Old from Km 501.800 to Km 514.800 13.000 Km, under SARDP- NE under EPC Mode in the state of Assam Pkg-II Road Works",NHIDCL,619013,N24000320,10807,Assam,10/2014,10/2024,01/2026,-,508.76,542.87,58.12,47.34,April 2026,101
931,Ministry of Road Transport & Highways,Roads & Highways,Construction of 4-Lane Badarpur Bypass from Design Chainage km 27300 at crossing with NH-6 Old NH-44 Near Siddeswar Pt.-I Village to Design Chainage km 38600 on NH-37 Old NH-44 at Kandigram Chaita Village on Silchar - Churaibari stretch in the State of Assam on EPC Mode under Bharatmala Pariyojana in Economic Corridors Silchar- Churaibari Pkg-3,NHIDCL,619057,N24002129,11755,Assam,02/2023,02/2024,08/2026,08/2026,574.26,574.26,316.32,71.09,April 2026,101
932,Ministry of Road Transport & Highways,Roads & Highways,"Construction of Balance Work of 4-Laning of the Section from Jhanji to Demow of NH- 37 Old from Km 514.800 to Km 534.800 20.000 Km, under SARDP- NE under EPC Mode in the state of Assam Pkg-III Road Works",NHIDCL,619060,N24000320,11756,Assam,10/2014,10/2024,09/2025,-,344.71,619.7,46.37,62.9,April 2026,101
933,Ministry of Road Transport & Highways,Roads & Highways,Balance work of 4L of NarimbangloJatinga Junction- Harangajoroad section from Km 0.000 to Km 49.230 of NH-27,NHAI,619089,N24001547,11770,Assam,03/2022,01/2023,01/2026,06/2026,1909.98,2745.74,1307.33,93.08,April 2026,101
934,Ministry of Road Transport & Highways,Roads & Highways,Construction of proposed 4Lane Revelgunj bypass NH-19 in the State of Bihar on EPC mode connecting NH 19 to 85 origin,MoRTH,617897,N24001879,-,Bihar,03/2022,07/2023,07/2025,06/2026,295.24,295.24,33.07,81.7,April 2026,101
935,Ministry of Road Transport & Highways,Roads & Highways,Widening & Strenthening from km132.895 to km 190.15 NH-80,MoRTH,617958,N24001876,10151,Bihar,03/2021,11/2022,11/2024,07/2026,566.1,566.1,251.12,95.0,April 2026,101
936,Ministry of Road Transport & Highways,Roads & Highways,Rehabilitation & Widening work for 2 Lane with Paved Shoulder of Existing NH-80 from km 70.15 to Km 121.025 of Munger-Suttanganj -BhagatpurMirzachowki section on EPC Mode in the State of Bihar.,MoRTH,617959,N24001875,-,Bihar,03/2021,02/2023,01/2025,-,477.54,477.54,311.39,95.66,April 2026,101
937,Ministry of Road Transport & Highways,Roads & Highways,Gaya-Hisua-Rajgir-Nalanda-Biharsharif section km0.00 to 92.935 NH-82,MoRTH,617961,N24000579,10152,Bihar,01/2014,11/2016,11/2019,07/2026,1408.85,2138.16,0.0,97.0,April 2026,101
938,Ministry of Road Transport & Highways,Roads & Highways,Rehabilitation and Upgrading to 2 lanes/2-lane with paved shoulders configuration and strengthening of of Birpur and Bihpur Section from km 0.0 to Km 106 of NH 106 under phase I of National Highways Interconnectivity Improvement Projects NHIIP ICB No. NHIIP-BR-106-7 [NHIIP-BR-106-7],MoRTH,617966,N24000382,10153,Bihar,01/2014,10/2016,10/2019,05/2026,780.77,961.33,0.04,99.74,April 2026,102
939,Ministry of Road Transport & Highways,Roads & Highways,Construction of 4 Lane ROB and its approaches at the level crossing LC No 29 B of Km 29 Ekangarsarai at NH 110 New NH 33 & Railway Km 32.63 at Fatwa FUT Islampur IPR section in the state of Bihar on EPC mode.,MoRTH,617969,N24002193,-,Bihar,03/2023,07/2024,07/2026,07/2026,201.08,201.08,0.01,58.0,April 2026,102
940,Ministry of Road Transport & Highways,Roads & Highways,Construction of Bhabhua Bypass from Ch. 10800Design Ch. 10800 to Ch. 19860 Design Ch. 18150 and Chand Bypass from Ch. 38060 Design Ch. 36250 to Ch. 40460 Design Ch. 38650 and widening of existing road to 2 - lane with Paved shoulder from Ch. 40460 Design Ch. 38650 to Ch. 46860 Design Ch. 45050 of NH-219 Total length- 16.150 Kmunder EPC mode in the state of Bihar,MoRTH,618004,N24001545,-,Bihar,02/2022,01/2025,07/2026,04/2027,179.86,179.86,0.0,0.05,April 2026,102
941,Ministry of Road Transport & Highways,Roads & Highways,Sheohar-Sitamarhi Section km 40.000 to 79.400 km Lot-I,MoRTH,618005,N24001647,-,Bihar,02/2016,05/2016,05/2018,06/2026,178.85,278.53,0.0,98.65,April 2026,102
942,Ministry of Road Transport & Highways,Roads & Highways,Sitamarhi-Jaynagar Section km 79.400 to km 156.500 Lot-II,MoRTH,618006,N24001590,10161,Bihar,02/2016,06/2016,12/2018,06/2026,369.77,503.28,0.0,98.78,April 2026,102
943,Ministry of Road Transport & Highways,Roads & Highways,Jaynagar-Narahia Section km 156.500 to km 219.945 Lot-III,MoRTH,618007,N24001792,10162,Bihar,02/2016,05/2016,11/2018,06/2026,553.3,706.39,0.0,99.0,April 2026,102
944,Ministry of Road Transport & Highways,Roads & Highways,Improvement to Two lane with Paved Shoulder from Junction of NH22 near Hajipur to Junction of NH -122 at Bachhwara via Mahnar and Mohiuddin Nagar from Km 0.00 to Km 29.730 of NH 122 B in the State of Bihar.,MoRTH,618073,N24002197,-,Bihar,02/2024,08/2024,02/2026,12/2026,226.16,226.16,0.0,44.0,April 2026,102
945,Ministry of Road Transport & Highways,Roads & Highways,Pre construction activity of NH 122B from km 0 to 72.348 and Improvement to two lane with paved shoulders of NH 122B from km 29.730 to km 72.348 in state of Bihar under EPC mode,MoRTH,618074,N24001870,10173,Bihar,02/2022,05/2023,11/2024,06/2026,624.43,624.43,153.21,91.0,April 2026,102
946,Ministry of Road Transport & Highways,Roads & Highways,Improvement to two lane with paved shoulders of BH WB Border Amdabad Manihari section from design Km 0.000 to Km 23.945 of NH 131 A Total length 23.945 Km under EPC mode in the state of Bihar,MoRTH,618080,N24002198,-,Bihar,01/2022,09/2024,03/2026,-,353.27,353.27,0.0,3.1,April 2026,102
947,Ministry of Road Transport & Highways,Roads & Highways,construction of Four-Lane of chausa-Buxar Bypass from Km 45.000 to Km 65.915 Package - 2 in the State of Bihar on EPC Mode.,MoRTH,618120,-,-,Bihar,09/2022,01/2026,01/2028,01/2028,1060.16,1060.16,0.0,0.0,April 2026,102
948,Ministry of Road Transport & Highways,Roads & Highways,Improvement to two lane with paved shoulders of NH-319A from km 0 to km 45 in state of Bihar under EPC mode,MoRTH,618121,N24001878,-,Bihar,02/2022,06/2023,12/2024,07/2026,427.29,427.29,178.43,93.0,April 2026,102
949,Ministry of Road Transport & Highways,Roads & Highways,"Pre-Construction activities from Km 134.000 to Km 190.233 of NH-333A and Construction of 4 no. of Bypasses at Katoria, Lakhpura, Banka & Panjwara total length-14.359 Km to two lane with paved shoulders standard in State of Bihar.",MoRTH,618126,-,-,Bihar,11/2022,12/2024,12/2026,12/2026,479.37,479.37,0.0,58.0,April 2026,102
950,Ministry of Road Transport & Highways,Roads & Highways,Estimate for Improvement to two lane with paved shoulder from Ramnagar to Roseda from km 3.500 to 43.000 of NH 527 E on EPC mode in State of Bihar,MoRTH,618146,N24001323,-,Bihar,01/2022,10/2024,04/2026,04/2027,495.16,495.16,0.0,33.0,April 2026,102
951,Ministry of Road Transport & Highways,Roads & Highways,construction of a new 4 lane Parallel to existing MG Setu with its approaces from km 0.00 to km 14.500 across river Ganga on NH-19 at Patna in the state of Bihar.,MoRTH,618228,N24001201,10221,Bihar,02/2019,03/2021,09/2024,06/2027,2926.42,2926.42,0.0,72.51,April 2026,102
952,Ministry of Road Transport & Highways,Roads & Highways,Construction of a new 4-lane major bridge across river Kosi at Phulaut including Rehabilitation and upgradation of existing Birpur and Bihpur section of NH-106 from km 106.000 to km 136.000 to 2-lane with paved shoulders in the State of Bihar on EPC mode,MoRTH,618234,N24000943,10223,Bihar,09/2018,06/2021,06/2024,02/2027,1478.4,1478.4,823.93,94.2,April 2026,102
953,Ministry of Road Transport & Highways,Roads & Highways,Construction of New 4-Lane Bridge Parallel to existing Vikramashila Setufrom km 8920 to Km 13375including approach road 35m Naugachhia side &53 m Bhagalpur sideacross River Ganga on newly declared NH-131B at Bhagalpur in the State of Bihar,MoRTH,618246,N24001877,10226,Bihar,07/2020,05/2023,05/2027,05/2027,1110.23,1110.23,0.0,49.78,April 2026,102
954,Ministry of Road Transport & Highways,Roads & Highways,Construction of 6-Lane Elevated / Extra Dose Cable Bridge on River Ganga parallel to & Western side of Digha-Sonepur Rail cum-Road Bridge of NH 139W in the State of Bihar,MoRTH,618250,N24002194,10228,Bihar,01/2024,05/2024,11/2027,12/2028,3064.45,3064.45,0.0,10.69,April 2026,103
955,Ministry of Road Transport & Highways,Roads & Highways,"Improvement and Up gradation to four lane with Paved shoulder configuration from Existing Km 0000 to Km 39500 design km 0500 to Km 40342, Design length km of NH 227A near Mehrauna GhatUP Bihar Border to Siwan on the state of Bihar on Hybrid Annuity Model HAM basis",MoRTH,618251,-,10229,Bihar,03/2023,09/2025,03/2028,03/2028,1661.25,1661.25,0.0,5.52,April 2026,103
956,Ministry of Road Transport & Highways,Roads & Highways,Balance work - WB-10 Gandak Bridge Km 402.00 to Km 440.00 Devanpur - Kotwa,National Highways Authority of India [NHAI],618569,N24002063,-,Bihar,11/2021,07/2022,01/2024,12/2026,210.05,358.3,116.29,64.05,April 2026,103
957,Ministry of Road Transport & Highways,Roads & Highways,4L Elevated Highway and at grade improvements at Gopalganj Town from Km. 384.000 to Km. 386.750 on NH-27,National Highways Authority of India [NHAI],618570,N24001702,-,Bihar,10/2021,03/2022,08/2024,04/2026,325.57,248.92,225.44,99.78,April 2026,103
958,Ministry of Road Transport & Highways,Roads & Highways,Permanent rectification of 3 nos. of black spots in project Highway NH-27 of U.P border - Dewapur - Kotwa section from Km.360.915 to km.440.000 Total Length of 79.085 Km of NH-27& Permanent rectification of 5 nos. of black spots of project Highway NH-27 of Kotwa - Mehsi - Muzaffarpur Section from km.440.000 to km.520.000 Total length 80.00Km,National Highways Authority of India [NHAI],618571,N24002064,-,Bihar,04/2022,12/2023,12/2025,07/2026,227.25,321.23,224.1,80.46,April 2026,103
959,Ministry of Road Transport & Highways,Roads & Highways,4L of Galgalia - Bahadurganj section from Km 0.000 to Km 49.000 Package-I of NH327E,National Highways Authority of India [NHAI],618582,-,10418,Bihar,01/2021,01/2022,01/2024,-,1282.97,1282.97,599.36,100.0,April 2026,103
960,Ministry of Road Transport & Highways,Roads & Highways,4L of Bahadurganj Araria section from Km 49.000 to Km 94.000 Package-II of NH- 327E,National Highways Authority of India [NHAI],618583,-,10419,Bihar,01/2021,01/2022,01/2024,05/2024,1358.77,1358.77,713.95,100.0,April 2026,103
961,Ministry of Road Transport & Highways,Roads & Highways,6L Greenfield Varanasi-Ranchi-Kolkata Highway from Pachmon village to Anarbansalea village From KM. 116000 to KM. 151200 Package-6,National Highways Authority of India [NHAI],618725,-,10520,Bihar,03/2023,09/2025,09/2027,09/2027,1915.99,1920.21,64.59,10.38,April 2026,103
962,Ministry of Road Transport & Highways,Roads & Highways,6L Greenfield Varanasi-Ranchi-Kolkata Highway from junction with Chandauli- Chainpur Road near Khainti village to junction with Bhabhua-Adhaura road near Palka village from Km. 27.000 to Km. 54.000 Pkg-2,National Highways Authority of India [NHAI],618726,-,10521,Bihar,03/2023,10/2025,10/2027,10/2027,1240.93,1341.52,103.25,14.08,April 2026,103
963,Ministry of Road Transport & Highways,Roads & Highways,6L Greenfield Varanasi-Ranchi-Kolkata Highway from junction with Bhabhua-Adhaura road in Bhairopur village to Konki village From KM. 54.000 to KM. 90.000Pkg-3,National Highways Authority of India [NHAI],618727,-,10522,Bihar,03/2023,10/2025,10/2027,10/2027,1576.94,1711.44,123.3,16.0,April 2026,103
964,Ministry of Road Transport & Highways,Roads & Highways,6L Bridge and its approaches across River Ganga as Part of Patna Ring Road NH- 131G starting from Km 8.480 near Sherpur to Km 23.000 near Dighwara,National Highways Authority of India [NHAI],618738,N24002062,10527,Bihar,09/2022,09/2023,09/2027,03/2029,6291.69,3351.62,581.87,19.02,April 2026,103
965,Ministry of Road Transport & Highways,Roads & Highways,4L Greenfield Alignment of Amas to Shivrampur from 0.000 Km. to 55.002 Km. of NH 119 D Pkg-I,National Highways Authority of India [NHAI],618739,N24002065,10528,Bihar,02/2022,03/2023,03/2025,09/2026,1390.92,1427.43,341.86,45.35,April 2026,103
966,Ministry of Road Transport & Highways,Roads & Highways,4L Greenfield Alignment of Shivrampur to Ramnagar from Km. 55.002 to Km. 109.300 of NH 119 D Pkg-II,National Highways Authority of India [NHAI],618740,N24002066,10529,Bihar,02/2022,07/2023,07/2025,06/2027,1494.31,1546.07,264.72,43.6,April 2026,103
967,Ministry of Road Transport & Highways,Roads & Highways,4L Greenfield Alignment from Kalyanapur to Tal Dashraha of NH-119D Pkg-III,NHAI,618741,N24001697,10530,Bihar,03/2022,02/2023,02/2025,06/2027,1857.58,1969.3,416.74,32.17,April 2026,103
968,Ministry of Road Transport & Highways,Roads & Highways,"Construction of 6-lane Greenfield corridor from Ramnagar to Kacchi Dargah NH-119D from Km 109700 to Km 122300, including widening of the existing NH-31 from Km 196700 to Km 198600, as part of the Amas-Darbhanga.",National Highways Authority of India [NHAI],618742,-,12151,Bihar,01/2025,04/2026,04/2028,04/2028,1113.46,1113.46,1.31,0.0,April 2026,103
969,Ministry of Road Transport & Highways,Roads & Highways,Ara - Mohania Pkg-II,National Highways Authority of India [NHAI],618774,N24001712,10551,Bihar,08/2020,01/2021,07/2023,11/2025,984.63,827.51,798.12,100.0,April 2026,103
970,Ministry of Road Transport & Highways,Roads & Highways,Ara Bypass,National Highways Authority of India [NHAI],618775,-,-,Bihar,03/2025,10/2025,04/2027,04/2027,226.32,226.32,1.94,15.93,April 2026,103
971,Ministry of Road Transport & Highways,Roads & Highways,4L of Aurangabad-Paithan,NHAI,618779,N24001795,-,Bihar,09/2022,01/2023,07/2024,05/2026,1505.0,349.96,305.59,96.5,April 2026,103
972,Ministry of Road Transport & Highways,Roads & Highways,Construction of four laning of Bakarpur- Manikpur road section starting from village Chitarsenpur km 0000 and terminating at SH-74 near Manikpur 38814 at NH-139W under Bharatmalapariyona,National Highways Authority of India [NHAI],618790,-,10564,Bihar,03/2023,10/2024,04/2027,09/2027,1422.37,1537.99,273.52,41.0,April 2026,104
973,Ministry of Road Transport & Highways,Roads & Highways,4L PS under NH configuration of Manikpur-Sahebganj of NH-139W,National Highways Authority of India [NHAI],618791,-,-,Bihar,10/2024,01/2026,12/2027,12/2027,1538.76,1538.76,95.18,17.16,April 2026,104
974,Ministry of Road Transport & Highways,Roads & Highways,Aunta - Simaria including Ganga Bridge,National Highways Authority of India [NHAI],618839,N24000696,10601,Bihar,01/2017,08/2018,02/2022,04/2026,1309.47,2107.68,812.81,100.0,April 2026,104
975,Ministry of Road Transport & Highways,Roads & Highways,Simaria Km. 206.050 to Khagaria Km. 266.282,National Highways Authority of India [NHAI],618840,N24000480,10602,Bihar,12/2015,10/2016,04/2019,07/2026,664.02,891.64,351.77,97.67,April 2026,104
976,Ministry of Road Transport & Highways,Roads & Highways,4L Elevated Section and at-grade improvements at Begusarai town Simaria - Khagaria section from Km. 221.047 to Km. 225.302 of NH-31,National Highways Authority of India [NHAI],618841,N24001699,-,Bihar,10/2021,06/2022,12/2024,06/2026,491.04,348.38,342.96,93.88,April 2026,104
977,Ministry of Road Transport & Highways,Roads & Highways,Bakhtiyarpur-Rajauli Pkg-II from km. 54.405 to km.101.630,National Highways Authority of India [NHAI],618861,N24001709,10616,Bihar,09/2020,04/2021,07/2023,05/2026,897.45,1397.47,897.09,97.85,April 2026,104
978,Ministry of Road Transport & Highways,Roads & Highways,Bakhtiyarpur-Rajauli Pkg-III from km. 101.630 to km.152.520,National Highways Authority of India [NHAI],618862,-,10617,Bihar,09/2020,12/2021,06/2024,05/2026,2156.22,3046.61,1668.28,99.14,April 2026,104
979,Ministry of Road Transport & Highways,Roads & Highways,Maheshkunt-Saharsa-Purnea Pkg I km 0.00 to km. 90.00 of NH-107,National Highways Authority of India [NHAI],618902,N24000723,10651,Bihar,02/2017,12/2019,12/2021,09/2026,662.44,1311.22,933.08,85.25,April 2026,104
980,Ministry of Road Transport & Highways,Roads & Highways,Maheshkunt -Saharsa-Purnea Pkg II,National Highways Authority of India [NHAI],618903,N24000665,10652,Bihar,03/2017,12/2018,12/2020,09/2026,1028.28,1244.09,831.69,91.03,April 2026,104
981,Ministry of Road Transport & Highways,Roads & Highways,Chhapra - Hajipur from km. 143.200 to km. 209.200,National Highways Authority of India [NHAI],618904,N24000187,10653,Bihar,07/2010,01/2011,07/2013,04/2026,2127.86,2171.6,98.07,89.81,April 2026,104
982,Ministry of Road Transport & Highways,Roads & Highways,Widening with additional 3L abetting Chhapra Bypass Section of NH-19 from Km. 143.200 to Km. 159.255 Pkg-1,National Highways Authority of India [NHAI],618905,-,10654,Bihar,02/2024,08/2024,08/2026,08/2026,470.5,528.48,243.02,68.87,April 2026,104
983,Ministry of Road Transport & Highways,Roads & Highways,"4L Elevated Corridor and at-grade improvements from Design Ch0000 to Design Ch 19870 of Danapur Bihta Section, Design Ch0000 to Design Ch0231 connecting the existing RoB near Danapur station ,1.35 Km ramps and at-grade improvements to 4- lane section on Danapur side and Upgradation of existing Two lane carriageway to Four Lane carriageway from Design Ch19870 to Design Ch23500 of Bihta - Koilwar section",National Highways Authority of India [NHAI],618914,-,10661,Bihar,10/2022,03/2024,09/2026,08/2027,4432.97,2625.4,1371.21,54.99,April 2026,104
984,Ministry of Road Transport & Highways,Roads & Highways,4L of Bal. works of Patna - Gaya -Dobhi Pkg-II from km. 39.00 to km. 83.00 of Old NH- 83,National Highways Authority of India [NHAI],618915,N24001304,10662,Bihar,09/2019,11/2020,11/2022,05/2025,1637.29,777.2,728.91,89.01,April 2026,104
985,Ministry of Road Transport & Highways,Roads & Highways,4L of Bal. works of Patna - Gaya -Dobhi Pkg-III from km. 83.00 to km. 127.217 of Old NH-83,National Highways Authority of India [NHAI],618916,N24001305,10663,Bihar,09/2019,11/2020,11/2022,05/2025,1077.46,799.7,774.78,92.0,April 2026,104
986,Ministry of Road Transport & Highways,Roads & Highways,4L Greenfield starting from NH-30 near Saristabad Patna to Nathupur Project end point of Patna-Gaya-Dobhi Section of NH-83,National Highways Authority of India [NHAI],618917,-,-,Bihar,07/2023,03/2024,08/2025,06/2026,488.24,419.66,82.7,80.83,April 2026,104
987,Ministry of Road Transport & Highways,Roads & Highways,4L of Siwan- Masrakh section of Ram Janki Marg from Km 230.385 to Km 281.391 of NH-227A,National Highways Authority of India [NHAI],618926,-,10670,Bihar,08/2022,11/2024,11/2026,11/2028,1431.36,1927.04,190.58,10.07,April 2026,104
988,Ministry of Road Transport & Highways,Roads & Highways,Umagaon-Saharsa Package-IV Koshi Bridge & approach Road - Bheja-Bakaur,NHAI,618953,N24001371,10689,Bihar,02/2019,02/2020,08/2023,03/2027,1199.58,1223.94,1120.87,89.23,April 2026,104
989,Ministry of Road Transport & Highways,Roads & Highways,Umagaon - Saharsa Package - I Combined Umagaon-Kaluahi0.000KM to 21.609Km of NH227LSaharghat-Rahika0.000 Km to 26.130KM of NH227JRahika-Rampatti 0.00 KM to 15.00KM of NH527ABideshwarsthan-Bheja0.000KM to 25.915KM of NH527A.,NHAI,618954,-,10690,Bihar,08/2022,01/2025,07/2027,07/2027,1473.2,1703.02,586.95,16.41,April 2026,104
990,Ministry of Road Transport & Highways,Roads & Highways,2L PS of Majhauli to Charout section from km. 0.00 to km. 63.655,NHAI,618955,N24000813,10691,Bihar,01/2018,11/2019,11/2021,05/2026,638.29,1067.51,622.86,99.66,April 2026,104
991,Ministry of Road Transport & Highways,Roads & Highways,Construction of Major Bridge over Baghmati and Lakhandei River along with Approaches from Design km.16.500 to km.21.500,NHAI,618956,-,-,Bihar,02/2024,10/2024,04/2027,04/2027,498.97,380.3,43.95,20.42,April 2026,105
992,Ministry of Road Transport & Highways,Roads & Highways,4L of Greenfield Alignment from Km. 47.000 to Km. 89.210 of Balbhadarpur to Bela Nawda Section of NH-119D,NHAI,619127,-,11796,Bihar,03/2022,03/2024,03/2026,08/2027,2185.75,2118.46,373.63,24.67,April 2026,105
993,Ministry of Road Transport & Highways,Roads & Highways,Rehabilitation and Upgradation of Chorma - Bairgania Section of National Highway No 227F to 2 lane with paved shoulders from Design Ch.0.000 to Ch. 34.566,National Highways Authority of India [NHAI],619136,-,11803,Bihar,06/2022,02/2024,01/2026,05/2026,610.78,628.65,328.56,99.5,April 2026,105
994,Ministry of Road Transport & Highways,Roads & Highways,Bakhtiyarpur Km 153.300 to Mokama Km 197.900,National Highways Authority of India [NHAI],619152,N24000507,-,Bihar,12/2015,06/2017,12/2019,05/2026,1182.94,1898.84,843.24,99.95,April 2026,105
995,Ministry of Road Transport & Highways,Roads & Highways,Umagaon-Saharsa Package-V Bakaur-Parsarma-Bangaon-Bariyahi & Spur to Mahishi,NHAI,619166,-,11820,Bihar,10/2022,12/2023,12/2025,05/2026,768.35,968.42,410.55,99.4,April 2026,105
996,Ministry of Road Transport & Highways,Roads & Highways,4L of Munger Mirzachauki section from Munger to Kharia village junction from Km 69520 to Km 95580 Pkg-1,NHAI,619289,-,12091,Bihar,01/2021,03/2022,03/2024,06/2026,1659.81,1696.66,506.33,78.09,April 2026,105
997,Ministry of Road Transport & Highways,Roads & Highways,Construction of Approach Road to Rail-cum- Road Bridge across river Ganga at Munger Ghat NH-333 B,NHAI,619301,-,-,Bihar,07/2013,12/2018,05/2021,06/2026,537.88,633.91,200.58,99.99,April 2026,105
998,Ministry of Road Transport & Highways,Roads & Highways,4L of Munger Mirzachauki section from start of existing Bhagalpur bypass to Rasulpur from Km 125000 to Km 157350 Pkg-3,NHAI,619305,-,12095,Bihar,01/2021,04/2022,04/2024,06/2026,1769.5,2024.59,574.08,75.04,April 2026,105
999,Ministry of Road Transport & Highways,Roads & Highways,4L of Munger Mirzachauki section from Km 95580 to Km 125000 Pkg-2,NHAI,619306,-,12096,Bihar,02/2021,03/2022,03/2024,06/2026,1020.84,1235.65,478.11,93.13,April 2026,105
1000,Ministry of Road Transport & Highways,Roads & Highways,4L of Hajipur-Muzaffarpur Section of the existing NH-77 from Km. 0000 Ramashish Chowk to Km. 46300 and new bypass starting at Km. 46300 and connecting NH-28 of E-W Corridor at Km. 515045,NHAI,619317,-,-,Bihar,NA,08/2010,02/2013,05/2026,2723.39,2906.78,26.74,99.45,April 2026,105
1001,Ministry of Road Transport & Highways,Roads & Highways,Muzaffarpur - Sonbarsa Section of NH-77 from km 2.800 to km 89.000,NHAI,619320,-,-,Bihar,NA,05/2011,11/2013,06/2026,2290.72,2311.1,468.71,100.0,April 2026,105
1002,Ministry of Road Transport & Highways,Roads & Highways,Bemetara Bypass NH 30,MoRTH,617908,-,-,Chhattisgarh,01/2024,04/2025,04/2027,04/2027,161.96,161.96,0.0,32.0,April 2026,105
1003,Ministry of Road Transport & Highways,Roads & Highways,Construction of 4 Nos Grade separtor between km. 281.000 to km. 307.600 km. 286.400 kumhari km. 299.000 Transport Nagar km. 302.000 Power House km. 304.000 Chandra Moura Chowk to km. 305.000 supeia of NH-53 old NH-06 Raipur - Durg 4 Lane on EPC mode in the state of chhattisgarh job NO. NH-53old NH-06 CG- 2017-18-56,MoRTH,617919,N24001227,-,Chhattisgarh,03/2018,01/2019,01/2021,08/2025,349.03,349.03,0.0,97.9,April 2026,105
1004,Ministry of Road Transport & Highways,Roads & Highways,Up-gradation to Two/Four lane with paved shoulder Configuration of Kondagaon- Narayanpur from design ch. 0.00 - 48.693 Design Length 47.493 Km. 1.20 Km. retained on NH-130D under EPC mode in the State Chhattisgarh.,MoRTH,617971,-,-,Chhattisgarh,12/2022,03/2025,03/2027,03/2027,322.4,322.4,1.1,62.0,April 2026,105
1005,Ministry of Road Transport & Highways,Roads & Highways,Upgradation to Two lane with Paved Shoulder Configuration of Narayanpur Kasturmeta pkg-II from design ch. 48.693 to 70.453 design length21.760 Km. on NH-130D under EPC mode in the state of Chhattisgarh.,MoRTH,617972,-,-,Chhattisgarh,12/2022,12/2024,06/2026,-,200.67,200.67,14.99,0.0,April 2026,105
1006,Ministry of Road Transport & Highways,Roads & Highways,Strengthening and widening of existing 2 lane road to two lane paved shoulder from km 7.750 to 26.542 & km. 32.093 to 45.786 of NH-130 on EPC mode in the state of chhattisgarh.job No. 130-CG-2017-18-348,MoRTH,617973,N24001228,-,Chhattisgarh,11/2017,05/2019,11/2020,02/2026,188.8,188.8,102.56,97.0,April 2026,105
1007,Ministry of Road Transport & Highways,Roads & Highways,"Upgradation of Ambikapur-Ramanujganj-Garwa road of NH-343, Package-III, Badki mahri village to Ramanujganj section from existing km 80.600 to km 110.330 Design Ch. 85.370 to Ch. 114.800 of total length 29.430 km to two lane with paved shoulders udner corridor scheme under EPC Mode in the of Chhattisgarh",MoRTH,618014,-,-,Chhattisgarh,03/2022,05/2025,10/2026,10/2026,199.05,199.05,28.95,31.0,April 2026,105
1008,Ministry of Road Transport & Highways,Roads & Highways,"Upgradation of Keonchi - Ratanpur Road of NH 45 Package-I, from design chainage km 237.860 to km 273.200 of length 35.340 km to two lane with paved shoulders under Corridor scheme on EPC mode in the state of Chhattisgarh.",MoRTH,618015,-,-,Chhattisgarh,03/2022,07/2024,01/2026,12/2026,225.41,228.93,63.38,55.0,April 2026,105
1009,Ministry of Road Transport & Highways,Roads & Highways,"Upgradation of Ambikapur Ramanujganj - Garhwa Road NH 343 of Package-I, Rajpuri Khurd Village to Padih Village section from existing km 7.830 to km 57.650 Design Ch. 13.700 to Ch. 62.700 of total length 49.00 km to two lane with paved shoulders under EPC mode in the state of Chhattisgarh",MoRTH,618016,-,-,Chhattisgarh,03/2022,05/2025,05/2027,05/2027,397.44,397.44,18.97,10.22,April 2026,106
1010,Ministry of Road Transport & Highways,Roads & Highways,"Upgradation of Keonchi - Ratanpur Road of NH 45 Package-II, from design chainage km 278.75 to km 321.348 of length 42.598 km to two lane with paved shoulders under Corridor scheme on EPC mode in the state of Chhattisgarh.",MoRTH,618017,-,-,Chhattisgarh,03/2022,07/2024,01/2026,12/2026,286.0,286.0,78.67,60.0,April 2026,106
1011,Ministry of Road Transport & Highways,Roads & Highways,Upgradation of Bilaspur-Takhatpur-Mungeli-Pandariya-Pondi Road on N.H.-130A Package IIIA Takhatpur By-pass from existing Ch. 26.542 to 32.093 [Design Ch. 18.700 to 25.900] & Mungeli By-pass from existing Ch. 45.786 to 56.275 [Design Ch. 29.600 to 51.600] and Package IIIB Pandariya By-Pass from existing Ch. 82.582 to 87.133 [Design Ch. 77.900 to 81.1000 & Pondi By-pass from existing Ch. 103.166 to 104.756 [Design Ch. 97.000 to 103.395] to two lane with paved shoulder configuration in the,MoRTH,618018,-,-,Chhattisgarh,03/2022,01/2024,07/2025,12/2026,351.19,351.19,11.48,10.0,April 2026,106
1012,Ministry of Road Transport & Highways,Roads & Highways,Up-gradation of NH-930 Sherpar to Kohka from Km.67880 to Km.114860 to 2LPS in Chhattisgarh under EPC mode,MoRTH,618064,N24001917,-,Chhattisgarh,03/2020,05/2022,05/2024,-,278.97,278.97,201.05,90.0,April 2026,106
1013,Ministry of Road Transport & Highways,Roads & Highways,Up-gradation of NH-130C Abhanpur to Paund from NH Km. 0000 to KM 40380 to two lane with paved shoulders in the State of Chhattisgarh on EPC mode.,MoRTH,618078,N24001919,-,Chhattisgarh,12/2020,03/2022,09/2023,02/2026,193.16,193.16,97.78,85.0,April 2026,106
1014,Ministry of Road Transport & Highways,Roads & Highways,Durg-Raipur Bypass Section Package - 1 from km. 0.00 to km. 44.50 near Tendesara to near Khatti Village,National Highways Authority of India [NHAI],618589,N24002045,10422,Chhattisgarh,06/2022,07/2023,07/2025,05/2026,1828.0,1656.73,690.27,69.87,April 2026,106
1015,Ministry of Road Transport & Highways,Roads & Highways,Durg-Raipur-Arang Package - 2 from km. 44.50 to km. 92.23 near Khatti Village to near Aurang,National Highways Authority of India [NHAI],618590,N24002046,10423,Chhattisgarh,06/2022,06/2023,05/2025,12/2026,1958.9,1561.97,583.62,68.7,April 2026,106
1016,Ministry of Road Transport & Highways,Roads & Highways,4L of Bilaspur to Urga km 0.00 to 70.2 of NH-130A,National Highways Authority of India [NHAI],618639,N24001611,10457,Chhattisgarh,04/2020,03/2022,03/2024,07/2026,1855.59,2523.86,1290.88,94.81,April 2026,106
1017,Ministry of Road Transport & Highways,Roads & Highways,4L of Urga - Pathalgaon from Km. 70.200 to km. 157.745 of NH-130A,National Highways Authority of India [NHAI],618640,-,10458,Chhattisgarh,03/2022,02/2024,08/2026,08/2026,2261.3,2860.36,939.34,72.77,April 2026,106
1018,Ministry of Road Transport & Highways,Roads & Highways,Development of 6L of Jhanki Sargi Section Road from km 0.000 to km 42.800 of NH- 130CD Pkg-CG-1,National Highways Authority of India [NHAI],618673,N24001593,10476,Chhattisgarh,11/2021,09/2022,09/2024,01/2027,1368.19,1129.14,654.33,98.39,April 2026,106
1019,Ministry of Road Transport & Highways,Roads & Highways,Development of 6L Sargi Basanwahi Section from km 42.800 to km 99.500 of NH- 130CD Pkg-CG-2,National Highways Authority of India [NHAI],618674,N24001588,10477,Chhattisgarh,12/2021,01/2023,01/2025,05/2026,1470.73,1461.81,756.05,99.0,April 2026,106
1020,Ministry of Road Transport & Highways,Roads & Highways,Development of 6L of Basanwahi Marangpuri Section from km 99.500 to km 124.661 of NH-130-CD,National Highways Authority of India [NHAI],618675,N24002017,10478,Chhattisgarh,03/2022,10/2023,10/2025,03/2027,1307.16,1303.63,456.22,63.66,April 2026,106
1021,Ministry of Road Transport & Highways,Roads & Highways,Conversion of Partially Excavated Escape Tunnel to Uni-Directional 2L Tunnelincluding construction of cross passages and approach roads on either side of the tunnel from Km 12.732 to Km 14.568 of Kiratpur to Nerchowk Section of NH-21,National Highways Authority of India [NHAI],618849,N24001809,-,Chhattisgarh,05/2022,09/2022,03/2024,05/2026,444.21,412.88,394.65,100.0,April 2026,106
1022,Ministry of Road Transport & Highways,Roads & Highways,4 laning of Champa - Korba from km 0.00 to km 38.2,National Highways Authority of India [NHAI],618957,-,10692,Chhattisgarh,02/2021,01/2022,01/2024,05/2026,1002.33,1304.47,780.84,98.75,April 2026,106
1023,Ministry of Road Transport & Highways,Roads & Highways,4/6 Laning of Raipur-Simga Pkg-I from km. 0.00 to km. 48.58,National Highways Authority of India [NHAI],619103,-,-,Chhattisgarh,10/2015,04/2016,04/2018,05/2026,1096.52,1172.36,107.31,100.0,April 2026,106
1024,Ministry of Road Transport & Highways,Roads & Highways,4 Laning with PS of Pathrapalli-Katghora km 53.3 to km 92.6 Pkg-II of Bilaspur Kathghora,National Highways Authority of India [NHAI],619167,-,11821,Chhattisgarh,12/2019,12/2020,12/2022,06/2026,865.1,1275.26,587.68,93.1,April 2026,106
1025,Ministry of Road Transport & Highways,Roads & Highways,Widening of Existing Road from Intermediate Lane 2-lane to 4-lane Between Km 19.994 to Km 35.180 of NH-848A Rakholi-Khadoli-Velugam Section in U.T. of Dadra and Nagar Haveli and Daman and Diu,MoRTH,619183,-,-,Dadra & Nagar Haveli and Daman & Diu,10/2022,02/2024,02/2026,-,198.06,239.57,73.03,52.0,April 2026,106
1026,Ministry of Road Transport & Highways,Roads & Highways,Development of 6L UER II [Package - I] NH-1 Near Bakoli till Karala Kanjhawala Road from km. 0.70 to km.15.00,National Highways Authority of India [NHAI],618509,N24001777,10365,Delhi,07/2020,10/2021,10/2023,05/2026,2089.94,2203.45,1803.73,99.99,April 2026,107
1027,Ministry of Road Transport & Highways,Roads & Highways,6L Access Controlled Highway from DND Maharani Bagh - Jn. with Jaitpur - Pushta Road of NH-148NA from km. 0.00 to km. 9.00 in NCR,National Highways Authority of India [NHAI],618578,N24001773,10414,Delhi,07/2020,01/2022,07/2024,05/2026,1467.44,2510.34,1615.84,98.25,April 2026,107
1028,Ministry of Road Transport & Highways,Roads & Highways,8L of Dwarka Expressway Pkg-II RuB near Dwarka Sector 21-DL/HR Border from 5.300 Km.to 9.500 Km. of NH-248BB,National Highways Authority of India [NHAI],619090,N24001781,11771,Delhi,01/2018,10/2019,10/2021,05/2026,2067.67,2670.22,1909.28,100.0,April 2026,107
1029,Ministry of Road Transport & Highways,Roads & Highways,Dwarka Expressway from Km -0.600 to Km 5.300 - Pkg-I Shivmurti Chowk-RuB near Dwarka Sector 21,National Highways Authority of India [NHAI],619202,-,11893,Delhi,03/2018,09/2020,09/2022,05/2026,2144.67,3929.5,3097.34,98.8,April 2026,107
1030,Ministry of Road Transport & Highways,Roads & Highways,4-Laning from End of Zuari approaches to Start of Margao Bypass section of NH-66 from Km 536.800 to Km 543.450,MoRTH,617941,-,-,Goa,07/2024,02/2026,02/2028,02/2028,398.25,398.25,0.0,0.0,April 2026,107
1031,Ministry of Road Transport & Highways,Roads & Highways,Construction of Six lane Elevated Corridor from Km. 508.000 to Km. 513.150 including approaches on NH-66,MoRTH,617942,N24002181,10145,Goa,04/2023,04/2024,04/2026,10/2026,641.46,641.46,0.0,90.59,April 2026,107
1032,Ministry of Road Transport & Highways,Roads & Highways,Construction of 4L Flyover from MES College Junction to Bogmalo Junction on NH- 566 from Km. 7.106 to Km. 10.460 and 4L VUP at Queeny Nagar Junction from Km. 3.330 to Km. 4.550,National Highways Authority of India [NHAI],618609,-,-,Goa,01/2024,08/2024,07/2026,05/2027,463.08,316.28,127.09,43.75,April 2026,107
1033,Ministry of Road Transport & Highways,Roads & Highways,Up-gradation of Dhoraji-Jamkandorna-Kalavad Section of NH-927D from Design Chainage km 0/00 to km 58/115 to Two lane with PS configuration in the State of Gujarat on EPC,MoRTH,617906,N24002118,-,Gujarat,10/2022,01/2025,01/2027,01/2027,246.6,291.19,0.0,35.0,April 2026,107
1034,Ministry of Road Transport & Highways,Roads & Highways,Work of 6 laning/Construction of elevated corridor from km 0/0 to 10/170 Narol Junction to Sarkhej junction including 4 lane Shastri Bridge on Sabarmati river on NH 47 in the State of Gujarat on HAM mode,MoRTH,617916,-,10137,Gujarat,03/2024,08/2025,02/2028,02/2028,1295.39,1295.39,0.0,26.0,April 2026,107
1035,Ministry of Road Transport & Highways,Roads & Highways,Construction of new 4 lane major bridge with approaches on Sabarmati River near Dharoi at Km. 82/00 to 86/00 Design length 3.300 km on NH-58 in the State of Gujarat on Hybrid Annuity Mode HAM,MoRTH,617926,-,-,Gujarat,03/2024,08/2025,08/2027,08/2027,398.4,398.4,0.0,33.0,April 2026,107
1036,Ministry of Road Transport & Highways,Roads & Highways,Widening to 2LPS between Km 0/0 to 56/0 Khokhara Gujarat Border Vijayanagar Antrasuba Mathasur road of NH 58 in the State of Gujarat,MoRTH,617927,-,10140,Gujarat,03/2024,09/2025,09/2027,09/2027,699.19,699.19,0.0,24.0,April 2026,107
1037,Ministry of Road Transport & Highways,Roads & Highways,"Widening 2 lane to 4-lane from KM 92/320 to Km 115/320 Vav Chokdi-Satlasana to to Vrundavan Chokdi, Kheralu on NH-58 in the State of Gujarat.",MoRTH,617928,N24002183,-,Gujarat,03/2022,03/2024,03/2026,06/2026,151.13,171.27,0.0,98.0,April 2026,107
1038,Ministry of Road Transport & Highways,Roads & Highways,Work of development and construction of elevated corridorfrom km 38/660 to km 42/690 Iscon junction to start point of approach of sanand flyover of NH-147 in the sate of Gujarat,MoRTH,617976,N24002182,10154,Gujarat,03/2023,06/2024,06/2026,06/2026,530.2,530.2,58.29,80.0,April 2026,107
1039,Ministry of Road Transport & Highways,Roads & Highways,Development of Chiloda - Gandhinagar- Sarkhej ofNH-147 Package -II,MoRTH,617977,-,-,Gujarat,04/2018,11/2018,11/2020,07/2022,211.28,234.44,0.0,99.55,April 2026,107
1040,Ministry of Road Transport & Highways,Roads & Highways,Upgradation to two lane with paved Shoulder Configuaration from Km. 0/00 to 47/000 of NH 351 Mahuva to Badhada section in the State of Gujarat,MoRTH,618022,N24002118,-,Gujarat,12/2022,02/2024,08/2025,12/2026,173.06,219.08,22.53,67.0,April 2026,107
1041,Ministry of Road Transport & Highways,Roads & Highways,Upgradation of Mehsana-Visnagar-vadnagar-Kheralu-Idar section from km 0/00 to 81/300 of NH 168G Mehsana to Idar in the State of GujaratTotal Length 81.300 Km on Hybrid Annuity Mode HAM,MoRTH,618107,-,-,Gujarat,02/2024,12/2025,06/2028,06/2028,1155.21,1155.21,32.09,11.0,April 2026,107
1042,Ministry of Road Transport & Highways,Roads & Highways,Up-gradation and strengthening to 2lanePS from Km 95/500 to km 129/775 of Nh 168G Idar-Bhiloda-Samlaji in the state of Gujarat Length 34.275 km,MoRTH,618108,N24002014,-,Gujarat,09/2022,12/2023,12/2025,05/2026,237.28,237.28,0.0,63.0,April 2026,107
1043,Ministry of Road Transport & Highways,Roads & Highways,Delhi-Vadodara Greenfield Alignment NH-148N Pkg-26 Ch.696890 to Ch.726390,National Highways Authority of India [NHAI],618459,N24001515,10318,Gujarat,09/2020,12/2022,08/2024,05/2026,1555.2,1556.4,1084.2,77.2,April 2026,107
1044,Ministry of Road Transport & Highways,Roads & Highways,Delhi-Vadodara Greenfield Alignment NH-148N Pkg-28 Ch.756052 to Ch.781282,National Highways Authority of India [NHAI],618460,N24001519,10319,Gujarat,09/2020,11/2021,11/2023,05/2026,1263.38,1266.98,865.87,100.0,April 2026,108
1045,Ministry of Road Transport & Highways,Roads & Highways,Delhi-Vadodara Greenfield Alignment NH-148N Pkg-31 Ch.824920 to Ch.844382 [Junction near Pratap nagar Village - Junction near Dodka Village],National Highways Authority of India [NHAI],618462,N24001520,10321,Gujarat,11/2019,05/2021,05/2023,05/2026,1644.85,1651.14,963.66,100.0,April 2026,108
1046,Ministry of Road Transport & Highways,Roads & Highways,Vadodara Mumbai Expressway Kim to Ankleshwar Phase IA - Pkg V,National Highways Authority of India [NHAI],618463,N24000834,10322,Gujarat,02/2018,11/2019,10/2021,06/2026,1324.84,2807.48,1248.75,91.34,April 2026,108
1047,Ministry of Road Transport & Highways,Roads & Highways,Vadodara Mumbai Expressway Ena -Kim Phase IB - Pkg VI [Km 217.500 to Km 254.430],National Highways Authority of India [NHAI],618464,-,10323,Gujarat,05/2020,12/2021,12/2023,05/2026,2271.86,4297.28,2574.42,98.9,April 2026,108
1048,Ministry of Road Transport & Highways,Roads & Highways,Vadodara Mumbai Expressway Gandeva to Ena Phase IB - Pkg VII [Km 190.00 to Km 217.500],National Highways Authority of India [NHAI],618465,N24001789,10324,Gujarat,07/2020,11/2021,11/2023,05/2026,1710.3,3392.21,2158.87,97.05,April 2026,108
1049,Ministry of Road Transport & Highways,Roads & Highways,Vadodara Mumbai Expressway Jujuwa - Gandeva from Km. 154.600 to Km. 190.000 Phase-I Package-VIII,National Highways Authority of India [NHAI],618466,-,10325,Gujarat,07/2023,08/2024,03/2026,11/2026,3834.24,3820.2,197.13,4.85,April 2026,108
1050,Ministry of Road Transport & Highways,Roads & Highways,Vadodara Mumbai Expressway Karvad - Jujuwa from Km. 128.000 to Km. 154.600 Phase-I Package-IX,National Highways Authority of India [NHAI],618467,-,10326,Gujarat,07/2023,04/2024,10/2025,06/2026,2594.17,2587.04,212.76,21.75,April 2026,108
1051,Ministry of Road Transport & Highways,Roads & Highways,Ahmedabad - Dholera Pkg I from km. 0.00 to km. 22.00 [Sardar Patel Ring Road - Sindhrej Village],National Highways Authority of India [NHAI],618501,N24001443,10359,Gujarat,05/2020,01/2022,01/2024,05/2026,1298.0,1421.05,1012.45,100.0,April 2026,108
1052,Ministry of Road Transport & Highways,Roads & Highways,Ahmedabad - Dholera Pkg II from km. 22.00 to km. 48.52 [Sindhrej Village - Vejallka Village],National Highways Authority of India [NHAI],618502,N24001444,10360,Gujarat,05/2020,01/2022,01/2024,05/2026,1415.34,1729.69,1354.93,100.0,April 2026,108
1053,Ministry of Road Transport & Highways,Roads & Highways,Ahmedabad - Dholera Pkg III from km. 48.52 to km. 71.06 [Vejallka Village - Start of DSIR zone],National Highways Authority of India [NHAI],618503,N24001445,10361,Gujarat,05/2020,07/2021,07/2023,05/2026,1034.04,1155.41,955.74,100.0,April 2026,108
1054,Ministry of Road Transport & Highways,Roads & Highways,Ahmedabad - Dholera Pkg IV from km. 71.06 to km. 109.019 [Start of DSIR zone - Adhelai Village],National Highways Authority of India [NHAI],618504,N24001446,10362,Gujarat,05/2020,12/2021,12/2023,05/2026,1181.76,1358.73,1204.33,97.92,April 2026,108
1055,Ministry of Road Transport & Highways,Roads & Highways,"Balance work of Six Laning of Shamlaji-Motachiloda from Km. 401.200 to Km.494.410 section Design Chainage Km.447.385 to Km 540.595, Length- 93.210 Km of old NH-8 NH-48 in the state of Gujarat on single Percentage Item Rate Contract",National Highways Authority of India [NHAI],618507,-,10363,Gujarat,06/2024,08/2024,06/2025,06/2026,466.8,501.48,553.93,84.15,April 2026,108
1056,Ministry of Road Transport & Highways,Roads & Highways,Construction of Additional Structures including Approaches in Vadodara Surat Section of NH48 between existing Km. 108.000 to Km. 250.000,National Highways Authority of India [NHAI],618508,-,10364,Gujarat,03/2024,01/2025,01/2027,01/2027,907.39,907.39,345.87,46.39,April 2026,108
1057,Ministry of Road Transport & Highways,Roads & Highways,6L with PS of Samakhiyali to Santalpur section from km. 339.700 to Km. 430.100 of NH-27,National Highways Authority of India [NHAI],618564,-,-,Gujarat,01/2023,12/2023,12/2025,01/2027,1553.76,34.34,28.18,57.59,April 2026,108
1058,Ministry of Road Transport & Highways,Roads & Highways,Sanchore - Santalpur from km 67.000 - km 99.000 of NH-754K AJ-RGBS-Package-3,National Highways Authority of India [NHAI],618614,N24001790,10441,Gujarat,02/2020,08/2021,08/2023,05/2026,752.3,765.25,569.43,99.0,April 2026,108
1059,Ministry of Road Transport & Highways,Roads & Highways,Sanchore - Santalpur from km 99.000 - km 130.073 of NH-754K AJ-RGBS-Package-4,National Highways Authority of India [NHAI],618615,N24001794,10442,Gujarat,02/2020,03/2021,03/2023,05/2026,778.15,835.55,663.38,99.7,April 2026,108
1060,Ministry of Road Transport & Highways,Roads & Highways,4L of Dhrol bypass section of NH-151A Approx. length 5.7 Km & widening upto 4 laning of missing link of Amran section of NH-151A Approx. length 6.55 Km from existing Ch. 42000 to 48500 of ongoing Dhrol-Bhadra-Pipaliya section of NH-151A,National Highways Authority of India [NHAI],618616,-,-,Gujarat,03/2024,02/2025,02/2027,02/2027,625.58,455.54,113.54,26.0,April 2026,108
1061,Ministry of Road Transport & Highways,Roads & Highways,Pipli Bhavnagar-Package 1 from km 136.025 to km 169.328,National Highways Authority of India [NHAI],618699,-,10499,Gujarat,03/2018,02/2019,09/2021,-,819.14,1297.38,188.7,100.0,April 2026,108
1062,Ministry of Road Transport & Highways,Roads & Highways,"Upgradation to 4L PS from Bhimasar, Junction of NH-41 to Anjar- Bhuj upto Airport Junction from Km 0.000 to Km 65.478 of NH-341",National Highways Authority of India [NHAI],618787,N24001785,10561,Gujarat,03/2022,01/2023,06/2025,09/2026,1373.06,1687.25,834.0,96.0,April 2026,108
1063,Ministry of Road Transport & Highways,Roads & Highways,Kodinar - Veraval Package VI from km. 221.610 to km. 263.00 of NH-8E & km. 120.900 to km. 121.150 of NH-8D,National Highways Authority of India [NHAI],618833,N24000592,10596,Gujarat,02/2016,02/2018,07/2020,05/2026,894.01,1127.42,457.05,98.79,April 2026,109
1064,Ministry of Road Transport & Highways,Roads & Highways,4L Kodinar - Veraval Package VI from km. 222.400 to km. 230.00 Kodinar Bypass of NH-8E NH 51 new,National Highways Authority of India [NHAI],618834,N24001827,-,Gujarat,03/2022,04/2022,09/2023,04/2025,162.73,192.01,174.82,100.0,April 2026,109
1065,Ministry of Road Transport & Highways,Roads & Highways,4L of Bal Works of Talaja - Mahuva from 54.990 km. to 100.450 km. of Old NH-8E Package-II,National Highways Authority of India [NHAI],618835,N24001792,10597,Gujarat,08/2020,03/2021,09/2022,-,698.4,735.51,418.41,100.0,April 2026,109
1066,Ministry of Road Transport & Highways,Roads & Highways,4L PS Divided Carriageway from Patan Near Rajpur to Gojariya From Km 52.000 to Km 128.940 of NH-68,National Highways Authority of India [NHAI],618901,-,10650,Gujarat,12/2021,03/2023,03/2025,08/2026,1181.34,1098.23,876.25,84.7,April 2026,109
1067,Ministry of Road Transport & Highways,Roads & Highways,4L PS from Ch. 94.030 in Jabugam Village to Ch. 132.320 in Dhamasiya Village of NH-56 Pkg-III,National Highways Authority of India [NHAI],618930,-,10674,Gujarat,03/2023,11/2025,11/2027,11/2027,1188.46,898.0,79.04,13.98,April 2026,109
1068,Ministry of Road Transport & Highways,Roads & Highways,4L PS from Ch. 179.780 in Bitada/Movi Village to Ch. 208.900 in Nasarpore Village of NH-56 Pkg-V,National Highways Authority of India [NHAI],618931,-,10675,Gujarat,03/2023,11/2025,11/2027,11/2027,764.02,566.96,25.82,2.6,April 2026,109
1069,Ministry of Road Transport & Highways,Roads & Highways,6L of Chiloda-Naroda section from Km. 540.595 to Km. 555.595 of NH-8Package-VII,National Highways Authority of India [NHAI],619067,-,-,Gujarat,11/2016,05/2017,05/2019,05/2026,356.6,463.03,103.23,100.0,April 2026,109
1070,Ministry of Road Transport & Highways,Roads & Highways,Widening to 6L of Existing 4L Jetpur - Gondal - Rajkot Section from Km. 117.600 to Km. 185.00 on NH-27,National Highways Authority of India [NHAI],619087,N24002035,11769,Gujarat,03/2022,09/2023,09/2025,01/2027,2070.44,1390.29,914.03,69.66,April 2026,109
1071,Ministry of Road Transport & Highways,Roads & Highways,4L of Dwarka-Khambaliya-Devariya section from km 203.500 to km 176.500 and from km 171.800 to km 125.000 of NH-151A,National Highways Authority of India [NHAI],619137,-,11804,Gujarat,01/2019,02/2020,08/2022,05/2026,1024.69,1753.95,882.1,100.0,April 2026,109
1072,Ministry of Road Transport & Highways,Roads & Highways,Four Laning of Una to Kodinar from km. 180.478 to km. 221.610 Package-V,National Highways Authority of India [NHAI],619145,-,-,Gujarat,02/2016,02/2017,08/2019,03/2025,877.71,1126.66,630.51,100.0,April 2026,109
1073,Ministry of Road Transport & Highways,Roads & Highways,Kagvadar - Una Package-IV,National Highways Authority of India [NHAI],619146,N24000569,-,Gujarat,02/2016,03/2017,09/2019,05/2026,750.53,955.78,363.41,97.93,April 2026,109
1074,Ministry of Road Transport & Highways,Roads & Highways,4L of Bal Works of Mahuva to Kagvadar from 100.450 Km. to 140.470 Km. of NH-8E Pkg- III,National Highways Authority of India [NHAI],619147,N24001793,11809,Gujarat,08/2020,03/2021,09/2022,01/2026,603.08,628.49,624.41,99.71,April 2026,109
1075,Ministry of Road Transport & Highways,Roads & Highways,4L of Bhavnagar - Talaja Package-I from Km. 6.945 to Km. 54.990 of Old NH-8E,National Highways Authority of India [NHAI],619148,-,-,Gujarat,03/2016,02/2017,08/2019,-,1185.66,1343.16,53.18,100.0,April 2026,109
1076,Ministry of Road Transport & Highways,Roads & Highways,Delhi-Vadodara Greenfield Alignment NH-148N Pkg-27 Ch.729.700 to Ch.756.052,National Highways Authority of India [NHAI],619197,-,11888,Gujarat,09/2020,02/2022,02/2024,05/2026,1185.69,1259.27,991.08,97.0,April 2026,109
1077,Ministry of Road Transport & Highways,Roads & Highways,Delhi-Amritsar-Katra Expressway Phase-I Pkg-I from Jussur Kheri on NH-KMP Expressway to Junction with Rohtak-Panipat road NH-709 near Rukhi Paani village Km 0000 to Km 34000,National Highways Authority of India [NHAI],618482,-,10340,Haryana,12/2020,12/2021,12/2023,05/2026,1866.49,2429.9,1081.52,99.91,April 2026,109
1078,Ministry of Road Transport & Highways,Roads & Highways,Delhi-Amritsar-Katra Expressway Phase-I Pkg-II from Junction with Rohtak-Panipat road NH-709 near Rukhi Paani village to Junction with Jind-Panipat road NH-352A near Gangana village Km 34000 to Km 60800,National Highways Authority of India [NHAI],618483,-,10341,Haryana,12/2020,01/2022,01/2024,05/2026,1533.87,1792.53,971.07,99.89,April 2026,109
1079,Ministry of Road Transport & Highways,Roads & Highways,Delhi-Amritsar-Katra Expressway Phase-I Pkg-III from Junction with Jind-Panipat road NH-352A near Gangana village to Junction with Jind-Karnal road NH-709A near Alewa village Km 60800 to Km 91400,National Highways Authority of India [NHAI],618484,N24001633,10342,Haryana,12/2020,12/2021,12/2023,05/2024,1606.27,1813.91,631.62,79.08,April 2026,109
1080,Ministry of Road Transport & Highways,Roads & Highways,Delhi-Amritsar-Katra Expressway Phase-I Pkg-IV from Junction with Jind-Karnal road NH-709A near Alewa village to Junction with Ambala-Kaithal-Hissar road NH-152 near Kharak Pandwa village Km 91400 to Km 120250,National Highways Authority of India [NHAI],618485,N24001634,10343,Haryana,01/2021,12/2021,12/2023,03/2024,1306.95,1578.66,563.2,76.13,April 2026,109
1081,Ministry of Road Transport & Highways,Roads & Highways,"Construction of Additional Structures, Improvement of Service Road & Maintenance of Six Lane Gurgaon-Jaipur Section of NH-48 old NH-8 between km 42700 to km 107100 in the State of Haryana",National Highways Authority of India [NHAI],618506,-,-,Haryana,05/2024,05/2025,05/2027,05/2027,401.74,240.02,93.89,45.02,April 2026,109
1082,Ministry of Road Transport & Highways,Roads & Highways,Gohana - Sonipat PKG-2,National Highways Authority of India [NHAI],618580,N24001535,10416,Haryana,01/2019,07/2020,07/2022,05/2026,1275.31,1957.44,734.08,97.86,April 2026,110
1083,Ministry of Road Transport & Highways,Roads & Highways,4L Greenfield Jalbhera Shahbad section from km. 0.000 to km. 22.850 of NH-152G,National Highways Authority of India [NHAI],618788,N24002043,10562,Haryana,03/2022,06/2023,05/2025,05/2026,927.22,1173.66,367.54,87.05,April 2026,110
1084,Ministry of Road Transport & Highways,Roads & Highways,4L Bhiwani-Hansi road section of NH-148B,National Highways Authority of India [NHAI],618792,N24002042,10565,Haryana,11/2022,12/2023,12/2025,05/2026,1330.23,1144.21,440.38,99.5,April 2026,110
1085,Ministry of Road Transport & Highways,Roads & Highways,Jagadhari - Tajewala from Km -0.175 to 32.337 km of NH-344,National Highways Authority of India [NHAI],618936,N24001635,10677,Haryana,03/2022,02/2023,02/2025,05/2027,1269.5,919.43,679.31,63.0,April 2026,110
1086,Ministry of Road Transport & Highways,Roads & Highways,4L PS of Ambala Ring Road of New NH-44,National Highways Authority of India [NHAI],619080,-,11768,Haryana,02/2023,10/2023,10/2025,09/2026,1093.35,1225.41,429.79,79.34,April 2026,110
1087,Ministry of Road Transport & Highways,Roads & Highways,4L of Jind-Gohana road Package-1 from km. 0.00 to km. 40.601 of NH-352 A under NHO,National Highways Authority of India [NHAI],619092,-,11772,Haryana,01/2019,07/2020,07/2022,05/2026,994.22,1606.82,623.68,99.97,April 2026,110
1088,Ministry of Road Transport & Highways,Roads & Highways,4/6L of Gurgaon - Pataudi - Rewari from km. 0.00 to km.43.87 of NH-352W,National Highways Authority of India [NHAI],619132,N24001774,11801,Haryana,05/2020,11/2021,11/2023,08/2026,1810.04,1917.5,522.34,72.5,April 2026,110
1089,Ministry of Road Transport & Highways,Roads & Highways,Karnal ring road Lot-4/Pkg-1,National Highways Authority of India [NHAI],619201,-,11892,Haryana,11/2022,08/2023,08/2025,10/2026,1741.45,2041.54,461.25,91.61,April 2026,110
1090,Ministry of Road Transport & Highways,Roads & Highways,Rehabilitation and Upgradation to 2-lane/Intermediate lane configuration of Ashyari- Shri Kyari Section km 50.000 to km 75.000 of NH-707 in the state of Himachal Pradesh under Green National Highways Corridor Project GNHCP with the loan assistance of World Bank on EPC mode.,MoRTH,618050,N24001422,-,Himachal Pradesh,08/2020,09/2021,09/2023,11/2024,345.89,359.56,146.64,98.16,April 2026,110
1091,Ministry of Road Transport & Highways,Roads & Highways,"Improvement/construction of existing CL-5 Road to NH Intermediate lane specification with hard shoulder from Km 166.000 to 203.77 net Length 37.770 kms of NH-505 Sumdo-Kaza-Gramphoo road in the state of Himachal Pradesh on EPC mode under project Deepak, BRO",MoRTH,618215,-,-,Himachal Pradesh,06/2021,06/2024,06/2027,06/2027,274.36,194.0,0.0,22.26,April 2026,110
1092,Ministry of Road Transport & Highways,Roads & Highways,"Improvement/construction of existing CL-5 Road to NH Intermediate lane specification with hard shoulder from Km 133.000 to 166.000 net Length 33.000 kms of NH-505 Sumdo-Kaza-Gramphoo road in the state of Himachal Pradesh on EPC mode under project Deepak, BRO",MoRTH,618216,N24001915,-,Himachal Pradesh,03/2021,07/2023,06/2026,09/2027,230.55,203.15,15.16,23.24,April 2026,110
1093,Ministry of Road Transport & Highways,Roads & Highways,Improvement/construction of existing Class-5 Road to NH Intermediate lane specification with hard shoulder from existing Km 76/340 to 134/940 Design chainage from Km 76/300 to 133/000 net Length 56.700 kms of NH-505 Sumdo-Kaza- Gramphoo road in the state of Himachal Pradesh Package I,MoRTH,618217,N24001916,-,Himachal Pradesh,03/2021,05/2023,05/2026,08/2027,314.67,244.15,76.97,60.02,April 2026,110
1094,Ministry of Road Transport & Highways,Roads & Highways,Rehabilitation and Upgradation to 2-lane configuration of Kalwahn-Mandi Section km 208.950 to 250.592 of NH-70 in the State of Himachal Pradesh under Green National Highways Corridor Project GNHCP with the loan assistance of World Bank on EPC mode.Package-3,MoRTH,618230,N24001470,-,Himachal Pradesh,08/2020,10/2022,04/2025,12/2026,314.32,314.32,0.0,67.92,April 2026,110
1095,Ministry of Road Transport & Highways,Roads & Highways,Rehabilitation and Upgradation to 2-lane configuration of Hamirpur-Karnohal Section km 141.00 to 181.00 of NH-70 in the State of Himachal Pradesh under Green National Highways Corridor Project GNHCP with the loan assistance of World Bank on EPC mode.Package-1,MoRTH,618231,N24001447,-,Himachal Pradesh,08/2020,06/2022,12/2024,05/2026,371.93,371.93,198.34,91.49,April 2026,110
1096,Ministry of Road Transport & Highways,Roads & Highways,Rehabilitation and Upgradation to 2-lane configuration of Karnohal- Kalwahn Section km 181.00 to 208.950 of NH-70 in the State of Himachal Pradesh under Green National Highways Corridor Project GNHCP with the loan assistance of World Bank on EPC mode.Package-2,MoRTH,618232,-,-,Himachal Pradesh,08/2020,11/2023,05/2026,12/2026,251.62,190.02,74.12,55.85,April 2026,110
1097,Ministry of Road Transport & Highways,Roads & Highways,Construction of missing link from Birhu to Lathiani from Km 35/550 Design chainage Km 0.000 to Km 42/800 Design Chainage Km 8.153on NH-503A including Lathiani Bridge on back water of Govindsagar and its approaches in Himachal Pradesh.,MoRTH,618253,-,12090,Himachal Pradesh,06/2023,03/2026,03/2029,03/2029,870.95,896.86,0.0,0.0,April 2026,110
1098,Ministry of Road Transport & Highways,Roads & Highways,Nerchowk km 190.000 to Pandoh including Pandoh bypass km221.305,National Highways Authority of India [NHAI],618850,N24000613,10608,Himachal Pradesh,03/2016,01/2018,07/2020,05/2026,1464.12,1651.67,848.66,100.0,April 2026,110
1099,Ministry of Road Transport & Highways,Roads & Highways,Pandoh bypass 221.305 to Takoli 242.000 of NH-21 in the state of Himachal Pradesh,National Highways Authority of India [NHAI],618851,-,10609,Himachal Pradesh,06/2017,03/2018,09/2021,06/2026,3419.95,4465.94,1923.0,95.62,April 2026,111
1100,Ministry of Road Transport & Highways,Roads & Highways,4L Sundar Nagar Bypass from Km.173.900 to Km.179.600 of NH-21,National Highways Authority of India [NHAI],618852,N24001810,-,Himachal Pradesh,02/2022,06/2022,06/2024,05/2026,191.11,192.11,182.17,100.0,April 2026,111
1101,Ministry of Road Transport & Highways,Roads & Highways,Rehabilitation and Upgradation to 4L configuration & Strengthening of Sihuni to Rajol from Km 51.000 to Km 72.000 of NH-154 Package-IIA,National Highways Authority of India [NHAI],618878,N24002050,10630,Himachal Pradesh,03/2022,09/2023,09/2025,06/2026,696.65,776.59,318.08,96.6,April 2026,111
1102,Ministry of Road Transport & Highways,Roads & Highways,Rehabilitation and Upgradation to 2L PS configuration & Strengthening of Padhar to Bijni section from Km 180.000 to Km 202.815 of NH-154 Pkg-VA,National Highways Authority of India [NHAI],618879,-,10631,Himachal Pradesh,06/2022,11/2024,11/2026,11/2026,930.86,930.86,339.37,92.01,April 2026,111
1103,Ministry of Road Transport & Highways,Roads & Highways,Rehabilitation and Up-gradation to 4L configuration & Strengthening of Thanpuri to Paror section from Km 85.135 to Km 100.840 of NH-154 Pkg-IIC,National Highways Authority of India [NHAI],618880,-,10632,Himachal Pradesh,07/2022,03/2024,12/2025,04/2027,815.68,666.79,200.36,51.56,April 2026,111
1104,Ministry of Road Transport & Highways,Roads & Highways,4L PS bijni to mandi section from Km 202.815 to Km 208.000 of NH-20 New NH-154 of Pathankot-Mandi Package-VB,National Highways Authority of India [NHAI],618881,-,10633,Himachal Pradesh,02/2023,03/2025,09/2027,09/2027,1113.02,1112.39,335.79,27.8,April 2026,111
1105,Ministry of Road Transport & Highways,Roads & Highways,Rehabilitation and Up-gradation of existing road to 2L PS from End of Hamirpur Bypass near Chilbahal to Bhangbar section from Km. 138.295 to Km.175.270 of NH- 88 Pkg-IV,National Highways Authority of India [NHAI],618888,N24002052,10638,Himachal Pradesh,03/2022,04/2023,04/2025,06/2026,1146.19,1358.62,293.43,91.35,April 2026,111
1106,Ministry of Road Transport & Highways,Roads & Highways,"4L of Bhangbar Near Ranital to Kangra Bypass Section of Old NH-88 New NH- 303,503 up to Intersection with NH-154 from Km 175.270 to Km 193.400 Pkg-VB",National Highways Authority of India [NHAI],618889,N24001808,10639,Himachal Pradesh,03/2021,12/2022,12/2024,06/2026,1322.95,1829.49,824.55,97.45,April 2026,111
1107,Ministry of Road Transport & Highways,Roads & Highways,2L PS of Hamirpur Bypass from Km 121.175 to Km.138.295 of NH-103&3,National Highways Authority of India [NHAI],618890,N24002051,10640,Himachal Pradesh,08/2022,10/2023,10/2025,06/2026,739.39,754.82,233.43,92.57,April 2026,111
1108,Ministry of Road Transport & Highways,Roads & Highways,4L PS from Kalar Bala Village to Nauni Chowk of NH 205 from Km 41.000 to Km 58.450,National Highways Authority of India [NHAI],618891,-,10641,Himachal Pradesh,01/2024,05/2025,05/2027,09/2027,1244.43,786.91,80.72,20.95,April 2026,111
1109,Ministry of Road Transport & Highways,Roads & Highways,4L of Kathlighat to Shakral Village from Km 128.835 to Km 146.300 of NH- 5 Shimla Bypass - Pkg I,National Highways Authority of India [NHAI],618921,N24002049,10667,Himachal Pradesh,03/2022,04/2023,04/2026,12/2027,1703.48,2648.8,980.87,54.0,April 2026,111
1110,Ministry of Road Transport & Highways,Roads & Highways,4L of Shakral Village to Dhalli Section from Km 146.300 to Km 156.560 Shimla Bypass - Pkg II and Shimla connectivity from Km 0.000 to Km 0.725 of NH-5,National Highways Authority of India [NHAI],618922,-,10668,Himachal Pradesh,04/2022,03/2024,03/2027,12/2027,1956.26,2880.72,1236.15,63.17,April 2026,111
1111,Ministry of Road Transport & Highways,Roads & Highways,Solan - Kaithlighat Section of NH-22 Now NH-5 from Km. 106.139 to Km.129.05,National Highways Authority of India [NHAI],619003,N24000852,10804,Himachal Pradesh,03/2018,11/2018,05/2021,11/2026,881.74,1519.53,652.04,90.11,April 2026,111
1112,Ministry of Road Transport & Highways,Roads & Highways,4L of HP/Punjab Border - Mo from km. 11.00 to km. 42.00 of Old NH-20 New NH-154 Package-IA,National Highways Authority of India [NHAI],619153,N24001812,11811,Himachal Pradesh,03/2021,05/2022,05/2024,09/2026,1002.11,1363.04,537.04,60.06,April 2026,111
1113,Ministry of Road Transport & Highways,Roads & Highways,Construction of Shopian Bypass on NH-444 taking off from existing chainage Km 36500 and re-joining at km 47588 of existing Chainage New Design Ch. From km 28000 to km 36925 as 2- lane with paved shoulder in the UT of Jammu & Kashmir on EPC mode.,MoRTH,618038,-,-,Jammu and Kashmir,03/2024,01/2026,01/2028,-,224.44,224.44,0.0,3.0,April 2026,111
1114,Ministry of Road Transport & Highways,Roads & Highways,"Widening and strengthening to 2 lane with paved shoulder from existing Ch. Km 56720 to Km 100820 and Design Ch. From Km 62600 to Km 106360 Total Length43.760 Km on SRINAGAR -BARAMULA URINH-01 in the UT of Jammu & Kashmir under project BEACON, Border Roads Organization BRO on EPC mode.",MoRTH,618201,-,10208,Jammu and Kashmir,09/2023,11/2024,11/2026,-,702.1,702.1,0.0,45.0,April 2026,111
1115,Ministry of Road Transport & Highways,Roads & Highways,Construction of 2 lane with paved shoulders Baramulla Bypass Greenfield bypass from existing Ch. Km 47020 to Km 56720 and Design Ch. From 48500 to 62600 Total length 14.100 km on road Srinagar Baramulla Uri NH-01 in the UT of Jammu & Kashmir under Project.Package-III,MoRTH,618202,N24002185,10209,Jammu and Kashmir,03/2023,09/2024,09/2026,-,992.43,992.43,34.01,39.84,April 2026,111
1116,Ministry of Road Transport & Highways,Roads & Highways,"Construction of 4 lane with paved shoulder Pattan bypass Greenfield bypass from existing Ch. Km 24320 to Km 33760 and Design Ch. from Km 24400 to Km 35300, total length 10.900 km on road SrinagarBaramulla Uri NH-01 in the UT of Jammu & Kashmir under Project BEACON, Border Roads Organization BRO on EPC mode. Package-II",MoRTH,618203,N24002179,10210,Jammu and Kashmir,03/2023,08/2024,07/2026,-,980.21,980.21,0.27,50.01,April 2026,112
1117,Ministry of Road Transport & Highways,Roads & Highways,Construction of realignment between Pandrass- Pashkyun Total length 27.10 km on road Zozila-Kargil -Leh NH-1 to 2 lane specifications i.e. Drass alignment 9.30 km Kharboo realignment 6.30 km & Kargil alignment 11.50 km under project Vijayak BRO in the UT of Ladakh on EPC Mode,MoRTH,618204,N24001999,-,Jammu and Kashmir,11/2021,06/2023,06/2025,07/2026,426.15,426.15,97.91,54.89,April 2026,112
1118,Ministry of Road Transport & Highways,Roads & Highways,"Construction of 4 lane with paved shoulder from Existing Ch. 14200 to 24320 Design Ch. 14200 to 24400, Ch. 33760 to 42780 Design Ch. 35300 to 44294 & Ch. 43440 to 47020 Design Ch. 44958 to 48500 Delina Flyover including construction of flyover length 1.704 km of total length 22.736 kms in AOR of 760 BRTF on road SRINAGAR BARAMULA URI NH-01 in the UT of Jammu & Kashmir under project BEACON, Border Roads Organization BRO Package-IJob No NH-1-J&K-2022-23-110",MoRTH,618205,N24001998,10211,Jammu and Kashmir,06/2022,08/2023,08/2025,08/2026,823.46,823.46,262.57,83.0,April 2026,112
1119,Ministry of Road Transport & Highways,Roads & Highways,Widening and Strengthening of Rafiabad-Kupwara-Chowkibal-Tangdhar-Chamkot NH- 701 road from design Ch. From 0000 to 51000 to two lanes with paved shoulders under Project Beacon in the UT of Jammu & Kashmir on EPC mode Package-I.,MoRTH,618206,-,10212,Jammu and Kashmir,03/2024,11/2024,05/2027,-,1404.94,1404.94,118.37,36.5,April 2026,112
1120,Ministry of Road Transport & Highways,Roads & Highways,Reconstruction and widening to 2 lane with paved shoulder from existing chainage km 102000 to km 134950 Design chainage km 90150 to km 116980 including construction of Naushera Tunnel Total length of tunnel 0.700 km under 31 TF on Akhnoor-Poonch road NH-144A in the UT of Jammu & Kashmir under Project Sampark BRO on EPC mode Package-V Job no NH-144A-J&K-2020-21-104,MoRTH,618220,N24001897,10216,Jammu and Kashmir,03/2021,07/2022,07/2024,03/2026,642.24,572.51,0.0,100.0,April 2026,112
1121,Ministry of Road Transport & Highways,Roads & Highways,Rehabilitation and upgradation to 2 lane with paved shoulder from existing chainage Km 166.100 to Km 192.98 design chainage Km 146.700 to Km 162.800 including construction of Bhimber Gali Tunnel Total Length of Tunnel 1.100 Km under 31 BRTF on Akhnoor-Poonch Roads on EPC mode NH-144A Package-VII,MoRTH,618221,N24002180,10217,Jammu and Kashmir,09/2021,07/2024,07/2026,-,734.64,734.64,0.0,45.41,April 2026,112
1122,Ministry of Road Transport & Highways,Roads & Highways,Widening and Strengthening up gradation to 2 lane with paved shoulder from existing chainage Km 192.98 to Km 229.820 design chainage Km 162.800 to Km 198.18 under 31 BRTF on Akhnoor-Poonch Road NH-144A in the UT of Jammu and Kashmir under Project Sampark Border Roads Organisation BRO on EPC Mode Package-VIII Job No NH-144A-J&K-2022-2023-111,MoRTH,618222,N24002119,10218,Jammu and Kashmir,10/2022,01/2024,01/2026,09/2026,562.45,562.45,137.07,70.03,April 2026,112
1123,Ministry of Road Transport & Highways,Roads & Highways,Rehabilitation and up-gradation to 2 lane with paved shoulder from existing chainage km 64535 to km 85385 Design chainage km 55800 to km 74350 under 13 TF on Akhnoor-Poonch road NH-144A under Project Sampark BRO in the UT of Jammu & Kashmir on EPC mode Package-III Job no NH-144A-J&K-2019-20-79,MoRTH,618223,N24001901,-,Jammu and Kashmir,03/2020,09/2021,09/2023,05/2026,152.93,152.93,75.64,88.94,April 2026,112
1124,Ministry of Road Transport & Highways,Roads & Highways,Rehabilitation and up-gradation to 2 lane with paved shoulder from existing chainage km 49150 to km 64535 Design chainage km 46.450 to km 55.800 including construction of Sungal Tunnel Total length of Tunnel 2.79 km under 13 TF on Akhnoor-Poonch road NH-144A under Project Sampark BRO in the UT of Jammu & Kashmir on EPC mode Package-II Job no NH-144A-J&K-2019-20-78,MoRTH,618224,N24001901,10219,Jammu and Kashmir,03/2020,08/2021,08/2024,05/2026,796.97,796.97,432.45,92.01,April 2026,112
1125,Ministry of Road Transport & Highways,Roads & Highways,Rehabilitation and up-gradation to 2 lane with paved shoulder from existing chainage km 134950 to km 166100 Design chainage km 116980 to km 146700 under 31 TF on Akhnoor-Poonch road NH-144A in the UT of Jammu & Kashmir under Project Sampark BRO on EPC mode Package-VI Job no NH-144A-J&K-2021-22-106,MoRTH,618225,N24001899,-,Jammu and Kashmir,07/2021,07/2022,07/2024,06/2026,395.25,395.25,144.04,89.05,April 2026,112
1126,Ministry of Road Transport & Highways,Roads & Highways,Rehabilitation and upgradation to 2 lane with paved shoulder from existing chainage Km 30.053 to Km 49.150 design chainage Km 30.000 to Km 46.450 including Kandi Tunnel under 31 BRTF on Akhnoor-Poonch Road NH-144A Under Project Sampark in the UT of Jammu & Kashmir EPC modePackage-I Job no NH-144A-J&K-2020-21-83.,MoRTH,618226,N24001898,-,Jammu and Kashmir,07/2020,11/2022,11/2024,06/2026,272.49,272.49,157.74,94.0,April 2026,112
1127,Ministry of Road Transport & Highways,Roads & Highways,Up-gradation to 2-lane with Paved Shoulder from Km 12.850 to Km20.300 of 7.450Km length on Goha-Khellani section and a link road to Goha village of 2.016 km on NH- 244 in UT of Jammu and Kashmir on EPC Mode Pkg-1,NHIDCL,618394,N24001264,-,Jammu and Kashmir,07/2020,10/2020,04/2022,10/2026,228.39,225.37,163.81,94.26,April 2026,112
1128,Ministry of Road Transport & Highways,Roads & Highways,"Construction & Upgradation to 2-lane with paved shoulder from Design Ch. Km 51700 at Premnagar km 66315 to Km 66535 New Thatri at Start of Km 83rd, Tunnel Km 82665 of 14.835 Km design length on Chenani-Sudhmahadev-Goha Khellani- Kishtwar-Vailoo Donipawa-Ashajipora section of NH-244 in the UT of J&K on EPC Mode under NHO-Gen Pkg - 2",NHIDCL,618395,N24001394,10298,Jammu and Kashmir,03/2021,08/2021,02/2023,10/2026,512.43,512.43,155.69,53.49,April 2026,112
1129,Ministry of Road Transport & Highways,Roads & Highways,Construction & Upgradation to 2 lane with paved shoulder from Design Km. 31.449 Khellani Ex. Km 44.946 to Km 51.700 Prem Nagar Ex. Km 68617 of 20.251 Km length on Khellani - Kishtwar - Chattroo section of NH-244 in the UT of J&K on EPC Mode under NHO-Gen PKG- 1,NHIDCL,618396,N24001323,-,Jammu and Kashmir,02/2021,03/2021,08/2022,10/2024,486.45,486.45,0.0,0.0,April 2026,113
1130,Ministry of Road Transport & Highways,Roads & Highways,Widening and Up-gradation to 2-Lane with Paved Shoulder of configuration and geometric improvement from Km 0.000 to Km 16.990 on Chenani Sudhmahadev section of NH-244 in UT of Jammu and Kashmir to be executed on EPC basis,NHIDCL,618397,-,-,Jammu and Kashmir,03/2018,11/2018,11/2020,02/2022,255.9,255.9,0.0,0.0,April 2026,113
1131,Ministry of Road Transport & Highways,Roads & Highways,Up-gradation to 2-lane with Paved Shoulder from Km 20.300 to Km 29.030 of 8.730 Km length on Goha-Khellani section on NH-244 in UT of Jammu and Kashmir on EPC Mode Package II,NHIDCL,618398,N24001266,-,Jammu and Kashmir,07/2020,10/2020,04/2022,03/2026,210.79,210.79,174.92,96.95,April 2026,113
1132,Ministry of Road Transport & Highways,Roads & Highways,Construction of Kishtwar bypass with 2 lane with paved shoulder from Design Km. 80.675 Dulhasti to km 95.550 Bandarkoot of 14.88 km & a link road to Kishtwar town from 0000 to 1.871 of length1.871 Km on Khellani - Kishtwar - Chattroo section in UT of Jammu and Kashmir on EPC Mode Pkg-4,NHIDCL,618399,N24001395,10299,Jammu and Kashmir,03/2021,08/2021,08/2023,06/2027,859.67,859.67,308.95,50.05,April 2026,113
1133,Ministry of Road Transport & Highways,Roads & Highways,Construction & Upgradation to 2-lane with paved shoulder from Design Km 67.805 at the end of Km 83rd Tunnel near Dhrabshalla Ex. Km 83905 to Km 80.675 start of Kishtwar Bypass - Dulhasti Ex. Km 970751 of 12.870 Km length on chenani- Sudhmahadev-Goha Khellani-Kishtwar-vailoo-Donipawa-Ashajipora seition of NH-244 in the UT of J&K on EPC Mode under NHO-Gen Pkg-3,NHIDCL,618400,N24001341,-,Jammu and Kashmir,03/2021,07/2021,12/2022,08/2025,398.51,398.51,99.35,98.55,April 2026,113
1134,Ministry of Road Transport & Highways,Roads & Highways,Up-gradation to 4-lane with Paved Shoulder of Jammu-Akhnoor road section of NH- 144A from Ganesh Vihar Km 6.000 to Khati Chowk Km 26.350 in UT of Jammu and Kashmir on EPC basis Pkg-3A,NHIDCL,618406,N24000868,-,Jammu and Kashmir,03/2018,07/2019,07/2021,05/2022,322.49,322.49,0.0,0.0,April 2026,113
1135,Ministry of Road Transport & Highways,Roads & Highways,Jammu-Akhnoor Road Pkg-I,NHIDCL,618407,N24001543,-,Jammu and Kashmir,03/2018,01/2023,01/2025,06/2026,245.3,245.3,82.06,68.07,April 2026,113
1136,Ministry of Road Transport & Highways,Roads & Highways,Delhi-Amritsar-Katra Expressway Phase-II Pkg-XV [Junction with Hiranagar Road near village Gurha Baildaran to Junction with Jammu Ring Road NH-244A near Jakh village from Km 468100 to Km 503250],National Highways Authority of India [NHAI],618494,N24001552,10352,Jammu and Kashmir,10/2021,09/2022,09/2024,12/2026,2714.95,3716.56,1653.54,88.87,April 2026,113
1137,Ministry of Road Transport & Highways,Roads & Highways,4/6L Access Control Expressway from Design Chainage Km 515.000 to 528.300 Kunjwani to Sidhra Section of NH-44 and from Design Chainage Km 550.900 to Km 566.520 Domel to Katra Section Phase II-Package XVII,National Highways Authority of India [NHAI],618495,N24002061,10353,Jammu and Kashmir,06/2022,06/2023,06/2025,03/2027,2894.74,2894.74,810.99,62.0,April 2026,113
1138,Ministry of Road Transport & Highways,Roads & Highways,Delhi-Amritsar-Katra Expressway Phase-II Pkg-XVI Existing Jakh Vijaypur-Kunjwani section of NH-44 including spur Connectivity to Jammu Airport NH-144A [Km 503500 to km 514500],National Highways Authority of India [NHAI],618496,N24001550,10354,Jammu and Kashmir,09/2021,09/2022,09/2024,09/2026,1821.72,2522.56,1174.58,94.14,April 2026,113
1139,Ministry of Road Transport & Highways,Roads & Highways,Delhi Amritsar Katra Expressway Phase-II Pkg XVIII Development and Upgradation of Four lane Access Control Expressway from Design Chainage KM 530.00 to KM 545.300 Sidhra to Domel Section of NH-44,National Highways Authority of India [NHAI],618497,N24002060,10355,Jammu and Kashmir,12/2022,11/2023,11/2025,03/2027,975.38,975.38,564.21,62.41,April 2026,113
1140,Ministry of Road Transport & Highways,Roads & Highways,4L Ring road/bypass around Srinagar city from km 0.000 to km 42.100 Phase-I,National Highways Authority of India [NHAI],618541,N24001511,10390,Jammu and Kashmir,03/2021,08/2021,02/2024,07/2026,2919.96,2604.76,1770.97,87.0,April 2026,113
1141,Ministry of Road Transport & Highways,Roads & Highways,4L of twin tube tunnel configuration including approaches from Marog to Digdol from Km.154.210 to Km.158.650 North Bound and from Km.155.940 to Km.160.260 South Bound of Ramban to Banihal Pkg-I of Old NH-1A New NH-44,National Highways Authority of India [NHAI],618543,N24001627,10391,Jammu and Kashmir,07/2021,08/2022,08/2025,12/2027,1912.17,1034.3,357.42,27.0,April 2026,113
1142,Ministry of Road Transport & Highways,Roads & Highways,"4L twin tube tunnel including approaches from Digdol to Khuni Nallah North Bound connecting with existing major bridge on NB and South Bound connecting with Tunnel T4 ,Single tube tunnel of Ramban to Banihal Pkg-II of Old NH-1A New NH-44",National Highways Authority of India [NHAI],618544,N24001622,10392,Jammu and Kashmir,07/2021,02/2022,06/2024,08/2026,1401.87,1020.99,989.45,87.1,April 2026,113
1143,Ministry of Road Transport & Highways,Roads & Highways,"4L of Km.165.092 to Km.171.855 North Bound and from Km.166.895 to Km.173.638 South Bound, excl. certain reaches of North Bound and South Bound of Ramban to Banihal Pkg-III of Old NH-1A New NH-44",National Highways Authority of India [NHAI],618545,N24001621,-,Jammu and Kashmir,07/2021,02/2022,08/2024,06/2027,614.48,444.76,257.32,42.8,April 2026,113
1144,Ministry of Road Transport & Highways,Roads & Highways,2L NH-1 from km 8.660 to km 33.775 Sumbal to Wayul to 4L dual carriageway NH standard as part of Srinagar Ring Road PhaseII [Design Ch. 41.907 to Ch. 66.609],National Highways Authority of India [NHAI],618547,N24002059,10394,Jammu and Kashmir,11/2022,12/2023,06/2026,04/2027,961.0,643.64,412.37,48.8,April 2026,113
1145,Ministry of Road Transport & Highways,Roads & Highways,Construction of twin tube tunnels on Jammu Kashmir Ring Road NH-244A Between Design Ch. 50600 to 51700 and design Ch. 53535 to 55700 on EPC mode under residual NHDP component of Bharatmala Pariyojna,National Highways Authority of India [NHAI],618549,N24001926,10396,Jammu and Kashmir,11/2022,06/2023,06/2025,12/2026,242.65,731.59,655.27,83.87,April 2026,114
1146,Ministry of Road Transport & Highways,Roads & Highways,Corridor Efficiency Improvement including removal of black spots in Lakhanpur - Samba section of NH-44 from Chainage Km. 16.300 to Km. 74.100,National Highways Authority of India [NHAI],618550,N24001619,-,Jammu and Kashmir,06/2022,12/2022,06/2024,09/2026,855.74,215.68,197.46,74.63,April 2026,114
1147,Ministry of Road Transport & Highways,Roads & Highways,Upgradation and Strengthening of Chenani to Nashri Section via Patnitop of NH244 from Km 0.000 to Km 39.100,National Highways Authority of India [NHAI],618967,-,-,Jammu and Kashmir,03/2024,08/2024,08/2026,08/2026,295.06,295.06,175.81,63.8,April 2026,114
1148,Ministry of Road Transport & Highways,Roads & Highways,Construction/upgradation to 2-lane with paved shoulder from Design Km 95.55 Bandarkoot to Km. 111.06 Chattroo of 15.52 Km length on Khellani-Kishtwar-Chattroo section on NH-244 in UT of Jammu and Kashmir on EPC Mode Pkg-5,NHIDCL,619038,N24001396,-,Jammu and Kashmir,03/2021,08/2021,02/2023,03/2026,497.09,497.09,240.1,99.97,April 2026,114
1149,Ministry of Road Transport & Highways,Roads & Highways,Widening and Strengthening of existing paveemnt to two lane with paved shoulders from km 116.00 to km 176.355 of NH-75E in the State of Jharkhand on EPC mode.,MoRTH,618060,N24001923,-,Jharkhand,01/2022,01/2023,07/2024,04/2026,315.21,315.21,129.54,87.0,April 2026,114
1150,Ministry of Road Transport & Highways,Roads & Highways,Construction of byepass around Lohardaga town of NH-143A in the Sate of Jharkhand under EPC mode.,MoRTH,618083,-,-,Jharkhand,02/2022,01/2024,01/2026,09/2026,458.78,458.78,0.0,3.0,April 2026,114
1151,Ministry of Road Transport & Highways,Roads & Highways,Widening to 2-lane with paved shoulder from km 0.00 to 44.00 Kuru-Ghaghra section of NH-143A including re-construction of culverts and bridges.,MoRTH,618084,N24001922,-,Jharkhand,02/2020,08/2021,08/2023,03/2026,153.01,133.67,84.74,93.0,April 2026,114
1152,Ministry of Road Transport & Highways,Roads & Highways,Widening and Strengthening/Reconstruction to Two Lane with Paved Shoulder/ Two Lane with paved shoulders with service road from km 0000 to km 42250 excluding design Ch. 03220 to 04200 & 28350 to 29060 of NH-320G in the state of Jharkhand under EPC mode,MoRTH,618123,N24001925,-,Jharkhand,03/2022,08/2023,08/2025,-,423.18,423.18,4.11,0.0,April 2026,114
1153,Ministry of Road Transport & Highways,Roads & Highways,Construction of 2- Lane with paved shoulder from km 56.45 Dharampur More to 93.050 Pakur of NH-333A in the State of Jharkhand on EPC mode,MoRTH,618127,-,-,Jharkhand,03/2023,11/2025,05/2027,05/2027,255.73,255.73,0.0,8.5,April 2026,114
1154,Ministry of Road Transport & Highways,Roads & Highways,Widening and Reconstruction to 4-lane/4-lane with service road including structures from Pokharia More at Km 47.600 Ex. Km 50.230 to Govindpur at km 62.949 Ex. Km 65.325 of Nh-419 in the State of Jharkhand on EPC mode.,MoRTH,618242,-,-,Jharkhand,05/2022,01/2024,01/2026,06/2026,300.46,300.46,76.93,46.22,April 2026,114
1155,Ministry of Road Transport & Highways,Roads & Highways,Construction of Six lane elevated flyover including reconstruction/rehabilitation of existing pavement from Km 406100 to Km 411150 Length 5.05 Km at Gobindpur area in the Barwa Adda Panagarh section of NH-19 from Km.398.240 to Km.521.120 including Panagarh Bypass in the State of Jharkhand on EPC Mode.,National Highways Authority of India [NHAI],618535,-,-,Jharkhand,01/2025,09/2025,03/2028,03/2028,687.77,442.52,33.97,11.8,April 2026,114
1156,Ministry of Road Transport & Highways,Roads & Highways,4 Lane of CG/JH Border-Gumla from km 0.000 to km 32.370 of NH-43 in the State of Jhrkhand,National Highways Authority of India [NHAI],618641,-,11882,Jharkhand,08/2024,02/2026,02/2028,02/2028,1325.8,1325.8,13.83,1.0,April 2026,114
1157,Ministry of Road Transport & Highways,Roads & Highways,4L of Palma to Gumla from km. 26.00 to km. 89.170 of NH-23,National Highways Authority of India [NHAI],618642,N24001595,10459,Jharkhand,03/2020,04/2022,03/2024,05/2026,1882.93,1895.75,891.94,98.96,April 2026,114
1158,Ministry of Road Transport & Highways,Roads & Highways,4L of Ormanjhi-Gola section from Km 81.450 to Km 53.600 of NH- 320BPKG-II,National Highways Authority of India [NHAI],618644,N24001854,10460,Jharkhand,02/2022,06/2023,06/2025,07/2026,1214.93,1462.19,837.8,86.57,April 2026,114
1159,Ministry of Road Transport & Highways,Roads & Highways,4L of Gola-BokaroJaina More section from Km 53.600 to Km 21.110 of NH-320PKG-1,National Highways Authority of India [NHAI],618645,N24002056,10461,Jharkhand,02/2022,06/2023,06/2025,05/2026,1007.97,1030.64,437.79,78.1,April 2026,114
1160,Ministry of Road Transport & Highways,Roads & Highways,4L Elevated corridor of Kalimandir-Dimna Chowk-Baliguma Jamshedpur Section of NH-33 New NH-18 from km 241940 to km 251961 Length 10.021 km,National Highways Authority of India [NHAI],618736,-,10526,Jharkhand,03/2024,09/2024,03/2027,03/2027,936.26,832.2,281.39,43.21,April 2026,114
1161,Ministry of Road Transport & Highways,Roads & Highways,Grade separated Interchanges at Km. 113.730 junction with Ranchi Hazaribagh Road & Km. 139.225 junction with Ranchi Jamshedpur road on 4L Ranchi Bypass of NH-33,National Highways Authority of India [NHAI],618737,-,-,Jharkhand,01/2025,12/2025,12/2027,12/2027,303.53,5.58,3.16,0.0,April 2026,114
1162,Ministry of Road Transport & Highways,Roads & Highways,4L from km 196.87 Sankha to km 219.6 Khajuri on NH-75 [Rehla / Garhwa Bypass],National Highways Authority of India [NHAI],618829,N24001590,10593,Jharkhand,09/2020,10/2021,10/2023,-,1129.48,1129.48,527.11,93.45,April 2026,114
1163,Ministry of Road Transport & Highways,Roads & Highways,4L from Km 147.450 Bhogu to Km 196.870 Sankha on NH-75 Sec-III,National Highways Authority of India [NHAI],618830,N24002054,10594,Jharkhand,10/2022,11/2023,11/2025,06/2026,1517.87,1652.09,991.9,76.95,April 2026,115
1164,Ministry of Road Transport & Highways,Roads & Highways,4L from Km 95.400 Udaipura to Km 147.450 Bhogu on NH-75 Sec-II,National Highways Authority of India [NHAI],618831,-,10595,Jharkhand,03/2023,10/2024,10/2026,03/2027,1436.8,1301.54,200.87,26.6,April 2026,115
1165,Ministry of Road Transport & Highways,Roads & Highways,4L from Km 55.00 Kuru to Km 95.400 Udaipura on NH-75 Sec-I,National Highways Authority of India [NHAI],618832,-,11879,Jharkhand,02/2024,01/2026,01/2028,01/2028,1274.82,1274.82,41.83,5.0,April 2026,115
1166,Ministry of Road Transport & Highways,Roads & Highways,Barhi-Koderma Section of NH31 km 0.00 - km 27.5,National Highways Authority of India [NHAI],618863,-,10618,Jharkhand,02/2017,11/2019,08/2024,05/2026,662.44,826.59,478.57,98.5,April 2026,115
1167,Ministry of Road Transport & Highways,Roads & Highways,4L of Mehgama - Hansdiha from km. 41.900 to km. 93.000 of NH -133A Pkg-II,National Highways Authority of India [NHAI],618946,N24002057,10684,Jharkhand,03/2022,05/2023,05/2025,05/2026,1479.72,1568.18,878.2,99.5,April 2026,115
1168,Ministry of Road Transport & Highways,Roads & Highways,4L of NH-80 from km 215.00 to km 260.00 Mirza Chauki to Farkka Pkg-I,National Highways Authority of India [NHAI],618947,N24001596,10685,Jharkhand,03/2018,12/2021,07/2023,07/2026,1504.8,1508.21,804.61,91.83,April 2026,115
1169,Ministry of Road Transport & Highways,Roads & Highways,4L of Basukinath- Deoghar Section of NH-114A,National Highways Authority of India [NHAI],618949,N24002055,10686,Jharkhand,09/2022,12/2023,12/2025,07/2026,1444.94,1553.76,648.92,86.44,April 2026,115
1170,Ministry of Road Transport & Highways,Roads & Highways,Construction of Bypass to NH-114A Connecting NH-333 and NH-133 Deoghar Bypass from design km 0.000 to design Km 49.000,National Highways Authority of India [NHAI],618950,-,-,Jharkhand,11/2024,01/2026,01/2028,01/2028,1565.47,1565.47,48.97,5.02,April 2026,115
1171,Ministry of Road Transport & Highways,Roads & Highways,Construction of bypass around Chatra Town on NH-22 old NH-99 in the state of Jharkhand under EPC Mode,MoRTH,619005,-,-,Jharkhand,03/2023,01/2026,01/2028,01/2026,235.42,199.2,0.0,12.0,April 2026,115
1172,Ministry of Road Transport & Highways,Roads & Highways,"Construction of Elevated corridor from Km. 135.650 to 136.300 on 63, from Km. 249 to Km. 250.050 on old NH-4 and from Km. 192.910 to Km. 193.350 on NH-218 from decongestion of traffic in Ranichennamma circle in Hubli city in the state of Karnataka on EPC basis",MoRTH,617935,N24001938,-,Karnataka,08/2020,06/2021,06/2024,11/2026,298.0,349.49,167.23,52.0,April 2026,115
1173,Ministry of Road Transport & Highways,Roads & Highways,Construction of Srinivasapura Bypass from existing Km 453.890 Design Ch. 0000 to existing Km 461.450 Design Ch 10080 on NH-69 in the State of Karnataka Under NH O in EPC mode under Annual Plan 2022-23 NH-69-KNT-2022-23-966 dated 22.11.2022,MoRTH,617950,-,-,Karnataka,11/2022,07/2025,01/2027,01/2027,204.42,204.42,0.0,0.0,April 2026,115
1174,Ministry of Road Transport & Highways,Roads & Highways,Construction of Chintamani Bypass from Design Ch.0000 Existing Ch.428880 to Design Ch.15400 Existing Ch.444010 on NH-69 in the State of Karnataka in EPC Mode under NHO Annual Plan 2022-23. NH-69-KNT-2022-23-989 dated 24.03.2023,MoRTH,617951,-,-,Karnataka,03/2023,01/2026,07/2027,07/2027,314.55,314.55,0.0,0.0,April 2026,115
1175,Ministry of Road Transport & Highways,Roads & Highways,Balance work of Rehabilitation and upgrading to 2lane/2lane with paved shoulder configuration and strengthening from from Km 343.80 to 400.33 of Gowribidanur-Chik Ballapur section in the state of Karnataka Under Annual Plan 2021-22 under EPC Mode.-952,MoRTH,617954,N24001937,-,Karnataka,03/2022,02/2023,02/2025,04/2026,398.48,398.48,211.59,93.25,April 2026,115
1176,Ministry of Road Transport & Highways,Roads & Highways,Widening to two lane with paved Shoulders from Km 40.00 to Km 75.00 Existing chainages of Mangalore - Tumkur section of NH-73 in the State of Karnataka on EPC Mode under Annual Plan 2021-22 Job No NH-73-KNT-2021-22-945,MoRTH,617955,N24002012,10150,Karnataka,03/2022,03/2023,03/2025,12/2026,718.52,718.52,308.84,82.0,April 2026,115
1177,Ministry of Road Transport & Highways,Roads & Highways,Construction of Major Bridge at Km.180.865 across river Krishna on NH 167 Hagari Jadcherla section,MoRTH,617989,N24001450,-,Karnataka,03/2019,05/2019,11/2021,03/2026,157.32,187.61,103.33,68.0,April 2026,115
1178,Ministry of Road Transport & Highways,Roads & Highways,Widening to existing 2 lane with paved Shoulder to 4 Lane with paved shoulder from design Km 153.00 to 168.27 Mala Gate to Karkala of NH -169 on Shimoga - Mangalore section in the state of Karnataka on EPC mode under Annula Plan 2021-22 Job No. NH-169-KNT-2021-22-949,MoRTH,617998,N24000979,-,Karnataka,03/2022,02/2023,02/2025,03/2026,177.94,177.94,108.93,75.0,April 2026,115
1179,Ministry of Road Transport & Highways,Roads & Highways,Widening to 2LPS from Km 67 to Km 115 on Kadur-Hosadurga section NH 173 in the state of Karnataka NH-173-KNT-2022-23-980 dated 13.03.2023,MoRTH,617999,-,-,Karnataka,03/2023,09/2024,04/2026,10/2026,471.62,471.62,80.08,64.33,April 2026,115
1180,Ministry of Road Transport & Highways,Roads & Highways,Widening to 2-Lane with Paved Shoulders from Km 116.800 to 149.070Design Changes on Hosadurga - Holalkere Section of NH-173 in the State of Karnataka on EPC mode under Annual Plan 2021-22 Job no. NH-173-KNT-2021-22-946,MoRTH,618000,N24001390,-,Karnataka,03/2022,08/2022,02/2024,04/2026,170.34,147.39,106.88,92.65,April 2026,115
1181,Ministry of Road Transport & Highways,Roads & Highways,Widening to 2LPS from Km 71.00 to 104.00 Existing chainages Sarjapur to Pattadkallu on Bhanapur to Gaddanakeri section NH-367 in the State of Karnataka under NHO on EPC mode under Annual Plan 2022-23 NH-367-KNT-2022-23-972 dated 08.02.2023,MoRTH,618027,-,-,Karnataka,02/2023,03/2024,03/2026,03/2026,445.62,445.62,0.0,65.0,April 2026,116
1182,Ministry of Road Transport & Highways,Roads & Highways,"Construction of Bypass at Kuknoor, Yelburga, Gajendragada of Bhanapur Gaddanakeri section of NH-367 in the State of Karnataka under NHO on EPC mode under Annual Plan 2022-23. NH-367-KNT-2022-23-973 dated 08.02.2023",MoRTH,618028,-,-,Karnataka,02/2023,06/2025,06/2027,06/2027,333.96,333.96,40.61,20.0,April 2026,116
1183,Ministry of Road Transport & Highways,Roads & Highways,Widening to 4 lane from Km. 133.00 to 158.04 design Chainage Km. 130.88 to 155.145 Shirur Cross to Gaddankeri of NH-367 in the State of Karnataka on EPC mode. Job No. NH-367-KNT-2021-22-930,MoRTH,618029,N24001941,-,Karnataka,01/2022,01/2023,01/2025,01/2027,350.69,312.06,191.38,78.08,April 2026,116
1184,Ministry of Road Transport & Highways,Roads & Highways,Widening to 2 lane with paved shoulder from Km. 103.225 Pattadakal to Km. 133.00 Shirur cross of NH-367 in the state of Karnataka on EPC Mode.Job No. NH-367-KNT- 2021-22-934,MoRTH,618030,N24001940,-,Karnataka,02/2022,11/2022,05/2024,12/2026,264.14,264.14,3.58,0.0,April 2026,116
1185,Ministry of Road Transport & Highways,Roads & Highways,Balance work of Construction of Two/Four lane with paved shoulder from Km 422.000 to 523.600 Chitradurga to Shivamogga of NH-13 in the state of Kanataka on EPC mode.,MoRTH,618031,N24002011,10166,Karnataka,01/2021,12/2021,12/2025,08/2026,516.96,516.96,105.08,75.0,April 2026,116
1186,Ministry of Road Transport & Highways,Roads & Highways,"Widening to Two Lane with Paved Shoulders from KB Cross to Chunchanahalli ie., Design Ch. 485240 Km Existing Km 494.000 to Design Ch. 523393 Km Existing km 533.152 & From Design Ch. 530393 Existing Km 540.175 to Design Ch. 534476 Existing Km 544.200 at Nelligere of NH-150A on EPC mode under Annual Plan 2022-23 NH-150A-KNT-2022-23-977 dated 08.03.2023",MoRTH,618086,-,10175,Karnataka,03/2023,07/2025,01/2027,01/2027,617.28,617.28,4.47,40.0,April 2026,116
1187,Ministry of Road Transport & Highways,Roads & Highways,Widening to intermediate/two lane to 2 lane with paved shoulder from Existing chanages Km 112.750 to 142.00 Liingasur to Mudabal cross & from Km. 147.070 to Km. 149.070 Maski city limit of Jewargi Chamrajnagar setion of NH-150A in the state of Karnataka on EPC mode. Job No. NH-150A-KNT-2021-22-951,MoRTH,618087,N24001944,-,Karnataka,03/2022,01/2023,07/2024,05/2026,255.88,255.88,179.66,93.0,April 2026,116
1188,Ministry of Road Transport & Highways,Roads & Highways,Widening to Two Lane with Paved Shoulders from Km 0.00 Design Chainage 0.00 to Km 23.338 Design Chainage 23310 of NH-166E MH/KNT Border- Kanamadi- Bijjargi- Tikota section in the state of Karnataka in EPC Mode under Annual plan 2022-23 NH- 166E-KNT-2022-23-974,MoRTH,618095,-,-,Karnataka,02/2023,09/2024,03/2026,03/2026,196.05,196.05,0.0,30.0,April 2026,116
1189,Ministry of Road Transport & Highways,Roads & Highways,Widening to 4 lane from Km 51.60 to 76.20 Hebri to Parkala and from Km 85.20 to 88.90 Karavali junction to Malpe of Thirthahalli-Udupi-Malpe Section of NH-169A in the State of Karnataka on EPC Mode under Annual plan 2021-22 Job No. NH-169A- KNT-2021-22-927,MoRTH,618109,N24001948,-,Karnataka,01/2022,12/2022,12/2024,05/2026,355.72,355.72,184.79,76.86,April 2026,116
1190,Ministry of Road Transport & Highways,Roads & Highways,Construction of Major Bridge Across Sharavathi Backwaters and approches between Ambargodu and Kalasavalli Near Sigandhur in Sagar Taluk on NH 369E in the State of Karnataka on EPC mode.Job No. NH-369E-KNT-2018-19-895 dated 06.03.2019.,MoRTH,618144,N24001281,-,Karnataka,03/2019,12/2019,12/2022,-,423.15,423.15,0.0,0.0,April 2026,116
1191,Ministry of Road Transport & Highways,Roads & Highways,Widening to 2 Lane with Paved Shoulders from design Km 103.200 Existing Km 103.200 to design Km 116.700 Existing Km 118.470 on AP/KNT Border to Sira Section of NH-544E in the State of Karnatakaon EPC mode under Annual plan 2022- 23,MoRTH,618147,-,-,Karnataka,01/2023,03/2024,09/2025,08/2026,166.58,166.58,35.33,40.0,April 2026,116
1192,Ministry of Road Transport & Highways,Roads & Highways,Widening to two lane with paved shoulders from Km 0.00 to 102.310 Design Chainage of NH-548B Murrum-Maharashtra Border in the State of Karnataka,MoRTH,618149,-,10191,Karnataka,02/2023,01/2025,01/2027,01/2027,957.09,957.09,248.13,0.0,April 2026,116
1193,Ministry of Road Transport & Highways,Roads & Highways,Construction of 2 Lane with paved shoulder from km 55.6 to km 90.7 existing chainages of NH-766C complete Realignment of 13.76 km with 2 major Bridges across Sharavathi Backwaters on EPC mode under Annual Plan 2022-23 in the state of Karnataka NH-766C-KNT-2022-23 dated 14.10.2022,MoRTH,618184,-,-,Karnataka,01/2023,02/2024,02/2026,12/2027,313.56,313.56,0.0,46.52,April 2026,116
1194,Ministry of Road Transport & Highways,Roads & Highways,Widening to 2LPS from Km 0.000 to 37.850 Except Ex. Km 24.45 to 27.20 of NH-766c Byndoor-Ranebennur Section in the state of Karnataka on EPC Mode under Annual Plan 2022-23 NH-766C-KNT-2022-23-969 dated 30.12.2022,MoRTH,618185,-,-,Karnataka,12/2022,08/2025,08/2027,08/2027,394.95,394.95,0.0,0.0,April 2026,116
1195,Ministry of Road Transport & Highways,Roads & Highways,Widening to Two Lane with Paved Shoulder of NH-73 New Spur Road Ujire - Dharmasthala - Periyashanthi in the State of Karnataka under on HAM under NHO Annual Plan 2023-24Job No NH-73Spur-KNT-2023-24-996,MoRTH,618189,-,10203,Karnataka,01/2024,11/2025,11/2027,-,613.65,613.65,0.0,0.0,April 2026,116
1196,Ministry of Road Transport & Highways,Roads & Highways,4/6L of Bangalore - Pune Section of bypass connecting Dharwad - Hubli from km. 403.80 to km. 433.20,National Highways Authority of India [NHAI],618517,N24001994,10371,Karnataka,12/2021,03/2023,09/2025,11/2026,1135.39,763.36,732.44,82.89,April 2026,117
1197,Ministry of Road Transport & Highways,Roads & Highways,Davanagere - Haveri of NH-48 Old NH-4 from km. 260.00 to km. 338.923,National Highways Authority of India [NHAI],618518,-,10372,Karnataka,01/2017,01/2018,07/2020,09/2026,1454.67,1805.84,690.56,98.87,April 2026,117
1198,Ministry of Road Transport & Highways,Roads & Highways,4L of km 0.00 to km 42.00 of Dobbaspet to Doddaballapura Bypass section of NH-648 old NH-207] [Bangalore Ring Road Pkg 1],National Highways Authority of India [NHAI],618520,-,10374,Karnataka,08/2020,04/2021,04/2023,06/2026,1438.74,1786.57,1051.89,99.2,April 2026,117
1199,Ministry of Road Transport & Highways,Roads & Highways,6L of MH/KN Border Nimbal Village to KN/TS Border Singnodi Village from Km. 26.000 to Km. 97.000 in Gulbarga of NH-150C Pkg-II,National Highways Authority of India [NHAI],618630,N24001676,10449,Karnataka,02/2022,12/2022,06/2025,11/2026,2355.56,1923.3,868.81,76.12,April 2026,117
1200,Ministry of Road Transport & Highways,Roads & Highways,4 Lane with PS from Des. Ch 228.500 to Des. Ch. 273.400 of Belgaum-Hungund- Raichur Section of NH 748 A Package-6,National Highways Authority of India [NHAI],618649,-,10463,Karnataka,03/2023,11/2024,11/2026,06/2027,1246.15,1012.78,241.66,45.8,April 2026,117
1201,Ministry of Road Transport & Highways,Roads & Highways,4 Lane with PS from Des. Ch 89.900 to Des. Ch. 136.100 of Belgaum-Hungund- Raichur Section of NH-748A Package-3,National Highways Authority of India [NHAI],618650,-,10464,Karnataka,01/2024,04/2025,04/2027,12/2027,1363.9,1219.62,115.76,19.25,April 2026,117
1202,Ministry of Road Transport & Highways,Roads & Highways,4 Lane with PS from Des. Ch 43.800 to Des. Ch. 89.900 of Belgaum-Hungund- Raichur Section of NH-748A Package-2,National Highways Authority of India [NHAI],618651,-,10465,Karnataka,02/2024,03/2025,02/2027,06/2027,1427.88,1293.94,444.62,42.04,April 2026,117
1203,Ministry of Road Transport & Highways,Roads & Highways,4LPS Access Controlled Highway of Bellary Bypass Balance work from Ch. 254750 to Ch. 266837 and construction of 4LPS from Ch. 277.690 to Ch. 278.690 at D. Hirehal Village Balance work of NH 150A of Bellary Byrapura Section,National Highways Authority of India [NHAI],618697,-,-,Karnataka,02/2024,08/2024,07/2026,07/2027,626.01,284.05,97.26,35.5,April 2026,117
1204,Ministry of Road Transport & Highways,Roads & Highways,Challakere to Hariyur section from km 358.500 to km 414.205 of NH-150 A,National Highways Authority of India [NHAI],618698,-,10498,Karnataka,03/2018,01/2021,01/2023,06/2025,1167.52,1873.58,843.6,99.5,April 2026,117
1205,Ministry of Road Transport & Highways,Roads & Highways,4L of Addahole Near Gundya to Bantwal Cross section Pkg-02 from Design Km 270.270 to Design km 318.55 including flyover at Kalladka Town including approaches from Km. 311.57 to Km. 313.67 of NH-75 Old NH-48,National Highways Authority of India [NHAI],618702,N24001425,10501,Karnataka,12/2020,11/2021,11/2023,05/2026,1660.19,1318.24,1358.81,94.21,April 2026,117
1206,Ministry of Road Transport & Highways,Roads & Highways,Bangalore-Nidagatta Pkg. I,National Highways Authority of India [NHAI],618706,-,10502,Karnataka,02/2018,05/2019,11/2021,06/2026,3496.01,4087.42,604.66,99.19,April 2026,117
1207,Ministry of Road Transport & Highways,Roads & Highways,Additional works under BM1 to ensure road safety under 6L of Bengaluru Mysuru Access control with close toll from Km.17.300 to Km.136.300 of NH-275,National Highways Authority of India [NHAI],618707,-,-,Karnataka,11/2024,01/2026,01/2028,01/2028,738.37,738.37,14.27,5.63,April 2026,117
1208,Ministry of Road Transport & Highways,Roads & Highways,4L of Left-Over Works of Hospet-Bellary -Karnataka/AP border from Km.280.080 Dec.Ch. to Km.375450Des.Ch. of NH-63 New-67,National Highways Authority of India [NHAI],618709,N24001989,10504,Karnataka,03/2023,05/2023,05/2025,04/2028,1340.15,992.6,897.67,91.45,April 2026,117
1209,Ministry of Road Transport & Highways,Roads & Highways,Belakeri Port to Kumta - Sirsi road from km 0.00 - km 4.265 of Belekeri Port Road Link Rd. and km 4.965 - km 60.00 of SH-69,National Highways Authority of India [NHAI],618799,N24001599,-,Karnataka,03/2018,12/2020,12/2022,06/2026,456.79,456.79,436.72,91.65,April 2026,117
1210,Ministry of Road Transport & Highways,Roads & Highways,4L PS from near Hemmige Village Periyapatna - Hassan Road Jn. to near Hunsur - KR Nagar Jn section from Km. 144.900 to Km. 169.000 of NH-275 Pkg. III,National Highways Authority of India [NHAI],618870,-,10624,Karnataka,02/2023,04/2025,04/2027,07/2027,883.62,1726.65,61.05,20.1,April 2026,117
1211,Ministry of Road Transport & Highways,Roads & Highways,4L PS from Near Guddehosur to Start of Kushalnagara Bypass to near Hemmige Village Periyapatna - Hassan Road Jn from Km. 122.200 to Km. 144.900 of NH-275 Pkg. II,National Highways Authority of India [NHAI],618871,-,10625,Karnataka,02/2023,12/2025,12/2027,12/2027,909.86,896.42,32.64,7.18,April 2026,117
1212,Ministry of Road Transport & Highways,Roads & Highways,4L PS from near Hunsur - KR Nagar Junction to near Yalachahalli village KR Nagara - Yelawala Road Junction fcrom Km 169.000 to Km 195.550 of NH-275 Pkg-IV,National Highways Authority of India [NHAI],618872,-,10626,Karnataka,02/2023,04/2025,04/2027,09/2027,1062.76,952.03,93.08,14.85,April 2026,117
1213,Ministry of Road Transport & Highways,Roads & Highways,4L PS from near Yalachahalli village KR Nagara - Yelawala Road junction to Srirangapatna Bypass Near Paschima Vahini from km 195.550 to Km 214.535 of NH- 275 Pkg-V,National Highways Authority of India [NHAI],618873,-,10627,Karnataka,01/2023,04/2025,04/2027,10/2027,1272.71,1203.2,97.43,13.05,April 2026,117
1214,Ministry of Road Transport & Highways,Roads & Highways,4L of Bettadahalli- Shivamogga section from Km.170.415 to km. 226.750 of NH-206 Tumkur- Shivamogga Pkg-IV,National Highways Authority of India [NHAI],618887,N24001687,10637,Karnataka,01/2019,10/2021,10/2023,03/2027,2082.98,2545.11,865.7,82.88,April 2026,118
1215,Ministry of Road Transport & Highways,Roads & Highways,4L of Sannur to Bikarnakatte section from Km 691.350 to Km 736.362 of NH-169 Karkala - Mangalore Package-III,National Highways Authority of India [NHAI],618896,N24001680,10645,Karnataka,03/2021,10/2022,10/2024,04/2027,1386.41,2038.71,973.31,70.22,April 2026,118
1216,Ministry of Road Transport & Highways,Roads & Highways,Tumkur-Chitradurga,National Highways Authority of India [NHAI],619070,-,-,Karnataka,04/2010,06/2011,12/2013,06/2026,839.0,47.44,8.42,100.0,April 2026,118
1217,Ministry of Road Transport & Highways,Roads & Highways,Tumkur - Nelamangala 6L,National Highways Authority of India [NHAI],619071,N24001681,11763,Karnataka,03/2021,08/2022,08/2025,03/2027,2032.15,1664.2,580.01,59.83,April 2026,118
1218,Ministry of Road Transport & Highways,Roads & Highways,Bangalore/TN border to Hoskote,National Highways Authority of India [NHAI],619072,N24001674,11764,Karnataka,02/2022,02/2023,02/2025,08/2026,1181.68,1297.76,799.84,94.72,April 2026,118
1219,Ministry of Road Transport & Highways,Roads & Highways,4L of 42.000 to km 80.00 of Dodaballapur Bypass to Hoskote section of NH-648 Old NH-207 [Bangalore Ring Road Pkg 2],National Highways Authority of India [NHAI],619073,-,11765,Karnataka,02/2020,02/2021,02/2023,06/2026,1317.74,1846.52,1026.9,99.2,April 2026,118
1220,Ministry of Road Transport & Highways,Roads & Highways,Goa / Karnataka Km.93.700 to Kundapur Km.283.30,National Highways Authority of India [NHAI],619096,N24000462,-,Karnataka,07/2012,03/2014,08/2016,07/2026,1644.92,1990.99,329.44,97.8,April 2026,118
1221,Ministry of Road Transport & Highways,Roads & Highways,4 Lane with PS from Des. Ch 182.300 to Des. Ch. 228.500 of Belgaum-Hungund- Raichur Section of NH 748 A Package-5,National Highways Authority of India [NHAI],619106,-,11781,Karnataka,03/2023,11/2024,11/2026,07/2027,1141.88,868.65,214.81,33.04,April 2026,118
1222,Ministry of Road Transport & Highways,Roads & Highways,4 Lane with PS from Des. Ch 136.100 to Des. Ch. 182.300 of Belgaum-Hungund- Raichur Section of NH-748A Package-4,National Highways Authority of India [NHAI],619107,-,11782,Karnataka,02/2024,09/2025,09/2027,03/2028,1311.41,1123.35,46.41,8.88,April 2026,118
1223,Ministry of Road Transport & Highways,Roads & Highways,4 Lane with PS from Des. Ch 0.000 to Des. Ch. 43.800 of Belgaum-Hungund-Raichur Section of NH-748A Package-1,National Highways Authority of India [NHAI],619108,-,11783,Karnataka,02/2024,06/2025,06/2027,09/2027,1452.43,1256.55,206.99,32.57,April 2026,118
1224,Ministry of Road Transport & Highways,Roads & Highways,Hassan km 184.912 to Maranahally km 230.060 of NH - 75 in Karnataka,National Highways Authority of India [NHAI],619117,-,-,Karnataka,12/2015,03/2017,03/2019,05/2026,1021.57,1091.4,697.83,97.8,April 2026,118
1225,Ministry of Road Transport & Highways,Roads & Highways,Nidagatta-Mysore Pkg II,National Highways Authority of India [NHAI],619120,-,11790,Karnataka,02/2018,12/2019,06/2022,06/2026,2919.8,4113.89,2279.05,99.19,April 2026,118
1226,Ministry of Road Transport & Highways,Roads & Highways,4L of Hubli - Hospet Section of NH-63 from Km 128.850 to Km 272.571,National Highways Authority of India [NHAI],619121,-,-,Karnataka,07/2016,03/2017,03/2020,05/2026,2531.99,3619.32,1360.9,99.65,April 2026,118
1227,Ministry of Road Transport & Highways,Roads & Highways,Yekkambi-Haveri,National Highways Authority of India [NHAI],619138,N24001682,-,Karnataka,09/2021,03/2022,03/2024,06/2027,309.9,309.9,82.28,21.12,April 2026,118
1228,Ministry of Road Transport & Highways,Roads & Highways,Hospet - Chitradurga from km. 299.00 to km. 418.750,National Highways Authority of India [NHAI],619144,-,-,Karnataka,03/2015,02/2016,08/2018,06/2026,1519.72,387.48,36.36,100.0,April 2026,118
1229,Ministry of Road Transport & Highways,Roads & Highways,BRT Tiger Reserve Boundary Km.287.500 to Bangalore Section Km.458.420 of NH- 209 in Karnataka,National Highways Authority of India [NHAI],619150,-,-,Karnataka,04/2016,08/2017,08/2019,05/2026,2082.69,2859.93,730.43,99.7,April 2026,118
1230,Ministry of Road Transport & Highways,Roads & Highways,Belgaum-Khanapur Pkg I Km 0.000-Km 30.800 of NH-4A,National Highways Authority of India [NHAI],619164,-,11819,Karnataka,03/2018,03/2019,09/2021,03/2027,1214.3,1195.74,497.43,72.77,April 2026,118
1231,Ministry of Road Transport & Highways,Roads & Highways,6L of MH/KN Border Nimbal Village to KN/TS Border Singnodi Village from Km. 97.000 to Km. 162.500 in Yadgir of NH-150C Pkg-III,National Highways Authority of India [NHAI],619211,-,11901,Karnataka,03/2022,04/2023,10/2025,09/2026,2104.7,2065.83,779.81,73.9,April 2026,118
1232,Ministry of Road Transport & Highways,Roads & Highways,4L of Channarayapatna Bypass and Hassan Bypass with structures in Devihalli - Hassan section,National Highways Authority of India [NHAI],619214,-,11904,Karnataka,04/2020,01/2021,01/2023,06/2026,688.0,684.54,586.06,82.34,April 2026,118
1233,Ministry of Road Transport & Highways,Roads & Highways,4L Tumkur-Shimoga Pkg-I from Mallasandra to Karadi village of NH-206 from Km. 12.300 to Km. 65.195,National Highways Authority of India [NHAI],619218,-,11907,Karnataka,02/2018,10/2019,10/2021,06/2026,1364.14,1692.12,552.09,100.0,April 2026,118
1234,Ministry of Road Transport & Highways,Roads & Highways,4L of Tumkur-Shimoga Pkg-II from Km 65.195 Karadi to Km 121.900 Banawara of NH-206,National Highways Authority of India [NHAI],619219,-,11908,Karnataka,02/2018,10/2019,10/2021,12/2026,1505.85,1989.89,656.52,99.97,April 2026,119
1235,Ministry of Road Transport & Highways,Roads & Highways,Tumkur-Shimoga Pkg-III from Km 121.900 Banawara to Km 170.415 Bettadahalli of Old NH-206,National Highways Authority of India [NHAI],619220,-,11909,Karnataka,02/2018,03/2021,03/2023,12/2026,1444.5,1834.81,890.55,97.3,April 2026,119
1236,Ministry of Road Transport & Highways,Roads & Highways,Widening to 2 Lanes with paved shoulders from Km.87/000 to 133/720 Nattukal to Thanau Jn. in Palakkad of NH-966 Old NH-213 on EPC mode Basis under NHO Annual Plan 2016-17 in the state of Kerala,MoRTH,618070,N24001369,-,Kerala,02/2017,08/2017,08/2019,04/2026,294.28,315.63,0.0,98.0,April 2026,119
1237,Ministry of Road Transport & Highways,Roads & Highways,6L of Chengala - Neeleshwaram from km. 56.200 to km. 93.468,National Highways Authority of India [NHAI],618595,N24001664,10424,Kerala,06/2020,10/2021,04/2024,03/2027,1746.45,2538.06,943.25,90.18,April 2026,119
1238,Ministry of Road Transport & Highways,Roads & Highways,6L of Taliparamba to Muzhappilangad from Km 134.650 to Km 170.6 of NH-66,National Highways Authority of India [NHAI],618596,N24001660,10425,Kerala,08/2020,11/2021,05/2024,12/2027,2714.6,3557.65,1040.02,82.87,April 2026,119
1239,Ministry of Road Transport & Highways,Roads & Highways,6L of Azhiyur-Vengalam from km. 189.200 to km. 230.400 of NH-66,National Highways Authority of India [NHAI],618597,N24001661,10426,Kerala,10/2020,10/2021,07/2024,05/2027,3205.77,3898.46,776.8,60.07,April 2026,119
1240,Ministry of Road Transport & Highways,Roads & Highways,6L Minor Bridge Paloli Palam at km. 203.160 & Major Bridge Morad at km. 204.895 and allied works,National Highways Authority of India [NHAI],618598,N24001652,-,Kerala,03/2020,12/2020,06/2022,05/2026,210.0,216.94,77.9,100.0,April 2026,119
1241,Ministry of Road Transport & Highways,Roads & Highways,6L of Ramanatukkara Junction to start of Valanchery bypass section of NH-66,National Highways Authority of India [NHAI],618599,N24001658,10427,Kerala,01/2021,01/2022,07/2024,05/2026,4924.11,4919.46,1815.81,99.75,April 2026,119
1242,Ministry of Road Transport & Highways,Roads & Highways,6L of Valanchery bypass to Kappirikkad of NH 66 from km. 298500 to km 335850,National Highways Authority of India [NHAI],618600,N24001659,10428,Kerala,02/2021,01/2022,07/2024,05/2026,4023.94,4023.94,1497.69,98.84,April 2026,119
1243,Ministry of Road Transport & Highways,Roads & Highways,6L of Kappirikkad to Thalikulam section from km 335.85 to km 369.015 of NH - 66 old NH-17,National Highways Authority of India [NHAI],618601,N24001655,10429,Kerala,06/2021,09/2022,01/2025,06/2026,4225.59,4225.59,708.02,88.2,April 2026,119
1244,Ministry of Road Transport & Highways,Roads & Highways,6L of Thalikulam to Kodugallur section from km 369.015 to km 397.850 of NH - 66 old NH-17,National Highways Authority of India [NHAI],618602,N24001656,10430,Kerala,06/2021,09/2022,02/2025,06/2026,4302.06,4302.06,772.89,84.18,April 2026,119
1245,Ministry of Road Transport & Highways,Roads & Highways,6L of Kodugallur to Edapppally section from km 397.750 to km 423.780 of NH - 66 old NH-17,National Highways Authority of India [NHAI],618603,N24001653,10431,Kerala,11/2021,10/2022,04/2025,12/2026,3465.82,3606.2,768.14,64.93,April 2026,119
1246,Ministry of Road Transport & Highways,Roads & Highways,Aroor-Thuravoor Thekku,National Highways Authority of India [NHAI],618604,N24001648,10432,Kerala,08/2022,02/2023,01/2026,12/2026,2429.52,2382.83,1760.92,83.93,April 2026,119
1247,Ministry of Road Transport & Highways,Roads & Highways,Thuravoor Thekku-Paravoor,National Highways Authority of India [NHAI],618605,N24001651,10433,Kerala,09/2021,03/2022,09/2024,12/2026,2878.97,2638.67,2120.87,78.28,April 2026,119
1248,Ministry of Road Transport & Highways,Roads & Highways,Paravoor-Kottankulangara,National Highways Authority of India [NHAI],618606,N24001649,10434,Kerala,12/2021,08/2022,02/2025,03/2027,3273.61,3200.24,1226.55,71.2,April 2026,119
1249,Ministry of Road Transport & Highways,Roads & Highways,Kottankulangara- Start of Kollam Bypass,National Highways Authority of India [NHAI],618607,N24001657,10435,Kerala,06/2021,04/2022,10/2024,03/2027,2842.14,3680.49,895.86,73.89,April 2026,119
1250,Ministry of Road Transport & Highways,Roads & Highways,Widening/Development of Existing NH-85 from Km 0.000 to Km 124.636 section to 2L/LPS section in the state of Kerala on EPC Mode under Bharatmala Pariyojana,National Highways Authority of India [NHAI],618708,N24002074,10503,Kerala,09/2022,06/2023,06/2025,05/2026,1187.47,1265.47,631.69,52.71,April 2026,119
1251,Ministry of Road Transport & Highways,Roads & Highways,Kozhikode Bypass Calicut Bypass Vengalam Jn. to Ramanattukara Jn.,National Highways Authority of India [NHAI],619098,N24000784,11776,Kerala,02/2018,02/2021,02/2023,05/2026,1424.77,2139.18,1048.92,98.75,April 2026,119
1252,Ministry of Road Transport & Highways,Roads & Highways,6L of Perole Nileshwar town to Taliparamba from Km 94.248 to Km 134.650 of NH-66,National Highways Authority of India [NHAI],619206,-,11896,Kerala,06/2020,10/2021,01/2024,03/2027,3041.65,3867.66,1007.02,86.65,April 2026,119
1253,Ministry of Road Transport & Highways,Roads & Highways,Start of Kollam Bypass - Kadambattukonam,National Highways Authority of India [NHAI],619207,-,11897,Kerala,06/2021,10/2022,03/2025,06/2026,2641.37,3309.06,891.4,81.8,April 2026,119
1254,Ministry of Road Transport & Highways,Roads & Highways,Kadambattukonam-Kazhakuttom,National Highways Authority of India [NHAI],619208,-,11898,Kerala,12/2021,07/2022,01/2025,12/2026,3635.64,3526.33,573.31,44.34,April 2026,119
1255,Ministry of Road Transport & Highways,Roads & Highways,Kargil Zanskar Road,NHIDCL,618408,N24001348,-,Ladakh,03/2021,07/2021,01/2023,07/2026,398.37,398.37,282.19,90.59,April 2026,120
1256,Ministry of Road Transport & Highways,Roads & Highways,Widening & Up-gradation to 2 lane with Paved shoulder of NH-301 Kargil- Zanskar Road from Design km 57.000 Ex. Km. 57.905 to Km 87.000 Ex. Km. 88.2491 of 30.000 Km length Pkg-lll,NHIDCL,618409,N24001345,-,Ladakh,03/2021,07/2021,01/2023,07/2026,381.01,381.01,221.62,82.74,April 2026,120
1257,Ministry of Road Transport & Highways,Roads & Highways,Widening & Up-gradation to 2 lane with paved shoulder of NH-301 Kargil- Zanskar Road from Design Km .30.040 Ex. Km. 30.000 to Design Km 57.000 Ex. Km. 57.905 of 26.960 Km length Pkg-II,NHIDCL,618410,N24001344,-,Ladakh,03/2021,07/2021,01/2023,10/2026,404.89,404.89,321.28,75.38,April 2026,120
1258,Ministry of Road Transport & Highways,Roads & Highways,Construction of Rewa Bypass to 4-lane with paved shoulder along with service road from Ratahara Chowk to Chorhata Chowk Road section of NH-30 from km 00.000 to 19.200 in the State of Madhya Pradesh on Hybrid Annuity Mode HAM.,MoRTH,617909,-,10134,Madhya Pradesh,03/2024,02/2025,02/2027,02/2027,648.05,648.05,0.0,50.0,April 2026,120
1259,Ministry of Road Transport & Highways,Roads & Highways,Rehabilitation and upgradation Umaria to Shahdol section of NH-78 from Existing Km. 68/4 to Km. 142/2 to 2LPS including construction of Birshinghpur and Shahdol Bypass on EPC mode under NHDP-IVA,MoRTH,617911,N24000513,10135,Madhya Pradesh,03/2015,08/2015,07/2017,06/2026,511.83,613.16,0.0,94.5,April 2026,120
1260,Ministry of Road Transport & Highways,Roads & Highways,Upgradation and reconstruction of Shahpura-Dindori Section of NH 45 from Km 103.700 Design to Km 164.580 Design including 3 bypasses Total length 60.88km to Two lane with paved shoulder configuration along with One time improvement in 03 nos of bypassed built-up areas in a total length of 12.341 km in the State of Madhya Pradesh on EPC mode,MoRTH,617914,-,-,Madhya Pradesh,03/2022,01/2024,12/2025,06/2027,241.23,250.09,0.0,29.09,April 2026,120
1261,Ministry of Road Transport & Highways,Roads & Highways,Upgradation of Dindori-Sagartola-kabichabutra MP-CG border section of NH -45 from km 000Design to km 77.00 Design to Two lane with paved shoulder configration along with one time improvement in 04 nos. of bypaased built-up areas in a total length of 9.1 km in the state of Madhya Pradesh on EPC mode.,MoRTH,617915,N24002019,-,Madhya Pradesh,01/2022,09/2023,09/2025,05/2026,329.14,319.09,0.0,93.68,April 2026,120
1262,Ministry of Road Transport & Highways,Roads & Highways,Upgradation & widening of Jharkheda- Berasia - Dholkhedi from design km 0000 to km 87900 Design length 87.90km of NH-346 including 3 nos. bypasses of 13.10 Km in the State of Madhya Pradesh under EPC mode.,MoRTH,618019,N24001964,-,Madhya Pradesh,03/2022,05/2023,05/2025,06/2026,365.21,365.21,0.0,88.0,April 2026,120
1263,Ministry of Road Transport & Highways,Roads & Highways,"Rehabilitation & Upgradation of KurwaiMungaoliChanderi Road section of NH-346, from Design Chainge 0.000 to 81.300 Km Total length 83.1 km to Two lane with paved shoulder configuration along with One time improvement in 07 nos of bypassed built- up areas in a total length of 22.615 km in the state of Madhya Pradesh on EPC mode.",MoRTH,618020,N24001965,-,Madhya Pradesh,03/2022,02/2023,02/2025,06/2026,386.49,386.49,164.43,64.71,April 2026,120
1264,Ministry of Road Transport & Highways,Roads & Highways,Up-gradation of Pichhore- Dinara section of NH-346 from Km 292.750 to 334.550 to two lane with paved shoulders in the state of Madhya Pradesh on EPC mode,MoRTH,618021,-,-,Madhya Pradesh,02/2024,12/2025,06/2027,06/2027,425.97,425.97,0.0,19.31,April 2026,120
1265,Ministry of Road Transport & Highways,Roads & Highways,Rehabilitation & Upgradation of existing intermediate lane to two Lane with paved shoulder from km. 0.600 Gulganj bypass on NH-34 to km. 43.00 Barna River length 42.400 km. on Gulganj-Amanganj-Pawai-Katni NH43 Extn. in the state of Madhya Pradesh on EPCmode.,MoRTH,618035,-,-,Madhya Pradesh,03/2023,11/2024,05/2026,12/2026,275.4,275.4,0.0,53.0,April 2026,120
1266,Ministry of Road Transport & Highways,Roads & Highways,Upgradation and reconstruction of existing intermediate lane to two Lane with paved shoulder configuration from km. 43.00 Barna River to km. 77.00 ken river length 34.00 km. on Gulganj-Amanganj-Pawai-Katni NH43 Extn. along with One time improvement in 01 no. of bypassed built-up area in a total length of 1.585 km in the state of Madhya Pradesh on EPCmode.,MoRTH,618036,-,-,Madhya Pradesh,03/2023,11/2024,11/2026,11/2026,315.55,315.55,0.0,25.3,April 2026,120
1267,Ministry of Road Transport & Highways,Roads & Highways,Upgradation and reconstruction of Dindori - Mandla Section of NH 543 from Km 77100 Design to Km 170580 Design Total length 93.48km to Two lane with paved shoulder configuration along with One time improvement in 04 nos of bypassed built-up areas in a total length of 7.23 km in the state of Madhya Pradesh on EPC mode,MoRTH,618043,-,10167,Madhya Pradesh,03/2022,01/2024,07/2026,07/2026,492.12,523.71,0.0,87.5,April 2026,120
1268,Ministry of Road Transport & Highways,Roads & Highways,Upgradation of Shahdol- Sagartola Section of NH 543 from km 0000 to km 69400 to 2 lane with paved shoulders under Hybrid Annuity Mode HAM in the State of Madhya Pradesh,MoRTH,618044,-,12152,Madhya Pradesh,02/2024,03/2026,03/2028,-,851.4,851.4,0.0,0.0,April 2026,120
1269,Ministry of Road Transport & Highways,Roads & Highways,"Construction of Mihona bypass, Lahar bypass, Daboh bypass & Bhander Bypass total length 20.60 km to 2-lane with paved shoulder from on Mihona-Bhander-MP/UP border section of NH 552E in the State of Madhya Pradesh on EPC mode",MoRTH,618045,N24001962,-,Madhya Pradesh,03/2022,06/2023,12/2024,-,179.18,179.18,71.77,67.0,April 2026,120
1270,Ministry of Road Transport & Highways,Roads & Highways,"Construction of Kaithi-Padaria Kala bypass, Patna-Tamoli bypass, Jaso bypass and Nagod bypass total length 15.44 Km to 2-lane with paved shoulders flexible pavement on NH-943 in the State of Madhya Pradesh on EPC Mode.",MoRTH,618068,N24002020,-,Madhya Pradesh,03/2022,10/2023,10/2025,12/2026,158.36,158.36,0.0,60.0,April 2026,121
1271,Ministry of Road Transport & Highways,Roads & Highways,Upgradation of Nasrullagani-Rehti-Budhni Scction to 2-lane with paved shoulder from Km 0150 to Km 50500 of NH-146B in the state of Madhya Pradesh on EPC mode.,MoRTH,618085,N24001963,-,Madhya Pradesh,12/2021,04/2023,10/2024,06/2026,305.12,293.74,0.0,78.0,April 2026,121
1272,Ministry of Road Transport & Highways,Roads & Highways,"Construction of Kasrawad bypass, Selani bypass, Khargone bypass & Bistan bypass Total length. 31.950 km Section of NH-347 C to Two lane with paved shoulder configuration in the State of Madhya Pradesh on EPC mode.",MoRTH,618129,-,-,Madhya Pradesh,03/2023,12/2024,12/2026,12/2026,467.93,467.93,0.0,86.03,April 2026,121
1273,Ministry of Road Transport & Highways,Roads & Highways,"Construction of Morena bypass, Ambah bypass & Porsa bypass Totat length 27.16 km Section of NH-552 Ext. to TWo lane with paved shoulder configuration in the state of Madhya Pradesh on EPC mode",MoRTH,618156,-,-,Madhya Pradesh,02/2023,10/2024,10/2026,10/2026,492.66,492.66,0.0,69.25,April 2026,121
1274,Ministry of Road Transport & Highways,Roads & Highways,Construction of Ater realignment & Bhind bypass Total length. 21.50 km Section of NH-552Extn. to Two lane with paved shoulder configuration in the State of Madhya Pradesh on EPC mode.,MoRTH,618157,-,-,Madhya Pradesh,03/2023,12/2024,06/2026,12/2026,348.06,348.06,0.0,68.41,April 2026,121
1275,Ministry of Road Transport & Highways,Roads & Highways,"Upgradation of Goras to Shyampur Road section of NH-552 Ext., from Design Chainge 48.400 to 111.800 Km Total length 63.40 km to two lane with paved shoulder configuration along with One time improvement of 8.91 km in the state of Madhya Pradesh on EPC mode",MoRTH,618158,-,-,Madhya Pradesh,03/2023,12/2024,12/2026,12/2026,416.96,416.96,0.0,13.11,April 2026,121
1276,Ministry of Road Transport & Highways,Roads & Highways,Construction of Two lane with paved shoulder configuration of Shujalpur Bypass section of NH-752C from km 33100 Design to km. 42570 Design total design length 10.470 km in the State of Madhya Pradesh on EPC mode.,MoRTH,618170,-,-,Madhya Pradesh,03/2023,03/2024,09/2025,12/2026,214.07,214.07,0.0,40.3,April 2026,121
1277,Ministry of Road Transport & Highways,Roads & Highways,"Work of Upgradation of Jirapur-Pachore Road including Pachore, Jirapur, Chhapiheda & Khujner Bypasses from 0000 to 58790 Design Length 58.79 Km section of NH-752C to 2LPS in the State of Madhya Pradesh under EPC mode",MoRTH,618171,-,-,Madhya Pradesh,03/2022,01/2024,01/2026,10/2026,352.69,352.69,0.0,47.29,April 2026,121
1278,Ministry of Road Transport & Highways,Roads & Highways,Bypass on Western side of Gwalior City,National Highways Authority of India [NHAI],618619,-,-,Madhya Pradesh,03/2025,01/2026,01/2028,01/2028,998.95,998.95,20.06,0.0,April 2026,121
1279,Ministry of Road Transport & Highways,Roads & Highways,"Additional works 2VUPs, MR-10 junction flyover and underpass in Six lane Indore- Dewas section of NH-52 in the state of Madhya Pradesh on EPC Mode",National Highways Authority of India [NHAI],618620,-,-,Madhya Pradesh,08/2022,01/2023,07/2024,12/2026,207.77,211.27,122.83,76.77,April 2026,121
1280,Ministry of Road Transport & Highways,Roads & Highways,Indore - Edlabad Pkg-II [Tejajinagar to Balwara],National Highways Authority of India [NHAI],618621,N24002070,10445,Madhya Pradesh,03/2022,01/2023,01/2025,10/2026,1162.8,1530.82,527.99,84.8,April 2026,121
1281,Ministry of Road Transport & Highways,Roads & Highways,4L of Indore - Boregaon Pkg-III [Balwara to Dhangaon] from km. 42.260 to km. 82.660 of NH347BG & 753L,National Highways Authority of India [NHAI],618622,N24001767,10446,Madhya Pradesh,01/2021,04/2022,04/2024,07/2026,1001.69,888.81,698.97,89.0,April 2026,121
1282,Ministry of Road Transport & Highways,Roads & Highways,4L Boregaon Buzurg to Shahpur Pkg I of Boregaon Buzurg to Muktainagar of NH 753L,National Highways Authority of India [NHAI],618623,-,10447,Madhya Pradesh,11/2022,02/2024,01/2026,07/2026,1504.37,1132.34,501.44,86.2,April 2026,121
1283,Ministry of Road Transport & Highways,Roads & Highways,Indore - Gujarat / MP Border from km. Km 9.500 to Km 171.000 of NH-59 in MP,National Highways Authority of India [NHAI],618625,-,-,Madhya Pradesh,12/2009,08/2010,02/2013,05/2026,1175.0,217.22,14.04,99.93,April 2026,121
1284,Ministry of Road Transport & Highways,Roads & Highways,4L Greenfield Rudhi to Deshgaon Pkg V of Betul-Khandwa/Deshgaon,National Highways Authority of India [NHAI],618654,N24001967,-,Madhya Pradesh,11/2022,10/2023,10/2025,09/2026,521.21,469.68,196.17,63.62,April 2026,121
1285,Ministry of Road Transport & Highways,Roads & Highways,2L PS of Roshni to Ashapur Section of NH-347B from Design KM Ch. 89.900 to 114.000 KM Package III of Betul Khandwa,National Highways Authority of India [NHAI],618655,-,-,Madhya Pradesh,03/2024,08/2024,08/2026,08/2026,200.99,120.75,109.85,85.42,April 2026,121
1286,Ministry of Road Transport & Highways,Roads & Highways,4L from km 0.000 to 42.040 Bhopal Ratnaigiri Tiraha to Vidisha Morikodi,National Highways Authority of India [NHAI],618661,-,10468,Madhya Pradesh,10/2024,11/2025,11/2027,11/2027,1032.3,1038.18,44.78,8.96,April 2026,121
1287,Ministry of Road Transport & Highways,Roads & Highways,4L Vidisha Gyaraspur section of NH-146 from Design Chainage km 59475 existing chainage km 81240 to Design Chainage km 88361 existing chainage km 110.315,National Highways Authority of India [NHAI],618662,-,12086,Madhya Pradesh,10/2024,03/2026,03/2028,03/2028,980.2,980.2,0.81,1.7,April 2026,121
1288,Ministry of Road Transport & Highways,Roads & Highways,i 4L Vidisha to Hinotiya from km 0.000 to Km 27.000 Vidisha Mehulwa-Talbehat Pkg- I Section of NH- 346 and ii 4L Vidisha to Morikori from Km 39.000 to 59.476 section of NH-146,National Highways Authority of India [NHAI],618663,N24002077,10469,Madhya Pradesh,09/2022,12/2023,12/2025,05/2026,1003.87,941.12,384.59,83.34,April 2026,122
1289,Ministry of Road Transport & Highways,Roads & Highways,Berkhedi to Godpehra on NH-44 Sagar link road,National Highways Authority of India [NHAI],618664,N24001614,-,Madhya Pradesh,02/2022,11/2022,11/2024,06/2026,524.84,471.31,368.56,88.0,April 2026,122
1290,Ministry of Road Transport & Highways,Roads & Highways,4L of Sagar - Mohari from Km.8 to Km.50 Pkg-I,National Highways Authority of India [NHAI],618665,N24001615,10470,Madhya Pradesh,03/2021,04/2022,04/2024,05/2026,790.78,660.38,454.77,98.64,April 2026,122
1291,Ministry of Road Transport & Highways,Roads & Highways,4- Laning of Mohari to Satai Ghat section NH-934 from Km 50300 to Km 89875 Total length 39.575 km Package-2 in the State of Madhya Pradesh on EPC Mode,National Highways Authority of India [NHAI],618666,-,10471,Madhya Pradesh,08/2022,08/2024,08/2026,08/2026,710.92,539.08,431.99,87.65,April 2026,122
1292,Ministry of Road Transport & Highways,Roads & Highways,4L of near Satai Ghat to Chowka section of NH-34 from D. Ch. 89.875 to D. Ch. 145.000 Package-3,National Highways Authority of India [NHAI],618667,-,10472,Madhya Pradesh,10/2024,10/2025,10/2027,10/2026,1005.59,882.21,111.76,20.84,April 2026,122
1293,Ministry of Road Transport & Highways,Roads & Highways,4-lanning of Rahatgarh to Berkhedi section of NH-146 from Design Ch 124470 to Ch. 134.549,National Highways Authority of India [NHAI],618671,-,-,Madhya Pradesh,03/2025,12/2025,12/2027,12/2027,618.33,342.69,5.01,5.08,April 2026,122
1294,Ministry of Road Transport & Highways,Roads & Highways,4-lanning of Gyaraspur to Rahatgarh section of NH-146 from Design Ch. 88361 to Ch 124470 in the state of MP on HAM mode,National Highways Authority of India [NHAI],618672,-,10475,Madhya Pradesh,10/2024,11/2025,11/2027,11/2027,903.44,592.44,104.59,25.02,April 2026,122
1295,Ministry of Road Transport & Highways,Roads & Highways,Outer Ring Road of Jabalpur Town from Manegaon to NH-45 Pkg-2,National Highways Authority of India [NHAI],618684,-,10486,Madhya Pradesh,11/2022,03/2024,03/2026,10/2026,917.26,786.47,492.01,74.56,April 2026,122
1296,Ministry of Road Transport & Highways,Roads & Highways,Outer Ring Road of Jabalpur Town from NH45 to Kushner Pkg-3,National Highways Authority of India [NHAI],618685,-,10487,Madhya Pradesh,09/2022,03/2024,03/2026,05/2026,911.24,773.23,495.48,77.0,April 2026,122
1297,Ministry of Road Transport & Highways,Roads & Highways,Outer Ring Road of Jabalpur Town from Kushner to Amjhar Road including Airport Connectivity Pkg-IV,National Highways Authority of India [NHAI],618686,-,10488,Madhya Pradesh,08/2022,03/2024,03/2026,06/2026,612.94,509.82,327.15,76.1,April 2026,122
1298,Ministry of Road Transport & Highways,Roads & Highways,Outer Ring Road of Jabalpur Town from Barela to Manegaon Pkg-1,National Highways Authority of India [NHAI],618687,N24002068,10489,Madhya Pradesh,09/2022,03/2023,03/2025,05/2026,652.33,651.88,468.6,88.0,April 2026,122
1299,Ministry of Road Transport & Highways,Roads & Highways,Outer Ring Road of Jabalpur Town from Amjhar Road including Airport Connectivity to barela Pkg-V,National Highways Authority of India [NHAI],618688,-,10490,Madhya Pradesh,10/2024,10/2025,10/2027,10/2027,794.7,539.9,69.33,25.12,April 2026,122
1300,Ministry of Road Transport & Highways,Roads & Highways,Indore - Harda Pkg-I [Indore to Raghav Garh from km. 0.25 to km. 26.903],National Highways Authority of India [NHAI],618694,N24001766,10495,Madhya Pradesh,01/2022,11/2022,10/2024,06/2026,1011.29,813.03,416.8,91.73,April 2026,122
1301,Ministry of Road Transport & Highways,Roads & Highways,Indore - Harda Pkg-III [Nanasa to Pidgaon Section from km 95.000 to km 142.445],National Highways Authority of India [NHAI],618695,N24001762,10496,Madhya Pradesh,01/2020,10/2021,10/2023,05/2026,1146.22,1240.64,626.01,98.21,April 2026,122
1302,Ministry of Road Transport & Highways,Roads & Highways,Balance work of 4L of Nauradehi Sanctuary de-scoped stretch of Hiran River to Sindoor River from Km. 66.00 to 130.00 NH-12 New NH-45,National Highways Authority of India [NHAI],618701,N24002067,-,Madhya Pradesh,01/2021,07/2021,07/2023,04/2024,178.18,153.15,142.2,57.14,April 2026,122
1303,Ministry of Road Transport & Highways,Roads & Highways,4L of Chandesara to Khedakhajuriya from Km. 0.000 to - 750 & Km 0.000 to km 41.400 of NH-148NG Pkg-I,National Highways Authority of India [NHAI],618735,N24001759,10525,Madhya Pradesh,12/2021,09/2022,05/2024,05/2026,909.84,976.55,436.44,99.0,April 2026,122
1304,Ministry of Road Transport & Highways,Roads & Highways,2L PS of Hinotiya-Mehulwa section of NH-346 from Km. 27.000 to Km 75.700 Vidisha Mehulwa-Talbehat Pkg-II Section of NH- 346,National Highways Authority of India [NHAI],618751,N24001921,10537,Madhya Pradesh,10/2022,09/2023,09/2025,01/2027,581.65,592.71,243.28,69.04,April 2026,122
1305,Ministry of Road Transport & Highways,Roads & Highways,Itarsi Km. 63.000 to Betul Km. 137.000 of NH-69 in Madhya Pradesh,National Highways Authority of India [NHAI],618762,-,10544,Madhya Pradesh,08/2017,02/2018,02/2020,05/2026,950.27,788.33,397.17,100.0,April 2026,122
1306,Ministry of Road Transport & Highways,Roads & Highways,Balance works of 4 lane divided carriageway of Missing Link section of NH-39 Rewa Bypass from junction with NH 30 near Bela to Junction with MPRDC ring road near Silpara on SH 9 design length 13.100 km on EPC Mode under Bharatmala Pariyojana in the State of Madhya Pradesh,NHAI,618784,-,-,Madhya Pradesh,08/2023,04/2024,04/2026,10/2026,355.36,355.36,208.94,84.44,April 2026,122
1307,Ministry of Road Transport & Highways,Roads & Highways,Construction of 6 lane Indore western bypass from km 0000 to Km 34000 Pkg -l in the State of Madhya Pradesh on Hybrid Annuity Mode under NHO,National Highways Authority of India [NHAI],618932,-,-,Madhya Pradesh,02/2024,01/2026,12/2027,12/2027,1534.7,1472.68,307.46,10.07,April 2026,123
1308,Ministry of Road Transport & Highways,Roads & Highways,Construction of 6 lane Indore western bypass from km 34000 to Km 64000 Pkg-II in the state of Madhya Pradesh on Hybrid Annuity Mode under NHO,National Highways Authority of India [NHAI],618933,-,11878,Madhya Pradesh,03/2024,03/2026,03/2028,-,1430.56,1430.56,8.62,0.0,April 2026,123
1309,Ministry of Road Transport & Highways,Roads & Highways,4L of Budhni to Shahganj Bypass End Package-III of NH-146B from Km. 73.750 to Km. 102.000,National Highways Authority of India [NHAI],618962,-,10695,Madhya Pradesh,03/2024,08/2025,08/2027,05/2027,1102.97,770.21,65.45,18.4,April 2026,123
1310,Ministry of Road Transport & Highways,Roads & Highways,Construction work of 4-laning of Shahganj bypass end to Badi Package-IV of NH-146B from design km 102.000 to design km 142.357 Design length 40.357 km,National Highways Authority of India [NHAI],618963,-,10696,Madhya Pradesh,02/2024,03/2025,03/2027,03/2027,784.14,836.64,317.58,42.83,April 2026,123
1311,Ministry of Road Transport & Highways,Roads & Highways,4 Laning of Sandalpur to Nasrullaganj Pkg-1 section of NH-146B Length 43.2 Km.,National Highways Authority of India [NHAI],618964,-,-,Madhya Pradesh,03/2025,01/2026,01/2028,01/2028,1425.98,1425.98,66.78,8.02,April 2026,123
1312,Ministry of Road Transport & Highways,Roads & Highways,Six laning with both sides Service Road of Ayodhya Bypass from Design Km 0000 near Ashram Tiraha on NH-46 to Km 16439 end at Ratnagiri Tiraha on Nh-146,National Highways Authority of India [NHAI],618966,-,10697,Madhya Pradesh,02/2024,08/2025,08/2027,08/2027,1123.17,1103.22,94.69,15.72,April 2026,123
1313,Ministry of Road Transport & Highways,Roads & Highways,Upgradation of Sarvardewla to Pal MP/MH Border Road section of NH-347 C from Design Chainge km 81.600 to 137.400 Total length 55.80 km to two lane with paved shoulder configuration along with One time improvement of 1 .95 km in the State of Madhya Pradesh on EPC mode.,MoRTH,619007,-,-,Madhya Pradesh,03/2023,01/2026,01/2028,-,461.23,461.23,0.0,0.0,April 2026,123
1314,Ministry of Road Transport & Highways,Roads & Highways,Dhangaon - Borgaon section km 81.000 to km 139.000 [Indore - Edlabad Pkg IV],National Highways Authority of India [NHAI],619100,-,11778,Madhya Pradesh,01/2020,08/2021,08/2023,06/2026,866.0,1185.04,638.17,99.8,April 2026,123
1315,Ministry of Road Transport & Highways,Roads & Highways,Indore - Harda Pkg-II [Raghavgarh to Nanasa from km. 29.30 to km. 92.30],National Highways Authority of India [NHAI],619114,-,11787,Madhya Pradesh,01/2023,03/2024,03/2026,12/2026,1081.51,1146.63,356.17,40.25,April 2026,123
1316,Ministry of Road Transport & Highways,Roads & Highways,Construction of 6 lane flyover from Khapari ROB to Mihan Interchange design chainage km 8760 to 11450 L- 2.69 km and upgradation of existing 4L PS road to 6LPS with service road by flexible pavement design chainage km 11450 to 14500 L- 3.05 [total project length 5.74 km] in section of Nagpur - Hyderabad NH-44 Old NH-7 in Nagpur district in the state of Maharashtra on HAM mode.,MoRTH,617912,-,10136,Maharashtra,03/2024,10/2025,10/2027,10/2027,619.55,619.55,0.0,6.05,April 2026,123
1317,Ministry of Road Transport & Highways,Roads & Highways,"Construction of 4 Lane Flyover at Nagpur RTO Chowk To Nagpur University Campus from Ch 2/250 to 5/100 and 4 lane flyover at wadi/midc junction from km 8/360 to km, 10/300 on NH 53 in state of Maharashtra.",MoRTH,617917,N24001883,-,Maharashtra,03/2021,03/2022,03/2024,04/2025,478.83,490.52,0.0,95.0,April 2026,123
1318,Ministry of Road Transport & Highways,Roads & Highways,Construction of New Four Lane Bypass to Parbhani City Parwa to Asola Km 463/265 to Km 481/180 Design Ch. 19220 to Ch. 34434 Length-15.214 Km section of NH-61 on EPC mode in the State of Maharashtra.,MoRTH,617932,N24001882,-,Maharashtra,03/2022,07/2023,10/2024,06/2026,496.64,496.64,0.0,70.14,April 2026,123
1319,Ministry of Road Transport & Highways,Roads & Highways,Up-gradation to four lane/ Two lane with paved shoulders configuration of Kalyan - Murbad - Malshej Ghat - Nirmal Road NH- 61 km 15/200 to Km 38/00 and from Km. 58/00 to Km 84/00 Design length 48.58 km of NH-61 on EPC Mode in Thane District in the state of Maharashtra,MoRTH,617933,N24002174,10141,Maharashtra,02/2023,03/2024,08/2026,08/2026,984.07,984.07,0.0,100.0,April 2026,123
1320,Ministry of Road Transport & Highways,Roads & Highways,Nasratpur to Barasgaon section of NH-61 2L / 4L PS from Km.514/00 to 558/200,MoRTH,617934,N24001112,-,Maharashtra,07/2017,09/2017,09/2019,06/2026,406.54,406.54,0.0,95.84,April 2026,123
1321,Ministry of Road Transport & Highways,Roads & Highways,Udgir Raavi Degloor Aadampur phata to Sagroli fata,MoRTH,617937,-,12150,Maharashtra,11/2024,04/2026,04/2028,-,809.77,809.77,0.0,0.0,April 2026,123
1322,Ministry of Road Transport & Highways,Roads & Highways,Rehabilitation And Upgradation to four lane with paved shoulder configuration from km 24350 to km 61875 Jawale - Borgaon Kale of NH-63 in the State of Maharashtra on EPC mode under Annual Plan 2024-25 Total length - 37.525 Km.,MoRTH,617938,-,10142,Maharashtra,12/2024,09/2025,03/2027,03/2027,574.18,574.18,0.06,10.0,April 2026,123
1323,Ministry of Road Transport & Highways,Roads & Highways,Kashedi ghat tunnel NH-66 [Bhogaon Khurd - Kashedi section] 4 lanes under NHDP on EPC mode,MoRTH,617944,N24001132,10146,Maharashtra,09/2018,10/2018,04/2021,04/2021,680.43,701.46,0.0,98.37,April 2026,123
1324,Ministry of Road Transport & Highways,Roads & Highways,Balance work of NH-66 from design Km 84/00 to Km 87/100 Indapur Bypass and Km 91/600 to Km 99/100 Mangaon Bypass to four lane with paved shoulder in State of Maharashtra under NHO on EPC Mode.,MoRTH,617945,-,-,Maharashtra,03/2025,10/2025,04/2027,04/2027,354.21,354.21,0.0,52.09,April 2026,124
1325,Ministry of Road Transport & Highways,Roads & Highways,Kashedi to Parshuram Ghat section of NH-66 from Km 161/600 - Km 205/400 - 4L PS,MoRTH,617946,N24000584,10147,Maharashtra,03/2016,02/2018,02/2020,12/2025,1142.62,1142.62,0.0,97.5,April 2026,124
1326,Ministry of Road Transport & Highways,Roads & Highways,Arawali Kante section of NH-17New NH-66 4L PS from Km.241/300 to 281/300,MoRTH,617947,N24000585,10148,Maharashtra,03/2016,11/2017,11/2019,03/2026,1006.99,1443.09,0.0,80.06,April 2026,124
1327,Ministry of Road Transport & Highways,Roads & Highways,Kante - Wakad section of NH-66 4L PS from Km.281/300 to 332/200,MoRTH,617948,N24001134,10149,Maharashtra,03/2016,11/2017,11/2019,11/2025,1117.75,2020.56,287.96,90.14,April 2026,124
1328,Ministry of Road Transport & Highways,Roads & Highways,Kopargaon to Savali Vihir section,MoRTH,617965,N24001904,-,Maharashtra,06/2022,01/2023,07/2024,06/2026,195.38,195.38,0.0,80.0,April 2026,124
1329,Ministry of Road Transport & Highways,Roads & Highways,"Rehabilitation, upgradation & widening of existing highway to 2L/4LPS Rigid Pavement of NH 160 section- Phaltan to Mhaishal near Karnataka Border including Tasgaon Bypass, from existing chainage Km 301/430 to Km 458/415 in the State of Maharashtra- Package-II & Package III combined- starting from existing chainage Km 341/300 to Km 394/130 and design chainage Km 340/250 at Dahiwadi Village to Km 392/950 ending at Vita Village in the State of Maharashtra on EPC Mode.",MoRTH,617978,-,10155,Maharashtra,03/2024,05/2025,05/2027,05/2027,631.76,631.76,187.58,74.54,April 2026,124
1330,Ministry of Road Transport & Highways,Roads & Highways,"Rehabilitation, upgradation & widening of existing highway to 2L/4LPS Rigid Pavement of NH 160 section- Phaltan to Mhaisal near Karnataka Border including Tasgaon Bypass, from existing chainage Km 301/430 to Km 458/415 in the State of Maharashtra. Package-I starting from existing chainage Km 301/430 at Phaltan Village Junction of Phaltan Baramati Road Design Chainage -301/430km & ending at existing chainage Km 341/300 Dahiwadi Village Bus Stop Design chainage Km 340466km in the S",MoRTH,617979,-,10156,Maharashtra,03/2024,05/2025,05/2027,11/2026,533.76,533.76,0.0,68.95,April 2026,124
1331,Ministry of Road Transport & Highways,Roads & Highways,"Rehabilitation/ Upgradation of existing Highway to four lane standards in Kurkheda town from km.413257 to km 410775, Two lane in Shankarpur Gurnuli km 42400 to km 43100 section and Reconstruction of Major Bridge at Ch. 448558 Bhuti Nallah and Ch. 411695 Sati River bridge, Minor Bridge at Ch. 411477 and Ch. 405800 Lendhari Bridge of NH 543 Bhamhapuri-wadsa-kurkheda-korchi-Deori-Amgaon road on EPC mode in the State of Maharashtra",MoRTH,618042,N24002170,-,Maharashtra,03/2022,11/2023,05/2025,03/2026,163.86,163.86,0.0,42.78,April 2026,124
1332,Ministry of Road Transport & Highways,Roads & Highways,Rehabilitation & Up-gradation of Sabalkhed to Ashti Section from Km 37900 to Km 55100 & Chinchpur to Jamkhed Section from km 70000 to km 72922 of NH-561 to Two lane with Paved shoulder/ Four lane configuration in the State of Maharashtra on EPC Mode Length20.122km.,MoRTH,618046,N24001902,-,Maharashtra,03/2022,04/2023,09/2024,-,213.33,213.33,0.0,95.88,April 2026,124
1333,Ministry of Road Transport & Highways,Roads & Highways,"Widening, Reconstruction & Up-gradation to 2 lane with Paved Shoulder/Four Lane configuration for the work of Ahmednagar to Sabalkhed & Ashti to Chinchpur Section of NH-561 from Design km 2915 to km 37728 & Design km 55100 to km 70000 in the State of Maharashtra on EPC mode. Length 49.713 km",MoRTH,618047,-,10168,Maharashtra,03/2024,05/2025,05/2027,05/2027,657.16,657.16,0.0,72.2,April 2026,124
1334,Ministry of Road Transport & Highways,Roads & Highways,Up-gradation to 2/4 lane with paved shoulder configuration of NH-652 from Tuljapur Naldurg-Akkalkot road Chainage from Km. 00.000 to km 30.982 in the State of Maharashtra on EPC mode.,MoRTH,618049,-,-,Maharashtra,03/2024,01/2025,07/2026,07/2026,183.41,183.41,64.87,95.0,April 2026,124
1335,Ministry of Road Transport & Highways,Roads & Highways,Construction of four-lane Concrete Road from Police Headquarter Gondia City to Rawanwadi Village Birsi Airport Junction from design km 0.000 to km 15.781 existing km 39/720 of NH-753 to existing Km 8/400 of NH 543 on sections from Kohmara- Goregaon- Police HeadquarterKaranja - Collector Office Square - Balaghat T Point- Rawanwadi- Rajegaon of NH-753 and NH-543 in Gondia District in the state of Maharashtra. Total Length of the project 15.781 Km.,MoRTH,618059,N24002175,-,Maharashtra,02/2023,02/2024,08/2025,07/2026,328.11,328.11,0.0,34.15,April 2026,124
1336,Ministry of Road Transport & Highways,Roads & Highways,"Strengthening, Widening & Up-gradation of newly declared NH-761 from NH- 61Junction-BelheAlkutiDevibhoyareNighojShirur, from Design chainage Km 0.000 to Km 37.970 from Single/Intermediate/2L to 2LPS in the State of Maharashtra on EPC Mode Length 37.970 Km",MoRTH,618061,-,-,Maharashtra,03/2024,03/2025,09/2026,09/2026,386.16,386.16,30.86,56.86,April 2026,124
1337,Ministry of Road Transport & Highways,Roads & Highways,"Rehabilitation/Upgradation of existing Highway to 2LPS/4 lane of Dhawali to Rajoli from Design Km.149476 to 163476 existing Km.150000 to 164000, Pandhasala to Mohadongri from design Km.170476 to 181476 existing Km.171000 to 182000, Ambeshivni Fata to Bodli from design Km.183476 to 185476 existing Km.184000 to 186000 and Made Tukum to Gadchiroli from design Km.188476 to 189476 existing Km.188000 to 18900 having length 28 km of NH-930 of Dhawali to Gadchroli road in the",MoRTH,618065,N24002169,-,Maharashtra,03/2022,03/2024,09/2025,08/2026,316.44,316.44,0.0,31.97,April 2026,124
1338,Ministry of Road Transport & Highways,Roads & Highways,Nandurshingote to Kolhar,MoRTH,618088,-,-,Maharashtra,09/2024,06/2025,12/2026,12/2026,325.79,325.79,9.87,27.0,April 2026,125
1339,Ministry of Road Transport & Highways,Roads & Highways,Rehabilitation & Up-gradation of Mudkhed to Nanded section from Km. 372000 to Km 388400 of NH 161A i.e. Nanded-Bhokar-Himayatnagar-Kinwat-Mahur-Arani Road Design chainage from Km 372000 Mudkhed to Km 387650 Nanded of NH 161A Length 15.65 Km to 2/4Lane with paved shoulders configuration in the State of Maharashtra on EPC mode.,MoRTH,618089,N24001903,-,Maharashtra,03/2022,04/2023,04/2025,06/2026,206.54,206.54,0.0,65.14,April 2026,125
1340,Ministry of Road Transport & Highways,Roads & Highways,Sarsam - Kothari of NH-161A - 2L PS from Km.33/00 to 90/00,MoRTH,618090,N24001002,10176,Maharashtra,02/2017,06/2017,06/2019,11/2025,545.64,545.64,0.0,97.25,April 2026,125
1341,Ministry of Road Transport & Highways,Roads & Highways,Pen to Khopoli 2LPS,MoRTH,618094,N24001106,-,Maharashtra,03/2018,06/2018,12/2019,12/2025,369.39,369.39,323.75,86.3,April 2026,125
1342,Ministry of Road Transport & Highways,Roads & Highways,Rehabilitation and Up-gradation to 2 lane road with paved shoulders configuration for the balance work of 13 km length on Helwak-Patan-Karad section Km. 85000 to 133 417 of NH-166E in the state of Maharashtra on EPC mode.,MoRTH,618096,-,-,Maharashtra,02/2024,10/2024,04/2026,07/2026,181.45,181.45,0.0,87.0,April 2026,125
1343,Ministry of Road Transport & Highways,Roads & Highways,Guhagar - Rampur - 2L-PS - km 0/00 Guhagar to 26/230 Rampur and 40/00 Mirjoli to 53/600 Sati on NH-166E,MoRTH,618097,N24001057,-,Maharashtra,01/2017,06/2017,06/2019,08/2025,407.2,407.2,0.0,91.89,April 2026,125
1344,Ministry of Road Transport & Highways,Roads & Highways,"Upgradation of exhisting 2 lane flexible pavement to 2 lane paved shoulders rigid pavement from design chainage Km 66.00 to Design Km 82.440 Start of Kolhapur Municipal corporation near Phulewadi to kale, design length 16.440 Km section on Talere Gaganbawada-Kolhapur road NH 166G in the state of Maharashtra on EPC mode",MoRTH,618098,N24001908,-,Maharashtra,03/2021,11/2022,05/2024,03/2026,167.97,167.97,0.0,93.75,April 2026,125
1345,Ministry of Road Transport & Highways,Roads & Highways,"Rehabilitation & up-gradation for Talere Gaganbawada - kolhapur Road NH 166G stretch start from km. 0/00 to Km. 06/00 and km. 13/00 to km 19/440 of NH-166G, length 12.440 km in the State of Maharashtra.",MoRTH,618099,-,-,Maharashtra,03/2024,10/2024,04/2026,04/2026,164.13,164.13,98.68,100.0,April 2026,125
1346,Ministry of Road Transport & Highways,Roads & Highways,Strengthening and Widening of road Sakoli- Wadsa-Armori-Gadchiroli-Ashti- Allapalli - Sironcha National highway NH 353C in Km 262/00 to 321/00 including 16 minor Bridges and 2 Major Bridge Total length 59 Km section from repanpalli to sironcha in Gadchiroli Dist in the State of Maharashtra.,MoRTH,618133,N24000983,-,Maharashtra,03/2021,06/2022,05/2024,05/2026,280.57,280.57,0.0,61.61,April 2026,125
1347,Ministry of Road Transport & Highways,Roads & Highways,Rehabilitation /Upgradation from Lagam to Alapalli section Desing Km. 199/400 to km 227/400 Length 28.0 Km to 2 lane with Paved Shoulders/ 4 lane configuration section of NH-353 C Sakoli-Wadsa-Armori-Gadchiroli-Ashti-Alapalli Sironcha in Gadchiroli District on EPC mode in the state of Maharashtra.,MoRTH,618134,-,-,Maharashtra,02/2023,09/2024,09/2026,09/2026,459.39,459.39,0.0,69.15,April 2026,125
1348,Ministry of Road Transport & Highways,Roads & Highways,Upgradatiobn and Rehabilitation of Section of NH 361 F from Parli 00/000 to Gangakhed 30/400 to Two Lanes with paved shoulder / Four lane configurations on EPC mode in the State of Maharashtra.,MoRTH,618136,N24001537,-,Maharashtra,03/2021,02/2022,09/2023,03/2026,224.44,224.44,0.0,91.0,April 2026,125
1349,Ministry of Road Transport & Highways,Roads & Highways,Rehabilitation and Up-gradation of Jarud - Sirsala section of NH-361F km 59500 to km11500 to Two lane with paved shoulder/ Four Lane in the state of Maharashtra on EPC mode Length 55.5 Km.,MoRTH,618137,-,10189,Maharashtra,03/2024,05/2025,05/2027,05/2027,540.35,540.35,95.57,49.89,April 2026,125
1350,Ministry of Road Transport & Highways,Roads & Highways,"Widening, Reconstruction & Up-gradation to 2 lane with Paved Shoulder/Four Lane configuration for the work of Sautada to Shirapur Section of NH-561 from Design km 86300 to km 125589 in the state of Maharashtra on EPC mode. Design length 39.289 km",MoRTH,618138,-,-,Maharashtra,03/2024,05/2025,11/2026,11/2026,349.57,349.57,0.0,41.13,April 2026,125
1351,Ministry of Road Transport & Highways,Roads & Highways,Rehabilitation and Up-gradation of Gangakhed Loha section of NH-361F from Km 169/00 to 210/00 to two lane with paved shoulder/ four lane configuration in the state of Maharashtra on EPC mode Length - 41.00 Km.,MoRTH,618139,-,-,Maharashtra,03/2024,04/2025,09/2026,09/2026,355.12,355.12,0.0,43.46,April 2026,125
1352,Ministry of Road Transport & Highways,Roads & Highways,Rehabilitation and Up-gradation of i. Deogaon phata to Digras phata Ch. 0/000 to 15/000 & Selu to Borgavhan Ch 20/900 to 35/800 [Length 29.9km] ii. Injegaon Dhamoni to Pohner Phata Ch.58/200 to Ch. 83/700 [Length25.5 km] and iii. Pohner phata to Pathri Design Ch. 42/700 to 58/200 [Length 15.5 km] sections of NH-548B to Two lane with paved shoulder configuartion in the state of Maharashtra on EPC mode Total project length 70.9 Km.,MoRTH,618150,-,10192,Maharashtra,03/2024,05/2025,05/2027,05/2027,761.83,761.83,0.0,15.0,April 2026,125
1353,Ministry of Road Transport & Highways,Roads & Highways,Mhaswad to Tembhurni section of NH-548C - 2L PS,MoRTH,618152,N24002132,-,Maharashtra,01/2017,08/2017,07/2019,12/2025,488.6,488.6,0.0,96.19,April 2026,126
1354,Ministry of Road Transport & Highways,Roads & Highways,Satara to Mhaswad,MoRTH,618153,N24000979,10193,Maharashtra,01/2017,08/2017,08/2019,07/2025,653.46,653.46,7.33,98.08,April 2026,126
1355,Ministry of Road Transport & Highways,Roads & Highways,"Rehabilitation & upgradation of Jamkhed to Sautada Section of NH548 D from km 195.375 to km 208.774, Length 13.399 Km to 2L PS /4L configuration with rigid pavement in the state of Maharashtra on EPC mode.",MoRTH,618154,N24001390,-,Maharashtra,03/2022,01/2023,07/2024,06/2026,157.62,157.62,0.0,68.93,April 2026,126
1356,Ministry of Road Transport & Highways,Roads & Highways,Development/Widening of Talegaon Chakan Shikrapur Nhavara Section of NH-548D from existing chainage km. 54/000 to 82/300 and Design chainage Km. 54/000 to 82/120 Shikrapur to Nhavara Section to 2LPS/4L Configuration on EPC Mode in the State of Maharashtra.,MoRTH,618155,-,-,Maharashtra,03/2024,01/2025,07/2026,07/2026,396.17,396.17,85.57,70.8,April 2026,126
1357,Ministry of Road Transport & Highways,Roads & Highways,Paithan - Shirur section 2LPS Km 0.0 to 55.00,MoRTH,618172,N24001122,-,Maharashtra,03/2017,06/2017,06/2019,05/2026,341.8,341.8,0.0,82.0,April 2026,126
1358,Ministry of Road Transport & Highways,Roads & Highways,Shirur-Kharda section from 55937 km to 114486 km to 2LPS/4L,MoRTH,618173,N24001123,-,Maharashtra,02/2017,06/2017,06/2019,09/2025,381.77,381.77,0.0,83.93,April 2026,126
1359,Ministry of Road Transport & Highways,Roads & Highways,Rehabilitation and Upgradation to two lane with paved shoulder configuration of NH- 752G from Sakri to Pimpalner Section Design Ch km 0000 to Ch km 21411 in the state of Maharashtra on EPC Mode. Length 21.411 km.,MoRTH,618174,-,-,Maharashtra,03/2024,04/2025,10/2026,10/2026,226.58,226.58,0.0,100.0,April 2026,126
1360,Ministry of Road Transport & Highways,Roads & Highways,Rehabilitation and Upgradation of Satana to Mangrul Chandwad Section of NH752 G Design Ch Km 64.000 to Ch Km 101.140 two lane with paved shoulder/four lane configuration in the state of Maharashtra on EPC mode.,MoRTH,618175,N24001884,-,Maharashtra,03/2022,05/2023,05/2025,06/2026,428.8,428.8,0.0,93.46,April 2026,126
1361,Ministry of Road Transport & Highways,Roads & Highways,Rehabilitation and upgradation from ch km 50/200 to 56/800 and km 62/600 to 100/403 of Kolde to Visarwadi Near Junction with NH-6 section of NH 752G total length 44.40 to two-lane with paved shoulder / four lanes in the State of Maharashtra on EPC mode.,MoRTH,618176,-,-,Maharashtra,03/2025,01/2026,01/2028,-,349.08,349.08,0.0,21.6,April 2026,126
1362,Ministry of Road Transport & Highways,Roads & Highways,Pal Phata Phulambri - Khultabad 2LPS,MoRTH,618177,N24001060,-,Maharashtra,03/2018,06/2018,12/2019,12/2025,227.19,227.19,0.0,99.15,April 2026,126
1363,Ministry of Road Transport & Highways,Roads & Highways,Widening and strengthening of Gangakhed to Kingaon section of NH-752K in Km 38/750 to 72/304 Flexible Pavement Length33.554 km to 2-lane configuration on EPC mode in the State of Maharashtra.,MoRTH,618178,-,-,Maharashtra,02/2024,12/2024,06/2026,05/2026,162.67,162.67,0.0,72.0,April 2026,126
1364,Ministry of Road Transport & Highways,Roads & Highways,Rehabilitation and Upgradation of Shewali phata to Kalambhir section i.e. Km 0443 to Km 4500 & Nizampur to Chadwel section i.e. Km 13485 to Km 26265 Length16.317 Km excluding 2 Major Bridges with approaches Km 13735 to Km 14095 & Km 19660 to Km 20030 of NH 753B to 2LPS Configuration in the State of Maharashtra on EPC Mode.,MoRTH,618179,-,-,Maharashtra,03/2024,08/2024,02/2026,02/2026,181.58,181.58,0.0,93.01,April 2026,126
1365,Ministry of Road Transport & Highways,Roads & Highways,Pune raigarh District Border To Mangaon Ch 69000 to 103775 NH-753F,MoRTH,618180,N24001082,-,Maharashtra,03/2018,06/2018,12/2019,06/2024,223.46,223.46,0.0,89.08,April 2026,126
1366,Ministry of Road Transport & Highways,Roads & Highways,Rehabilitation / Upgradation to 4 Lane with Paved shoulder of Existing Section in Sillod Town with Design Ch. Km54500 to Km 60679 [Length6.179 km] section of NH 753F Aurangabad-Jalgaon road on EPC Mode in the State of Maharashtra,MoRTH,618181,N24002177,-,Maharashtra,03/2023,01/2024,07/2025,03/2025,153.79,153.79,0.0,98.0,April 2026,126
1367,Ministry of Road Transport & Highways,Roads & Highways,Rehabilitation and Up-gradation to 2 lane with paved shoulder configuration of Mahud Sangola road NH 965 G 159400 to 161900and 162400 to 183960 Design Chainage from km. 32/300 to km. 34/800 and km. 35/800 to km. 56/860 Rigid Pavement on EPC mode in the State of Maharashtra.,MoRTH,618188,N24002173,-,Maharashtra,02/2023,11/2023,05/2025,06/2026,253.78,253.78,0.0,99.75,April 2026,126
1368,Ministry of Road Transport & Highways,Roads & Highways,Balance work of Rehabilitation and Up-gradation to 2-lane road with paved shoulders configuration for NH- 965DD from Pacharal-Mandangad-Mhapral-Rajewadi Upto Junction of NH-66 Ch-22700 to 75100 Km and Ambadave connector Birth place of Dr. Babasaheb Ambedkar Ch-0000 to 7325 Km length Km 59.725 in the state of Maharashtra on EPC mode. Balance Work,MoRTH,618198,N24001107,-,Maharashtra,03/2018,01/2022,01/2024,06/2026,388.93,341.69,0.0,93.0,April 2026,126
1369,Ministry of Road Transport & Highways,Roads & Highways,"Rehabilitation, Upgradation & Widening of existing Highway to Rigid Pavement 2 Lane with Paved Shoulder of NH 965DD from Lonand Shirval-Bhor Mandangad-Pchral Section ShindewadiPhata to Varandah Ghat Dist Border from Km 33/550 to 92/550 in the state of Maharashtra on EPC mode.",MoRTH,618199,N24002178,10207,Maharashtra,02/2023,07/2024,07/2026,07/2026,723.13,723.13,0.0,48.5,April 2026,127
1370,Ministry of Road Transport & Highways,Roads & Highways,Vadodara Mumbai Expressway Phase II - Pkg XI [Km. 77.000 to Km. 103.400] Ganjad - Talsari,National Highways Authority of India [NHAI],618468,N24001504,10327,Maharashtra,06/2020,05/2022,05/2024,04/2026,1524.71,1913.95,813.35,99.76,April 2026,127
1371,Ministry of Road Transport & Highways,Roads & Highways,Vadodara Mumbai Expressway Phase II - Pkg XIII [Km. 26.582 to Km. 50.700] Shirsad - Masvan,National Highways Authority of India [NHAI],618469,N24001506,10328,Maharashtra,06/2020,02/2022,02/2024,07/2026,3536.9,4679.54,1792.74,90.86,April 2026,127
1372,Ministry of Road Transport & Highways,Roads & Highways,Vadodara Mumbai Expressway Phase II - Pkg XIV [Km. 3.000 to Km. 20.200 of Spur] Shirsad - Akloli,National Highways Authority of India [NHAI],618470,N24001507,10329,Maharashtra,05/2021,11/2022,05/2024,05/2026,2058.79,2324.72,629.88,86.0,April 2026,127
1373,Ministry of Road Transport & Highways,Roads & Highways,Vadodara Mumbai Expressway Phase II - Pkg XV [Km. 20.200 to Km. 43.000 of Spur] Akloli - Amne,National Highways Authority of India [NHAI],618471,N24001521,10330,Maharashtra,05/2021,11/2022,05/2024,06/2026,2610.88,2918.39,621.7,91.5,April 2026,127
1374,Ministry of Road Transport & Highways,Roads & Highways,Vadodara Mumbai Expressway Phase II - Pkg XVI [Km. 43.000 to Km. 69.800 of Spur] Amne - Bhoj,National Highways Authority of India [NHAI],618472,N24001508,10331,Maharashtra,06/2021,11/2022,10/2024,06/2026,4051.8,4315.56,905.74,90.7,April 2026,127
1375,Ministry of Road Transport & Highways,Roads & Highways,Vadodara Mumbai Expressway Phase II - Pkg XVII [Km. 69.800 to Km. 79.783 of Spur] Bhoj - Morbe,National Highways Authority of India [NHAI],618473,N24001608,10332,Maharashtra,09/2021,01/2023,07/2025,06/2026,2208.68,2463.02,827.11,84.25,April 2026,127
1376,Ministry of Road Transport & Highways,Roads & Highways,Upgradation & rehabilitation of Service Roads on both sides in urban areas of Pune City on PuneSatara section of NH48,National Highways Authority of India [NHAI],618511,-,-,Maharashtra,01/2025,06/2025,06/2026,06/2027,604.59,388.78,44.03,14.7,April 2026,127
1377,Ministry of Road Transport & Highways,Roads & Highways,Tunnel at Khambataki Ghat Section and its approaches from existing Km. 771.730 to existing Km. 782.000,National Highways Authority of India [NHAI],618512,N24001486,10367,Maharashtra,11/2017,02/2019,02/2022,08/2026,907.03,816.12,538.76,87.27,April 2026,127
1378,Ministry of Road Transport & Highways,Roads & Highways,6L of Kagal-Satara section from Km 592.500 to Km 658.000 of NH-48 Pkg-I,National Highways Authority of India [NHAI],618513,N24001546,10368,Maharashtra,12/2021,01/2023,01/2025,02/2027,2111.95,1435.46,631.63,49.88,April 2026,127
1379,Ministry of Road Transport & Highways,Roads & Highways,6L of Kagal-Satara section from Km 658.000 to Km 725.000 of NH-48 Pkg-II,National Highways Authority of India [NHAI],618514,N24001493,-,Maharashtra,12/2021,12/2022,12/2024,12/2026,2330.71,317.4,196.85,73.96,April 2026,127
1380,Ministry of Road Transport & Highways,Roads & Highways,4L of Indora Chowk to Pachpaoli and Agrasen Chowk - Ashoka Chowk,National Highways Authority of India [NHAI],618557,N24002071,10403,Maharashtra,03/2023,07/2023,06/2026,07/2026,1038.84,918.53,658.44,81.77,April 2026,127
1381,Ministry of Road Transport & Highways,Roads & Highways,6L of Gonde Km. 439.038 to Pimpri Sado Km. 459.905 section of NH-848 Old NH-3,National Highways Authority of India [NHAI],618585,-,10420,Maharashtra,02/2024,10/2024,04/2027,11/2027,856.93,718.84,123.7,31.5,April 2026,127
1382,Ministry of Road Transport & Highways,Roads & Highways,Improvement and strengthening of existing 2 lane stretch to 2-Lane with PS 1.5m on both sides on Ghoti-Sinnar section of NH-160A using Thin White Topping 200mm thick in the State Of Maharashtra on EPC Mode,National Highways Authority of India [NHAI],618586,-,-,Maharashtra,03/2025,06/2025,06/2026,06/2026,254.78,147.64,99.89,76.0,April 2026,127
1383,Ministry of Road Transport & Highways,Roads & Highways,4L Mitigation Measure structures on CH/MH Border to Wainganga Bridge Section of NH-6 New NH-53,National Highways Authority of India [NHAI],618588,N24001798,-,Maharashtra,02/2021,11/2021,11/2023,05/2026,540.24,468.92,464.26,99.79,April 2026,127
1384,Ministry of Road Transport & Highways,Roads & Highways,Balance work of 4L Panvel to Indapur section of NH-66 Old NH- 17 from km 0.000 Panvel to km 42.300 Kasu,National Highways Authority of India [NHAI],618594,N24001609,-,Maharashtra,12/2022,03/2023,10/2024,05/2026,329.82,196.87,185.0,96.89,April 2026,127
1385,Ministry of Road Transport & Highways,Roads & Highways,Four laning from Dive Ghat Km. 220.900 to Hadapsar Km. 234.150 of Mohol Alandi section Pkg VI of NH-965,National Highways Authority of India [NHAI],618626,-,-,Maharashtra,12/2023,10/2024,10/2026,04/2027,819.52,400.0,121.02,62.03,April 2026,127
1386,Ministry of Road Transport & Highways,Roads & Highways,Construction of 7 Nos of Standalone safety structures/works at different locations on various NHs,National Highways Authority of India [NHAI],618627,-,-,Maharashtra,01/2025,07/2025,01/2027,01/2027,168.52,112.03,10.11,26.37,April 2026,127
1387,Ministry of Road Transport & Highways,Roads & Highways,Strengthening of Existing Alignment of Pandharpur Town Part Bypassed Section of NH 965 from KM 36.230 to KM 44.230 from Chh. Shivaji Maharaj Chowk to Wakhari,National Highways Authority of India [NHAI],618628,-,-,Maharashtra,08/2022,11/2023,10/2025,08/2026,150.21,87.59,58.75,48.0,April 2026,127
1388,Ministry of Road Transport & Highways,Roads & Highways,Tarsod - Fagne section of NH-6,National Highways Authority of India [NHAI],618638,-,10456,Maharashtra,06/2016,01/2019,07/2021,04/2026,2267.99,2560.5,990.0,98.84,April 2026,128
1389,Ministry of Road Transport & Highways,Roads & Highways,Chakur Loha Section of NH-361 from km 114.600 to km 187.80,National Highways Authority of India [NHAI],618652,-,10466,Maharashtra,03/2018,03/2019,03/2021,02/2024,1241.38,3342.11,785.13,100.0,April 2026,128
1390,Ministry of Road Transport & Highways,Roads & Highways,Loha-Waranga Section of NH-361 from km 187.800 to km 244.369,National Highways Authority of India [NHAI],618653,-,10467,Maharashtra,03/2018,03/2019,03/2021,03/2027,1236.08,3466.58,899.6,96.2,April 2026,128
1391,Ministry of Road Transport & Highways,Roads & Highways,Bodhre - Dhule,National Highways Authority of India [NHAI],618693,N24000656,10494,Maharashtra,02/2021,01/2022,07/2024,07/2026,1344.78,1292.7,791.69,97.69,April 2026,128
1392,Ministry of Road Transport & Highways,Roads & Highways,Upgradation of 2L/4L with Paved Shoulder of Shirwal-Lonand Section from KM 159900 To KM 188025 of NH-965DD Section I and 2L With Paved Shoulder of Lonand-Satara Section from KM 51500 To KM 96246 Of NH-965D Section II in Satara District in the State of Maharashtra on EPC Mode under NHO-,National Highways Authority of India [NHAI],618754,-,-,Maharashtra,03/2025,06/2025,06/2027,06/2027,538.11,307.24,96.11,33.37,April 2026,128
1393,Ministry of Road Transport & Highways,Roads & Highways,Up-gradation to Four Lane with Paved Shoulder configuration of the highway starting from existing km 88.400 Savali Vihir to km 163.400 start of Ahmednagar bypass Design Length 75.000 km section of NH-160 in the State of Maharashtra under Bharatmala Pariyojana on EPC Mode,NHAI,618766,-,10547,Maharashtra,10/2024,04/2025,04/2027,04/2027,862.0,617.93,210.27,36.32,April 2026,128
1394,Ministry of Road Transport & Highways,Roads & Highways,4L of Ratnagiri - Kolhapur section from km 67.140 to km 112.340 of NH-166 Pkg II,National Highways Authority of India [NHAI],618836,N24001834,10598,Maharashtra,02/2022,05/2023,05/2025,03/2027,1985.38,1798.0,389.68,79.18,April 2026,128
1395,Ministry of Road Transport & Highways,Roads & Highways,4L of Ratnagiri - Kolhapur section from km 112.340 to km 145.300 of NH-166 PkgIII,National Highways Authority of India [NHAI],618837,N24001835,10599,Maharashtra,02/2022,05/2023,05/2025,03/2027,1939.23,1910.41,458.94,66.45,April 2026,128
1396,Ministry of Road Transport & Highways,Roads & Highways,4L of Nagpur-Katol Section from Km. 13.00 to Km. 62.900 of NH-353J,National Highways Authority of India [NHAI],618937,N24001799,10678,Maharashtra,02/2021,10/2021,10/2023,10/2026,1166.96,1432.82,971.38,81.54,April 2026,128
1397,Ministry of Road Transport & Highways,Roads & Highways,Construction of Standalone Flyover cum ROB from Design Ch.66.600 to Design Ch.68.800 in Gadchandur Town on NH-353B,National Highways Authority of India [NHAI],618939,-,-,Maharashtra,02/2025,07/2025,07/2027,07/2027,191.31,107.76,25.19,29.96,April 2026,128
1398,Ministry of Road Transport & Highways,Roads & Highways,Rehabilitation and Up gradation of Charthana Jintur Section of NH 752 I Km 25100 to 47100 to 2 Lane with Paved Shoulder configuration Flexible Pavement in the state of Maharashtra on EPC mode. Reg- Resubmission of Annual Plan Estimate.,MoRTH,619008,-,-,Maharashtra,03/2025,01/2026,07/2027,07/2026,157.69,157.69,0.0,0.0,April 2026,128
1399,Ministry of Road Transport & Highways,Roads & Highways,"Construction of six lane Flyover at Katraj junction at Km, 3/880 of NH 548-DD Vadgaon - Katraj - Kondhwa - Mantarwadi Chowk - Loni Kalbhor - Theur Phata - Lonikand Road in Pune Dist of the State of Maharashtra. On Engineering Procurement and construction EPC Basis mode L.1.326 Km,",MoRTH,619042,N24001907,-,Maharashtra,02/2021,03/2022,02/2026,02/2023,163.51,163.51,0.0,80.57,April 2026,128
1400,Ministry of Road Transport & Highways,Roads & Highways,Satara Km 725.000 to Pune Km 865.350 of NH - 4 New NH - 48 in Maharashtra,National Highways Authority of India [NHAI],619069,-,-,Maharashtra,09/2009,10/2010,05/2022,06/2026,361.72,425.51,64.35,99.05,April 2026,128
1401,Ministry of Road Transport & Highways,Roads & Highways,Balance works of 4L Panvel Indapur section of NH66 old NH17 from km 42.300 kasu to km 84.600 Indapur,National Highways Authority of India [NHAI],619095,N24001607,-,Maharashtra,06/2022,11/2022,05/2024,06/2026,546.44,472.1,420.38,81.63,April 2026,128
1402,Ministry of Road Transport & Highways,Roads & Highways,4L of Ratnagiri - Kolhapur section of NH-166 from km 0.000 to km 19.769 and km 31.000 to km 67.140 Pkg I,National Highways Authority of India [NHAI],619149,N24001495,11810,Maharashtra,02/2022,11/2022,11/2024,11/2026,1774.03,2108.41,749.83,93.75,April 2026,128
1403,Ministry of Road Transport & Highways,Roads & Highways,4L of Baramati to Indapur Pkg-II from km. 41.400 to km. 84.550 of NH-965G Saint Tukaram Marg,National Highways Authority of India [NHAI],619163,N24001502,11818,Maharashtra,01/2021,09/2021,09/2023,06/2026,1471.32,1297.48,927.1,86.2,April 2026,128
1404,Ministry of Road Transport & Highways,Roads & Highways,Vadodara Mumbai Expressway Phase II - Pkg XII [Km. 50.700 to Km. 77.000] Masvan - Ganjad,National Highways Authority of India [NHAI],619198,-,11889,Maharashtra,08/2020,03/2022,03/2024,05/2026,1711.38,2388.52,979.26,99.38,April 2026,128
1405,Ministry of Road Transport & Highways,Roads & Highways,Vadape to Thane from km 539.202 to km 563.000 section of NH-3 new NH-848,National Highways Authority of India [NHAI],619203,-,11894,Maharashtra,03/2018,01/2019,07/2021,05/2026,1252.92,1371.27,482.26,76.6,April 2026,128
1406,Ministry of Road Transport & Highways,Roads & Highways,4L of existing 2/4L stretch from Lonand to Dive Ghat Km 166.400 to Km 220.900 of Mohol Alandi section of NH-965 Pkg - V,National Highways Authority of India [NHAI],619209,-,11899,Maharashtra,10/2021,05/2022,05/2024,04/2026,1709.56,2049.51,1125.89,98.52,April 2026,128
1407,Ministry of Road Transport & Highways,Roads & Highways,Dharampuri-Lonand from km. 117.00 to 166.40 Pkg-IV on Mohol-Alandi Section,National Highways Authority of India [NHAI],619210,-,11900,Maharashtra,01/2021,09/2021,09/2023,05/2026,1411.71,1358.68,1047.19,97.4,April 2026,129
1408,Ministry of Road Transport & Highways,Roads & Highways,Widening/Improvement of existing 2-Lane road to 4-Lane Divided Highway from Sekmai to Nilakuthi section of Imphal-Kohima Road Design Chainage from Km 297700 to Km 308729 of NH-39 New NH-02 in state of Manipur on EPC mode Pkg-5B,NHIDCL,618298,N24001400,-,Manipur,03/2021,07/2021,01/2023,06/2026,211.7,211.7,227.95,90.96,April 2026,129
1409,Ministry of Road Transport & Highways,Roads & Highways,Improvement/Up-gradation of existing 2-Lane Road to 4-Lane Divided Highway from Daili to Kuraopokpi section of Imphal-Kohima road NH-02 Design Chainage from Km 274610 to Km 287000 in the state of Manipur on EPC mode Pkg-4B,NHIDCL,618299,-,-,Manipur,09/2020,12/2024,06/2026,06/2026,268.98,268.98,0.0,55.15,April 2026,129
1410,Ministry of Road Transport & Highways,Roads & Highways,Improvement/Up-gradation of existing 2-Lane Road to 4-Lane Divided Highway from Taphukuki to Daili section of Imphal-Kohima road NH-02 Design Chainage from Km 262175 to Km 274610 in the state of Manipur on EPC mode Pkg-4A,NHIDCL,618300,N24001274,-,Manipur,09/2020,10/2020,04/2022,08/2026,379.39,379.39,301.89,91.31,April 2026,129
1411,Ministry of Road Transport & Highways,Roads & Highways,Widening/Improvement of existing 2-lane to 4-Lane Divided Highway from Kuraopokpi to Sekmai section of Imphal-Kohima Road Design Ch. km 287.00 to 297.700 of NH-39 New NH-02 in state of Manipur on EPC mode Pkg-5A,NHIDCL,618301,-,-,Manipur,09/2020,02/2025,08/2026,08/2026,228.97,228.97,33.76,48.16,April 2026,129
1412,Ministry of Road Transport & Highways,Roads & Highways,Widening/Improvement to 2-lane with earthen shoulder of Yaingangpokpi - Finch corner road section of NH-202 from Km 16.900 to Km 30.970 of NH-202 in the state of Manipur on EPC mode Package-2,NHIDCL,618302,N24001332,-,Manipur,03/2020,07/2020,06/2022,06/2026,256.04,256.04,0.0,97.12,April 2026,129
1413,Ministry of Road Transport & Highways,Roads & Highways,Widening/Improvement to 2-lane with earthen shoulder of Yaingangpokpi - Finch corner road section of NH-202 from Km 0.000 to Km 16.900 of NH-202 in the state of Manipur on EPC mode Package-1,NHIDCL,618303,N24001331,-,Manipur,03/2020,07/2020,06/2022,04/2026,222.77,222.77,0.0,88.85,April 2026,129
1414,Ministry of Road Transport & Highways,Roads & Highways,"Widening/Improvement to 2 Lane with earthen shoulder of Jessami to Laynen bridge Nagaland border section of NH-29 of Imphal -Ukhrul - Jessami Economic Corridor from km 0.000 to km 11.009 in the State of Manipur on EPC mode under Bharatmala Pariyojana, under NHO-NE Package-7",NHIDCL,618304,N24002227,-,Manipur,03/2023,12/2024,06/2026,10/2026,164.89,164.89,125.76,23.56,April 2026,129
1415,Ministry of Road Transport & Highways,Roads & Highways,Widening/Improvement to 2 lane with earthen shoulder of Marrem Khullen to Jessami section of NH-202 of Imphal - Ukhrul - Jessami Economic Corridor from Design Chainage km 95.700 to km 140.180 in the State of Manipur on EPC mode under Bharatmala Pariyojana under NHO-NE Package-6,NHIDCL,618305,N24002202,10245,Manipur,03/2023,12/2024,12/2026,12/2026,554.66,554.66,201.52,22.55,April 2026,129
1416,Ministry of Road Transport & Highways,Roads & Highways,"Widening/Improvement to 2 lane with earthen shoulder of Choithar to Marrem Khullen section of NH-202 of Imphal Ukhrul Jessami Economic Corridor from Design Chainage km 53.110 to km 95.700 in the State of Manipur on EPC mode under Bharatmala Pariyojana, under NHO-NE Package-5",NHIDCL,618306,N24002242,10246,Manipur,03/2023,05/2025,03/2027,05/2027,564.05,564.05,72.58,14.08,April 2026,129
1417,Ministry of Road Transport & Highways,Roads & Highways,Widening to 2 lane with Paved shoulder of lmphal to Jiribam section of NH-37 from Design Ch. from km 169570 Near Nungkao vlllage under Tamenglong District to km 205974 near Jiribam Bridge under Jiribam district under NHO-NE PKG-7,NHIDCL,618333,N24001323,10267,Manipur,01/2023,12/2023,12/2025,06/2026,760.16,760.16,414.38,90.52,April 2026,129
1418,Ministry of Road Transport & Highways,Roads & Highways,Widening to 2 Lane with Paved shoulder of lmphal to Jiribam section of NH-37 from Design Ch. from km 131.280 to km 169.570 on EPC mode in Manipur under NHO- TSP PKG-6,NHIDCL,618334,N24002132,10268,Manipur,12/2021,02/2023,02/2025,05/2026,504.76,504.76,308.06,95.0,April 2026,129
1419,Ministry of Road Transport & Highways,Roads & Highways,Widening to 2 Lane with Paved shoulder of lmphal to Jiribam section of NH-37 from Design Ch. from Km 101280 Near Khongsang Village to Km 131280 near Puilon Kambiron Village on EPC Mode in Manipur PKG-5,NHIDCL,618335,N24000979,-,Manipur,12/2021,11/2022,05/2024,06/2026,410.68,410.68,339.14,89.95,April 2026,129
1420,Ministry of Road Transport & Highways,Roads & Highways,Widening to 2 -Lane with Paved shoulder of Imphal to Jiribam section of NH-37 from Design Chainage 66.110 km to 101.280 Km Existing Chainage km 67.496 to km 103.557 on EPC Mode in Manipur PKG-4,NHIDCL,618336,N24001390,10269,Manipur,09/2021,06/2022,12/2023,07/2026,579.63,579.63,377.13,84.86,April 2026,129
1421,Ministry of Road Transport & Highways,Roads & Highways,Widening to 2 -Lane with Paved shoulder of Imphal to Jiribam section of NH-37 from Design Chainage 33.000 km to 66.390 Km Existing Chainage from km 33.395 to km 67.496 on EPC Mode in Manipur PKG-3,NHIDCL,618337,N24001416,-,Manipur,03/2021,09/2021,03/2023,03/2026,467.0,467.0,568.72,86.33,April 2026,129
1422,Ministry of Road Transport & Highways,Roads & Highways,Widening to 2-Lane with Paved shoulder of Imphal to Jiribam section of NH-37 from Design Chainage 15.940 km to 33.120 Km Existing Chainage Km 15.946 to Km 33.395 Total length17.180 Km in the State of Manipur on EPC mode PKG-2 - Balance Works & Rectification works,NHIDCL,618338,N24002244,-,Manipur,03/2021,03/2025,03/2026,05/2026,195.14,195.14,0.0,76.18,April 2026,130
1423,Ministry of Road Transport & Highways,Roads & Highways,Widening to 2-lane with Hard shoulder of Churachandpur to Tuivai Section of NH- 102B from Design Chainage 69.875 Km to 121.769 Km in the State of Manipur on EPC mode Package-3,NHIDCL,618344,N24001792,10271,Manipur,03/2021,08/2021,08/2023,12/2026,673.27,673.27,500.96,82.93,April 2026,130
1424,Ministry of Road Transport & Highways,Roads & Highways,Widening to 2-lane with Hard shoulder of Churachandpur to Tuivai Section from Km 48.587 to Km 69.875 in the State of Manipur on EPC mode under NHO Package-2B,NHIDCL,618345,N24001730,-,Manipur,06/2020,08/2020,08/2022,05/2026,365.53,365.53,187.39,85.09,April 2026,130
1425,Ministry of Road Transport & Highways,Roads & Highways,Widening to 2-lane with Hard shoulder of Churachandpur to Tuivai Section of NH- 102B from km 32.835 to km 48.587 in the State of Manipur on EPC mode under NHO Package-2A,NHIDCL,618346,N24001270,-,Manipur,04/2020,07/2020,06/2022,03/2026,232.99,232.99,149.21,96.35,April 2026,130
1426,Ministry of Road Transport & Highways,Roads & Highways,Widening to 2-lane with Hard shoulder of Churachandpur to Tuivai Section of NH- 102B from km 13.747 to km 32.835 in the State of Manipur on EPC mode under NHO Package-1B,NHIDCL,618347,N24001269,-,Manipur,04/2020,07/2020,06/2022,03/2026,241.52,241.52,152.85,96.54,April 2026,130
1427,Ministry of Road Transport & Highways,Roads & Highways,Balance work of Widening to 2 Two lane with hard shoulder of Churachandpur to Tuivai section of NH-102B from km 130.000 to km 141.029 Package-4B in the State of Manipur on EPC Mode,NHIDCL,618348,-,-,Manipur,06/2020,11/2025,11/2026,11/2026,177.76,177.76,1.41,0.97,April 2026,130
1428,Ministry of Road Transport & Highways,Roads & Highways,Balance work of Widening to 2 Two lane with hard shoulder of Churachandpur to Tuivai section of NH-102B from Design Chainage km 118850 to km 130000 Package- 4A in the State of Manipur on EPC Mode,NHIDCL,618349,-,-,Manipur,04/2020,08/2025,08/2026,08/2026,204.12,204.12,0.0,21.39,April 2026,130
1429,Ministry of Road Transport & Highways,Roads & Highways,"Construction of of 2 -Lane with paved shoulders road from Tamenglong-Tousem- Lisang-Mahur Road NH-137 starting near Dialong Village from km 10.000 at Dialong to km 31.430 near Old Tamenglong , near Barak River on EPC Mode Package-2",NHIDCL,618355,N24001403,-,Manipur,07/2021,09/2021,03/2023,03/2026,483.87,483.87,361.96,95.28,April 2026,130
1430,Ministry of Road Transport & Highways,Roads & Highways,Construction of 2 -Lane with paved shoulders road from Tamenglong to Mahur in the state of Manipur from km 31.430 at Old Tamenglong to km 43.480 ending near Phelong on EPC Mode Package-3,NHIDCL,618356,N24001354,-,Manipur,03/2021,06/2021,12/2022,04/2026,234.08,234.08,196.29,100.0,April 2026,130
1431,Ministry of Road Transport & Highways,Roads & Highways,Construction of 2 -Lane with paved shoulders road from Tamenglong to Mahur NH- 137 in Manipur starting from km 54.180 near Azuram to km 80.630 near Mandeu on EPC Mode Package 5,NHIDCL,618357,N24001436,-,Manipur,09/2021,11/2021,05/2023,01/2026,477.86,477.86,330.1,84.87,April 2026,130
1432,Ministry of Road Transport & Highways,Roads & Highways,Construction of 2 -Lane with paved shoulders road from Tamenglong to Mahur NH- 137 starting from km 80.630 near Mandeu to km 96.870 near Jiri River on EPC Mode Package-6,NHIDCL,618358,N24001437,-,Manipur,09/2021,11/2021,05/2023,12/2025,311.18,311.18,230.69,86.73,April 2026,130
1433,Ministry of Road Transport & Highways,Roads & Highways,Construction of 2-laning with Hard shoulder of Ukhrul Tolloi - Tadubi section of NH- 102A from Design Chainage km 9450 to km 50850 in the State of Manipur on EPC mode under NHO-NE Package-2,NHIDCL,618387,N24002131,10296,Manipur,03/2023,03/2024,03/2026,04/2026,578.98,578.98,249.29,79.5,April 2026,130
1434,Ministry of Road Transport & Highways,Roads & Highways,Construction of 2-laning with Hard shoulder road of Ukhrul - Tolloi - Tadubi section of NH-102A from Design Chainage 50.850 km to 81.870 km in the State of Manipur on EPC mode under NHO-TSP Package -3,NHIDCL,618388,N24001974,-,Manipur,09/2021,07/2023,01/2025,07/2026,315.56,315.56,227.98,90.91,April 2026,130
1435,Ministry of Road Transport & Highways,Roads & Highways,Construction of 2-laning with Hard shoulder road of Ukhrul - Tolloi - Tadubi section of NH-102A from Design Chainage 81.870 km to 105.825 km in the State of Manipur on EPC mode under NHO-TSP Package -4,NHIDCL,618389,N24001473,-,Manipur,09/2021,08/2022,02/2024,05/2026,310.76,310.76,247.28,96.8,April 2026,130
1436,Ministry of Road Transport & Highways,Roads & Highways,"Improvement of existing road to 2 laning with Hard Shoulders of Maram-Peren section Package-1B, length- 17.660 km from Design Chainage 22.340 km to 40.000 km on NH-129A in the State of Manipur on EPC mode",NHIDCL,618415,N24001350,-,Manipur,02/2021,06/2021,12/2022,03/2026,188.36,188.36,0.0,100.0,April 2026,130
1437,Ministry of Road Transport & Highways,Roads & Highways,"Improvement of existing road to 2 laning with Hard Shoulders of Maram -Peren section Package-1A, length- 22.340Km from Design Chainage 0.000 km to 22.340 km on NH-129A in the State of Manipur on EPC mode",NHIDCL,618416,N24001349,-,Manipur,02/2021,06/2021,12/2022,07/2026,226.32,226.32,179.09,74.58,April 2026,130
1438,Ministry of Road Transport & Highways,Roads & Highways,Rehabilitation and Up-gradation of Nongstoin Wahkaji section of Project Road Km 0000 to Km 43060 to Intermediate Lane with earthern shoulder under SARDP-NE Phase-A in the State of Meghalaya on EPC mode. Job No- SARDP-NE ong-Don- Maw/MG/2020-21/294,MoRTH,617885,N24001441,-,Meghalaya,08/2020,02/2022,08/2023,05/2026,302.88,302.88,182.58,99.1,April 2026,131
1439,Ministry of Road Transport & Highways,Roads & Highways,Improvement and Widening two lannig with paved Shoulder of NH 127B from km 31.500 Goeragre to km 63.224 Package-II in state of Meghalaya,MoRTH,618076,N24002239,-,Meghalaya,12/2023,05/2025,05/2027,-,504.0,350.67,0.0,2.5,April 2026,131
1440,Ministry of Road Transport & Highways,Roads & Highways,Improvement and Widening of National Highway No. 127B Darugiri - Songsak - Williamnagar Junction Section to two lane with paved shoulder from design Km 0000 to Km 36635 Design length 36.635 Km existing Km 112000 to Km 151060 of NH-1278 under Bharatmala Pariyojana Lot-1 Pkg-1B Meghalaya portion,NHIDCL,618294,-,10243,Meghalaya,03/2023,09/2025,09/2027,09/2027,801.07,801.07,64.53,24.13,April 2026,131
1441,Ministry of Road Transport & Highways,Roads & Highways,Improvement/Widening of New NH-217 Dainadubi-Darugiri section to Two lane with paved shoulder in Meghalaya from design Km 0000 to Km 40840 existing Km 8600 to Km 53000 of Old NH-62 under BMP Lot-1 Pkg-1B Meghalaya portion,NHIDCL,618295,N24002233,10244,Meghalaya,03/2023,03/2025,03/2027,03/2027,705.83,705.83,0.0,38.75,April 2026,131
1442,Ministry of Road Transport & Highways,Roads & Highways,Improvement/Widening to 2-L with Paved Shoulder/ 4-Laning of NH-40 section from Km 151330 to Km 163400 design Km 63.530 to Km 71.520 including Dawki Bridge of length 368 m between Shillong-Dawki under JICA ODA Loan assistance Phase-II Pkg- 5 -Balance work,NHIDCL,618374,N24001335,-,Meghalaya,07/2020,05/2024,11/2026,11/2026,284.21,284.21,0.0,38.77,April 2026,131
1443,Ministry of Road Transport & Highways,Roads & Highways,Improvement/Widening to 2-Lane with Paved Shoulder from design Km 45.760 to Km 63.530 between Shillong-Dawki under JICA ODA Loan assistance Phase-II -Balance work Pkg-4,NHIDCL,618375,N24001334,-,Meghalaya,07/2020,04/2024,04/2026,10/2026,445.51,445.51,42.32,49.05,April 2026,131
1444,Ministry of Road Transport & Highways,Roads & Highways,Improvement/Widening to 2-Lane with Paved Shoulder between Shillong-Dawki road up to Bangladesh Border from design Km 10.670 to Km 37.550 under JICA ODA Loan assistance Phase-II -Balance Work-Pkg-2,NHIDCL,618376,N24001314,10288,Meghalaya,07/2020,02/2024,08/2026,12/2026,525.67,525.67,0.0,49.31,April 2026,131
1445,Ministry of Road Transport & Highways,Roads & Highways,Improvement/Widening to 2-L with Paved Shoulder/4-L from Km 81740 to Km 93490 design Km 0000 to Km 10670 of NH-40 New NH-106 & 206 section & 4-L from design Km 0.00 to Km 0.930 of NH-44 section between Shillong-Dawki under JICA ODA Loan assistance Phase-II -Balance Work Pkg-1,NHIDCL,618377,N24001313,-,Meghalaya,07/2020,10/2023,10/2025,05/2026,351.12,351.12,0.0,93.06,April 2026,131
1446,Ministry of Road Transport & Highways,Roads & Highways,Rehabilitation and up gradation of Nongstoin-Rambrai-Kyrshai road up to Meghalaya- Assam border from Km 0.335 to km 34.039 to 2-Lane under NHO - NE in the State of Meghalaya Package-1,NHIDCL,618418,N24001474,-,Meghalaya,09/2021,05/2022,05/2024,05/2026,359.86,359.86,214.12,80.49,April 2026,131
1447,Ministry of Road Transport & Highways,Roads & Highways,"Construction of 2-Lane with paved shoulders of Shillong Western Bypass starting from NH-06 near Ladumsaw existing Km 60.900 of old NH40 to NH106 old NH 44E Package-III, from km 24700 to km 38256 under SARDP-NE PHASE A in the state of Meghalaya on EPC Mode Greenfield alignment",NHIDCL,618419,N24002158,10306,Meghalaya,03/2023,09/2024,09/2026,09/2026,562.48,562.48,85.88,50.91,April 2026,131
1448,Ministry of Road Transport & Highways,Roads & Highways,"Construction of 2 lane with paved shoulder of Shillong Western Bypass starting from NH-06 near Ladumsaw existing km 60.900 of old NH-40 to NH-106 old NH-44E, Package-II km 12800 to km 24700 under SARDP-NE Phase A in the State of Meghalaya on EPC Mode",NHIDCL,618420,N24002157,10307,Meghalaya,03/2023,09/2024,09/2026,09/2026,686.03,686.03,228.79,46.51,April 2026,131
1449,Ministry of Road Transport & Highways,Roads & Highways,"Construction of 2-Lane with paved shoulder of Shillong Western Bypass starting from NH-06 near Ladumsaw Existing km 60.900 of old NH-40 to NH106 old NH-44E, km 0000 to km 12800 Package-I under SARDP-NE PHASE A in the State of Meghalaya on EPC Mode Greenfield alignment",NHIDCL,618421,N24002156,10308,Meghalaya,03/2023,09/2024,09/2026,09/2026,620.3,620.3,215.93,68.85,April 2026,131
1450,Ministry of Road Transport & Highways,Roads & Highways,4-Laning of Vairengte - Chhimluang section Package-3 of NH-306 from Existing Chainage km 43000 to Km 59700 Design Chainage km 46000 to km 60850 on Silchar - Vairengte- Sairang road in the State of Mizoram under Bharatmala Pariyojna under NHO-NE. Package-1&2 in Assam state,NHIDCL,618316,-,-,Mizoram,12/2021,07/2025,01/2027,12/2026,491.39,491.39,32.46,17.86,April 2026,131
1451,Ministry of Road Transport & Highways,Roads & Highways,4-Laning of chhimluang-Kolasib from section pkg-4 of NH-306 & NH-6 existing chainage km 59700 to km 86000 design chainage km 61000 to km 77500 on Silchar- vairengte-sairang road in the state of Mizoram under Bharatmala Pariyojna on EPC mode Vairengte - Sairang Pkg-4,NHIDCL,618317,-,10255,Mizoram,12/2021,07/2025,01/2027,12/2026,561.91,561.91,0.0,17.12,April 2026,131
1452,Ministry of Road Transport & Highways,Roads & Highways,4-Laning of Kolasib - Sethawn section Package-5 of NH-6 from Existing Chainage km 86000 to km 107850 Design Chainage km 77500 to km 95500 on silchar - vairengte - sairang road under Bharatmala Pariyojna on EPC mode under NHO-NE Vairengte - Sairang Pkg-5,NHIDCL,618318,-,10256,Mizoram,11/2021,07/2025,07/2027,06/2027,720.4,720.4,40.29,11.86,April 2026,132
1453,Ministry of Road Transport & Highways,Roads & Highways,"4-Laning of Sethawn - N. Kawnpui section Package-6 of NH-6 from Existing Chainage km 107850 to km 126315 Design Chainage km 95500 to km 111850 on Silchar- Vairengte- Sairang road, Vairengte - Sairang Pkg-6",NHIDCL,618319,-,10257,Mizoram,12/2021,07/2025,01/2027,12/2026,595.65,595.65,21.02,6.72,April 2026,132
1454,Ministry of Road Transport & Highways,Roads & Highways,Construction of 4-Laning of N. Kawnpui N. Mualvum Mualkhang via Khamrang Village section Package-7 of NH-6 from Existing Chainage km 127200 to km 142000 Design Chainage km 111850 to km 123400 on Silchar - Vairengte - Sairang road in the State of Mizoram on EPC mode,NHIDCL,618320,-,10258,Mizoram,02/2024,10/2025,10/2028,-,866.32,866.32,0.0,18.9,April 2026,132
1455,Ministry of Road Transport & Highways,Roads & Highways,Construction of 4-Laning of West Serawlg-Sairang section of NH-6 from Existing Chainage km 142000 to km 158900 Design Chainage km 123400 to km 136260 on Silchar - Vairengte - Sairang road in the State of Mizoram under Bharatmala Pariyojna on EPC mode under NHO-NE Package-8,NHIDCL,618321,-,10259,Mizoram,02/2024,11/2025,11/2028,-,875.79,875.79,0.0,13.95,April 2026,132
1456,Ministry of Road Transport & Highways,Roads & Highways,Construction of Twin Tube Uni-directional Aizawl Bypass Tunnel of 2.5 km and its approaches of 2.1 km from km 10.600 to km 15.200 on Sarrang - Phaibawk section of NH-6 in the State of Mizoram on EPC Mode under NHO-NE Package-2,NHIDCL,618323,-,-,Mizoram,01/2024,12/2025,12/2028,-,1313.28,1313.28,0.0,0.0,April 2026,132
1457,Ministry of Road Transport & Highways,Roads & Highways,Construction of 2-lane Aizawl Bypass from km 15.200 to km 34.500 Package-3 on Sairang - Phaibawk section of NH-6 in the State of Mizoram under Bharatmala Pariyojna on EPC Mode under NHO-NE,NHIDCL,618324,-,10260,Mizoram,02/2023,10/2025,11/2028,-,720.72,720.72,0.0,15.1,April 2026,132
1458,Ministry of Road Transport & Highways,Roads & Highways,Up-gradation to 2-lane with paved shoulders of Ngopa - Pawlrang section of NH 102B of Aizawl - Imphal Economic Corridor from Existing Chainage km 32.796 to km 72.030 [Design Chainage km 31.280 to km 68.170] in the State of Mizoram under Bharatmala Pariyojna on EPC mode under NHO-NE Package-2 Keifang- Tuivai Pkg-2,NHIDCL,618341,N24001545,10270,Mizoram,09/2021,09/2023,02/2025,06/2026,523.78,523.78,394.29,95.31,April 2026,132
1459,Ministry of Road Transport & Highways,Roads & Highways,Rehabilitation and upgradation to 2 Lane with Paved shoulder of Economic corridor of NH-6 from Design chaiange Km 0.000 to Km 13.510 Package-1 in the state of Mizoram under Bharatmala Pariyojana on EPC mode,NHIDCL,618342,N24001278,-,Mizoram,03/2020,07/2020,06/2022,06/2024,206.9,206.9,0.0,0.0,April 2026,132
1460,Ministry of Road Transport & Highways,Roads & Highways,"Rehabilitation and Up gradation to 2-lane with paved shoulder of Keifang Section Economic Corridor of NH-06 from Existing Chainage Km 30050 Keifang to Km 50360 Keifang, Design Chainage Km 27400 to Km 45040 PkgIII in the State of Mizoram under Bharatmala Pariyojna on EPC Mode Seling-Dulte - III",NHIDCL,618343,N24001281,-,Mizoram,03/2020,07/2020,06/2022,12/2024,292.23,292.23,0.0,0.0,April 2026,132
1461,Ministry of Road Transport & Highways,Roads & Highways,Construction of 2-laning with hard shoulder of Lunglei to Chhumkhum from Design Chainage Km 0.000 to Km 37.420 of NH-302 [Lunglei-Tlabung] Package-A,NHIDCL,618362,N24001358,10280,Mizoram,03/2021,06/2021,12/2022,06/2026,698.45,698.45,556.91,64.78,April 2026,132
1462,Ministry of Road Transport & Highways,Roads & Highways,Construction of 2-laning with hard shoulder configuration of Chhumkhum to Tlabung from Design Chainage Km 37.420 to Km 74.950 of NH-302 in Mizoram under Bharatmala Pariyojana on EPC mode [Pkg-B],NHIDCL,618363,N24001359,10281,Mizoram,06/2021,07/2021,01/2023,12/2026,740.58,740.58,430.45,61.34,April 2026,132
1463,Ministry of Road Transport & Highways,Roads & Highways,Widening and Up-gradation to 2- Lane with Paved Shoulder Configuration and geometric improvement from Km. 208. 000 to Km 250.000 Package-5 on Aizawl Tuipang Section of NH-54 in the State of Mizoram Package-5,NHIDCL,618379,N24000861,10290,Mizoram,09/2019,10/2019,04/2023,-,752.89,752.89,125.62,95.35,April 2026,132
1464,Ministry of Road Transport & Highways,Roads & Highways,Widening and Up-gradation to 2- Lane with Paved Shoulder Configuration and geometric improvement from Km. 125. 000 to Km 166 Package-3 on Aizawl Tuipang Section of NH-54 in the State of Mizoram Package-3,NHIDCL,618380,N24000857,10291,Mizoram,09/2019,10/2019,04/2023,04/2025,867.09,867.09,159.47,97.51,April 2026,132
1465,Ministry of Road Transport & Highways,Roads & Highways,Widening and up-gradation to 2-lane with paved shoulder configuration and geometric improvements from km 250.00 Lunglei to km 298.00 on Aizawl-Tuipang section under JICA ODA Loan assistance Phase-I Package-6,NHIDCL,618381,N24000863,10292,Mizoram,09/2019,12/2019,06/2023,05/2025,768.76,768.76,168.78,98.73,April 2026,132
1466,Ministry of Road Transport & Highways,Roads & Highways,Widening and up-gradation to 2-lane with paved shoulder configuration and geometric improvements from km 298.00 to km 339.00 on Aizawl-Tuipang section under JICA ODA Loan assistance Phase-I Package-7,NHIDCL,618382,N24000864,10293,Mizoram,09/2019,10/2020,04/2024,05/2025,605.76,750.32,0.01,100.0,April 2026,132
1467,Ministry of Road Transport & Highways,Roads & Highways,Widening and up-gradation to 2-lane with paved shoulder configuration and geometric improvements from km 339.00 to km 380.00 Siaha on Aizawl-Tuipang section under JICA ODA Loan assistance Phase-I Package-8,NHIDCL,618383,N24000865,10294,Mizoram,09/2019,03/2020,09/2023,06/2025,637.06,637.06,101.89,99.82,April 2026,133
1468,Ministry of Road Transport & Highways,Roads & Highways,Widening and Up-gradation to 2- Lane with Paved Shoulder Configuration and geometric improvement from Km. 166. 000 to Km 208.000 Package-4 on Aizawl Tuipang Section of NH-54 in the State of Mizoram Package-4,NHIDCL,618384,N24000862,10295,Mizoram,09/2019,10/2019,04/2023,04/2025,899.45,899.45,191.59,99.88,April 2026,133
1469,Ministry of Road Transport & Highways,Roads & Highways,"2-laning of Zorinpui - Longmasu section of NH-502A from km 0.000 to km 28.244 in the State of Mizoram on EPC mode under NHO-NE, stretch of IMBR",NHIDCL,618452,N24002204,10312,Mizoram,02/2023,12/2024,12/2026,07/2027,781.85,781.85,20.64,4.71,April 2026,133
1470,Ministry of Road Transport & Highways,Roads & Highways,Up-gradation to 2 lane with paved shoutders of Pawlrang - Rulchawm section- of NH- 102B of Aizawl - Imphal Economic Corridor from Existing Chainage km 72.030 to km 104.129 including 2.459 km re-alignment section from Tuivai River to Rulchawm connecting km 48.150 of NH-6 [Design Chainage km 68.170 to km 98.579] in the State of Mizoram under Bharatmala Pariyojna on EPC mode under NHO-NE Package-3 Keifang- Tuivai Pkg-3,NHIDCL,619010,N24002027,10806,Mizoram,12/2021,11/2023,05/2025,07/2025,500.88,500.88,305.45,75.35,April 2026,133
1471,Ministry of Road Transport & Highways,Roads & Highways,Bangalore Chennai Expressway Phase-II Pkg-I from km.71.000 to Km 96.000 Bethamangala in the state of Karnataka to Byreddypalli,National Highways Authority of India [NHAI],619199,-,11890,"Multi-States (Andhra Pradesh, Karnataka)",12/2020,10/2022,10/2024,10/2022,1410.01,1410.01,241.41,98.47,April 2026,133
1472,Ministry of Road Transport & Highways,Roads & Highways,6L Aluru - Jakkuva Section of NH-130CD Road from km 365.033 to km 396.800 Pkg. 1,National Highways Authority of India [NHAI],618681,N24001838,10484,"Multi-States (Andhra Pradesh, Odisha)",02/2021,03/2022,03/2024,06/2026,1216.12,1241.66,683.05,96.23,April 2026,133
1473,Ministry of Road Transport & Highways,Roads & Highways,Bangalore Chennai Expressway Phase-III Package I Gudipala to Walajajhpet from Km 156.000 to Km 180.000,National Highways Authority of India [NHAI],618477,N24001720,10336,"Multi-States (Andhra Pradesh, Tamil Nadu)",10/2020,05/2022,05/2024,06/2026,1481.87,1481.87,711.04,99.02,April 2026,133
1474,Ministry of Road Transport & Highways,Roads & Highways,6L of Veera Kaveri Raja Puram to Pondavakkam from km 61.380 to km 96.040 of NH 716B Pkg-III,National Highways Authority of India [NHAI],618634,N24001819,10452,"Multi-States (Andhra Pradesh, Tamil Nadu)",03/2021,01/2023,01/2025,05/2026,1439.77,1439.77,734.85,98.89,April 2026,133
1475,Ministry of Road Transport & Highways,Roads & Highways,Walajahpet/Ranipet to TN/AP Border Section of from Km.106.800 to Km.133.36 NH-4,National Highways Authority of India [NHAI],618769,-,10548,"Multi-States (Andhra Pradesh, Tamil Nadu)",12/2024,09/2025,09/2027,09/2027,1338.14,1214.7,116.15,10.07,April 2026,133
1476,Ministry of Road Transport & Highways,Roads & Highways,6L of Varadharajula to Kumarajapet from km 0.000 to km 43.800 of NH-716B Pkg-I,National Highways Authority of India [NHAI],618771,N24001820,10549,"Multi-States (Andhra Pradesh, Tamil Nadu)",02/2021,12/2022,12/2024,04/2026,1924.75,1887.38,947.66,99.19,April 2026,133
1477,Ministry of Road Transport & Highways,Roads & Highways,6L of Kumarajapet to Veera Kaveri Raja Puram from km 43.800 to km 61.380 of NH- 716B Pkg-II,National Highways Authority of India [NHAI],618772,N24001988,10550,"Multi-States (Andhra Pradesh, Tamil Nadu)",02/2021,10/2023,10/2025,05/2026,702.52,799.36,370.57,97.75,April 2026,133
1478,Ministry of Road Transport & Highways,Roads & Highways,6 laning of Balance Work of Chennai - Tada from km. 21.40 to km. 54.40,National Highways Authority of India [NHAI],619077,-,-,"Multi-States (Andhra Pradesh, Tamil Nadu)",12/2017,03/2018,03/2020,06/2026,464.62,472.37,182.82,100.0,April 2026,133
1479,Ministry of Road Transport & Highways,Roads & Highways,Khammam-Devarapalle Pkg III [4L Access Controlled Greenfield from Chintagudem village to Recherla village Design Chainage 63117 to 105236],National Highways Authority of India [NHAI],618747,N24001484,10534,"Multi-States (Andhra Pradesh, Telangana)",01/2021,09/2022,09/2024,05/2026,829.5,1227.07,518.85,98.82,April 2026,133
1480,Ministry of Road Transport & Highways,Roads & Highways,4L Access Controlled Greenfield Highway section on NH-163G Khammam Vijayawada from Remidicherla village at Design Ch. 280.200 Km to Jakkampudi village on NH-16 at Design Ch. 309.909 Km Package-III,National Highways Authority of India [NHAI],618818,-,10585,"Multi-States (Andhra Pradesh, Telangana)",03/2023,05/2025,05/2027,12/2027,1183.23,1225.14,1.28,2.8,April 2026,133
1481,Ministry of Road Transport & Highways,Roads & Highways,4L Access Controlled Greenfield Highway section on NH-163G Khammam Vijayawada from BrahmanapalliK village at Design Ch. 250.400 Km to Remidicherla village at Design Ch. 280.200 KmPackage-II,National Highways Authority of India [NHAI],619143,-,11808,"Multi-States (Andhra Pradesh, Telangana)",03/2023,03/2025,03/2027,06/2027,826.01,862.58,69.29,22.08,April 2026,133
1482,Ministry of Road Transport & Highways,Roads & Highways,6L Access Controlled Greenfield Highway of Julekal village to Dinnedevarapadu village from Km 242.200 to Km 280.400 Pkg-2,National Highways Authority of India [NHAI],619212,-,11902,"Multi-States (Andhra Pradesh, Telangana)",01/2022,01/2023,01/2025,12/2026,1227.57,1315.87,524.04,65.24,April 2026,133
1483,Ministry of Road Transport & Highways,Roads & Highways,Widening/Improvement to 4-Lane with Paved Shoulder from km 55000 Nagabang Gamsuk to km 82514 Oyan in the State of Assam and Arunachal Pradesh on EPC mode under Bharatmala Pariyojna of Length 27.514 Km Package-3,NHIDCL,618359,N24002155,10277,"Multi-States (Arunachal Pradesh, Assam)",03/2023,09/2024,03/2027,03/2027,665.47,665.47,295.3,96.7,April 2026,133
1484,Ministry of Road Transport & Highways,Roads & Highways,6L of Aurangabad to Bihar-Jharkhand border Chordaha section from km. 180.000 to km. 209.827 of NH-2 PKG-01,National Highways Authority of India [NHAI],618531,N24001703,10382,"Multi-States (Bihar, Jharkhand)",02/2021,12/2024,12/2026,12/2026,1054.46,786.81,110.8,20.88,April 2026,134
1485,Ministry of Road Transport & Highways,Roads & Highways,6L of Aurangabad to Bihar-Jharkhand border Chordaha section from km. 209.827 to Km. 249.525 of NH-19 PKG-02,National Highways Authority of India [NHAI],618532,N24001700,10383,"Multi-States (Bihar, Jharkhand)",06/2021,03/2022,03/2024,05/2026,1822.46,738.11,605.5,97.92,April 2026,134
1486,Ministry of Road Transport & Highways,Roads & Highways,6L Greenfield Varanasi-Ranchi-Kolkata Highway from Anarbansalea village to Sagrampur village From KM. 151200 to KM. 184700Package-7,National Highways Authority of India [NHAI],618724,-,10519,"Multi-States (Bihar, Jharkhand)",03/2023,07/2025,06/2027,06/2027,1719.2,1723.42,64.54,17.1,April 2026,134
1487,Ministry of Road Transport & Highways,Roads & Highways,Hariharganj to Parwa Mode section from km 23.284 to km 57.049 of NH-98,National Highways Authority of India [NHAI],618951,N24001589,10687,"Multi-States (Bihar, Jharkhand)",09/2020,03/2022,02/2024,06/2026,1125.78,1186.56,609.94,91.3,April 2026,134
1488,Ministry of Road Transport & Highways,Roads & Highways,4L of Sahibganj - Manihari Ganga Bridge including Manihari Bypass,National Highways Authority of India [NHAI],618952,N24000714,10688,"Multi-States (Bihar, Jharkhand)",10/2016,11/2020,10/2024,12/2026,1954.77,1978.01,1820.63,85.17,April 2026,134
1489,Ministry of Road Transport & Highways,Roads & Highways,Six Laning of Bihar - Jharkhand Border Chordaha - Gorhar section of NH-2 from km 249.525 to km 320.810,National Highways Authority of India [NHAI],619078,N24000726,11767,"Multi-States (Bihar, Jharkhand)",12/2017,06/2019,11/2021,12/2026,1772.7,1689.17,562.76,78.0,April 2026,134
1490,Ministry of Road Transport & Highways,Roads & Highways,4L of Munger Mirzachauki section from Km 157350 to Km 193931 Pkg-4,NHAI,619307,-,12097,"Multi-States (Bihar, Jharkhand)",02/2021,08/2022,08/2024,06/2026,1376.56,1481.58,493.65,91.16,April 2026,134
1491,Ministry of Road Transport & Highways,Roads & Highways,Six Laning of Varanasi to Aurangabad from km. 786.00 to km. 978.40 of Old NH-2,National Highways Authority of India [NHAI],618530,N24000182,10381,"Multi-States (Bihar, Uttar Pradesh)",02/2009,09/2011,03/2014,06/2026,3241.56,3241.56,1248.48,95.58,April 2026,134
1492,Ministry of Road Transport & Highways,Roads & Highways,6L Greenfield Varanasi-Ranchi-Kolkata Highway from junction with NH-19 & Varanasi Ring Road near Rewasa village to junction with Chandauli-Chainpur road near Khainti village from Km. 0.000 to Km. 27.000 - Pkg-1,National Highways Authority of India [NHAI],618728,-,10523,"Multi-States (Bihar, Uttar Pradesh)",03/2023,11/2024,11/2026,05/2027,1433.39,1564.15,373.57,38.92,April 2026,134
1493,Ministry of Road Transport & Highways,Roads & Highways,Construction of additional 3-Lane Bridge over River Ganga for connection between Buxar and Bharauli on NH-922 in the State of Uttar Pradesh and Bihar on Hybrid Annuity Mode,National Highways Authority of India [NHAI],618882,-,-,"Multi-States (Bihar, Uttar Pradesh)",03/2024,08/2025,02/2028,02/2028,531.61,444.92,18.86,15.51,April 2026,134
1494,Ministry of Road Transport & Highways,Roads & Highways,Construction of Four Lane Highway from Ghazipur- Ballia-UP/Bihar State Border Greenfield section of NH-31 Package III [from Pindari km 78.150 to Rawalganj Bypass Km 117.120] on EPC Mode in the state of Uttar Pradesh.,National Highways Authority of India [NHAI],619154,-,11812,"Multi-States (Bihar, Uttar Pradesh)",10/2022,08/2023,08/2025,11/2026,1493.5,1493.59,540.0,78.15,April 2026,134
1495,Ministry of Road Transport & Highways,Roads & Highways,4L of Kishanganj - Bahadurganj section from Km. 0.000 to Km. 23.649 & interchange at Start Point Length - 1.200 Km of NH-27,National Highways Authority of India [NHAI],618584,-,-,"Multi-States (Bihar, West Bengal)",01/2025,12/2025,12/2027,12/2027,962.84,855.56,60.94,9.21,April 2026,134
1496,Ministry of Road Transport & Highways,Roads & Highways,6L of Dhanara - Hatibena Section from Km 124.611 to km 146.50 of NH-130-CD Package OD-1,National Highways Authority of India [NHAI],618676,N24001669,10479,"Multi-States (Chhattisgarh, Odisha)",02/2021,03/2022,03/2024,04/2026,477.76,638.32,297.98,99.95,April 2026,134
1497,Ministry of Road Transport & Highways,Roads & Highways,Vadodara Mumbai Expressway Talsari to Karvad Phase IB - Pkg X [Km 103.400 to Km 128.000],National Highways Authority of India [NHAI],619064,N24001786,11759,"Multi-States (Dadra & Nagar Haveli and Daman & Diu, Gujarat, Maharashtra)",10/2020,03/2022,03/2024,11/2026,1909.74,2652.24,671.46,36.23,April 2026,134
1498,Ministry of Road Transport & Highways,Roads & Highways,Dwarka Expressway Pkg-III Delhi/HR Border to Start of RoB Gurugram,National Highways Authority of India [NHAI],618577,-,10413,"Multi-States (Delhi, Haryana)",01/2018,11/2018,11/2020,05/2026,2228.26,2298.37,991.43,100.0,April 2026,134
1499,Ministry of Road Transport & Highways,Roads & Highways,Akshardham - DL/UP Border Pkg-01,National Highways Authority of India [NHAI],619122,N24001771,11791,"Multi-States (Delhi, Uttar Pradesh)",09/2020,06/2022,12/2024,05/2026,1479.22,1476.75,1343.18,100.0,April 2026,134
1500,Ministry of Road Transport & Highways,Roads & Highways,Balance work of 2L PS from Km 30.800 to Km 70.800 and 2L with Rigid Carriageway from Km 70.800 to km 84.120 of Khanapur- KA/GOA Border section of NH-4A,National Highways Authority of India [NHAI],618942,N24001677,-,"Multi-States (Goa, Karnataka)",01/2022,11/2022,05/2024,03/2027,226.76,149.44,109.78,82.45,April 2026,134
1501,Ministry of Road Transport & Highways,Roads & Highways,Bal. Works of Fagne Km. 510.000 to Maharashtra/Gujarat Border Km. 650.794,National Highways Authority of India [NHAI],618637,N24001804,10455,"Multi-States (Gujarat, Maharashtra)",12/2019,09/2020,09/2022,12/2026,1654.07,1672.89,1356.95,97.66,April 2026,134
1502,Ministry of Road Transport & Highways,Roads & Highways,Delhi-Amritsar-Katra Expressway Phase-I Pkg-V from Junction with Ambala-Kaithal- Hissar road NH-152 near Kharak Pandwa village to Junction with Patiala-Samana- Patran road SH-10 near Ghagga village Km 120250 to Km 157920,National Highways Authority of India [NHAI],618486,N24001632,10344,"Multi-States (Haryana, Punjab)",01/2021,05/2022,05/2024,05/2026,1741.86,2281.02,924.51,98.7,April 2026,134
1503,Ministry of Road Transport & Highways,Roads & Highways,4L Greenfield a Malout bypass from ch. Km 44.500 to ch. Km 35.500 on NH-07 and Ch. Km 0.000 to Km 6.984 on NH-09 bMandi Dabwali Bypass from Ch. 38.450 Km to Km 27.910 Pkg-02,National Highways Authority of India [NHAI],618760,N24001638,10542,"Multi-States (Haryana, Punjab)",11/2021,12/2022,07/2024,04/2026,646.42,556.09,549.2,98.0,April 2026,135
1504,Ministry of Road Transport & Highways,Roads & Highways,4L Ambala - Kalaamb from Km. -0.800 to Km. 33.015 of old NH-72,National Highways Authority of India [NHAI],618935,N24002044,10676,"Multi-States (Haryana, Punjab)",10/2022,06/2023,06/2025,05/2026,1183.7,1190.34,452.48,100.0,April 2026,135
1505,Ministry of Road Transport & Highways,Roads & Highways,4L Ismailabad to Ambala Section of NH-152 Lot-4/Package-1,National Highways Authority of India [NHAI],619093,-,-,"Multi-States (Haryana, Punjab)",02/2023,12/2023,12/2025,04/2027,609.32,454.34,169.1,70.83,April 2026,135
1506,Ministry of Road Transport & Highways,Roads & Highways,6L of Ambala-Chandigarh greenfield section from Km. 0.000 to Km. 25.000 with 4L spur to Lalru from Km. 0.000 to Km. 5.828 & spur to PR-7 road from Km. 0.000 to Km. 11.157,National Highways Authority of India [NHAI],619134,N24002098,11802,"Multi-States (Haryana, Punjab)",03/2022,10/2023,10/2025,06/2026,1641.66,1904.79,552.95,80.65,April 2026,135
1507,Ministry of Road Transport & Highways,Roads & Highways,6L access Controlled Greenfield Highway from Adhoya Musalmana to Sadopur section of Shamli -Ambala Package-III Design Ch. Form km 84.400 to km 121.786,National Highways Authority of India [NHAI],619216,-,11906,"Multi-States (Haryana, Punjab)",05/2022,05/2023,05/2025,12/2026,1491.72,1122.86,644.11,71.11,April 2026,135
1508,Ministry of Road Transport & Highways,Roads & Highways,Additional Structures on 6LGurgaon-Jaipur Section of NH-48 between KM 42.700 to KM 273.00,National Highways Authority of India [NHAI],618505,N24002058,-,"Multi-States (Haryana, Rajasthan)",08/2022,12/2022,06/2024,07/2026,409.64,290.64,195.8,87.14,April 2026,135
1509,Ministry of Road Transport & Highways,Roads & Highways,4 laning of Aligarh-Palwal Section from Km. 46.390 Design Chainage to Km. 69.110 Terminating at junction EPE Package-II from Kurana- Eastern Peripheral Expressway of NH-334D,National Highways Authority of India [NHAI],618691,-,10492,"Multi-States (Haryana, Uttar Pradesh)",03/2024,08/2025,08/2027,08/2027,939.17,903.94,146.48,7.5,April 2026,135
1510,Ministry of Road Transport & Highways,Roads & Highways,6L access Controlled Greenfield Highway from Ranipur Barsi to Adhoya Musalmana section of Shamli -Ambala Package-II Design Ch. Form km 45.500 to km 84.400,National Highways Authority of India [NHAI],618723,N24002040,10518,"Multi-States (Haryana, Uttar Pradesh)",06/2022,05/2023,05/2025,12/2026,1554.21,1241.89,721.32,74.5,April 2026,135
1511,Ministry of Road Transport & Highways,Roads & Highways,Construction of Greenfield Connectivity to Jewar International Airport from DND- Faridabad-Ballabhgarh Bypass KMP Link - Spur to Delhi Mumbai Expressway,National Highways Authority of India [NHAI],619068,N24002048,11762,"Multi-States (Haryana, Uttar Pradesh)",07/2022,06/2023,06/2025,04/2027,2920.69,3485.77,1024.9,69.77,April 2026,135
1512,Ministry of Road Transport & Highways,Roads & Highways,2L/4L of Hoshiarpur to Una section including Hoshiarpur Bypass of NH 503A,National Highways Authority of India [NHAI],618907,-,-,"Multi-States (Himachal Pradesh, Punjab)",03/2023,05/2025,05/2027,05/2027,571.34,481.88,63.4,24.87,April 2026,135
1513,Ministry of Road Transport & Highways,Roads & Highways,4L Poanta SahebMednipur from Km. 435.65 to km. 458.65 of NH-07Pkg-1,NHAI,619291,-,12092,"Multi-States (Himachal Pradesh, Uttarakhand)",03/2022,05/2023,05/2025,07/2026,524.54,657.32,253.88,94.25,April 2026,135
1514,Ministry of Road Transport & Highways,Roads & Highways,Delhi-Amritsar-Katra Expressway Phase-II Pkg-XIV from Junction with Pathankot- Gurdaspur road NH-54 near Balsua to Junction with Hiranagar Road near village Gurha Baildaran km 423500 to km 468100,National Highways Authority of India [NHAI],619066,N24001551,11761,"Multi-States (Jammu and Kashmir, Punjab)",10/2021,09/2022,09/2024,09/2026,3044.02,3707.91,1551.33,83.6,April 2026,135
1515,Ministry of Road Transport & Highways,Roads & Highways,4L from Km 219.600 Khajuri to Km 260.483 Wyndhamganj on NH-75 Sec-V,National Highways Authority of India [NHAI],618828,N24002053,10592,"Multi-States (Jharkhand, Uttar Pradesh)",03/2022,09/2023,09/2025,05/2026,1436.49,1465.55,830.18,92.02,April 2026,135
1516,Ministry of Road Transport & Highways,Roads & Highways,Barwa Adda Km. 398.240 to Panagarh Km. 521.120,National Highways Authority of India [NHAI],618533,N24000515,10384,"Multi-States (Jharkhand, West Bengal)",08/2010,04/2014,09/2016,05/2026,1560.39,1568.22,91.41,100.0,April 2026,135
1517,Ministry of Road Transport & Highways,Roads & Highways,6L Greenfield Varanasi- Ranchi- Kolkata Highway from junction with NH-320 in Lepo village to Kamlapur villageJH/WB border from km 358.500 to km 387.200 Pkg -13,National Highways Authority of India [NHAI],618734,-,10524,"Multi-States (Jharkhand, West Bengal)",03/2023,09/2025,09/2027,09/2027,1154.49,1319.18,90.87,17.22,April 2026,135
1518,Ministry of Road Transport & Highways,Roads & Highways,2L PS of JH / WB Border km. 70.524 - Purulia km.84.400 & Purulia km. 94.30 - Chandil Junction with NH-33 km. 153.705 of Old NH-32,National Highways Authority of India [NHAI],618909,N24000788,10656,"Multi-States (Jharkhand, West Bengal)",03/2018,12/2019,08/2022,10/2026,1652.4,1771.88,749.26,97.4,April 2026,135
1519,Ministry of Road Transport & Highways,Roads & Highways,4L of NH-80 section of Mirza Chauki to Farakka section from existing km 190.00 to design km 200.75 junction at km 3.100 of NH 133 B and from existing km 260.00 to existing km 283.00 design km 274.133 in the state of Jharkhand package - II,National Highways Authority of India [NHAI],618948,-,-,"Multi-States (Jharkhand, West Bengal)",02/2025,02/2026,01/2028,01/2028,782.18,782.18,22.95,4.3,April 2026,135
1520,Ministry of Road Transport & Highways,Roads & Highways,4L/2L PS of Govindpur Raiganj - Chas - WB border section of from km. 0.00 to km. 56.889 of Old NH-32,National Highways Authority of India [NHAI],619104,-,-,"Multi-States (Jharkhand, West Bengal)",03/2016,12/2017,12/2019,-,1139.65,1154.8,6.64,99.84,April 2026,135
1521,Ministry of Road Transport & Highways,Roads & Highways,Six Laning of KT/KL Border Thalapaddy -Chengala from Km. 17.200 to Km. 57.20,National Highways Authority of India [NHAI],619205,-,11895,"Multi-States (Karnataka, Kerala)",05/2020,11/2021,05/2024,05/2026,1981.07,2681.48,1060.49,99.2,April 2026,135
1522,Ministry of Road Transport & Highways,Roads & Highways,6L from Belgaum to Sankeshwar Bypass from Km. 515.000 to Km. 555.017 of NH-48 Pkg-I,National Highways Authority of India [NHAI],618515,N24001679,10369,"Multi-States (Karnataka, Maharashtra)",11/2021,10/2022,04/2025,05/2026,1479.3,1237.04,1178.11,100.0,April 2026,136
1523,Ministry of Road Transport & Highways,Roads & Highways,6L from Sankeshwar Bypass to MH-KNT Border from Km. 555.017 to Km. 592.853 of NH-48 Pkg-II,National Highways Authority of India [NHAI],618516,N24001598,10370,"Multi-States (Karnataka, Maharashtra)",01/2022,10/2022,04/2025,11/2026,1388.7,1066.86,1130.54,83.5,April 2026,136
1524,Ministry of Road Transport & Highways,Roads & Highways,Akkalkot MH/KN border New Greenfield corridor from Km 512.000 to Km 548.400 of NH-150C part of Akkalkot KN/TS Border section Package XIV,National Highways Authority of India [NHAI],618636,-,10454,"Multi-States (Karnataka, Maharashtra)",03/2023,10/2024,10/2026,06/2027,1370.75,1403.49,275.76,47.0,April 2026,136
1525,Ministry of Road Transport & Highways,Roads & Highways,Bangalore Ring Road STRR-NH-948A- Package-I of Phase-III from Belagondapalli TN to TN/KNT border from km 144.480 to 179.969,National Highways Authority of India [NHAI],618519,N24001968,10373,"Multi-States (Karnataka, Tamil Nadu)",03/2022,05/2023,05/2025,09/2026,1260.74,1218.47,611.1,75.76,April 2026,136
1526,Ministry of Road Transport & Highways,Roads & Highways,Hosur to Dhamrapuri Pkg-1 [Neraluru - Thorapalli Agraharam],National Highways Authority of India [NHAI],618581,N24001693,10417,"Multi-States (Karnataka, Tamil Nadu)",10/2021,10/2022,10/2024,07/2026,1757.27,1828.66,927.75,78.7,April 2026,136
1527,Ministry of Road Transport & Highways,Roads & Highways,6L of MH/KN Border Nimbal Village to KN/TS Border Singnodi Village from Km. 162.5 to Km. 203.100 in Raichur of NH-150C Pkg-IV,National Highways Authority of India [NHAI],618631,-,10450,"Multi-States (Karnataka, Telangana)",03/2022,11/2022,05/2025,06/2026,1499.73,1457.48,829.47,99.51,April 2026,136
1528,Ministry of Road Transport & Highways,Roads & Highways,6L Access Controlled Greenfield Highway of Nandinne village to Julekal village from Km 202.900 to Km 242.200 Pkg-1,National Highways Authority of India [NHAI],618632,N24001626,10451,"Multi-States (Karnataka, Telangana)",02/2022,01/2023,01/2025,08/2026,972.06,1044.06,408.4,90.13,April 2026,136
1529,Ministry of Road Transport & Highways,Roads & Highways,Thalassery Mahe Bypass Km 170.600 to Km 189.200 of NH-17New NH-66 in Kerala,National Highways Authority of India [NHAI],619097,-,11775,"Multi-States (Kerala, Puducherry)",09/2017,12/2017,05/2020,05/2026,1181.12,1573.18,710.24,100.0,April 2026,136
1530,Ministry of Road Transport & Highways,Roads & Highways,4L Shahpur to Muktainagar from Km. 186.000 to km 216.278 of NH 753L Pkg II of Boregaon Buzurg to Muktainagar,National Highways Authority of India [NHAI],619101,-,11779,"Multi-States (Madhya Pradesh, Maharashtra)",12/2022,03/2024,03/2026,10/2026,784.35,659.52,299.09,64.0,April 2026,136
1531,Ministry of Road Transport & Highways,Roads & Highways,"Construction of 26 VUPs, Major Bridge, Service Road etc. on Lalitpur-Sagar- Lakhnadon section of NH-44 NS",National Highways Authority of India [NHAI],618556,-,10402,"Multi-States (Madhya Pradesh, Uttar Pradesh)",02/2023,03/2024,03/2026,06/2026,665.91,665.91,507.56,95.19,April 2026,136
1532,Ministry of Road Transport & Highways,Roads & Highways,4L of Chowka to Kaimaha near MP/UP Border section NH-34 from D. Ch. 145.000 to D. Ch. 197.266 excluding existing Chhatarpur bypass from D. Ch. 160.307 to D. Ch. 168.630 Package-4,National Highways Authority of India [NHAI],618668,-,10473,"Multi-States (Madhya Pradesh, Uttar Pradesh)",10/2024,09/2025,09/2027,09/2027,996.5,846.68,162.84,30.89,April 2026,136
1533,Ministry of Road Transport & Highways,Roads & Highways,Mangloor to Telangana Maharashtra Border,National Highways Authority of India [NHAI],618624,-,10448,"Multi-States (Maharashtra, Telangana)",03/2018,04/2019,04/2021,03/2021,1082.65,1323.12,180.13,96.02,April 2026,136
1534,Ministry of Road Transport & Highways,Roads & Highways,4L of Rajura-Korpana-Adilabad Road upto M.S. Border from km 32.910 to km 89.090 of NH-353B,National Highways Authority of India [NHAI],618938,N24001796,10679,"Multi-States (Maharashtra, Telangana)",03/2022,10/2022,10/2024,05/2026,1013.33,1274.63,630.06,100.0,April 2026,136
1535,Ministry of Road Transport & Highways,Roads & Highways,4L of Bamni - Rajura - Warur - Devada upto M.S. Border of NH - 930D from km 19.000 to km 51.985,National Highways Authority of India [NHAI],618941,-,10680,"Multi-States (Maharashtra, Telangana)",03/2022,03/2024,03/2026,12/2026,968.05,1187.19,599.67,68.15,April 2026,136
1536,Ministry of Road Transport & Highways,Roads & Highways,Viluppuram Km.0.000 to Puducherry Km.29.000,National Highways Authority of India [NHAI],618844,-,10603,"Multi-States (Puducherry, Tamil Nadu)",03/2018,11/2021,11/2023,06/2026,1358.31,1162.44,524.82,98.32,April 2026,136
1537,Ministry of Road Transport & Highways,Roads & Highways,Puducherry Km.29.000 to Poondiyankuppam Km.67.000,National Highways Authority of India [NHAI],618845,N24001429,10604,"Multi-States (Puducherry, Tamil Nadu)",03/2018,11/2021,11/2023,06/2026,1588.4,1415.9,405.48,98.75,April 2026,136
1538,Ministry of Road Transport & Highways,Roads & Highways,Sattanathapuram to Nagapattinam from Km 123.800 to Km 179.555,National Highways Authority of India [NHAI],618847,N24001431,10606,"Multi-States (Puducherry, Tamil Nadu)",03/2018,10/2020,10/2022,08/2026,2899.77,2899.77,1201.6,82.3,April 2026,136
1539,Ministry of Road Transport & Highways,Roads & Highways,4L of left out existing road section from Lalgopalganj Km 161.450 to Nawabganj Km 180.200 in Prayagraj,National Highways Authority of India [NHAI],618755,-,-,"Multi-States (Rajasthan, Uttar Pradesh)",03/2024,04/2025,03/2026,05/2026,159.53,100.74,72.27,100.0,April 2026,136
1540,Ministry of Road Transport & Highways,Roads & Highways,6L with access control provision Saharanpur bypass to Ganeshpur section from 13.89 Km to 41.820 Km of Delhi- Dehradun Economic Corridor package-2,National Highways Authority of India [NHAI],618711,N24001629,10506,"Multi-States (Uttar Pradesh, Uttarakhand)",04/2022,11/2022,11/2024,05/2026,796.65,560.03,499.88,99.29,April 2026,136
1541,Ministry of Road Transport & Highways,Roads & Highways,4-laning of Pilibhit - Sitarganj from Km. 32.500 to Km. 70.800 Pkg-2 of NH-30,National Highways Authority of India [NHAI],618783,-,10558,"Multi-States (Uttar Pradesh, Uttarakhand)",01/2023,03/2024,03/2026,01/2027,1471.19,1471.19,416.11,35.2,April 2026,136
1542,Ministry of Road Transport & Highways,Roads & Highways,Road Safety Improvement of Critical Junctions on MuzaffarnagarHaridwar Section of NH-334 from Km 143000 to Km 196000,National Highways Authority of India [NHAI],618886,-,-,"Multi-States (Uttar Pradesh, Uttarakhand)",04/2025,10/2025,10/2027,10/2027,238.66,0.1,11.65,11.12,April 2026,137
1543,Ministry of Road Transport & Highways,Roads & Highways,Construction of Rudrapur Bypass Section from Km. 0.000 to 20.640 in the state of Uttar Pradesh & Uttarakhand,National Highways Authority of India [NHAI],618912,-,10659,"Multi-States (Uttar Pradesh, Uttarakhand)",03/2023,01/2024,01/2026,05/2026,1051.73,1117.17,665.1,99.1,April 2026,137
1544,Ministry of Road Transport & Highways,Roads & Highways,"Improvement & Up-gradation of NH-734 Section of Moradabad-Thakurdwara Kashipur including Moradabad & Kashipur Bypasse Package-III Kashipur Bypass Length 14.490 Km., Starts from Ch. 38770 and ends at Ch. 53260 existing Ch. 05560",National Highways Authority of India [NHAI],618928,N24002093,10672,"Multi-States (Uttar Pradesh, Uttarakhand)",02/2023,03/2024,09/2025,12/2026,936.12,717.5,332.92,44.14,April 2026,137
1545,Ministry of Road Transport & Highways,Roads & Highways,4/6L of Spur to Haridwar Greenfield from Km. 0.000 to Km. 50.70,National Highways Authority of India [NHAI],618969,N24001628,10699,"Multi-States (Uttar Pradesh, Uttarakhand)",11/2021,02/2023,02/2025,06/2026,2155.95,2612.3,1469.55,91.5,April 2026,137
1546,Ministry of Road Transport & Highways,Roads & Highways,4L of Haridwar-Nagina section from km. 0.00 to km. 71.614 of NH-74,National Highways Authority of India [NHAI],619217,-,-,"Multi-States (Uttar Pradesh, Uttarakhand)",12/2015,01/2018,07/2020,05/2026,1659.12,1622.49,822.5,97.64,April 2026,137
1547,Ministry of Road Transport & Highways,Roads & Highways,Widening of existing Single lane / Intermediate lane road to 2 lane from Km 101 to Km 125 of NH 61,MoRTH,617886,N24001465,-,Nagaland,06/2020,06/2024,06/2026,12/2026,252.2,252.2,0.0,44.46,April 2026,137
1548,Ministry of Road Transport & Highways,Roads & Highways,Widening of existing single lane to intermediate lane road from Mokokchung to Chare via Dikhu in the state of Nagaland on EPC mode,MoRTH,618002,N24001418,-,Nagaland,02/2021,06/2023,06/2025,-,192.93,192.93,99.65,0.0,April 2026,137
1549,Ministry of Road Transport & Highways,Roads & Highways,Widening to Existing single lane /intermediate lane to 2 lane from Km185.00 to Km 220.00 of NH-61 New NH-02 in the state of Nagaland.,MoRTH,618072,N24001466,-,Nagaland,03/2021,07/2022,07/2024,03/2026,297.25,297.25,149.19,100.0,April 2026,137
1550,Ministry of Road Transport & Highways,Roads & Highways,"Construction of 2-lane with Paved shoulder of Kohima- Bypass Road Connecting NH- 39New NH-02, NH-150New NH-02, NH-61New NH-29, NH-39New NH-02 from Design Km 32.00 to Design Km 43.454Design Length-11.454 Km in the State of Nagaland under SARDP-NE on EPC Mode Package-IV",NHIDCL,618290,N24001258,-,Nagaland,07/2020,10/2020,04/2022,12/2026,202.36,202.36,94.2,45.52,April 2026,137
1551,Ministry of Road Transport & Highways,Roads & Highways,"Construction of 2-lane with Paved shoulder of Kohima-Bypass Road connecting NH- 39 New NH-02, NH150New NH-02, NH7-61 New NH-29 and NH-39 New NH-02 from Design km 21.000 to km 32.268 [Design length11.268 km] in the state of Nagaland Under SARDP-NE on EPC Mode Package- 3",NHIDCL,618291,N24001257,-,Nagaland,07/2020,06/2023,06/2025,12/2026,159.85,342.29,84.22,37.38,April 2026,137
1552,Ministry of Road Transport & Highways,Roads & Highways,Construction of 2-Lane with paved shoulder of Kohima-Bypass Road connecting New NH-02 and New NH-29 from Design Km 10.500 to design Km 21.000 [Design Length- 10.500 km] including TUNNEL of 500m at Ch. 11.000 in the state of Nagaland Under SARDP-NE on EPC Mode Package-2,NHIDCL,618292,N24001255,-,Nagaland,07/2020,10/2020,10/2022,06/2026,277.44,277.44,192.45,69.82,April 2026,137
1553,Ministry of Road Transport & Highways,Roads & Highways,"Construction of 2-Lane with paved shoulder of Kohima-Bypass Road connecting NH- 39New NH-02, NH-150New NH-02, NH-61New NH-29 and NH-39New NH-02 from design Km 0.00 to Km 10.500 in the State of Nagaland under SARDP-NE on EPC Mode Package-1 -Balance work",NHIDCL,618293,N24001288,-,Nagaland,07/2020,11/2023,11/2026,11/2026,232.29,350.88,12.48,25.61,April 2026,137
1554,Ministry of Road Transport & Highways,Roads & Highways,Balance work of Construction of 2-lane with hard shoulder of Kohima - Jessami road on NH-29 old NH-150 from existing km 98.380 near Chizami vill. to km120.367 Nagaland/Manipur Border [Design km 95.700 to design km 117.200] [Design Length 21.500 km] in the state of Nagaland Under Bharatmala Pariyojna on EPC Mode Package-V under NHO,NHIDCL,618296,N24001287,-,Nagaland,03/2020,11/2023,11/2025,05/2026,330.8,330.8,0.0,93.04,April 2026,137
1555,Ministry of Road Transport & Highways,Roads & Highways,Construction of 2-lane with hard shoulder of Kohima - Jessami road on NH-29 Old NH- 150 from existing Km 30.474 Near Kidwema road Chakahabama to existing Km 53.220 Near Kikruma Village Design Km 29.60 to Km 51.50 Design length-21.90 Km in the state of Nagaland Under Bharatmala Pariyojna on EPC Mode under NHO Package-II -Balance work,NHIDCL,618297,N24001282,-,Nagaland,03/2020,01/2024,01/2026,12/2026,355.79,355.79,0.0,40.88,April 2026,137
1556,Ministry of Road Transport & Highways,Roads & Highways,4-Laning of Balance work of Dimapur-Kohima Road from design km 152.490 to km 166.700 Existing km 156.000 to km 172.900 Excluding Dimapur & Kohima Bypass under SARDP-NE Package-III,NHIDCL,618328,N24001278,10263,Nagaland,03/2016,09/2023,09/2025,-,562.98,794.75,119.71,82.59,April 2026,137
1557,Ministry of Road Transport & Highways,Roads & Highways,Construction of 4/6 Laning from Km 132.375 to Km 153.058 Total New Alignment length of 20.683 Km of Daboka-Dimapur Section Dimapur Bypass Nagaland Portion of NH-36 & 39 in the State of Nagaland on EPC basis under PhaseA of SARDP-NE,NHIDCL,618329,N24001281,10264,Nagaland,02/2017,09/2017,09/2020,02/2023,819.39,819.39,0.0,0.0,April 2026,137
1558,Ministry of Road Transport & Highways,Roads & Highways,"Widening to 2 Lane with Hard shoulder of Akegwo-Avangkhu section of NH-202K for Package-I Design Chainage 0000 Km to 34795 Km, in the State of Nagaland on EPC mode under NH O-NE",NHIDCL,618364,N24001976,-,Nagaland,12/2022,08/2023,02/2026,02/2026,430.24,430.24,0.0,87.0,April 2026,138
1559,Ministry of Road Transport & Highways,Roads & Highways,Widening to 2 Lane with Hard shoulder of Akegwo-Avangkhu section of NH-202K for Package-III Design Chainage 69875 Km to 106816 Km in the State of Nagaland on EPC mode under NHO-NE,NHIDCL,618365,N24001978,-,Nagaland,12/2022,08/2023,02/2026,02/2026,497.18,497.18,0.0,85.67,April 2026,138
1560,Ministry of Road Transport & Highways,Roads & Highways,Widening to 2 Lane with Hard shoulder of Akegwo-Avangkhu section of NH-202K for Package-II Design Chainage 34795 Km to 69875 Km in the State of Nagaland on EPC mode under NHO-NE,NHIDCL,618366,N24001977,-,Nagaland,12/2022,08/2023,02/2026,02/2026,442.54,442.54,0.0,54.66,April 2026,138
1561,Ministry of Road Transport & Highways,Roads & Highways,Construction of 2 laning with Hard shoulder of Peren-Dimapur section on NH 129A from Design Km 146.208 to Km 163.592 Length- 17.384 km in the state of Nagaland on EPC mode under NHO-TSP Package-III,NHIDCL,618413,N24001912,-,Nagaland,02/2021,06/2023,06/2025,06/2026,177.77,199.02,0.0,93.37,April 2026,138
1562,Ministry of Road Transport & Highways,Roads & Highways,Construction of Balance work for 2-lane with hard shoulder of Peren- Dimapur section on NH-129A from Design Km 126.775 to Km 146.208 Length 19.433 Km in the state of Nagaland on EPC mode under NHO-TSP Package-II,NHIDCL,618414,N24001406,-,Nagaland,01/2021,09/2023,09/2025,09/2025,258.52,258.52,60.72,96.53,April 2026,138
1563,Ministry of Road Transport & Highways,Roads & Highways,"Construction of 2-lane with hard shoulders of Merangkong-Tamlu-Mon road Wakching Twon portion on EPC basis from existing Chainage Km 59000 to Km 73640 [Design Km. 59000 to Km, 72450] Design length - 13.450 Km under SARDP-NE package-V Balance work",NHIDCL,618422,N24001438,-,Nagaland,03/2021,09/2023,09/2025,04/2026,161.73,161.73,14.12,99.5,April 2026,138
1564,Ministry of Road Transport & Highways,Roads & Highways,Construction of 2-Lane with hard shoulders of Merangkong-Tamlu-Mon MTM Road from existing Km 20.456 to Km 41.065 Design Km. 20 to Km. 40.0 Design Length- 20.000 Km in the State of Nagaland under SARDP-NE Phase-A Pkg-2 Balance work,NHIDCL,618423,N24000763,-,Nagaland,03/2018,08/2023,08/2025,03/2026,215.79,215.79,28.64,100.0,April 2026,138
1565,Ministry of Road Transport & Highways,Roads & Highways,Construction of 2-Lane with hard shoulders of Merangkong-Tamlu-Mon Road on EPC Basis from existing road Km. 76.640 to Km 98.065 Design chainage Km. 63.800 to Km. 86.835 Design Length-23.035 Km in the state of Nagaland under SARDP-NE PKG-IV Balance work,NHIDCL,619059,N24000765,-,Nagaland,03/2018,09/2023,09/2025,12/2026,323.98,323.98,70.46,75.05,April 2026,138
1566,Ministry of Road Transport & Highways,Roads & Highways,New construction of Major Bridge with Approaches from Km 0.000 to 1.200 Madhopur -Badabanta section of NH-20 under NHO in Annual Plan 2022-23 in the State of Odisha,MoRTH,617898,-,-,Odisha,03/2023,04/2025,10/2027,10/2027,199.5,199.5,0.1,0.0,April 2026,138
1567,Ministry of Road Transport & Highways,Roads & Highways,Widening and Strengthening to 4LPS/2LPS from km 0.000 to 35.800 Kuakhia - Mangalpur section of NH 20 in the state of Odisha on Annual Plan 2021-22,MoRTH,617899,N24002136,10133,Odisha,03/2022,02/2024,02/2026,11/2026,636.1,636.1,292.74,56.11,April 2026,138
1568,Ministry of Road Transport & Highways,Roads & Highways,construction or By-pass road on NH-26 for Nabrangpur Town,MoRTH,617902,-,-,Odisha,03/2023,12/2024,12/2026,12/2026,168.95,168.95,7.84,21.0,April 2026,138
1569,Ministry of Road Transport & Highways,Roads & Highways,Construction of Bypass road to Balangir town from km 72/400 Desing km 0/0 to km 79/800 Design km 11/670 of NH-26 in the State of Odisha.,MoRTH,617904,N24001862,-,Odisha,02/2022,04/2023,10/2025,07/2026,238.78,238.78,6.09,55.0,April 2026,138
1570,Ministry of Road Transport & Highways,Roads & Highways,Construction of 4 lane ROB with approaches in lieu of LC No. RV-172 at km 176.00 of NH-201 present NH-26 at Kesinga including land acquisition in the state of Odisha on EPC mode under Annual Plan 2021-22,MoRTH,617905,N24001865,-,Odisha,12/2021,05/2023,05/2025,10/2026,324.09,324.09,84.57,70.09,April 2026,138
1571,Ministry of Road Transport & Highways,Roads & Highways,Widening and Strengthening to 2LPS including LA from km 318.970 to 353.450 Balikuda-Mulkani Section of NH-55 under NHO in Annual Plan 2022-23 in the State of Odisha. Job No. NH-55-OD-2022-23-656,MoRTH,617920,-,10138,Odisha,01/2022,06/2025,06/2027,06/2027,511.54,511.54,0.0,3.0,April 2026,138
1572,Ministry of Road Transport & Highways,Roads & Highways,Widening and strengthening to 2LPS including LA of Kandarpur-Balikuda from km 277/500 to 318/970 of NH-55 in the State of Odisha under Annual Plan 2021-22.,MoRTH,617921,N24001858,-,Odisha,03/2022,06/2023,06/2025,05/2026,499.79,499.79,129.74,60.65,April 2026,138
1573,Ministry of Road Transport & Highways,Roads & Highways,Construction of Jharsuguda Bypass including Land acqusition on NH-49 from km 258.636 to km 283.300 design chainage 258.636 to km 289.876 under NHO in Annual Plan 2022-23 for the state of Odisha Job No.NH-49-OD-2022-23-655,MoRTH,617922,-,10139,Odisha,09/2021,01/2025,07/2027,07/2027,587.1,587.1,52.43,21.0,April 2026,138
1574,Ministry of Road Transport & Highways,Roads & Highways,Construction of Daspalla Bypass from km 195.250 To 200.635 of NH-57 including land acquisition in the state of Odisha on EPC mode under Annual Plan 2022-23.,MoRTH,617923,-,-,Odisha,02/2023,05/2025,05/2027,05/2027,155.97,155.97,36.6,20.0,April 2026,139
1575,Ministry of Road Transport & Highways,Roads & Highways,Construction of bypass to Nayagarh town from km 235.469 to 252.482 of NH-57 including land acquisition in the state of Odisha.,MoRTH,617924,N24001860,-,Odisha,01/2022,05/2023,04/2025,03/2026,300.33,300.33,82.33,100.0,April 2026,139
1576,Ministry of Road Transport & Highways,Roads & Highways,Construction of Bypass to Khordha town from Km 294/000 to 300/300 on NH-57 including LA in the State of Odisha on EPC mode.,MoRTH,617925,N24001861,-,Odisha,02/2022,05/2023,11/2024,06/2026,157.49,157.49,33.61,82.0,April 2026,139
1577,Ministry of Road Transport & Highways,Roads & Highways,Construction of Bypass on NH-59 from Km 336/350 to 349/910 13.56 km near Berhampur town including 4-lane RoB in the state of Odisha.,MoRTH,617930,N24001859,-,Odisha,03/2021,03/2022,12/2025,06/2026,196.94,196.94,51.16,75.0,April 2026,139
1578,Ministry of Road Transport & Highways,Roads & Highways,Construction of four lane ROB and its approaches in lieu of existing Level Crossing No. RV-71 at km 435 on NH-217 New NH-353 at Khariar including land acquisition under NHO in Annual Plan 2021-22 for the state of Odisha for F.Y. 2021-22 to F.Y 2033-34,MoRTH,618003,N24001419,-,Odisha,11/2021,06/2023,12/2024,06/2026,154.49,154.49,22.32,72.0,April 2026,139
1579,Ministry of Road Transport & Highways,Roads & Highways,"Widening & strengthenlng to 2LPS from km 0,000 to 40.000 Dhaugaon- Podamari section of NH 326 in the State of Odisha under Annual Plan 2021.22.",MoRTH,618012,N24002135,-,Odisha,03/2022,02/2024,02/2026,06/2026,186.52,186.52,42.83,60.0,April 2026,139
1580,Ministry of Road Transport & Highways,Roads & Highways,Construction of Dharmagarh Bypass on NH-130C including land acquisition in the state of Odisha on EPC Mode under Annual plan 2022-23.,MoRTH,618079,-,-,Odisha,03/2023,04/2025,10/2026,10/2026,172.66,172.66,0.0,15.0,April 2026,139
1581,Ministry of Road Transport & Highways,Roads & Highways,Widening to 2 lane with paved shoulded of Jareikela Jharkhand/Odisha Border - Dhabaleswar section from 0/0 to 36/0 of NH-320D in the State of Odisha under Annual Plan 2021-22.,MoRTH,618122,-,-,Odisha,03/2022,10/2024,10/2026,10/2026,172.09,172.09,0.0,20.25,April 2026,139
1582,Ministry of Road Transport & Highways,Roads & Highways,Bhadrak KM 136.500 to Baleshwar KM 199.141,National Highways Authority of India [NHAI],618523,N24000738,10376,Odisha,11/2014,03/2019,09/2021,11/2026,844.67,1394.82,538.51,91.32,April 2026,139
1583,Ministry of Road Transport & Highways,Roads & Highways,"Construction of 6-lane flyover at Ainthapali junction and a 2-lane ROB LHS on NH-53 Earlier NH-6 in Sambalpur, on EPC mode in Odisha under NHO",National Highways Authority of India [NHAI],618591,-,-,Odisha,03/2024,06/2024,12/2026,12/2026,374.17,211.74,97.05,50.0,April 2026,139
1584,Ministry of Road Transport & Highways,Roads & Highways,"Balance work of 8 nos. of Elephant Underpasses EUPs, 1 no. of Vehicular Underpass VUP, 1 nos. of Light Vehicular Underpass LVUP, 1 nos. of Pedestrian Underpass PUP, 1 nos. of Foot Over Bridge FOB and A2 side approach of Jharpokharia Flyover at Km.215.270 in Baharagora-Singhara section of NH-49",National Highways Authority of India [NHAI],618592,-,-,Odisha,09/2023,11/2024,05/2026,03/2027,320.64,244.85,33.71,18.0,April 2026,139
1585,Ministry of Road Transport & Highways,Roads & Highways,Balance work of Rehabilitation and Upgradation to four laning of Baharagora Singhara section of NH-49 from Km.229.727 to Km.238.990 Length 9.263 Km. including construction of five nos. of Elephant Underpasses EUP and fourteen nos. of Animal Underpasses AUP inside the buffer zone of Similipal Tiger Reserve Area in Bangriposi Ghat section in the State of Odisha on EPC Mode,National Highways Authority of India [NHAI],618593,-,-,Odisha,03/2025,05/2025,11/2027,11/2027,263.32,163.07,8.76,8.8,April 2026,139
1586,Ministry of Road Transport & Highways,Roads & Highways,6L Greenfield Kaliagura Baunsaguar Section of NH-130-CD Road from km 249000 to km 293000 Package OD-5,National Highways Authority of India [NHAI],618677,N24001667,10480,Odisha,09/2021,05/2022,05/2024,06/2026,1539.75,1918.49,981.3,94.81,April 2026,139
1587,Ministry of Road Transport & Highways,Roads & Highways,6L Greenfield Baunsaguar - Baraja Section of NH-130-CD Road from km 293000 to km 338500 Package OD-6,National Highways Authority of India [NHAI],618678,N24001678,10481,Odisha,08/2021,06/2022,05/2024,06/2026,1265.59,1635.44,874.99,98.96,April 2026,139
1588,Ministry of Road Transport & Highways,Roads & Highways,6L Greenfield Kandili - Aluru Section of NH-130-CD Road from km 342500 to km 365033 Package-OD-8,National Highways Authority of India [NHAI],618680,N24001665,10483,Odisha,12/2021,10/2022,10/2024,05/2026,1492.74,1912.84,1032.78,97.47,April 2026,139
1589,Ministry of Road Transport & Highways,Roads & Highways,6L Flyover including RE Wall approaches with Flexible Pavement in the Elephant Corridor of Angul Sambalpur Section of NH-42 New NH-55 Km.202.533,National Highways Authority of India [NHAI],618704,-,-,Odisha,09/2023,06/2024,01/2027,06/2026,150.86,106.32,102.13,99.98,April 2026,139
1590,Ministry of Road Transport & Highways,Roads & Highways,"4L Godibandha to Ballhar Chhak, Ballhar Chhak to Banarpal & Banarpal to Start of Angul bypass at Km.314.130 to Km.321.035 of NH53, at Km.75.200 to Km.84.000 of NH149 & at Km.84.000 to Km.86.100 of NH55",National Highways Authority of India [NHAI],618705,-,12085,Odisha,12/2024,02/2026,02/2028,02/2028,973.12,973.12,153.23,1.5,April 2026,139
1591,Ministry of Road Transport & Highways,Roads & Highways,Balance work of Panikoili Rimoli Section of new NH-20 from Km 0.00 to Km. 163.000,National Highways Authority of India [NHAI],618819,N24001647,-,Odisha,09/2020,03/2021,03/2022,07/2022,183.03,200.79,89.36,99.0,April 2026,140
1592,Ministry of Road Transport & Highways,Roads & Highways,Rehabilitation and Up gradation from 4 to 8 laning of Chandikhole Paradip Section of NH-53 Old NH 5A from Km.39.000 to Km.60.00 Package-3,National Highways Authority of India [NHAI],618820,N24002079,10586,Odisha,03/2023,12/2023,12/2025,09/2026,861.84,938.55,383.65,91.0,April 2026,140
1593,Ministry of Road Transport & Highways,Roads & Highways,Rehabilitation and Up gradation from 4 to 8 laning of Chandikhole Paradip Section of NH-53 Old NH 5A from Km 18.00 to Km 39.00 in the State of Odisha on HAM mode Package-2,National Highways Authority of India [NHAI],618821,N24002080,10587,Odisha,03/2023,12/2023,12/2025,08/2026,920.47,950.4,412.89,91.0,April 2026,140
1594,Ministry of Road Transport & Highways,Roads & Highways,Rehabilitation and Up gradation from 4 to 8 laning of Chandikhole Paradip Section of NH-53 Old NH 5A from Km.0.00 to Km.18.00Package-1,National Highways Authority of India [NHAI],618822,-,10588,Odisha,03/2023,12/2023,12/2025,08/2026,929.91,869.45,365.01,92.3,April 2026,140
1595,Ministry of Road Transport & Highways,Roads & Highways,3L Major Bridge over River Brahmani at Km. 401.250 Duburi - Chandikhole Section of NH-200 New NH -53,National Highways Authority of India [NHAI],618908,N24002081,-,Odisha,04/2022,08/2022,01/2025,12/2026,153.61,103.68,73.59,38.0,April 2026,140
1596,Ministry of Road Transport & Highways,Roads & Highways,4-L of Rajamunda to Barkote Section of NH-23 from km. 287.200 to km. 337.185,National Highways Authority of India [NHAI],618913,N24000739,10660,Odisha,10/2017,12/2018,06/2021,12/2024,609.63,630.97,114.77,96.52,April 2026,140
1597,Ministry of Road Transport & Highways,Roads & Highways,6L of Bhubaneswar - Jagatpur - Chandikhole Section of NH-16,National Highways Authority of India [NHAI],619075,-,-,Odisha,01/2009,12/2011,06/2014,05/2026,639.3,632.89,52.23,97.48,April 2026,140
1598,Ministry of Road Transport & Highways,Roads & Highways,6L of Badakumari - Karki Section from Km 179.000 to km 226.500 of NH-130-CD Package OD-3,National Highways Authority of India [NHAI],619109,N24001668,11784,Odisha,03/2021,04/2022,04/2024,05/2026,1101.76,1374.43,645.61,99.7,April 2026,140
1599,Ministry of Road Transport & Highways,Roads & Highways,Four Laning of Angul to Sambalpur from Km.112.000 to Km.265.000,National Highways Authority of India [NHAI],619118,N24000619,-,Odisha,09/2016,03/2017,08/2019,05/2026,2510.04,2632.91,1194.15,99.98,April 2026,140
1600,Ministry of Road Transport & Highways,Roads & Highways,Cuttack-Angul Section of NH-42 New NH-55 from km 0.400 to km 60.200 Pkg-I in the State of Odisha,National Highways Authority of India [NHAI],619119,N24000715,11789,Odisha,10/2017,01/2018,07/2020,06/2026,999.32,1178.31,512.79,99.0,April 2026,140
1601,Ministry of Road Transport & Highways,Roads & Highways,4 Laning of Talcher to end of Kamakhyanagar Bypass km 8.844 - km 15.725 of NH- 149 and km 301.875 - km 335.946 of NH-53 Pkg-I,National Highways Authority of India [NHAI],619157,N24000734,11814,Odisha,01/2018,02/2019,08/2021,10/2026,795.18,810.71,402.98,99.0,April 2026,140
1602,Ministry of Road Transport & Highways,Roads & Highways,4 Laning of Duburi Chandikhole from km 388.376 to km 428.074 Pkg-III,National Highways Authority of India [NHAI],619158,N24000733,11815,Odisha,01/2018,02/2020,08/2022,06/2026,789.0,907.61,572.09,86.0,April 2026,140
1603,Ministry of Road Transport & Highways,Roads & Highways,Rehabilitation and Up gradation from 4 to 8 laning of Chandikhole Paradip Section of NH-53 Old NH 5A from Km.60.000 to Km.76.646 Package-4,National Highways Authority of India [NHAI],619181,-,11884,Odisha,03/2023,11/2024,10/2026,10/2027,882.45,1009.92,163.87,32.0,April 2026,140
1604,Ministry of Road Transport & Highways,Roads & Highways,6L of Hatibena - Badakumari Section from Km 146.50 to km 179.00 of NH-130-CD Package OD-2,National Highways Authority of India [NHAI],619213,-,11903,Odisha,02/2021,03/2022,03/2024,05/2026,791.17,1070.63,727.37,99.95,April 2026,140
1605,Ministry of Road Transport & Highways,Roads & Highways,Cuttack-Angul Section of NH-42 New NH-55 from Km.60.200 to Km. 112.000 Pkg-II in the State of Odisha,National Highways Authority of India [NHAI],619215,-,11905,Odisha,10/2017,03/2018,09/2020,06/2026,991.41,1168.82,499.5,99.66,April 2026,140
1606,Ministry of Road Transport & Highways,Roads & Highways,Development to 4-lane with paved shoulder for the road section Talwandi Sabo- Raman road to refinery Road junction with Bathinda Dabwali Road of NH-254 from existing Km 131.600 to Km 155.650 Design Km 131600 to km 155600 in the State of Punjab. Job No NH-254-PB-2022-23-565,MoRTH,618010,-,10163,Punjab,03/2023,05/2025,11/2026,11/2026,546.67,546.67,0.0,45.0,April 2026,140
1607,Ministry of Road Transport & Highways,Roads & Highways,Work of Widening/upgradation of 2-Lane with paved shoulder of Sri Muktsar Sahib to Malout road from Km 279.400 to Km 307.060 section of NH-354 in the State of Punjab on EPC mode. Job No. NH-354-PB-2021-22-555,MoRTH,618023,N24001961,-,Punjab,03/2022,10/2023,04/2025,03/2026,152.58,152.58,0.0,100.0,April 2026,140
1608,Ministry of Road Transport & Highways,Roads & Highways,Up-gradation to two lane with paved shoulder configuration of NH-354 Section Arifkes- Ferozepur-Muktsar-Malaut from Km 201.500 to Km 212.500 & Km 229.690 to Km 269.960 and strengthening of existing pavement from Km 212.500 to Km 229.690 excluding Km 218.500 to 223.690 of NH-354 on EPC Mode in the State of Punjab. Job No. NH-354-PB-2020-21-532,MoRTH,618024,N24001960,-,Punjab,03/2021,10/2023,04/2025,06/2026,263.19,263.19,0.0,83.0,April 2026,140
1609,Ministry of Road Transport & Highways,Roads & Highways,Delhi-Amritsar-Katra Expressway Phase-I Pkg-VII from Junction with Patiala-Bathinda road NH-7 near Bhawanigarh to Junction with Ludhiana-Malerhkotla SH-11 near Bhogiwal village Km 188830 to km 225770,National Highways Authority of India [NHAI],618487,N24001415,10345,Punjab,12/2020,07/2022,07/2024,06/2026,1759.82,1774.32,1250.45,95.8,April 2026,141
1610,Ministry of Road Transport & Highways,Roads & Highways,Delhi-Amritsar-Katra Expressway Phase-I Pkg-VIII from Junction with Ludhiana- Malerkotla SH-11 near Bhogiwal village to Junction with Ludhiana-Moga road NH-5 near Mullanpur Dakha Km 225770 to km 260860,National Highways Authority of India [NHAI],618488,N24001416,10346,Punjab,12/2020,03/2023,03/2025,-,1895.74,2034.94,751.95,31.08,April 2026,141
1611,Ministry of Road Transport & Highways,Roads & Highways,Delhi-Amritsar-Katra Expressway Phase-I Pkg-IX from Junction with Ludhiana-Moga road NH-5 near Mullanpur Dakha to Junction with Jalandhar - Moga road NH-703 near Kang Sahibu village Km 260860 to km 303900,National Highways Authority of India [NHAI],618489,N24001417,10347,Punjab,12/2020,07/2022,07/2024,03/2027,1851.47,2407.14,1348.9,73.26,April 2026,141
1612,Ministry of Road Transport & Highways,Roads & Highways,Delhi-Amritsar-Katra Expressway Phase-I Pkg-X from Jn. with Jalandhar - Moga road NH-703 to Jn. with Jalandhar-Kapurthala road NH-703A and to Jn. with Kapurthala - Sultanpur Lodhi road NH-703A km 000 to km 24000 to Amritsar connectivity,National Highways Authority of India [NHAI],618490,N24001418,10348,Punjab,12/2020,07/2022,07/2024,09/2025,2177.54,2062.74,1004.28,62.99,April 2026,141
1613,Ministry of Road Transport & Highways,Roads & Highways,Delhi-Amritsar-Katra Expressway Phase-I Pkg-XI from Junction with Jalandhar - Kapurthala road NH-703A near khojewal village to Junction with Amritsar-Mehta- SriHargobindpur-Tanda road NH-503A near SriHargobindpur Km 319400 to km 362420,National Highways Authority of India [NHAI],618491,N24001419,10349,Punjab,03/2021,11/2022,11/2024,-,2175.35,2206.71,941.19,43.45,April 2026,141
1614,Ministry of Road Transport & Highways,Roads & Highways,Delhi-Amritsar-Katra Expressway Phase-I Pkg-XII from Junction with Amritsar-Mehta- SriHargobindpur-Tanda road NH-503A near SriHargobindpur to Junction with Pathankot-Gurdaspur road NH-54 near Gurdaspur Km 362420 to km 397700,National Highways Authority of India [NHAI],618492,N24001420,10350,Punjab,03/2021,01/2024,12/2025,02/2027,1734.18,1538.47,470.92,27.05,April 2026,141
1615,Ministry of Road Transport & Highways,Roads & Highways,Delhi-Amritsar-Katra Expressway Phase-I Spur-I from Jn. with Kapurthala - Sultanpur Lodhi Road NH-703A near Isharwal village to Jn. with Kapurthala - Tarn Taran road NH-703AA near Goinwal Sahib [Km 24000 to Km 41000 of Amritsar connectivity],National Highways Authority of India [NHAI],618493,N24002102,10351,Punjab,12/2021,04/2023,04/2026,03/2028,2165.23,1519.6,396.24,31.77,April 2026,141
1616,Ministry of Road Transport & Highways,Roads & Highways,Greenfield connectivity from Govindsar village on Delhi Amritsar Katra Expressway to Talwara village on NH-44 Pathankot by-pass,National Highways Authority of India [NHAI],618551,-,10397,Punjab,11/2024,07/2025,07/2027,07/2027,666.81,690.47,48.07,24.75,April 2026,141
1617,Ministry of Road Transport & Highways,Roads & Highways,Development of 6L Greenfield Jalandhar Bypass starting from Kahlwan NH-03 ending at Kang Sahbu NH-703 via Sarmastpur NH-44 - Madara NH-03 - Khajurla NH-44,National Highways Authority of India [NHAI],618552,N24001637,10398,Punjab,03/2021,01/2023,01/2025,06/2027,1754.84,2167.39,800.1,48.2,April 2026,141
1618,Ministry of Road Transport & Highways,Roads & Highways,6L of Jodhpur Romana Bathinda - Mandi Dabwali Punjab Haryana Border section of NH-54 from km. 0.000 to km. 27.400 of NH-54,National Highways Authority of India [NHAI],618610,N24002075,10437,Punjab,05/2020,08/2023,08/2025,05/2026,789.26,1318.91,518.65,99.0,April 2026,141
1619,Ministry of Road Transport & Highways,Roads & Highways,6L Amritsar-Bathinda Greenfield section from village Tiba on NE-5A to Jn. with Moga Jalandhar road NH-703 near Dharamkot from km 0.000 to km 39.000 of NH-754A Pkg-1,National Highways Authority of India [NHAI],618617,N24001640,10443,Punjab,03/2021,11/2022,11/2024,06/2027,1229.38,1549.32,772.73,70.28,April 2026,141
1620,Ministry of Road Transport & Highways,Roads & Highways,6L Amritsar-Bathinda Greenfield section from Jn. with Bhagta Bhai Ka-Bhadaur Road near Dyalpura Bhai Ka to Jn. with Mandi Dabwali Bathinda Road on NH-54 near Sangat Kalan from km 93.000 to km 154.866 of NH-754A Pkg-3,National Highways Authority of India [NHAI],618618,N24002076,10444,Punjab,03/2021,06/2024,06/2026,06/2026,2029.17,2677.23,513.42,72.0,April 2026,141
1621,Ministry of Road Transport & Highways,Roads & Highways,6L Access Controlled Ludhiana-Bathinda Greenfield highway from Jn. with Amritsar- Bathanda Greenfield Road NH-754A near Rampura Phul to Jn. with Moga-Barnala Road NH-703 near village Tallewal from Km 0.0 to Km 30.3 of NH-754AD Pkg-1,National Highways Authority of India [NHAI],618647,N24002091,10462,Punjab,06/2021,09/2023,09/2025,07/2026,906.51,1020.52,490.17,81.5,April 2026,141
1622,Ministry of Road Transport & Highways,Roads & Highways,Moga - Bagha Purana - Bajakhana from km. 0.00 to km. 43.32,National Highways Authority of India [NHAI],618764,N24001639,10545,Punjab,05/2020,12/2022,12/2024,05/2026,1032.59,1264.17,663.72,76.0,April 2026,141
1623,Ministry of Road Transport & Highways,Roads & Highways,4L of Greenfield section from Sirhind to Mohali,National Highways Authority of India [NHAI],618776,-,10552,Punjab,03/2022,05/2023,05/2025,06/2026,1237.65,1301.15,979.97,88.82,April 2026,141
1624,Ministry of Road Transport & Highways,Roads & Highways,4/6L Greenfield LudhianaRupnagar highway from Jn. with NE-5 village near to ManewalLudhiana to Jn. with NH-205 near Bheora Village Rupnagar from Km 66.0 to Km 91.0 i/c spur to Kharar from Km 0.0 to Km 19.5 with Ludhiana bypass of NH-205K Pkg-3,National Highways Authority of India [NHAI],618785,N24001630,10559,Punjab,07/2021,02/2023,02/2025,05/2026,1501.02,1815.13,992.99,78.6,April 2026,141
1625,Ministry of Road Transport & Highways,Roads & Highways,4L of Phagwara - Hoshiarpur,National Highways Authority of India [NHAI],618786,-,10560,Punjab,11/2022,03/2025,03/2027,07/2027,1196.38,1503.79,160.92,13.97,April 2026,141
1626,Ministry of Road Transport & Highways,Roads & Highways,4L of Fazilka to Abohar section of NH-07 including construction of Greenfield Abohar & Fazilka Bypasses,National Highways Authority of India [NHAI],618793,-,10566,Punjab,03/2023,04/2024,04/2026,07/2027,1409.88,1674.04,569.17,60.0,April 2026,142
1627,Ministry of Road Transport & Highways,Roads & Highways,Amritsarairport Junction - Ramdas from km. 100.835 to km. 139.813 Pkg - IV,National Highways Authority of India [NHAI],618794,N24001644,-,Punjab,12/2020,03/2022,09/2023,05/2026,524.88,416.58,387.07,96.0,April 2026,142
1628,Ministry of Road Transport & Highways,Roads & Highways,Amritsar Bypass Pkg III from km. 71.496 to km. 105.158,National Highways Authority of India [NHAI],618795,N24001642,10567,Punjab,02/2021,08/2022,08/2024,12/2026,1474.77,1228.42,866.12,81.05,April 2026,142
1629,Ministry of Road Transport & Highways,Roads & Highways,4L of Beas-Mehta-Batala-Dera Baba Nanak from intersection with Jalandhar-Amritsar Highway NH-3 near Beas till start of Batala Bypass near Village Acchhal from Km. 0.000 to Km. 31.300 Pkg-1,National Highways Authority of India [NHAI],618809,N24002101,10576,Punjab,08/2021,06/2023,06/2025,05/2027,809.51,966.99,499.54,65.99,April 2026,142
1630,Ministry of Road Transport & Highways,Roads & Highways,4L of existing Beas Baba Bakala - Dera Baba Nanak Section from start of Batala Bypass till intersection with Ajnala Gurdaspur Highway NH 354 near Dera Baba Nanak from Km. 31.300 to Km. 69.100 with Additional batala Bypass Pkg-II,National Highways Authority of India [NHAI],618810,N24002100,10577,Punjab,10/2021,06/2023,06/2025,03/2027,1003.38,993.6,590.84,78.99,April 2026,142
1631,Ministry of Road Transport & Highways,Roads & Highways,4L of Amritsar-Ghoman - Tanda - Una Section from Km 8.270 to Km 54.000 of NH- 503A Package-I,National Highways Authority of India [NHAI],618906,N24001643,10655,Punjab,12/2020,06/2022,06/2024,12/2026,857.91,1443.47,517.34,67.1,April 2026,142
1632,Ministry of Road Transport & Highways,Roads & Highways,6L Amritsar-Bathinda Greenfield section from Jn. with Moga Jalandhar road NH-703 near Dharamkot to Jn. with Bhagta Bhai Ka-Bhadaur Road near Dyalpura Bhai Ka from km 39.000 to km 93.000 of NH-754A Pkg-2,National Highways Authority of India [NHAI],619099,-,11777,Punjab,03/2021,06/2024,06/2026,06/2027,1801.37,2172.71,597.42,64.2,April 2026,142
1633,Ministry of Road Transport & Highways,Roads & Highways,6L Access Controlled Ludhiana-Bathinda Greenfield highway from Jn. with Moga- Barnala Road NH-703 near village Tallewal to Jn. with Delhi-Katra Expressway NE-5 near Ludhiana village Ballowal from Km 30.300 to Km 75.543 of NH-754AD Pkg-2,National Highways Authority of India [NHAI],619105,-,11780,Punjab,07/2021,09/2025,09/2027,09/2027,1555.13,1564.66,195.79,20.09,April 2026,142
1634,Ministry of Road Transport & Highways,Roads & Highways,Delhi-Amritsar-Katra Expressway Phase-I Spur-III from Junction with Amritsar- Jalandhar road NH-3 near Bhishambarpura to Junction with Amritsar-Anjala road NH- 354 near Amritsar Airport [Km 71000 to Km 99000 of Amritsar connectivity],National Highways Authority of India [NHAI],619200,-,11891,Punjab,03/2021,11/2022,10/2024,06/2027,1641.75,1951.7,1007.55,32.47,April 2026,142
1635,Ministry of Road Transport & Highways,Roads & Highways,4/6L Greenfield Ludhiana Rupnagar highway from Jn. with NE-5 village near to ManewalLudhiana to Jn. with NH-205 near Bheora Village Rupnagar from Km. 0.00 to Km. 37.7 including spur to Kharar with Ludhiana bypass of NH-205K Pkg-1,National Highways Authority of India [NHAI],619318,-,12155,Punjab,05/2021,12/2022,12/2024,12/2027,1368.91,1382.48,487.99,15.31,April 2026,142
1636,Ministry of Road Transport & Highways,Roads & Highways,Beawer Gomti 4LPS from km 58.245 to km 108.600 Pkg-I,MoRTH,617887,N24001411,-,Rajasthan,12/2020,10/2021,10/2023,12/2025,379.23,379.23,179.11,99.0,April 2026,142
1637,Ministry of Road Transport & Highways,Roads & Highways,"Construction of Two lane with Paved Shoulder for Fatehpur Bypass Design Km 0.000 to Km 7.400 , Mandawa Bypass Design Km 20.925 to Km 27.300 & Jhunjhunu Bypass Design Km 41.625 to Km 54.689 of NH-11 on EPC Mode in the state of Rajasthan .",MoRTH,617891,N24001866,-,Rajasthan,03/2022,02/2023,08/2024,08/2025,186.29,186.29,66.7,100.0,April 2026,142
1638,Ministry of Road Transport & Highways,Roads & Highways,Upgradation to Two Lane Paved Shoulder in km 33/0 to 126/520 of NH-23 Old NH- 11B Kothun-Lalsot-Karoli-Dholpur road in the state of Rajasthan under EPC mode Length-93.52 Km.,MoRTH,617900,N24001530,-,Rajasthan,12/2021,09/2022,09/2024,09/2025,150.11,150.11,12.2,97.0,April 2026,142
1639,Ministry of Road Transport & Highways,Roads & Highways,Widening of Pachpadra-Bagundi Section to 4 Lane from Km 73/60 to 95/70 of NH-25 on EPC mode in the state of Rajasthan.,MoRTH,617901,N24001528,-,Rajasthan,01/2022,12/2022,12/2024,03/2026,194.88,194.88,48.47,98.58,April 2026,142
1640,Ministry of Road Transport & Highways,Roads & Highways,Construction of 2 lane with paved shoulder for the work of Development of remaining sections of NH-325 Balotra to sanderao via Jalore to 2 lane with paved shoulder configuration by Construction of Byasses for town portions1 Asotra- Brahmdham bypass 2Siwana Bypass 3 Mokalsar Bypass 4 Major realignment at Kathadi 5 Major realignment at Bishangarh 6 Jalore Bypass 7 Ahore Town portion 8 Dujana Bypass in the state of Rajasthan on EPC Mode,MoRTH,618011,N24001527,-,Rajasthan,12/2021,05/2022,05/2024,05/2026,411.44,411.44,66.63,87.6,April 2026,142
1641,Ministry of Road Transport & Highways,Roads & Highways,Upgradation to Two-lane with paved shoulder of Hanumangarh to Kenchiyan section from Km 0.000existing chainage-Km 23.200 to Km 49.605existing chainage-Km 74.645 of NH-54 in the State of Rajasthan on EPC mode.,MoRTH,618069,N24002167,-,Rajasthan,03/2022,10/2024,10/2026,10/2026,334.64,334.64,0.0,68.0,April 2026,142
1642,Ministry of Road Transport & Highways,Roads & Highways,Up-gradation to 2 lane with paved shoulder from Neechli Oden Nathdwara at Design Km 88.800 existing km 55.95 to Bhatewar at Design Km 142.028 existing km 0.00 of NH-162E in the State of Rajasthan on EPC mode.,MoRTH,618092,N24002168,10178,Rajasthan,02/2023,10/2024,10/2026,10/2026,606.61,606.61,0.0,52.5,April 2026,142
1643,Ministry of Road Transport & Highways,Roads & Highways,Up-gradation to 2 lane with Paved shoulder from Charbhuja at Design km 0.00 existing km 150.00 to Neechli Oden Nathdwara at Design ch. Km 88.800 existing km 55.950 of NH-162E on EPC mode.,MoRTH,618093,N24001927,10179,Rajasthan,02/2022,09/2023,09/2025,-,838.43,838.43,55.04,0.0,April 2026,143
1644,Ministry of Road Transport & Highways,Roads & Highways,Upgradation to 2-Lane with Paved Shoulder from Design Km 36300 to Design Chainage 47918 and from Design Ch 69900 to Design Ch 83940 of NH-248A Natni Ka Bara in the State of Rajasthan on EPC Mode.,MoRTH,618117,-,-,Rajasthan,02/2024,11/2024,05/2026,05/2026,154.89,154.89,11.94,23.0,April 2026,143
1645,Ministry of Road Transport & Highways,Roads & Highways,Upgradation of two lane paved shoulder from Shahpura existing km. 0.00 Design Ch. 000 to Thanagazi existing Km.37352 Design Ch. 36810 of NH-248A on EPC mode in the State of Rajasthan.,MoRTH,618118,N24001867,-,Rajasthan,03/2022,02/2023,07/2024,07/2025,174.34,174.34,63.55,100.0,April 2026,143
1646,Ministry of Road Transport & Highways,Roads & Highways,Construction of 2 lane with Paved Shoulder for Northern Bypass Phase-II of Kota city in the State of Rajasthan.,MoRTH,618200,N24001928,-,Rajasthan,03/2022,10/2023,04/2025,02/2027,317.74,317.74,6.07,36.87,April 2026,143
1647,Ministry of Road Transport & Highways,Roads & Highways,Balance work of Rehabilitation and Up-gradation to 4-Lane configuration of Ras- Beawar Section Km 00.000 to km 30.050 of NH-158 in the State of Rajasthan under Green National Highway Corridor Project GNHCP.,MoRTH,618235,-,-,Rajasthan,01/2025,06/2025,12/2026,12/2026,278.1,278.1,28.57,37.16,April 2026,143
1648,Ministry of Road Transport & Highways,Roads & Highways,Delhi-Vadodara Greenfield Alignment NH-148N Pkg-14 Ch. 388.420 to Ch. 419.000 [Junction with NH- 76 to Junction with NH-12 near village Ummedpura],National Highways Authority of India [NHAI],618456,N24001568,10315,Rajasthan,11/2019,05/2021,05/2023,03/2025,1119.35,1194.17,975.7,99.8,April 2026,143
1649,Ministry of Road Transport & Highways,Roads & Highways,Delhi-Vadodara Greenfield Alignment NH-148N Pkg-10 Ch. 292.950 to Ch. 319.400 [End of Interchange on NH-166 near village Mui to Hardeoganj village near Indergarh],National Highways Authority of India [NHAI],618457,N24001567,10316,Rajasthan,11/2019,05/2021,05/2023,07/2026,1272.97,1265.16,1091.66,95.25,April 2026,143
1650,Ministry of Road Transport & Highways,Roads & Highways,Delhi-Vadodara Greenfield Alignment NH-148N Pkg-15 Ch. 419.000 to Ch.427.300 [Junction with NH-12 near village Ummedpura to Major bridge over Takli river near Nayagaon Jageer village],National Highways Authority of India [NHAI],618458,N24001612,10317,Rajasthan,07/2020,07/2021,01/2024,07/2026,1854.68,1854.68,1386.51,93.44,April 2026,143
1651,Ministry of Road Transport & Highways,Roads & Highways,Sangariya near Chautala-Rasisar near Bikaner section of NH-754K Phase-I AJ/SR- Package-7,National Highways Authority of India [NHAI],618611,-,10438,Rajasthan,02/2019,06/2021,06/2023,05/2026,520.63,548.42,426.0,100.0,April 2026,143
1652,Ministry of Road Transport & Highways,Roads & Highways,Deogarh near Dhandhaniya-Rajasthan/Gujarat Border Phase-I AJ/DRGB-Package-6,National Highways Authority of India [NHAI],618612,N24001563,10439,Rajasthan,10/2019,08/2021,08/2023,05/2026,846.59,740.62,676.17,100.0,April 2026,143
1653,Ministry of Road Transport & Highways,Roads & Highways,Deogarh near Dhandhaniya-Rajasthan/Gujarat Border Phase-I AJ/DRGB-Package-7,National Highways Authority of India [NHAI],618613,N24001564,10440,Rajasthan,10/2019,07/2021,07/2023,05/2026,662.08,597.77,508.83,99.2,April 2026,143
1654,Ministry of Road Transport & Highways,Roads & Highways,6L access controlled Highway from Km 40080 to Km 86513 Mator to Barodameo Section,National Highways Authority of India [NHAI],618757,-,10539,Rajasthan,09/2022,03/2024,03/2026,05/2026,2010.2,1565.88,707.67,37.24,April 2026,143
1655,Ministry of Road Transport & Highways,Roads & Highways,6L accesscontrolled highway from km 0000 to km 40080 Paniyala to Mator Section of Paniyala-Barodameo ICR,National Highways Authority of India [NHAI],618758,-,10540,Rajasthan,09/2022,09/2024,09/2026,09/2026,1764.86,1239.24,310.12,36.82,April 2026,143
1656,Ministry of Road Transport & Highways,Roads & Highways,Tanot -Ramgarh-Bhadasar-Jaisalmer NH-68 and BhadasarMokal-Sarkaritala up to Pakisthan Border NH-968 Pkg-BM/5,National Highways Authority of India [NHAI],618796,N24000795,10568,Rajasthan,02/2018,04/2019,04/2021,05/2026,828.58,830.37,405.43,100.0,April 2026,143
1657,Ministry of Road Transport & Highways,Roads & Highways,Mayjilar Jaisalmer with Jaisalmer Bypass Link Road Section of NH-11 Part of BM-7 & Sundra Myajilar Ambsingh ki Dhani Road part of Munabao Tanot project NH-70,National Highways Authority of India [NHAI],618797,-,-,Rajasthan,03/2025,12/2025,12/2027,12/2027,1237.71,927.02,0.54,5.6,April 2026,143
1658,Ministry of Road Transport & Highways,Roads & Highways,4L of Karwar Km. 281.980 of NH-62 Nagaur road to Dangiyavas of Jodhpur Ring Road Pkg-II,National Highways Authority of India [NHAI],618838,N24001558,10600,Rajasthan,11/2021,08/2022,08/2024,05/2026,736.75,512.77,400.17,99.0,April 2026,143
1659,Ministry of Road Transport & Highways,Roads & Highways,Construction of Four lane Elevated Structure at Raniwada Circle in Sanchore City on NH-68,National Highways Authority of India [NHAI],618853,-,-,Rajasthan,01/2024,07/2024,07/2026,07/2026,353.3,241.34,174.42,80.94,April 2026,143
1660,Ministry of Road Transport & Highways,Roads & Highways,4L Greenfield spur from Delhi-Vadodara Greenfield expressway near Bandikui to Jaipur,National Highways Authority of India [NHAI],619063,N24001557,11758,Rajasthan,03/2022,11/2022,11/2024,05/2026,1636.15,2170.39,1205.29,100.0,April 2026,143
1661,Ministry of Road Transport & Highways,Roads & Highways,Construction of two lane with paved shoulder of Ghatol Bypass from km 133.250 to km 140.950 of NH-56 old NH No. 113 on EPC mode in the State of Rajasthan.,MoRTH,619251,-,-,Rajasthan,03/2025,03/2026,09/2027,-,170.49,170.49,0.0,0.0,April 2026,144
1662,Ministry of Road Transport & Highways,Roads & Highways,Construction of two lane with paved shoulder Gangtok Bypass Road from Ranipool to Burtuk Ch 0.00 Km to 23.316 L23.316 Km in the State of Sikkim,MoRTH,618071,N24001442,-,Sikkim,10/2021,05/2022,05/2024,06/2026,385.15,342.89,0.0,90.0,April 2026,144
1663,Ministry of Road Transport & Highways,Roads & Highways,Construction/Up gradation of Existing road to 2 Lane with Paved Shoulder including Geometric Improvement from Ranipool to Pakyong Balance work from Km 2.000 to 16.167 of NH-717-A on EPC basis under SARDP-NE Phase A in the State of Sikkim,NHIDCL,618426,-,-,Sikkim,03/2018,01/2023,07/2024,12/2026,264.84,380.94,0.0,85.15,April 2026,144
1664,Ministry of Road Transport & Highways,Roads & Highways,Realignment of NH-717A from Design Ch.0.00 Km 77.800 of NH-10 to Design Ch.2.00 Km 3.100 of NH-717A with two lane paved shoulder including Major Bridge of 680 m in the State of Sikkim on EPC Mode-COS work,NHIDCL,618428,-,-,Sikkim,01/2021,04/2021,04/2023,05/2026,264.84,380.94,61.11,97.57,April 2026,144
1665,Ministry of Road Transport & Highways,Roads & Highways,Construction & Upgradation of existing road to 2-lane with paved shoulder from New Rolep Bridge at km 37.600 to Chochenpheri at km 52.00 in the section of Rongli to Chochenpheri of NH 717B Pkg-II C,NHIDCL,618446,N24001337,-,Sikkim,10/2020,05/2021,05/2024,06/2026,493.42,478.79,0.0,77.07,April 2026,144
1666,Ministry of Road Transport & Highways,Roads & Highways,Construction of 2-Laning with Paved Shoulder of New Greenfield Alignment From Helipad near Menla at Km 82000 to Menla at Km 94030 of Rhenock-Menla Spur NH- 717B Package-IIIB on EPC Basis under SARDP-NE Phase 'A' in the State of Sikkim.,NHIDCL,618447,N24001362,-,Sikkim,01/2021,02/2021,02/2024,05/2026,410.6,379.3,0.0,81.83,April 2026,144
1667,Ministry of Road Transport & Highways,Roads & Highways,Construction of 2-Laning with Paved Shoulder of New Greenfield Alignment From Chochenpheri at Km 52000 to Helipad near Menla at Km 82000 of Rhenock-Menla Spur NH-717B Package-IIIA on EPC Basis under SARDP-NE Phase 'A' in the State of Sikkim.,NHIDCL,618448,N24001338,10311,Sikkim,10/2020,12/2020,12/2023,10/2026,816.79,786.6,32.28,60.88,April 2026,144
1668,Ministry of Road Transport & Highways,Roads & Highways,Construction & Upgradation of existing road to 2-lane with paved shoulder from km27.200 End of Rongli bypass to km37.600New Rolep Bridge of Rhenok-Menla spur NH-717B on EPC Mode under SARDP-NE Phase-A in Sikkim Pkg-II B,NHIDCL,618449,N24001336,-,Sikkim,07/2020,10/2020,04/2023,09/2026,230.45,244.91,0.0,80.46,April 2026,144
1669,Ministry of Road Transport & Highways,Roads & Highways,Rehabilitation & Upgradation of existing road to 2-lane with paved shoulder including geometric improvement of section from start of Rabangla km33.600 to km58.840 under SARDP-NE Phase A Pkg- IV,NHIDCL,618450,N24001327,-,Sikkim,07/2020,10/2020,05/2022,06/2026,292.8,292.8,1.91,65.1,April 2026,144
1670,Ministry of Road Transport & Highways,Roads & Highways,"Construction of Bypass to Madurai Achambathu Viratipathu in between km 6/850 10/382 of NH 49 Extn New NH 85 including Land Acquisition on Engineering, Procurement & Construction EPC basis Contract under NH O Annual Plan 2021-22 in the state of Tamil Nadu job No.NH-49 Extn New NH 85 - TN-2021-22-997",MoRTH,617962,N24002165,-,Tamil Nadu,03/2022,09/2024,08/2026,08/2026,238.97,260.07,119.33,93.0,April 2026,144
1671,Ministry of Road Transport & Highways,Roads & Highways,Bangalore Chennai Expressway Phase-III Package II Walajahpet to Arakkonam from Km 180.000 to Km 204.500,National Highways Authority of India [NHAI],618478,N24001718,10337,Tamil Nadu,01/2021,07/2022,07/2024,07/2026,1106.65,1106.65,590.04,93.04,April 2026,144
1672,Ministry of Road Transport & Highways,Roads & Highways,Bangalore Chennai Expressway Phase-III Package III Arakkonam to Kancheepuram from Km 204.500 to Km 230.000,National Highways Authority of India [NHAI],618479,N24001717,10338,Tamil Nadu,12/2020,08/2022,07/2024,09/2027,1525.1,1525.1,360.29,53.56,April 2026,144
1673,Ministry of Road Transport & Highways,Roads & Highways,Construction of Trumpet Interchange Connecting Bangalore Chennai Expressway km.261705 to km. 262800 with Maduravoyal to Walajapet Section of NH 48 near Sriperumbudur Toll Plaza at km. 35700,National Highways Authority of India [NHAI],618480,-,-,Tamil Nadu,05/2023,02/2024,08/2025,10/2026,162.55,162.56,43.1,24.13,April 2026,144
1674,Ministry of Road Transport & Highways,Roads & Highways,4L Bangalore-Chennai Expressway from Km. 230.000 to Km. 261.705 of Kanchepuram to Sriperumbudur Section Phase-III/Package-IV,National Highways Authority of India [NHAI],618481,N24001719,10339,Tamil Nadu,02/2021,07/2022,07/2024,10/2026,3605.73,3605.73,903.19,83.45,April 2026,144
1675,Ministry of Road Transport & Highways,Roads & Highways,Karaipettai to Walajapet from Km 71.015 to 107.091,National Highways Authority of India [NHAI],618521,N24001723,10375,Tamil Nadu,08/2018,02/2019,02/2021,05/2026,766.51,766.51,439.37,93.55,April 2026,144
1676,Ministry of Road Transport & Highways,Roads & Highways,Balance Works for six laning of Sriperumbudur to karaipettai section of NH-4 New NH- 48 from 37000 Existing Km 37000 to Km 71015 Existing Km 71000 in Tamilnadu on EPC mode underNHDP Phase-V,National Highways Authority of India [NHAI],618522,-,-,Tamil Nadu,06/2024,01/2025,10/2026,02/2027,411.16,411.16,81.11,31.16,April 2026,144
1677,Ministry of Road Transport & Highways,Roads & Highways,Improving the Alignment of Thoppur Ghat Section from Km 158.500 to Km 165.100 in Dharmapuri - Salem Section of NH-44,National Highways Authority of India [NHAI],618561,-,10407,Tamil Nadu,03/2024,03/2025,03/2028,03/2028,904.99,731.09,165.29,35.62,April 2026,144
1678,Ministry of Road Transport & Highways,Roads & Highways,Dindigul Bypass - Samyanallore from km. 373.275 to km. 426.00,National Highways Authority of India [NHAI],618562,-,-,Tamil Nadu,06/2005,07/2006,01/2009,-,579.0,295.5,1.4,100.0,April 2026,145
1679,Ministry of Road Transport & Highways,Roads & Highways,4L of Madurai Ring Road Phase 1 [Vadipatti-Thamrapatti] from km 0.00 - km 29.960,National Highways Authority of India [NHAI],618563,N24001606,10408,Tamil Nadu,12/2018,03/2020,03/2022,06/2026,900.05,900.05,669.19,97.8,April 2026,145
1680,Ministry of Road Transport & Highways,Roads & Highways,4L of left-over works including additional structures from Kerala/Tamil Nadu border to Kanyakumari Section from Km 43.0 to Km 96.174 of NH66,National Highways Authority of India [NHAI],618608,N24002113,10436,Tamil Nadu,11/2022,08/2023,08/2025,10/2026,1564.23,1263.42,907.2,76.1,April 2026,145
1681,Ministry of Road Transport & Highways,Roads & Highways,6L of Pondavakkam to Kannigaipair from km 96.040 to km 116.100 of NH 716B Pkg- IV,National Highways Authority of India [NHAI],618635,N24001818,10453,Tamil Nadu,02/2021,01/2023,01/2025,11/2026,1359.81,1359.81,335.27,37.44,April 2026,145
1682,Ministry of Road Transport & Highways,Roads & Highways,Trichy 135.800 to Karur 218.000 section of NH-67 - Trichy Bypass,National Highways Authority of India [NHAI],618743,-,-,Tamil Nadu,12/2006,07/2007,10/2024,-,876.88,360.88,66.59,100.0,April 2026,145
1683,Ministry of Road Transport & Highways,Roads & Highways,4L of Thirumangalam to Vadugapatti section from km 0.000 to km 36.000 of NH-744,National Highways Authority of India [NHAI],618744,N24002084,10531,Tamil Nadu,03/2022,02/2023,02/2025,06/2026,1076.97,791.6,679.48,95.41,April 2026,145
1684,Ministry of Road Transport & Highways,Roads & Highways,4L of Vadugapatti to Therkuvenganallur Rajapalyam section from km 36.000 to km 71.600 of NH-744,National Highways Authority of India [NHAI],618745,N24002114,10532,Tamil Nadu,02/2022,04/2023,04/2025,05/2026,1317.6,1137.16,926.56,99.98,April 2026,145
1685,Ministry of Road Transport & Highways,Roads & Highways,Melur - Pilayarpatti - Karaikudi from km 99.920 of NH 38 to km 12.9 of NH 383 Ext.,National Highways Authority of India [NHAI],618756,N24001605,10538,Tamil Nadu,12/2018,03/2020,03/2022,07/2026,1103.86,1085.41,774.36,92.15,April 2026,145
1686,Ministry of Road Transport & Highways,Roads & Highways,Tuticorin - Tirunelveli from km. 0.00 to km. 47.250,National Highways Authority of India [NHAI],618773,-,-,Tamil Nadu,11/2009,04/2010,04/2012,-,449.85,452.48,1.17,100.0,April 2026,145
1687,Ministry of Road Transport & Highways,Roads & Highways,Construction of New Double Tier 4L Elevated Corridor from Chennai Port to Maduravoyal in Chennai District from km -0.342 to Km 20.593 and Package II from Km 4.604 to Km 9.700,National Highways Authority of India [NHAI],618800,N24002109,10570,Tamil Nadu,03/2023,11/2023,05/2026,11/2027,1616.97,1616.97,185.63,17.54,April 2026,145
1688,Ministry of Road Transport & Highways,Roads & Highways,Construction of New Double Tier 4-lane Elevated Corridor from Chennai Port to Maduravoyal in Chennai District from Km -0342 to Km 20223 Package 1 from Km - 0342 to Km 4604,National Highways Authority of India [NHAI],618801,N24002110,10571,Tamil Nadu,03/2023,11/2023,05/2026,11/2027,1388.59,1388.59,200.25,21.93,April 2026,145
1689,Ministry of Road Transport & Highways,Roads & Highways,Poondiyankuppam Km.67.000 to Sattanathapuram Km.123.800,National Highways Authority of India [NHAI],618846,-,10605,Tamil Nadu,03/2018,01/2022,01/2024,06/2026,2565.63,2319.35,1084.43,99.8,April 2026,145
1690,Ministry of Road Transport & Highways,Roads & Highways,Four Laning of Trichy - Dindigul from km. 333.00 to km. 421.273 of NH-45,National Highways Authority of India [NHAI],618874,-,-,Tamil Nadu,12/2006,01/2008,07/2010,05/2026,1003.11,435.81,9.43,100.0,April 2026,145
1691,Ministry of Road Transport & Highways,Roads & Highways,4L of Madathukulam - Pollachi from km. 74.38 to km. 116.95 of old NH-209 New NH- 83,National Highways Authority of India [NHAI],618894,N24001602,10643,Tamil Nadu,01/2019,12/2020,12/2022,06/2026,1772.13,1772.13,499.6,91.84,April 2026,145
1692,Ministry of Road Transport & Highways,Roads & Highways,Kamalapuram to Oddanchatram from km. 0.00 to km. 35.822,National Highways Authority of India [NHAI],618895,N24001601,10644,Tamil Nadu,01/2019,01/2021,01/2023,07/2026,1319.42,1319.42,417.69,91.93,April 2026,145
1693,Ministry of Road Transport & Highways,Roads & Highways,4L of Sethiyathope -Cholapuram section from Km. 65.960 to Km. 116.440 section of NH45 C Pkg-II,National Highways Authority of India [NHAI],618897,N24000708,10646,Tamil Nadu,03/2017,08/2018,08/2020,04/2026,2356.19,2356.9,1011.39,100.0,April 2026,145
1694,Ministry of Road Transport & Highways,Roads & Highways,Balance Works for Four laning of Vikravandi to Sethiyathope section from Km 0.0 to Km 65.96 of NH-45C in Tamil Nadu under NHDP Phase-IV on EPC mode,National Highways Authority of India [NHAI],618898,-,10647,Tamil Nadu,01/2025,06/2025,06/2027,06/2027,1163.17,834.46,166.37,26.7,April 2026,145
1695,Ministry of Road Transport & Highways,Roads & Highways,Kallagam km.38.700 to Meensurutti Km.98.433 of NH-227 in Tamil Nadu,National Highways Authority of India [NHAI],618899,-,10648,Tamil Nadu,02/2018,04/2019,04/2021,05/2026,1499.12,1499.12,682.68,100.0,April 2026,145
1696,Ministry of Road Transport & Highways,Roads & Highways,Salem - Ulundurpet section from km 0.313 to km 136.670 of NH-68,National Highways Authority of India [NHAI],618943,-,10681,Tamil Nadu,12/2006,01/2008,01/2011,05/2026,861.23,1019.85,137.29,100.0,April 2026,145
1697,Ministry of Road Transport & Highways,Roads & Highways,Construction of New Double Tier 4L Elevated Corridor from Chennai Port to Maduravoyal in Chennai District from km -0.342 to Km 20.593 and Package IV from Km 14.185 to Km 20.593,National Highways Authority of India [NHAI],619045,-,11596,Tamil Nadu,03/2023,11/2023,05/2026,11/2027,1205.4,1210.21,62.01,7.91,April 2026,145
1698,Ministry of Road Transport & Highways,Roads & Highways,6-laning of Krishnagiri Km.0.000 to Walajahpet Km.148.300 section on NH-46 under NHDP-V,National Highways Authority of India [NHAI],619074,-,-,Tamil Nadu,12/2009,06/2011,12/2013,06/2026,1673.17,781.74,269.61,99.99,April 2026,146
1699,Ministry of Road Transport & Highways,Roads & Highways,Thumbipadi-Namakkal from km. 180.00 to km. 248.625 Package No. NS-2/BOT/TN- 02,National Highways Authority of India [NHAI],619083,-,-,Tamil Nadu,06/2005,08/2006,02/2009,08/2026,255.53,395.43,206.64,100.0,April 2026,146
1700,Ministry of Road Transport & Highways,Roads & Highways,Start of Karur Bypass - Dindigul from km. 292.600 to km. 305.600 Contract Package No. NS2/BOT/TN-4,National Highways Authority of India [NHAI],619084,-,-,Tamil Nadu,08/2005,10/2006,04/2009,10/2026,461.54,515.03,42.28,100.0,April 2026,146
1701,Ministry of Road Transport & Highways,Roads & Highways,Chengapalli km 102.035 to Neelambur Km144.680 and Madukkarai Km 170.880 to Walayar K183.010 Package No. NS-2/BOT/TN-08,National Highways Authority of India [NHAI],619086,-,-,Tamil Nadu,10/2009,09/2010,03/2013,10/2026,852.0,285.55,5.09,100.0,April 2026,146
1702,Ministry of Road Transport & Highways,Roads & Highways,Thorapalli - Agraharam - Jittandahalli Section from km 23.350 to km 60.100 [Hosur to Dhamrapuri Pkg-2],National Highways Authority of India [NHAI],619094,N24001694,11773,Tamil Nadu,02/2019,12/2021,12/2023,12/2026,1243.57,1272.11,623.59,82.56,April 2026,146
1703,Ministry of Road Transport & Highways,Roads & Highways,Mahabalipuram - Pondicherry Pkg-I [Mamallapuram to Mugaiyur],National Highways Authority of India [NHAI],619129,N24001721,11798,Tamil Nadu,02/2019,05/2022,05/2024,12/2026,1360.54,1477.94,575.41,58.65,April 2026,146
1704,Ministry of Road Transport & Highways,Roads & Highways,Mahabalipuram - Pondicherry Pkg-II [Mugaiyur to Marakkanam],National Highways Authority of India [NHAI],619130,N24002111,11799,Tamil Nadu,02/2019,12/2023,12/2025,02/2027,1116.13,1463.75,531.32,53.41,April 2026,146
1705,Ministry of Road Transport & Highways,Roads & Highways,Four Laning of Chettikulam to Natham section of NH-785,National Highways Authority of India [NHAI],619131,N24000826,11800,Tamil Nadu,03/2018,11/2018,11/2020,06/2026,837.61,823.93,169.31,99.75,April 2026,146
1706,Ministry of Road Transport & Highways,Roads & Highways,Construction of New Double Tier 4L Elevated Corridor from Chennai Port to Maduravoyal in Chennai District from km -0.342 to Km 20.593 and Package III from Km 9.700 to Km 14.185,National Highways Authority of India [NHAI],619139,-,11805,Tamil Nadu,03/2023,11/2023,05/2026,11/2027,1299.36,1299.36,146.74,16.88,April 2026,146
1707,Ministry of Road Transport & Highways,Roads & Highways,Access Controlled Highway of 4 Lane with Paved Shoulders from Tiruvallur Design Chainage Km 1756 to TN/AP Broder Design Chainage Km 6151 of NH-716 Chennai- Tirupati Package-1,National Highways Authority of India [NHAI],619161,-,11816,Tamil Nadu,03/2024,12/2024,12/2026,02/2027,1376.1,1247.7,133.77,34.5,April 2026,146
1708,Ministry of Road Transport & Highways,Roads & Highways,"Balance works of four lane from km 43.950 Thiruvallur Bypass to km 61.470 Veppampattu Bypass passing through Thannerkulam, Thozur and Sevapet Bypass 17.520 kms of Tirupathi- Tiruttani- Chennai section of NH 205",National Highways Authority of India [NHAI],619222,-,11910,Tamil Nadu,03/2022,09/2022,09/2024,05/2026,467.99,699.68,450.86,97.92,April 2026,146
1709,Ministry of Road Transport & Highways,Roads & Highways,6-laning of km 9.900 to km 19/948 Aramgarh to Shamshabad Section of Hyderabad- Bangalore section of NH-44 Under NHO EPC basis in the state of Telangana,MoRTH,617913,N24000987,-,Telangana,01/2018,05/2018,05/2020,06/2026,283.15,300.7,480.38,92.62,April 2026,146
1710,Ministry of Road Transport & Highways,Roads & Highways,Widening to two/four lane with paved shoulder from Km.180.600 to Km.223.000 of NH-63 on Nizamabad-Jagadalpur road on EPC mode under NHO in the state of Telangana.,MoRTH,617936,N24000981,-,Telangana,10/2016,03/2017,03/2019,-,253.99,183.26,0.0,100.0,April 2026,146
1711,Ministry of Road Transport & Highways,Roads & Highways,6-Laning of Pune-Hyderabad Section of NH-65 from Km 493/0 to Km 524/0 from Sangareddy X Roads to Madinaguda in the State of Telangana,MoRTH,617939,-,10143,Telangana,03/2023,07/2024,07/2026,07/2026,1297.75,1297.75,0.0,37.5,April 2026,146
1712,Ministry of Road Transport & Highways,Roads & Highways,"Rehabilitation and Upgradation of LB-Nagar to Malkapur section to 6-Lane main carriageway with service roads, drains cum footpath, including VUPs and widening of Minor bridge & road safety provisions from Km. 15/00 to Km 40/00 of NH-65 Old NH-9 under NH O for the year 2020-21 in the state of Telangana on EPC Mode.",MoRTH,617940,N24002004,10144,Telangana,03/2021,07/2022,07/2024,06/2026,545.11,545.11,273.9,80.59,April 2026,146
1713,Ministry of Road Transport & Highways,Roads & Highways,Construction of six lane elevated corridor from km 7.950 Uppal to km 14.200 of NH- 163 to De-Congest the urban limits of Hyderabad-Bhoopalapatnam section on EPC mode in the state of Telangana,MoRTH,617980,N24000994,10157,Telangana,03/2018,07/2018,07/2020,10/2026,626.76,626.76,16.13,51.7,April 2026,146
1714,Ministry of Road Transport & Highways,Roads & Highways,Widening to Two with Paved shoulders from Km 59.500 to Km 132.033 of Manneguda- Ravunapally section of NH-163 Erstwhile SH-4 in the State of Telangana on EPC mode under NH O Annual Plan 2016-17,MoRTH,617981,-,-,Telangana,03/2017,05/2017,05/2019,05/2026,359.0,359.0,0.0,99.92,April 2026,146
1715,Ministry of Road Transport & Highways,Roads & Highways,Widening and strengthening of existing 2-lane to 2- lane with paved shoulders from km 159/0 to 165/4 and 186/0 to 215/0 of NH-163 on EPC mode int the state of Telangana,MoRTH,617982,N24000988,-,Telangana,01/2018,06/2018,11/2019,12/2020,230.03,230.03,0.0,0.0,April 2026,146
1716,Ministry of Road Transport & Highways,Roads & Highways,Widening & Strengthening of Existing 2LPS to 4 lane PS from Km 150000 to Km 159000 and Km 165400 to Km 186000 of NH-163 old NH-202 under NH O for the year 2020-21 on EPC Mode in the state of Telangana.,MoRTH,617983,N24001925,-,Telangana,03/2021,07/2022,07/2024,06/2026,317.19,300.56,175.26,87.0,April 2026,147
1717,Ministry of Road Transport & Highways,Roads & Highways,Rehabilitation & upgradation of NH - 167 from design km 187.723 to 234.434 Miryalaguda to Kodad section to two lane with paved shoulder on EPC mode in the state of Telangana,MoRTH,617992,N24001281,-,Telangana,03/2018,09/2018,09/2020,06/2026,322.81,322.81,148.48,98.14,April 2026,147
1718,Ministry of Road Transport & Highways,Roads & Highways,Rehabilitation and upgradation of NH-167 from design km 157.707 to 187.723 design length 30.016 km to two lane with paved shoulders of Alinagar-Miryalaguda Sec on EPC mode in the state of Telangana,MoRTH,617993,-,-,Telangana,02/2018,05/2018,11/2019,06/2026,220.28,220.28,0.0,97.74,April 2026,147
1719,Ministry of Road Transport & Highways,Roads & Highways,Rehabilitation and upgradation of NH-167 from design km 113.900 to 154.479 Mallepally Haliya section to two lane with paved shoulders on EPC mode in the stte of Telangana,MoRTH,617994,N24001263,-,Telangana,02/2018,06/2018,11/2019,12/2025,294.13,257.61,239.25,88.22,April 2026,147
1720,Ministry of Road Transport & Highways,Roads & Highways,Widening to Two Lane with Paved Shoulders from Km 67.000 to Km 114.425 of Kalwakurthy- Mallapally Section of NH 167 Erstwhile section of SH 18 in the State of Telangana on EPC mode under NH O Annual Plan 2016-17,MoRTH,617995,N24001323,-,Telangana,01/2017,05/2017,05/2019,12/2025,300.0,300.0,175.1,99.2,April 2026,147
1721,Ministry of Road Transport & Highways,Roads & Highways,Widening to 2/4 Lane with paved shoulders from Km 182.120 to Km 227.600 of NH 167 on Haggari-Jadcherla Road on EPC mode under NHO in the state of Telangana,MoRTH,617996,N24002132,-,Telangana,10/2016,02/2017,02/2019,03/2026,298.0,298.0,234.7,95.6,April 2026,147
1722,Ministry of Road Transport & Highways,Roads & Highways,"Construction of 4-lane flyover at Amberpet-X road, Hyderabad on NH-202 in the State of Telangana",MoRTH,618001,N24001416,-,Telangana,05/2018,06/2021,06/2023,06/2026,216.53,265.88,154.05,92.1,April 2026,147
1723,Ministry of Road Transport & Highways,Roads & Highways,Rehabiitation and upgradation from km 121/000 to 154/000 Nakrekal to Mallampally section of NH-365 to 2 lane with paved shoulders in the state of Telangana in the EPC mode,MoRTH,618025,N24000997,-,Telangana,03/2018,06/2018,12/2019,05/2026,192.67,192.67,141.81,96.0,April 2026,147
1724,Ministry of Road Transport & Highways,Roads & Highways,Rehabilitation and upgradation to two lane with paved shoulders from Km 0/000 to 72/6 of NH-365 Nakrekal to Tanamcherla section under NHDP IV in the state of Telangana under EPC mode,MoRTH,618026,N24000996,10165,Telangana,06/2017,11/2017,10/2019,05/2026,605.08,605.08,585.2,99.9,April 2026,147
1725,Ministry of Road Transport & Highways,Roads & Highways,Widening to two lane with paved shoulders from Km 0/000 to Km 45/946 of Nizampet- Narayankhed-bidar section of NH-161B in the state of Telangana under Annual Plan 2021-22 on EPC mode under NHO,MoRTH,618091,-,10177,Telangana,03/2022,02/2024,02/2026,03/2027,512.98,512.98,117.6,41.8,April 2026,147
1726,Ministry of Road Transport & Highways,Roads & Highways,Widening to two lane with paved shoulders from Km 0/000 to Km 79/300 of Kalwakurthy - Kollapur section of NH-167K in the state of Telangana under annual plan 2021-22 on EPC mode under NHO.,MoRTH,618104,N24002007,10183,Telangana,03/2022,07/2023,07/2025,06/2026,886.69,886.69,573.13,85.66,April 2026,147
1727,Ministry of Road Transport & Highways,Roads & Highways,Widening and strengthening to 4 lane / 2-lane with paved shoulders of Mahabubnagar - Chincholi section from km 60/255 to Km 102/834 of NH-167N in the State of Telangana on EPC mode.,MoRTH,618105,N24002010,10184,Telangana,03/2022,10/2023,10/2025,11/2026,631.49,631.49,92.56,30.8,April 2026,147
1728,Ministry of Road Transport & Highways,Roads & Highways,Widening and Strengthening to 2/4 lane with paved shoulders of Mahabubnagar Chincholi section from Km 0/0 to Km 60/255 of NH-167N in the state of Telangana under Annual plan 2021-22 on EPC modepackage-I under NHO Job No.167N-TS- 2021-22-75,MoRTH,618106,N24002009,10185,Telangana,01/2022,01/2023,01/2025,05/2026,703.68,703.68,279.58,90.69,April 2026,147
1729,Ministry of Road Transport & Highways,Roads & Highways,Widening to 2 lane with paved shoulders from 0.00 to 32.970 ofAdilabadto Bela section of NH 353B in the State of Telangana,MoRTH,618130,-,-,Telangana,10/2022,05/2024,05/2026,05/2026,490.92,490.92,0.0,75.38,April 2026,147
1730,Ministry of Road Transport & Highways,Roads & Highways,Widening & strengthening of existing carriageway in 2 lane with paved shoulders from km 25/0 to 59/2 design Ch km 25.467 to 59.200 of NH - 353C on EPC mode in the state of Telangana,MoRTH,618132,N24000989,-,Telangana,02/2018,06/2018,06/2020,-,206.13,206.13,152.77,98.57,April 2026,147
1731,Ministry of Road Transport & Highways,Roads & Highways,Widening to two/four lane with paved shoulders from Km.34.250 to Km.71.830 of NH- 365A on Kodad-Khammam-Kurvi road.,MoRTH,618140,-,-,Telangana,10/2022,02/2025,01/2027,01/2027,445.76,445.76,18.32,10.8,April 2026,147
1732,Ministry of Road Transport & Highways,Roads & Highways,Widening and Improvement of existing carriage way to 2 lane with paved shoulders from Km. 86/160 to 131/730 of Jangaon-Duddeda section of NH-365B in the State of Telangana on EPC Mode,MoRTH,618141,N24001450,-,Telangana,01/2022,12/2022,12/2024,05/2026,423.48,423.48,160.07,76.92,April 2026,148
1733,Ministry of Road Transport & Highways,Roads & Highways,Widening to Two lane with Paved shoulders from km.40/410 to 84/037 of Thirumanlagiri-- Suryapet Section of NH-365B earstwhile section of SH-16,MoRTH,618142,N24002025,-,Telangana,01/2017,05/2017,05/2019,09/2019,244.54,244.54,0.0,99.96,April 2026,148
1734,Ministry of Road Transport & Highways,Roads & Highways,widening to two lane with Paved shoulders from Km.0/970 to Km.40/410 of Jangaon - Thirumal giriof NH- 365B in the state of Telanganaon EPC mode under NHO Annual Plan 2016-17,MoRTH,618143,N24000983,-,Telangana,03/2017,11/2017,10/2019,10/2019,197.0,197.0,0.0,92.74,April 2026,148
1735,Ministry of Road Transport & Highways,Roads & Highways,Widening to Two lane with paved shoulders from 106/830 to 158/496 of Yellareddy- Rudrur Section of NH-765D in the state of Telangana on EPC mode under NHO under Annual plan 2022-23,MoRTH,618182,-,-,Telangana,10/2022,07/2024,07/2026,07/2026,499.88,499.88,187.35,63.44,April 2026,148
1736,Ministry of Road Transport & Highways,Roads & Highways,Widening to 2 lane with paved shoulders from Km 62/920 to km 106/830 of Medak - Yellareddy section in the State of Telangana under Annual Plan 2022-23 on EPC mode under NHO,MoRTH,618183,-,-,Telangana,10/2022,08/2024,08/2026,08/2026,399.01,399.01,0.0,66.04,April 2026,148
1737,Ministry of Road Transport & Highways,Roads & Highways,"Rehabilitation and Up-gradation of Valigonda to Thorrur Section to Two Lane with Paved Shoulders from Km 39.180 to Km 108.300 of NH-930P in the State of Telangana on Engineering, Procurement and Construction EPC Basis",MoRTH,618186,N24002003,10201,Telangana,01/2022,12/2022,12/2024,05/2026,549.28,549.28,296.89,94.01,April 2026,148
1738,Ministry of Road Transport & Highways,Roads & Highways,Widening to two lane with paved shoulders of 'Bodhan Basar Bhainsa ' section from Km 38/900 to 95/300 of NH-161BB in the state of Telangana under Annual Plan 2021- 22 on EPC Mode under NH O.,MoRTH,618190,N24002005,10204,Telangana,03/2022,03/2023,03/2025,05/2026,644.45,644.45,349.38,98.6,April 2026,148
1739,Ministry of Road Transport & Highways,Roads & Highways,Widening to 2 lane with Paved Shoulders of Siddipet-Elkathurthy section from Km 69/978 to km 133/619 of NH-765DG in the State of Telangana under Annual plan 2021-22 on EPC mode,MoRTH,618196,N24002008,10205,Telangana,01/2022,12/2022,12/2024,06/2026,578.85,578.85,0.0,85.0,April 2026,148
1740,Ministry of Road Transport & Highways,Roads & Highways,Widening to 2 lane with Paved Shoulders of Medak - Siddipet section from Km 0/0 to km 69/978 of NH-765DG in the State of Telangana under Annual plan 2021-22 on EPC mode,MoRTH,618197,N24002001,10206,Telangana,01/2022,01/2023,01/2025,06/2026,882.18,882.18,347.73,74.06,April 2026,148
1741,Ministry of Road Transport & Highways,Roads & Highways,Improvement of Geometrics of Kalkallu to Gundla Pochanpalli from Km 454.00 to Km 471.00 of NH-44,National Highways Authority of India [NHAI],618558,N24001555,10404,Telangana,03/2022,01/2023,01/2025,07/2026,955.49,903.17,427.43,35.96,April 2026,148
1742,Ministry of Road Transport & Highways,Roads & Highways,6L of existing 4L from Gundlapochampally to Bowenpally from km 471.300 to km 481.331 of NH-44,National Highways Authority of India [NHAI],618559,N24001556,10405,Telangana,12/2021,08/2022,07/2024,04/2026,521.53,528.21,256.53,50.5,April 2026,148
1743,Ministry of Road Transport & Highways,Roads & Highways,Improvement of Geometrics of Thondupally to Kothur from Km 22.300 to Km 34.14 of NH-44,National Highways Authority of India [NHAI],618560,N24002082,10406,Telangana,03/2022,03/2023,09/2024,-,541.58,527.43,72.23,17.05,April 2026,148
1744,Ministry of Road Transport & Highways,Roads & Highways,Khammam-Devarapalle Pkg I [4L Access Controlled Greenfield from Thallampadu village to Somavaram village Design Chainage 0000 to 33604],National Highways Authority of India [NHAI],618746,N24001482,10533,Telangana,01/2021,10/2022,10/2024,10/2026,797.36,1337.18,635.3,95.8,April 2026,148
1745,Ministry of Road Transport & Highways,Roads & Highways,4L of Karimnagar-Warangal section from km 49.500 to km 117.820 of NH-563,National Highways Authority of India [NHAI],618765,N24002083,10546,Telangana,03/2022,07/2023,07/2025,07/2026,2146.86,2486.51,961.92,92.4,April 2026,148
1746,Ministry of Road Transport & Highways,Roads & Highways,4L Access Controlled Greenfield Highway Section Mancherial Warangal from Pangidipalle village at Design Ch. 72.350 Km to Oorugonda village at Design Ch. 112.240 KmPackage-III,National Highways Authority of India [NHAI],618811,-,10578,Telangana,03/2023,06/2025,06/2027,06/2027,1183.71,1170.64,83.68,0.0,April 2026,148
1747,Ministry of Road Transport & Highways,Roads & Highways,4L Access Controlled Greenfield Section Mancherial Warangal from Puttapaka village at Design Ch. 35.300 Km to Pangidipalle village at Design Ch. 72.350 KmPackage-II,National Highways Authority of India [NHAI],618812,-,10579,Telangana,01/2023,06/2025,06/2027,12/2027,1129.33,1145.41,78.94,6.3,April 2026,148
1748,Ministry of Road Transport & Highways,Roads & Highways,4L Access Controlled Greenfield Section Mancherial Warangal from Narva village at Design Ch. 3.834 Km to Puttapaka village at Design Ch. 35.300 Km Package-I,National Highways Authority of India [NHAI],618813,-,10580,Telangana,03/2023,12/2024,12/2026,10/2027,1127.9,1104.27,110.86,9.0,April 2026,148
1749,Ministry of Road Transport & Highways,Roads & Highways,4L Access Controlled Greenfield Highway section on NH163G Warangal-Khammam from Oorugonda village in Hanamkonda District at Design Ch. 112.240 Km to Venkatpur village in Warangal District at Design Ch. 150.240 KmPackage-I,National Highways Authority of India [NHAI],618814,-,10581,Telangana,03/2023,06/2025,06/2027,05/2028,1142.6,1140.82,65.67,0.0,April 2026,149
1750,Ministry of Road Transport & Highways,Roads & Highways,4L Access Controlled Greenfield Highway section on NH-163G Warangal-Khammam from Venkatpur village in Warangal District at Design Ch. 150.240 Km to Thallasenkesa village in Mahabubabed District at Design Ch. 189.650 kmPackage-II,National Highways Authority of India [NHAI],618815,-,10582,Telangana,03/2023,04/2024,04/2026,10/2026,1092.88,1083.11,304.89,65.68,April 2026,149
1751,Ministry of Road Transport & Highways,Roads & Highways,4L Access Controlled Greenfield Highway section on NH-163G Khammam Vijayawada from V. Venkatayapalem village at Design Ch. 220.480 Km to BrahmanapalliK village at Design Ch. 250.400 Km Package-I.,National Highways Authority of India [NHAI],618817,-,10584,Telangana,03/2023,03/2025,03/2027,06/2027,973.45,1021.96,227.62,42.15,April 2026,149
1752,Ministry of Road Transport & Highways,Roads & Highways,Hyderabad - Maneguda,National Highways Authority of India [NHAI],618944,-,10682,Telangana,10/2021,11/2024,11/2026,05/2027,958.86,1218.49,193.26,15.78,April 2026,149
1753,Ministry of Road Transport & Highways,Roads & Highways,4L of Kodad Design Km 0.00/Existing Km 185.00 of NH-65 to Khammam Design Km 31.800/Existing Km 29.400 of NH-365A,National Highways Authority of India [NHAI],618945,N24001522,10683,Telangana,01/2021,01/2022,05/2024,05/2026,1149.17,1606.99,787.84,99.98,April 2026,149
1754,Ministry of Road Transport & Highways,Roads & Highways,Upgradation to Two Lane with Paved Shoulders from Km 0.000 to Km 41.920 Green Field Alignment of Gowrelly to Valigonda Section of NH-930P in the State of Telangana on EPC Mode under Annual Plan 2022-23,MoRTH,619009,-,12154,Telangana,11/2022,05/2026,04/2028,-,690.33,690.33,0.0,0.0,April 2026,149
1755,Ministry of Road Transport & Highways,Roads & Highways,Khammam-Devarapalle Pkg II [4L Access Controlled Greenfield from Somavaram village to Chintagudem village Design Chainage 33604 to 63117],National Highways Authority of India [NHAI],619128,N24001483,11797,Telangana,01/2021,09/2022,09/2024,05/2026,615.78,981.64,431.67,98.02,April 2026,149
1756,Ministry of Road Transport & Highways,Roads & Highways,Thanamcherla-Jamandlapally 2LPS,National Highways Authority of India [NHAI],619165,-,-,Telangana,11/2013,03/2014,02/2023,05/2026,177.18,18.65,8.31,100.0,April 2026,149
1757,Ministry of Road Transport & Highways,Roads & Highways,Rehabilitation and upgradation of NH-221 from km 121/0 to 165/0 Rudrampur to Bhadrachalam section to two lane with paved shoulder under NHDPIV in the state of Telangana through EPC mode,MoRTH,619193,-,-,Telangana,01/2015,02/2015,02/2017,05/2026,295.47,334.82,375.14,82.76,April 2026,149
1758,Ministry of Road Transport & Highways,Roads & Highways,Construction of 4 lane Bypass to Nalgonda Town lrorn Km 000 Existing Ch. 181590 to Km 14.00 Existing Ch. 28/685 ol Nakrekal to Nagarjunsagar Section of NH -565 in the State of Telangara on EPC under Annual Plan 2024 -25,MoRTH,619253,-,12153,Telangana,10/2024,10/2025,10/2027,-,516.17,516.17,0.0,43.13,April 2026,149
1759,Ministry of Road Transport & Highways,Roads & Highways,Improvement & widening of existing NH-08 to 4-lane with Paved Shoulder from Champak Nagar to Khayerpur section design Km 242500 to Km 261610 in the state of Tripura on EPC basis under NHO-NE,NHIDCL,618350,N24002205,10272,Tripura,12/2023,09/2024,09/2026,03/2027,920.66,920.66,0.0,43.8,April 2026,149
1760,Ministry of Road Transport & Highways,Roads & Highways,Improvement and Widening to 2-lane with paved shoulder of road from design Km 72.000 Pati Chhari to design Km 107.654 Harina Total length 35.654 Km on Teliamura to Harina section of NH 208 in the state of Tripura on EPC mode under JICA ODA Loan Phase VI Package-4,NHIDCL,618367,N24002228,10282,Tripura,01/2024,12/2024,12/2026,12/2026,726.9,726.9,194.74,8.65,April 2026,149
1761,Ministry of Road Transport & Highways,Roads & Highways,Improvement and Widening to 2-lane with paved shoulder of road from design Km 36.000 Rangamati to design Km 72.000 Pati Chhari Total length 36.000 Km on Teliamura to Harina section of NH 208 in the state of Tripura on EPC mode under JICA ODA Loan Phase VI Package-3,NHIDCL,618368,N24002162,10283,Tripura,01/2024,09/2024,09/2026,09/2026,670.9,670.9,0.0,14.0,April 2026,149
1762,Ministry of Road Transport & Highways,Roads & Highways,Improvement and Widening to 2-lane with paved shoulder of road from existing Km 438.170 Khowai Chowmuhani to existing Km 439.410 South Pulinpur of NH-08 and from design Km 0.000 South Pulinpur to design Km 36.00 near Rangamati of NH 208 on Khowai Teliamura- Harina section Total length 37.24 in the state of Tripura on EPC mode under JICA ODA Loan Phase VI Package-2,NHIDCL,618369,N24002161,10284,Tripura,01/2024,09/2024,09/2026,09/2026,657.21,657.21,0.0,57.95,April 2026,149
1763,Ministry of Road Transport & Highways,Roads & Highways,Improvement and Widening to 2-lane with paved shoulder of road from Km 101.300 to km 127.319 Total Length 26.019 Km i.e. the Khowai Teliamura-Amarpur-Harina- Sabroom section of NH 208 in the state of Tripura on EPC under JICA ODA Loan Phase VI Package-1,NHIDCL,618370,N24002160,-,Tripura,01/2024,07/2024,07/2026,12/2026,431.78,431.78,0.0,58.12,April 2026,149
1764,Ministry of Road Transport & Highways,Roads & Highways,Rehabilitation and up-gradation of road from design km 25.250 to km 36.460 Total lengh 11.210 km of Kailashahar-Kurti Bridge section on NH-208A to 2-lane with paved shoulder on EPC basis under NHO Package-III- Balance Work,NHIDCL,618385,N24002159,-,Tripura,02/2020,09/2024,03/2026,03/2026,174.43,174.43,0.0,41.9,April 2026,149
1765,Ministry of Road Transport & Highways,Roads & Highways,Rehabilitation & Upgradation of Road from Km 0.00 to Km 18.600 Total length-18.600 km of Kumarghat-Kailashahar section on NH-208 to 2-lane with Paved shoulder on EPC bais under NHO,NHIDCL,618386,N24001263,-,Tripura,02/2020,07/2020,01/2022,10/2024,277.5,302.03,0.0,0.0,April 2026,150
1766,Ministry of Road Transport & Highways,Roads & Highways,Melaghar-Srimantapur section on NH-08 Spur from Km 23 to Km 34.500 11.5 Km and overlay from Km 20.30 to Km 22.00 1.7 Km Total Length 13.2 Km,NHIDCL,618411,N24001914,-,Tripura,01/2023,05/2023,11/2024,06/2026,195.95,195.95,86.26,69.78,April 2026,150
1767,Ministry of Road Transport & Highways,Roads & Highways,"Construction of 4-Lane with paved shoulder Agartala bypass Western side, length 25.402 km connecting NH-8 near Amtali to NH-108B near Lembuchhera in the state of Tripura on EPC basis under NHO-NE",NHIDCL,618417,N24002132,10305,Tripura,03/2023,03/2024,03/2027,03/2027,2026.05,2026.05,292.55,9.2,April 2026,150
1768,Ministry of Road Transport & Highways,Roads & Highways,Construction of Jasra Bypass with four lane paved shoulder configurationfrom Km 379.670 on NH-76New NH-35 to Km 18.00 on NH-27New NH-30 on EPC in the State of Uttar Pradesh.,MoRTH,617957,N24002120,-,Uttar Pradesh,02/2023,03/2024,09/2025,-,274.06,274.06,0.0,91.85,April 2026,150
1769,Ministry of Road Transport & Highways,Roads & Highways,Rehabilitation and upgradation to four lane road from km 70.500 to km 78.600 of NH- 92 under EPC mode in the State of Uttar Pradesh,MoRTH,617963,N24002211,-,Uttar Pradesh,01/2022,01/2025,01/2027,07/2027,296.02,351.78,0.0,35.0,April 2026,150
1770,Ministry of Road Transport & Highways,Roads & Highways,"Widening to Four Lane rigid pavement configuration from Km 90.00 to Km 100.800 on NH-96 Km 42.0 to Km 53.300 as per new NH-330,design length of 11.300 km under EPC mode in the state of Uttar Pradesh.",MoRTH,617964,N24002199,-,Uttar Pradesh,12/2022,11/2024,11/2026,11/2026,309.63,309.63,32.4,25.0,April 2026,150
1771,Ministry of Road Transport & Highways,Roads & Highways,"Construction of four-lane elevated viaduct from km.4634 to km.6345 on NH-24A including Retaining wall, service lane, at grade road and improvement of junctions, on EPC mode",MoRTH,618008,N24001730,-,Uttar Pradesh,03/2021,03/2022,09/2023,12/2024,185.09,269.81,175.09,100.0,April 2026,150
1772,Ministry of Road Transport & Highways,Roads & Highways,Balance work of Construction of Ring Road for Raebareli City on eastern side of NH- 24B Phase-1 on EPC mode.,MoRTH,618009,N24000331,-,Uttar Pradesh,12/2019,10/2020,04/2022,06/2026,319.96,347.8,0.0,95.0,April 2026,150
1773,Ministry of Road Transport & Highways,Roads & Highways,Construction of Balrampur bypass with 2L flexible pavement configuration from km.223.000 of NH-330 to km.328.300 of NH-730 under EPC mode,MoRTH,618054,N24002150,10171,Uttar Pradesh,12/2022,08/2024,02/2026,08/2026,515.69,515.69,104.56,46.0,April 2026,150
1774,Ministry of Road Transport & Highways,Roads & Highways,Construction of Pratapgarh Bypass Extension connecting NH-31 to NH-330 on EPC mode in the State of Uttar Pradesh.,MoRTH,618055,N24002016,-,Uttar Pradesh,10/2022,01/2024,06/2025,06/2026,225.17,225.17,0.0,73.0,April 2026,150
1775,Ministry of Road Transport & Highways,Roads & Highways,Improvement and Up-gradation to two Lane with Paved Shoulder Configuration from existing km. 420.00 Shohrathgarh to km. 454.00 Uska Bazar of NH-730 in the state of Uttar Pradesh EPC basis,MoRTH,618056,N24002121,-,Uttar Pradesh,01/2022,03/2024,09/2025,12/2026,509.65,484.42,98.47,56.0,April 2026,150
1776,Ministry of Road Transport & Highways,Roads & Highways,Construction of Shohratgarh Bypass on NH-730 under EPC mode in the State of Uttar Pradesh,MoRTH,618057,N24001997,-,Uttar Pradesh,10/2022,11/2023,05/2025,12/2026,189.31,189.31,0.0,49.22,April 2026,150
1777,Ministry of Road Transport & Highways,Roads & Highways,Widening & Strenghteningof section from Bharthana chowk to Kodarkoot km.0.00 to km.40.00 of NH-91-A on EPC mode,MoRTH,618063,N24001587,-,Uttar Pradesh,03/2020,03/2023,09/2024,06/2026,262.37,343.77,112.46,92.0,April 2026,150
1778,Ministry of Road Transport & Highways,Roads & Highways,Construction of Amethi bypass Part-II at km.30.050 of NH-931 under EPC mode in the state of Uttar Pradesh,MoRTH,618066,N24002214,-,Uttar Pradesh,12/2022,02/2025,02/2027,02/2027,283.86,283.86,24.5,43.0,April 2026,150
1779,Ministry of Road Transport & Highways,Roads & Highways,"Rehabilitation & Up-gradation from design Km. 0.000 to Km. 69.280 of NH-931 Pratapgarh - Amethi - Gauriganj -Musafirkhana to two lane with paved shoulder on Engineering, Procurement & Construction EpC mode in the State of Uttar Pradesh",MoRTH,618067,-,10172,Uttar Pradesh,05/2023,11/2025,11/2027,11/2027,1086.3,1086.3,0.0,4.0,April 2026,150
1780,Ministry of Road Transport & Highways,Roads & Highways,Construction of two lane with paved shoulder from existing Km.0.000 to Km.55.610 design km. 0.000 to km. 54.048 of NH-124D,MoRTH,618075,N24002031,10174,Uttar Pradesh,12/2021,02/2024,02/2026,06/2026,840.93,773.58,167.6,64.0,April 2026,150
1781,Ministry of Road Transport & Highways,Roads & Highways,Construction of Mariahu Bypass with four lane paved shoulder configuration Km. 53.540 to Km.59.200 of NH-135A on EPC mode in the state of Uttar Pradesh,MoRTH,618081,N24002115,-,Uttar Pradesh,03/2023,02/2024,02/2026,06/2026,438.24,362.39,0.0,52.0,April 2026,150
1782,Ministry of Road Transport & Highways,Roads & Highways,Widening & Upgradation to four lane configuration from Km.34.900 Bhadohi to km.73.134 Jaunpur of NH-135A on EPC mode,MoRTH,618082,N24001479,-,Uttar Pradesh,03/2021,11/2022,05/2024,06/2026,395.62,392.03,0.0,94.0,April 2026,151
1783,Ministry of Road Transport & Highways,Roads & Highways,Improvement and upgradation to two lane with Paved Shoulder configuration from existing km 55.00 to km 90.00 Design length 34.76 of NH-227A near Chhapia Village to near Sikriganj in the State of UP on EPC Mode.,MoRTH,618110,N24001469,-,Uttar Pradesh,11/2021,11/2022,05/2024,07/2025,307.11,307.11,125.88,0.0,April 2026,151
1784,Ministry of Road Transport & Highways,Roads & Highways,Improvement and upgradation to two lane with paved shoulder configuration from existing km 90.00 to 130.00 Design length 39.15 of NH-227A near Sikriganj to Barhalganj in the State of UP on EPC Mode.,MoRTH,618111,N24002015,-,Uttar Pradesh,08/2021,12/2023,06/2025,05/2026,403.36,345.34,0.0,94.0,April 2026,151
1785,Ministry of Road Transport & Highways,Roads & Highways,"Improvement and up-gradation of NH-227B 84 Kosi Parikrama Marg Package I, from km 228.920 Jagarnathpur to Km 235.960/0.000 MakhaudaDham to Km 29.000 Sarpur in the State of Uttar Pradesh on EPC basis",MoRTH,618112,N24002240,10186,Uttar Pradesh,03/2022,05/2025,11/2026,11/2026,912.5,912.5,0.0,3.0,April 2026,151
1786,Ministry of Road Transport & Highways,Roads & Highways,"Improvement and up-gradation of NH-227B 84 Kosi Parikrama Marg Package III, from Km.47.800 Gosaiganj to Km.73.300 Bikapur in the State of Uttar Pradesh on EPC basis.",MoRTH,618113,N24002241,10187,Uttar Pradesh,03/2022,05/2025,11/2026,11/2026,587.97,587.97,37.42,28.0,April 2026,151
1787,Ministry of Road Transport & Highways,Roads & Highways,"Improvement and up-gradation of NH-227B 84 Kosi Parikrama Marg PackageV, from Design Km.140.960 Patranga to Km.160.200 Bahuvan Madar Majha on EPC mode in the State of Uttar Pradesh",MoRTH,618114,-,12089,Uttar Pradesh,03/2023,02/2026,08/2028,08/2028,1192.33,1192.33,0.0,0.0,April 2026,151
1788,Ministry of Road Transport & Highways,Roads & Highways,lmprovement and Up-gradation from Km. 73.300 Bikapur to Km.140.960 Patranga of NH-227B 84 Kosi Parikrama Marg to 2LPS along with Parikrama Path,MoRTH,618116,-,-,Uttar Pradesh,11/2022,01/2026,01/2028,01/2028,1679.75,1679.75,66.99,25.4,April 2026,151
1789,Ministry of Road Transport & Highways,Roads & Highways,Rehabilitation and upgradation from km 51.600 to km 75.700 of NH-321G Nuhkhas to Etah section to two lane with paved shoulder configuration under EPC mode in the State of Uttar Pradesh,MoRTH,618124,N24002116,-,Uttar Pradesh,01/2022,02/2024,08/2025,06/2026,343.54,343.54,75.71,65.0,April 2026,151
1790,Ministry of Road Transport & Highways,Roads & Highways,"Improvement and up-gradation to 2LPS of NH-227B 84-Kosi Parikrama Marg PackageVI, Design Km 160200 Bahuvan Madar Majha to Km 224040 Jagarnathpur under HAM",MoRTH,618162,-,-,Uttar Pradesh,05/2023,01/2026,01/2028,01/2028,2008.7,2008.7,0.0,5.0,April 2026,151
1791,Ministry of Road Transport & Highways,Roads & Highways,"Rehabilitation and Up-gradation from km. 0000 to km.40390 of NH-730S MaharajganjNichloulThuthibari to two lane with paved shoulders in the State of U.P. on Engineering, Procurement & Construction EPC Basis.",MoRTH,618163,N24001418,10195,Uttar Pradesh,03/2023,06/2024,12/2025,12/2026,809.25,603.19,0.0,58.0,April 2026,151
1792,Ministry of Road Transport & Highways,Roads & Highways,Construction of four lane highway with paved shoulder from Km.74.700 to Km.112.950 of NH-731A i/c Yamuna Bridge on HAM in the state of Uttar Pradesh.,MoRTH,618164,N24001419,10196,Uttar Pradesh,03/2022,06/2024,06/2026,06/2026,1141.67,1157.31,0.0,85.0,April 2026,151
1793,Ministry of Road Transport & Highways,Roads & Highways,Construction of 4-lane highway with paved shoulders from Km 49.155 to Km 74.700 of NH-731A on Hybrid Annuity Mode in the state of Uttar Pradesh,MoRTH,618165,N24001545,10197,Uttar Pradesh,01/2022,02/2024,01/2026,06/2026,1156.72,1156.72,0.0,98.0,April 2026,151
1794,Ministry of Road Transport & Highways,Roads & Highways,Construction of 4-lane green field highway from Km. 35.000 to Km. 49.155 of NH- 731A with paved shoulders on Hybrid Annuity Mode in the state of Uttar Pradesh,MoRTH,618166,N24001647,10198,Uttar Pradesh,01/2022,10/2023,10/2025,06/2026,697.66,697.66,0.04,99.0,April 2026,151
1795,Ministry of Road Transport & Highways,Roads & Highways,Rehabilitation & Upgradation of NH-731A from Km.0.00 to Km.35.00 to 2-lane with paved shoulder under EPC mode,MoRTH,618167,N24001590,-,Uttar Pradesh,03/2021,08/2022,08/2023,05/2026,264.86,264.86,0.0,93.0,April 2026,151
1796,Ministry of Road Transport & Highways,Roads & Highways,Widening to four lane with paved shoulder from Design Km.49.200 to Km.89.285 of NH-731B on EPC mode in the state of Uttar Pradesh,MoRTH,618168,N24001792,10199,Uttar Pradesh,03/2022,01/2024,01/2026,01/2027,917.91,965.3,128.0,56.0,April 2026,151
1797,Ministry of Road Transport & Highways,Roads & Highways,Construction of Two Lane with paved shoulder highway from Design Ch.0.000 to Ch.49.2OO of NH-731B on EPC Mode,MoRTH,618169,N24001730,10200,Uttar Pradesh,03/2022,11/2023,11/2025,07/2026,640.18,602.76,239.2,95.98,April 2026,151
1798,Ministry of Road Transport & Highways,Roads & Highways,"Rehabilitation and upgradation of Salon - Jais - Jagdishpur Road section of NH-931A, from design Chainage km 0.000 to km 5.740 to four lane divided carriageway and from design Chainage km 5.740 to km 53.500 to two lane with paved Total length km 53.500 along with One time improvement in 04 no's of realigned/bypassed built-up areas in a total length of 9.732 km in the state of Uttar Pradesh on EPC mode",MoRTH,618187,-,10202,Uttar Pradesh,05/2023,10/2025,10/2027,10/2027,947.15,947.15,0.0,4.0,April 2026,151
1799,Ministry of Road Transport & Highways,Roads & Highways,Rehabilitation and upgradation to 2-lane with paved sholuders configuration of Near Karri village-Etawah section Km30.000 to Km 57.346 Pakage-II of NH-92 in state of Uttar Pradesh undergreen national Highway Corridor ProjectGNHCP with the loan assistance of world Bank on EPC mode.,MoRTH,618229,N24001462,-,Uttar Pradesh,04/2020,08/2022,02/2024,02/2025,211.09,206.56,0.0,100.0,April 2026,152
1800,Ministry of Road Transport & Highways,Roads & Highways,Construction of 6-lane bridge on Ganga on NH-96 and its approaches in Phaphamau Allahabad on EPC mode,MoRTH,618233,N24001421,10222,Uttar Pradesh,07/2018,02/2021,02/2024,09/2026,1948.25,1465.41,0.0,87.91,April 2026,152
1801,Ministry of Road Transport & Highways,Roads & Highways,Rehabilitation and upgradation to 2-lane with paved sholuders configuration of Bewar- naer Karri village section Km0.00 to Km30.00 Pakage-I of NH-92 in state of Uttar Pradesh undergreen national Highway Corridor Project GNHCP with the loan assistance of world Bank on EPC mode.,MoRTH,618240,N24001461,-,Uttar Pradesh,04/2020,09/2022,03/2024,06/2026,236.47,236.47,0.0,90.0,April 2026,152
1802,Ministry of Road Transport & Highways,Roads & Highways,Construction of Basti Ring Road Phase-I with 4L configuration for Basti City in the state of Uttar Pradesh on HAM mode,MoRTH,618243,N24002245,10224,Uttar Pradesh,12/2022,06/2025,06/2027,06/2027,1138.72,1138.72,0.0,27.0,April 2026,152
1803,Ministry of Road Transport & Highways,Roads & Highways,Construction of Raebareli Ring Road Phase-2 with four Lane configuration for Raebareli City in the state of Uttar Pradesh on Hybrid Annuity Model HAM basis,MoRTH,618244,N24002235,10225,Uttar Pradesh,03/2022,05/2025,05/2027,05/2027,1273.72,1273.72,0.0,44.37,April 2026,152
1804,Ministry of Road Transport & Highways,Roads & Highways,Construction of 4 lane Mirzapur bypass including bridge over river Ganga from km 0.000 to km 15.000 of NH 135A in the State of Uttar Pradesh on HAM Mode.,MoRTH,618247,-,-,Uttar Pradesh,03/2024,01/2026,01/2029,01/2029,1708.62,1708.62,0.0,2.0,April 2026,152
1805,Ministry of Road Transport & Highways,Roads & Highways,Widening to 4 lane from km. 139.00 to km 179.20 of NH-135A Pkg-III Jaunpur Akbarpur section and Akbarpur bypass on Hybrid Annuity Mode in the state of Uttar Pradesh.,MoRTH,618248,-,-,Uttar Pradesh,05/2023,01/2026,01/2028,01/2028,1653.15,1653.15,0.0,10.0,April 2026,152
1806,Ministry of Road Transport & Highways,Roads & Highways,Widening to 4 lane from km. 108.50 to km 139.00 of NH-135A Pkg-II Jaunpur Akbarpur section on Hybrid Annuity Mode in the state of Uttar Pradesh,MoRTH,618249,N24002234,10227,Uttar Pradesh,03/2023,03/2025,03/2027,03/2027,1511.57,1511.57,0.0,32.0,April 2026,152
1807,Ministry of Road Transport & Highways,Roads & Highways,"Improvement and Up-gradation to two Lane with Paved Shoulder/Four Lane configuration from existing Km 130.000 to Km 191.000 design km 131.500 to Km 188.735, Design length 57.235 Km of NH-227A near Barhalganj to Mehrauna Ghat in the state of Uttar Pradesh on Hybrid Annuity Model HAM basis",MoRTH,618252,N24002201,10230,Uttar Pradesh,01/2022,11/2024,05/2027,05/2027,974.19,1344.61,0.82,48.0,April 2026,152
1808,Ministry of Road Transport & Highways,Roads & Highways,"Construction of Salempur bypass to 4LPS from km 64.000 of NH-727A Km 171.00 of Sonauli Balia Marg, old SH-01, near Mahadahan Chauraha to km 61.500 of NH-727B Km 178.500 of Sonauli Balia Marg, old SH-01, near near Ahirauli Village under Hybrid Annuity Mode HAM in the State of Uttar Pradesh",MoRTH,618260,-,10231,Uttar Pradesh,03/2022,11/2025,11/2027,11/2027,1348.06,1348.06,0.0,25.0,April 2026,152
1809,Ministry of Road Transport & Highways,Roads & Highways,Construction of Deoria Bypass from existing Km. 27.140 to existing Km. 46.780 Design Km. 49.109 on NH727A Design length 21.969 Km. to four lane with paved shoulder configuration under Hybrid Annuity Mode HAM in the State of Uttar Pradesh,MoRTH,618262,-,10232,Uttar Pradesh,03/2023,08/2025,07/2027,07/2027,1734.7,1734.7,0.0,10.0,April 2026,152
1810,Ministry of Road Transport & Highways,Roads & Highways,"Rehabilitation and Up-gradation to 2LPS from Km. 0.000 to Km. 7.800 and Km. 35.400 to Km. 52.345 Design length 24.745 Km., except Bihar portion of NH-727B Tamkuhiraj to Bihar Border and Bihar Border to Majhauli on EPC mode in the State of Uttar Pradesh",MoRTH,618263,N24002213,10233,Uttar Pradesh,03/2023,01/2025,07/2026,07/2026,701.02,701.02,0.0,81.18,April 2026,152
1811,Ministry of Road Transport & Highways,Roads & Highways,"Widening and Strengthening to two Lane with Paved Shoulder/Four Lane with paved shoulder configuration from km. 61.500 of NH-727B near Nawalpur km 178.500 of Sonauli Balia Marg, Old SH-01 i.e. end point of Salempur Bypass to km. 106.495 of NH-727B near Sikanderpur under EPC mode",MoRTH,618264,-,10234,Uttar Pradesh,05/2023,12/2025,05/2028,05/2028,2061.86,2061.86,0.0,25.0,April 2026,152
1812,Ministry of Road Transport & Highways,Roads & Highways,Rehabilitation and upgradation to 2-lane with paved sholuders configuration of Miranpur Katra to radhaita section of NH-730CKm.114.000 to Km 137.250pakage-III in state of Uttar Pradesh undergreen national Highway Corridor ProjectGNHCP with the loan assistance of world Bank on EPC mode.,MoRTH,618265,N24001457,-,Uttar Pradesh,04/2020,07/2022,07/2024,06/2026,172.5,169.56,0.0,89.0,April 2026,152
1813,Ministry of Road Transport & Highways,Roads & Highways,Rehabilitation and upgradation to 2-lane with paved sholuders configuration of Bewar- Allahaganj- section of NH-730C Km.0.000 to Km 52.770 pakage-I in state of Uttar Pradesh undergreen national Highway Corridor Project GNHCP with the loan assistance of world Bank on EPC mode.,MoRTH,618266,N24001471,-,Uttar Pradesh,04/2020,11/2022,11/2024,06/2026,325.24,340.16,0.0,98.0,April 2026,152
1814,Ministry of Road Transport & Highways,Roads & Highways,6L Greenfield Kanpur - Lucknow Expressway Pkg II from km. 28.500 to km. 73.744,National Highways Authority of India [NHAI],618498,N24001731,10356,Uttar Pradesh,12/2021,11/2022,05/2025,04/2026,2471.56,2489.0,1178.84,99.8,April 2026,153
1815,Ministry of Road Transport & Highways,Roads & Highways,6L Elevated Kanpur - Lucknow Exeressway Pkg-1 from Km. 10980 to Km. 28500,National Highways Authority of India [NHAI],618499,N24001745,10357,Uttar Pradesh,12/2021,02/2023,07/2025,05/2026,1972.94,1943.27,766.29,94.14,April 2026,153
1816,Ministry of Road Transport & Highways,Roads & Highways,Construction of 4L Connector from Delhi Meerut Expressway Km 50.000 of Pkg IV to Km 8.520 of NH-235 Pkg-5,National Highways Authority of India [NHAI],618500,N24001772,10358,Uttar Pradesh,09/2021,03/2022,03/2024,05/2026,1081.39,1116.19,419.14,76.0,April 2026,153
1817,Ministry of Road Transport & Highways,Roads & Highways,Varanasi Ring Road Pkg-II connecting Sandaha Village km 11.70 / NH-29 with Revasa Village km 818.80 / NH-2,National Highways Authority of India [NHAI],618529,N24001826,10380,Uttar Pradesh,12/2017,02/2019,02/2022,10/2026,1991.71,1832.66,1008.02,94.79,April 2026,153
1818,Ministry of Road Transport & Highways,Roads & Highways,Construction of Ring Road around Kanpur from Ch.68.650 to Ch.93.209 Jarkala to Pakari Package-IV in State of Uttar Pradesh.,National Highways Authority of India [NHAI],618536,-,10385,Uttar Pradesh,02/2023,12/2024,06/2027,06/2027,1603.53,1192.16,196.64,32.83,April 2026,153
1819,Ministry of Road Transport & Highways,Roads & Highways,Construction of Ring Road around Kanpur from Km.000 to Km. 23.325 Chachendi Sachendi I to Maharajpur Package-I,National Highways Authority of India [NHAI],618537,N24002104,10386,Uttar Pradesh,01/2023,12/2023,06/2026,06/2026,1753.75,1311.7,392.07,55.72,April 2026,153
1820,Ministry of Road Transport & Highways,Roads & Highways,Construction of Ring Road around kanpur from Ch.51.200 to Ch. 68.650 Badarka to Harbanch-Uchti Pkg-III,National Highways Authority of India [NHAI],618538,-,10387,Uttar Pradesh,09/2023,01/2025,07/2027,07/2027,1792.68,1126.75,193.85,22.81,April 2026,153
1821,Ministry of Road Transport & Highways,Roads & Highways,Construction of Ring Road Kanpur from Ch. 32.090 to Ch.51.200 Transganaga to Sathara Package-II B,National Highways Authority of India [NHAI],618539,-,10388,Uttar Pradesh,08/2024,03/2025,09/2027,09/2027,1089.41,1106.92,38.74,13.67,April 2026,153
1822,Ministry of Road Transport & Highways,Roads & Highways,Construction of Ring Road around Kanpur from Ch.23.325 to Ch.32.090 Chaudhariya to Transganga Package-IIA,National Highways Authority of India [NHAI],618540,-,10389,Uttar Pradesh,08/2024,11/2025,10/2027,04/2028,1089.41,977.45,190.16,42.85,April 2026,153
1823,Ministry of Road Transport & Highways,Roads & Highways,6L of Agra Bypass Northern connecting Km. 174.500 of NH-2 new NH-19 to Km. 141.000 of Yamuna Expressways,National Highways Authority of India [NHAI],618553,N24001852,10399,Uttar Pradesh,01/2022,02/2023,02/2025,05/2026,957.62,1034.42,758.4,99.7,April 2026,153
1824,Ministry of Road Transport & Highways,Roads & Highways,Construction of left out portion of Agra Inner Ring Road connecting village Deori to NH-44 village Bad from Km. 0.000 to Km. 7.772,National Highways Authority of India [NHAI],618554,N24001853,10400,Uttar Pradesh,07/2022,03/2023,09/2024,06/2026,879.26,787.58,623.64,91.7,April 2026,153
1825,Ministry of Road Transport & Highways,Roads & Highways,Strengthening of existing 4L Ayodhya Bypass Section from design Km. 121 600 to Km. 144020 of NH 28 New NH 27Pkg-3,NHAI,618565,N24002097,-,Uttar Pradesh,03/2023,09/2023,03/2025,08/2025,526.45,281.13,259.66,81.85,April 2026,153
1826,Ministry of Road Transport & Highways,Roads & Highways,4L Green Field Northern East side Gorakhpur Bypass 26.616 Kms starting from NH- 29E Chainage 83.308 and end at NH-28 Chainage 285.100,National Highways Authority of India [NHAI],618566,N24002096,10409,Uttar Pradesh,02/2023,01/2024,01/2026,01/2027,1973.98,1244.44,955.14,68.95,April 2026,153
1827,Ministry of Road Transport & Highways,Roads & Highways,4/6L of Northern Ayodhya Bypass starting Km. 112.540 and ending Km. 139.928 north of existing NH-27 part-1 and part-2 south of NH-27 from km 0.000 to km 5.000.,NHAI,618567,-,10410,Uttar Pradesh,08/2024,07/2025,01/2028,01/2028,2289.34,1834.25,198.35,26.13,April 2026,153
1828,Ministry of Road Transport & Highways,Roads & Highways,4/6L Southern Ayodhya Bypass from Km 5.000 to Km 37.172 starting near Km. 112.540 and ending at Km. 153.281 of NH-27,NHAI,618568,-,10411,Uttar Pradesh,08/2024,03/2025,09/2027,09/2027,2541.13,1983.05,265.58,35.14,April 2026,153
1829,Ministry of Road Transport & Highways,Roads & Highways,4 -Laning of MP/UP Border to Kabarai section of NH-34&35 from km 197.000 to km 242.991 Length 45.991 Km Sagar-Kabrai Package-5 under Bharat Mala Pariyojana EC in MP & UP on HAM,National Highways Authority of India [NHAI],618669,-,10474,Uttar Pradesh,10/2022,02/2025,02/2027,01/2027,1632.93,1425.43,322.5,50.25,April 2026,153
1830,Ministry of Road Transport & Highways,Roads & Highways,"4 lanning of Aligarh Palwal section from km 0.00 to km 46.39 package -1 from khereshwar junction-kurana of NH33D , including khair & jattari bypass in the state of UP on HAM mode",National Highways Authority of India [NHAI],618690,-,10491,Uttar Pradesh,03/2024,03/2025,03/2027,03/2027,1663.38,1685.69,534.65,15.75,April 2026,153
1831,Ministry of Road Transport & Highways,Roads & Highways,Aligarh-Kanpur Pkg I [Aligarh-Bhadwas],National Highways Authority of India [NHAI],618692,-,10493,Uttar Pradesh,03/2018,02/2019,06/2022,08/2026,1226.64,2069.6,659.17,100.0,April 2026,153
1832,Ministry of Road Transport & Highways,Roads & Highways,DL/UP Border - EPE Crossing Pkg-02,National Highways Authority of India [NHAI],618710,N24001830,10505,Uttar Pradesh,09/2020,05/2021,11/2023,05/2026,2002.79,1889.78,1732.92,100.0,April 2026,153
1833,Ministry of Road Transport & Highways,Roads & Highways,6L access Controlled Greenfield Highway from Gogwan Jalalpur Shamli to Ranipur Barsi Saharanpur of Shamli -Ambala section Package-I Design Ch. Form km 00.600 to km 45.500,National Highways Authority of India [NHAI],618722,N24002036,10517,Uttar Pradesh,06/2022,05/2023,05/2025,07/2026,1843.59,1247.55,685.93,58.9,April 2026,154
1834,Ministry of Road Transport & Highways,Roads & Highways,4L Spur of Meerut-Garh-Mukteshwar section connecting NH-119 and NH-58 bypassing Meerut Town of NH 709 A,National Highways Authority of India [NHAI],618761,N24001754,10543,Uttar Pradesh,10/2021,02/2023,02/2025,07/2026,991.89,977.73,815.91,95.22,April 2026,154
1835,Ministry of Road Transport & Highways,Roads & Highways,Four laning of Agra-Aligarh Section from Km. 0.000 Junction of NH-34 Aligarh Km 144.60 to Km. 28.000 near Asroi village in Hathras of NH-509 Package-I,National Highways Authority of India [NHAI],618768,-,12084,Uttar Pradesh,06/2024,03/2026,03/2028,11/2028,1309.08,1309.08,0.0,0.0,April 2026,154
1836,Ministry of Road Transport & Highways,Roads & Highways,4L Spur of Panipat - Shamli connecting NH-709AD Panipat Shamli Muzaffarnagar and NH-709A Karnal Meerut bypassing Shamli district UP,National Highways Authority of India [NHAI],618770,N24001729,-,Uttar Pradesh,10/2021,10/2022,10/2024,03/2025,516.16,273.42,232.93,74.23,April 2026,154
1837,Ministry of Road Transport & Highways,Roads & Highways,4L of Bareilly-Pilibhit-Sitarganj from Km. 0.000 to Km. 32.500 of NH-30 Pkg-1,National Highways Authority of India [NHAI],618782,-,10557,Uttar Pradesh,02/2023,03/2024,03/2026,11/2026,1394.14,1394.14,561.53,58.86,April 2026,154
1838,Ministry of Road Transport & Highways,Roads & Highways,4L of Sonauli - Gorakhpur,National Highways Authority of India [NHAI],618798,N24002095,10569,Uttar Pradesh,12/2021,03/2023,03/2025,06/2026,2555.5,2275.43,1247.39,84.0,April 2026,154
1839,Ministry of Road Transport & Highways,Roads & Highways,Construction of two lane with paved shoulders bypass to Mungrabadshapur town starting from near Kodahu at Km 47/225 of NH-319D and ending near Nauwadandi at Km 219/720 of NH-31 under NHO in the state of Uttar Pradesh on EPC mode,National Highways Authority of India [NHAI],618843,-,-,Uttar Pradesh,02/2025,09/2025,03/2027,09/2027,197.6,165.28,36.16,12.39,April 2026,154
1840,Ministry of Road Transport & Highways,Roads & Highways,Construction of Underpass beneath airport runway on NH-31 old NH-56 for proposed expansion of runway of Babatpur Airport Varanasi,National Highways Authority of India [NHAI],618848,-,10607,Uttar Pradesh,02/2025,09/2025,09/2027,09/2027,649.44,649.44,0.09,6.6,April 2026,154
1841,Ministry of Road Transport & Highways,Roads & Highways,2L PS of Raebareli - Jagdishpur with 4L Jagdishpur Bypass Spur,National Highways Authority of India [NHAI],618854,N24001306,10610,Uttar Pradesh,02/2021,01/2022,01/2024,06/2025,706.41,752.52,515.53,97.2,April 2026,154
1842,Ministry of Road Transport & Highways,Roads & Highways,"Improvement and Up-Gradation of Existing Road to 2/4L PS from Km 40.000 to 88.750, start of Khutar bypass to start of Shahjahanpur bypass of NH 731Pkg-I",National Highways Authority of India [NHAI],618855,N24001727,10611,Uttar Pradesh,03/2022,02/2023,02/2025,04/2026,838.68,838.68,560.48,99.2,April 2026,154
1843,Ministry of Road Transport & Highways,Roads & Highways,"Improvement and Up-Gradation of Existing Road to 4L PS from Km 123.650 to 175.080, from Start of Shahabad Bypass to End of Hardoi bypass of NH 731 Pkg-2B",National Highways Authority of India [NHAI],618856,N24002094,10612,Uttar Pradesh,09/2022,11/2023,11/2025,11/2026,1101.79,1212.26,346.55,63.51,April 2026,154
1844,Ministry of Road Transport & Highways,Roads & Highways,"Improvement and Up-Gradation of Existing Road to 4L PS from Km 88.750 to 123.650, from Start of Shahjahanpur Bypass to start of Shahabad bypass of NH 731Pkg.-2A",National Highways Authority of India [NHAI],618858,-,10614,Uttar Pradesh,09/2022,01/2024,01/2026,11/2026,955.34,955.34,269.0,64.2,April 2026,154
1845,Ministry of Road Transport & Highways,Roads & Highways,"Improvement and Up-Gradation of Existing Road to 4L PS from Km 229.070 to 260.800, End of Hardoi District to Lucknow Ring road of NH 731 Pkg-4",National Highways Authority of India [NHAI],618859,N24001732,10615,Uttar Pradesh,09/2021,10/2022,10/2024,05/2026,575.66,553.61,371.82,99.33,April 2026,154
1846,Ministry of Road Transport & Highways,Roads & Highways,4L from Mathura Bypass Start at Existing Km. 154.20 of NH-44 to Gaju Village at Km 32.982 of NH-530B Pkg-IB,National Highways Authority of India [NHAI],618864,N24001851,10619,Uttar Pradesh,01/2022,03/2023,03/2025,05/2026,1722.11,1820.77,1049.87,99.9,April 2026,154
1847,Ministry of Road Transport & Highways,Roads & Highways,4L from Gaju Village at Km. 32.982 to Devinagar Bypass End at Km. 208.000 of NH- 530B Pkg-1C.,National Highways Authority of India [NHAI],618865,N24001730,10620,Uttar Pradesh,12/2021,01/2023,01/2025,-,1384.79,1496.44,823.04,99.99,April 2026,154
1848,Ministry of Road Transport & Highways,Roads & Highways,"Four Lane Highway from Chandan Nagar Existing Km. 59.025 of NH 530B/Design Km. 179.5000 to Bareilly BypassStartExisting Km. 59.025 of NH 530B/Design Km. 218.000 Section of NH 530B, in the State of Uttar Pradesh on HAM Mode under NH0",National Highways Authority of India [NHAI],618866,-,10621,Uttar Pradesh,12/2024,11/2025,11/2027,11/2027,2077.0,1112.44,223.68,16.01,April 2026,154
1849,Ministry of Road Transport & Highways,Roads & Highways,4L Kasganj-Badaun Section from Km. 123.100 to Km. 179.500 Pkg-III of NH530B,National Highways Authority of India [NHAI],618867,-,10622,Uttar Pradesh,03/2023,05/2025,05/2027,04/2027,2009.11,1936.61,191.05,28.21,April 2026,154
1850,Ministry of Road Transport & Highways,Roads & Highways,4L from Devinagar Bypass End Existing Km. 208.000 of NH 530B/Design Km. 66.000 to Kasganj Bypass End Existing Km.150.100 of NH 530B/ Design Km. 123.100 of NH 530B,National Highways Authority of India [NHAI],618868,-,10623,Uttar Pradesh,03/2023,06/2024,06/2026,06/2026,2289.52,2223.71,486.52,62.48,April 2026,154
1851,Ministry of Road Transport & Highways,Roads & Highways,"Construction of 4/6 lane Highway of Southern Bareilly Bypass, starting at Ch. 237000 of NH 530 near Jhumka chauraha, Dhantiya village and ending at Ch. 267000 of NH 30 near Invertis University including Trumpet Interchange",National Highways Authority of India [NHAI],618869,-,-,Uttar Pradesh,12/2024,12/2025,06/2028,06/2028,1122.02,1869.59,129.68,10.21,April 2026,155
1852,Ministry of Road Transport & Highways,Roads & Highways,Construction of Four Lane Highway form Ghazipur- Ballia-UP/Bihar State Border Greenfield section of NH-31 Package I [from Hridaipur km 0.000 to Shahapur km 42.500] on EPC Mode in the state of Uttar Pradesh.,National Highways Authority of India [NHAI],618883,N24002086,10634,Uttar Pradesh,10/2022,07/2023,07/2025,06/2026,1706.47,1579.59,844.84,99.11,April 2026,155
1853,Ministry of Road Transport & Highways,Roads & Highways,Construction of Four Lane Highway from Ghazipur- Ballia-UP/Bihar State Border Greenfield section of NH-31 Package II [from Shahapur km 42.500 to Pindari km 78.150] on EPC Mode in the state of Uttar Pradesh.,National Highways Authority of India [NHAI],618884,N24002087,10635,Uttar Pradesh,10/2022,10/2023,10/2025,08/2026,1493.65,1311.44,705.07,95.5,April 2026,155
1854,Ministry of Road Transport & Highways,Roads & Highways,Construction of Four Lane Highway from Ghazipur- Ballia-UP/Bihar State Border Greenfield section of NH-31 Package IV [from Buxur Spur of length km 17.270 on EPC Mode in the state of Uttar Pradesh.,National Highways Authority of India [NHAI],618885,N24002089,10636,Uttar Pradesh,10/2022,06/2023,06/2025,08/2026,617.88,549.02,235.64,83.88,April 2026,155
1855,Ministry of Road Transport & Highways,Roads & Highways,Varanasi Gorakhpur Section Packege IV from km. 149.540 to km. 215.160 Mau- Gorakhpur,National Highways Authority of India [NHAI],618893,-,10642,Uttar Pradesh,04/2015,04/2017,10/2019,05/2026,2966.63,3475.65,865.21,97.35,April 2026,155
1856,Ministry of Road Transport & Highways,Roads & Highways,4L Greenfield Western Side spur of Rampur-Rudrapur Section from Km 0.000 to Km 13.700 connecting NH-24 to NH-87 bypassing rampur town,National Highways Authority of India [NHAI],618911,N24002090,10658,Uttar Pradesh,12/2021,05/2023,11/2024,05/2026,646.27,637.83,166.33,63.79,April 2026,155
1857,Ministry of Road Transport & Highways,Roads & Highways,4L Behsuma at Km 39.250 Ex. Km 39240 To Bijnor at Km 78.810 Ex. Km 86590 Design Length 39.560 Km of NH-119 Pkg-II,National Highways Authority of India [NHAI],618923,-,10669,Uttar Pradesh,03/2023,05/2024,05/2026,05/2026,2158.2,2553.12,694.43,65.21,April 2026,155
1858,Ministry of Road Transport & Highways,Roads & Highways,2L PS of Najibabad Kotdwar section from 112.575 to Km. 138.635 of NH 119,National Highways Authority of India [NHAI],618924,-,-,Uttar Pradesh,10/2021,03/2024,09/2025,06/2026,188.87,99.2,33.37,50.44,April 2026,155
1859,Ministry of Road Transport & Highways,Roads & Highways,Bijnor-Kotawali,National Highways Authority of India [NHAI],618925,N24001738,-,Uttar Pradesh,02/2021,11/2021,05/2023,05/2026,300.58,334.48,264.54,96.53,April 2026,155
1860,Ministry of Road Transport & Highways,Roads & Highways,4L of Moradabad-Thakurdwara-Kashipur Section from Km. 0.000 to Km. 38.77 of NH- 734 Pkg-II,National Highways Authority of India [NHAI],618927,-,10671,Uttar Pradesh,10/2022,03/2024,03/2026,12/2026,2006.82,1890.05,878.74,47.51,April 2026,155
1861,Ministry of Road Transport & Highways,Roads & Highways,4L of Moradabad western side spur connecting NH-734 & NH-24 from Km. 0.000 to Km. 33.200 Pkg-I,National Highways Authority of India [NHAI],618929,-,10673,Uttar Pradesh,11/2022,09/2023,09/2025,06/2026,1841.92,1843.54,982.74,76.9,April 2026,155
1862,Ministry of Road Transport & Highways,Roads & Highways,4L Prayagraj Greenfield By-pass from design Km 50860 near Nibi Kala Uperhar to design Km 64763 on NH-19 near Khodaypur Kasgaon including Interchange loop at NH-19,National Highways Authority of India [NHAI],618959,N24002106,-,Uttar Pradesh,08/2023,12/2023,03/2025,-,1017.99,427.54,406.6,100.0,April 2026,155
1863,Ministry of Road Transport & Highways,Roads & Highways,4 Lane Inner Ring Road around Allahabad City Pkg-2 Prayagraj Southern Bypass 43.200 - 50.860,National Highways Authority of India [NHAI],618960,N24002105,10694,Uttar Pradesh,08/2023,12/2023,06/2026,06/2027,1377.51,1007.62,394.66,42.26,April 2026,155
1864,Ministry of Road Transport & Highways,Roads & Highways,4 Lane Inner Ring Road around Allahabad City Pkg-1 Prayagraj Southern Bypass 34.400 43.200,National Highways Authority of India [NHAI],618961,-,-,Uttar Pradesh,02/2025,12/2025,12/2027,12/2027,775.94,498.97,15.11,4.44,April 2026,155
1865,Ministry of Road Transport & Highways,Roads & Highways,6L access control Greenfield highway of Vill-Khyawari to Vill-Latifpur at Saharanpur Bypass from Km. 82.000 to Km. 119.790 Pkg-4,National Highways Authority of India [NHAI],618968,N24001735,10698,Uttar Pradesh,03/2021,09/2022,09/2024,05/2026,1428.19,1439.35,1220.87,97.5,April 2026,155
1866,Ministry of Road Transport & Highways,Roads & Highways,6L access control Greenfield highway of Vill-Lohadda to Vill-Karaunda Mahajan from Km. 27.000 to Km. 56.500 Pkg-2,National Highways Authority of India [NHAI],618970,N24001734,10700,Uttar Pradesh,03/2021,09/2022,09/2024,05/2026,1335.45,1335.38,1016.38,92.89,April 2026,155
1867,Ministry of Road Transport & Highways,Roads & Highways,4L of Najibabad Bypass from Km. 105.423 to Km. 118.373 excluding 2.45 Km. of NH- 74 Bypass of NH-119,National Highways Authority of India [NHAI],619162,N24001753,11817,Uttar Pradesh,01/2022,12/2022,06/2024,05/2026,578.02,566.9,438.87,100.0,April 2026,155
1868,Ministry of Road Transport & Highways,Roads & Highways,6L access controlled Greenfield highway of Junction of EPE Vill.-Mavikalan to Vill.- Lohadda from Km. 0.000 to Km. 27.000 Pkg-1,National Highways Authority of India [NHAI],619168,N24001733,11822,Uttar Pradesh,03/2021,09/2022,09/2024,05/2026,1602.48,1497.94,1215.04,99.11,April 2026,155
1869,Ministry of Road Transport & Highways,Roads & Highways,6L access-controlled highway from Ganeshpur tonear Mohand of Ganeshpur Dehradun section from Km.0 to Km.8.3 of NH-72A Package-1,NHAI,619308,-,12098,Uttar Pradesh,11/2020,10/2021,10/2023,07/2026,836.24,835.74,808.7,98.92,April 2026,156
1870,Ministry of Road Transport & Highways,Roads & Highways,Landslide treatment work on NH 58 from Kodiyala Km. 266.130 to Devprayag Km. 296.925 10 location under EPC mode in the State of Uttarakhand on EPC Mode,MoRTH,617888,-,-,Uttarakhand,01/2023,02/2024,02/2025,06/2026,192.54,192.54,0.0,99.0,April 2026,156
1871,Ministry of Road Transport & Highways,Roads & Highways,Treatment of landslide zone from location no. 01 to 28 km 62.860 to 152.750 on NH- 12509 in the State of Uttarakhand under EPC mode in NHO Annual Plan 2022-23,MoRTH,617889,-,-,Uttarakhand,11/2022,06/2023,06/2024,05/2026,192.22,192.22,0.0,97.0,April 2026,156
1872,Ministry of Road Transport & Highways,Roads & Highways,Construction of Champawat Bypass with two lane with paved shoulder configuration starting from existing chainage 121.700 to existing chainage 129.450 Design Length 9.847 of NH-125 in District-Champawat in the state of Uttrakhand on EPC mode.,MoRTH,617890,-,-,Uttarakhand,02/2025,01/2026,12/2027,-,220.89,220.89,0.0,5.0,April 2026,156
1873,Ministry of Road Transport & Highways,Roads & Highways,Construction of 2 lane with paved shoulder of Kund Bypass from Design Km 35.130 to Km 47.700 existing Km 33.130 to Km 41.260 of NH-109 in the State of Uttarakhand,MoRTH,617929,N24000781,-,Uttarakhand,02/2018,05/2018,05/2020,12/2026,247.41,247.41,110.98,73.5,April 2026,156
1874,Ministry of Road Transport & Highways,Roads & Highways,Construction of Rudraprayag tunnel of length 900.30 MTR including approaches and one major bridge on river Alaknanda connecting NH-107/old-109 to NH-07old-58 on EPC mode in the state of Uttarakhand.,MoRTH,617967,-,-,Uttarakhand,02/2021,01/2023,07/2025,05/2026,251.88,251.88,0.0,99.0,April 2026,156
1875,Ministry of Road Transport & Highways,Roads & Highways,Construction & Widening Including Augustmuni Bypass Ch-16.545 to Ch - 19.890 to 2L/PS from Km 16.545-Km 33.130 & 45.980 -57.975 Augustmuni to Kund & Guptkashi to Sitapur on NH 109 in UK,MoRTH,617968,N24000779,-,Uttarakhand,03/2017,02/2018,02/2020,03/2024,418.89,418.89,422.72,95.0,April 2026,156
1876,Ministry of Road Transport & Highways,Roads & Highways,Reconstruction of existing 2 L/IL to 2L with paved shoulder from existing km 52.200 to 92.880 of NH-,MoRTH,617970,N24000775,-,Uttarakhand,10/2016,06/2017,06/2019,10/2023,282.08,282.08,166.13,100.0,April 2026,156
1877,Ministry of Road Transport & Highways,Roads & Highways,Rehabilitation and upgradation of 2 lane with paved shoulder from existing km. 195.175 to km. 220.000 Design Chainage km71.300 to Km. 95.947 Excluding existing chainage Km 200.300 to Km 202.400 Design chainage Km 76.400 to Km 78.400 on Dharasu to Yamunotri Road of NH- 134 Old NH-94,MoRTH,617974,-,-,Uttarakhand,05/2025,10/2025,04/2028,-,344.73,344.73,0.0,17.78,April 2026,156
1878,Ministry of Road Transport & Highways,Roads & Highways,Rehabilitation and upgradation to 2 lane with paved shoulder configuration from km 122.00 Dharasu Bend to km 147.230 Silkyara Bend of NH-94 in the state of Uttarakhand,MoRTH,617975,N24000820,-,Uttarakhand,03/2017,11/2017,11/2019,07/2024,237.79,237.79,79.56,100.0,April 2026,156
1879,Ministry of Road Transport & Highways,Roads & Highways,Widening to 2 Lane from Existing Chainage Km 74.700 Km 100.660 Design Chainage Km 53.365 to Km 78.785 on NH- 507 in the State of Uttarakhand.,MoRTH,618039,-,-,Uttarakhand,01/2024,10/2025,04/2028,-,346.82,346.82,0.0,29.64,April 2026,156
1880,Ministry of Road Transport & Highways,Roads & Highways,Rehabilitation and Upgradation to Two lanes with Paved Shoulders configuration and Strengthening from Km 175.00 to Km 196.00 Gumkhal to Satpuli of NH-119 New NH- 534 in the State of Uttarakhand under NHO Annual Plan 2021-22 under EPC mode,MoRTH,618040,-,-,Uttarakhand,03/2022,01/2025,01/2027,-,452.81,452.81,0.0,42.0,April 2026,156
1881,Ministry of Road Transport & Highways,Roads & Highways,Rehabilitation and upgrading to two lanes with paved shoulders and Strengthening of Kotdwar-Pauri-Srinagar road section from Km 232.00 to 274.470 on NH-119 New 534 Paidul to Srinagar in the State of Uttarakhand on EPC Mode under NHO Annual Plan 2021-22.,MoRTH,618041,-,-,Uttarakhand,02/2022,12/2025,12/2027,-,299.31,299.31,0.0,2.0,April 2026,156
1882,Ministry of Road Transport & Highways,Roads & Highways,Rehabilitation and up-gradation to 2-lane configuration of Bageshwar to Kangarchina road from km 129.600 to Km 161.600 Existing Chainage 136.00 to Km 169.00 of NH- 309Ain the State of Uttarakhand Package-IV under NHO Annual Plan 2021-22,MoRTH,618119,-,-,Uttarakhand,03/2022,08/2024,02/2027,-,472.23,472.23,0.0,60.0,April 2026,156
1883,Ministry of Road Transport & Highways,Roads & Highways,Widening to 2-lane with Hard Shoulder configuration of Mana Ch. 0.00 to Mana Pass Ch. 50.987 road on NH-07 under Bharatmala Pariyojna in the state of Uttarakhand under Annual Plan 2022-23 length 50.987,MoRTH,618207,-,10213,Uttarakhand,10/2022,10/2023,10/2027,10/2028,573.96,573.96,0.0,20.78,April 2026,156
1884,Ministry of Road Transport & Highways,Roads & Highways,Construction and upgradation of existing road to 2-lane with paved shoulder from existing chainage Km 509.725 to Km 528.000 design chainage Km 490.550 to Km 507.850 of NH-58 new NH-07 Benakuli bend to Mana Village in EPC mode under Chardham Programme in the State of Uttarakhand.,MoRTH,618208,-,-,Uttarakhand,02/2019,11/2019,10/2021,-,180.1,180.1,0.0,95.0,April 2026,156
1885,Ministry of Road Transport & Highways,Roads & Highways,Construction & up gradation of existing road to 2-Lane with paved shoulder from existing chainage km 468000 to km 489350 Design Chainage km 465150 to km 471500 of NH-07 Old NH-58 including Joshimath bypass on EPC mode in the state of Uttarakhand Length 6.35 km,MoRTH,618209,-,-,Uttarakhand,03/2022,09/2022,09/2025,08/2027,258.85,258.85,0.0,35.6,April 2026,157
1886,Ministry of Road Transport & Highways,Roads & Highways,Rehabilitation and upgradation of Askot-Lipulekh on EPC Basis for Phase-I Existing Km 72.00 to 107.620 Design Chainage Km 21330 to Km 56935 under Project Hirak of BRO in the state of Uttarakhand under Bharatmala Pariyojna Phase-I on EPC Mode Length-35.605 Km CA No EPC/MORT&H/HRK/01/2021-22,MoRTH,618210,-,10214,Uttarakhand,09/2020,12/2021,12/2023,06/2026,603.92,603.92,0.0,81.17,April 2026,157
1887,Ministry of Road Transport & Highways,Roads & Highways,Improvement/construction of 2-lane with paved shoulder of Askote Llipulekh road from Tawaghat village to Budhi village design km. 56935 to km 95748 and from end of Tunnel portal to Kali Mandir design km 113828 to km. 133078 [total design length 58.063 km] under project Hirak of BRO in the state of Uttarakhand under Bharatmala Pariyojna on EPC Mode,MoRTH,618211,-,10215,Uttarakhand,05/2022,11/2024,11/2026,11/2026,649.6,649.6,0.0,29.72,April 2026,157
1888,Ministry of Road Transport & Highways,Roads & Highways,"STABILIZATION OF LAND SLIDE AND SLOPE PROTECTION AT KM 11.00 TO KM 11.08, 29,730 KM TO 30,060 KM, 30,400 KM TO 31,060 KM, 34,750 KM TO 35,300 KM, 38,950 KM TO 39,030 KM & 39,460 KM TO 39,540 KM TWO LOC CLUBBED, KM 40,400 TO KM 40,650, KM 43,500 KM 43,680, 52,460 RISHIKESH - DHARASU ROAD NH-94 ON EPC MODE IN THE STATE OF UTTARAKHAND. NOSE OF LAND SLIDE - 12 NOS",MoRTH,618212,-,-,Uttarakhand,01/2024,10/2025,04/2027,-,197.26,197.26,0.0,15.06,April 2026,157
1889,Ministry of Road Transport & Highways,Roads & Highways,Rehabilitation and Upgradation of road Rishikesh Dharasu Old NH-94 with 2-lane with paved shoulder from km 76.000 to km 110.000 Design Chainage from km 74.733 to km 107.347 32.614 km including construction of Kamand re-alignment from existing Chainage Km 105.200 to Km 108.600 design chainage Km 103.436 to Km 105.949 - total length 2513 mtrs and land slide treatment work between design chainage Km 73.800 to Km 74.00 200m on EPC mode under improvement to NH connectivity to Chardham in,MoRTH,618213,-,-,Uttarakhand,03/2018,01/2019,01/2021,01/2026,273.76,273.76,0.0,96.46,April 2026,157
1890,Ministry of Road Transport & Highways,Roads & Highways,Rehabilitation and upgradation to 2 lane / 2 lane with paved shoulder configuration for design chainage km 107.347 to km 129.208 & km 133.878 to km 138.570 existing chainage km 110.000 to km 133.020 & km 137.330 to km 142.028 and land slide treatment at existing km 138.500 Design chainage km 134.970 of NH -94 on EPC mode under improvement to NH connectivity to Chardham in the state of Uttarakhand.,MoRTH,618214,-,-,Uttarakhand,03/2018,01/2019,07/2021,06/2024,346.5,346.5,0.0,100.0,April 2026,157
1891,Ministry of Road Transport & Highways,Roads & Highways,Rehabilitation & upgradation of existing road to 2-lane with hard shoulder from Joshimath km 0.00 to Saraithota km 29.725 road on NH-107B under Bharatmala Pariyojna on EPC mode in the state of Uttarakhand,MoRTH,618218,-,-,Uttarakhand,10/2022,05/2023,05/2025,03/2027,338.38,338.38,0.0,78.2,April 2026,157
1892,Ministry of Road Transport & Highways,Roads & Highways,Upgradation to 2-lane with Hard shoulder configuration of Suraithota Ch. 29.725 km to Malari Ch. 60.550 km road on NH- 107B under in the state of Uttarakhand.,MoRTH,618219,-,-,Uttarakhand,10/2022,05/2024,05/2026,12/2026,292.76,292.76,0.0,72.5,April 2026,157
1893,Ministry of Road Transport & Highways,Roads & Highways,"Construction, Operation & Maintenance of 2-L Bi-directional Silkyara Bend- Barkot Tunnel with escape passage including approaches Tunnel-4.531 & Approach road- 0.328 on Dharasu-Yamunotri section b/w Chainage 25.400km and 51.00km falling along NH-134 Old NH-94 on EPC mode",NHIDCL,618390,N24000855,10297,Uttarakhand,03/2018,07/2018,07/2022,03/2027,1383.78,1383.78,688.93,70.64,April 2026,157
1894,Ministry of Road Transport & Highways,Roads & Highways,"Construction for Mitigation Measures of 5 Nos. Landslides, 05 No. Sinking Zones and 01 No. Bridge from Ch. 450.00 to Ch. 468.00 18 Km. Length on NH-07 Package-III",NHIDCL,618391,N24002164,-,Uttarakhand,12/2023,06/2024,12/2025,12/2026,250.33,250.33,0.0,82.25,April 2026,157
1895,Ministry of Road Transport & Highways,Roads & Highways,"Construction for Mitigation Measures of 5 Nos. Landslides, 5 Nos. Sinking Zones in between Ch. 433.00 to 450.00 BANERPANI VILLAGE on NH-07 on EPC mode in the state of Uttarakhand Package-2",NHIDCL,618392,N24002206,-,Uttarakhand,12/2023,12/2024,06/2026,06/2026,259.64,259.64,0.0,59.75,April 2026,157
1896,Ministry of Road Transport & Highways,Roads & Highways,"Construction for Mitigation Measures of 10 Nos. Landslides, 01 No. Sinking Zones and 1 No. of Minor Bridge in between at Ch. Km 368.00 to Km 433.00 on NH-07 on EPC Mode in Uttarakhand Package-1",NHIDCL,618393,N24002163,-,Uttarakhand,12/2023,06/2024,12/2025,-,216.68,216.68,107.69,96.0,April 2026,157
1897,Ministry of Road Transport & Highways,Roads & Highways,4L of Haridwar Nagina section Design Ch. LME from km 13.829 to km 17.110 & km 26.077 to km 27.508 and Design Ch. RME from km 13.839 to km 17.120 & km 26.078 to km 27.509 of EUP mitigation measures on NH74,National Highways Authority of India [NHAI],618875,-,-,Uttarakhand,11/2021,08/2022,02/2024,06/2026,183.92,142.11,102.18,70.42,April 2026,157
1898,Ministry of Road Transport & Highways,Roads & Highways,Construction of 4-lane connectivity to Banbasa ICP at India Nepal border from NH-09 old NH-125 Sitarganj-Tanakpur at Km 40.00 near Jagbuda bridge under Bharatmala Priyojana of NH-109D on EPC mode in the State of Uttarakhand,National Highways Authority of India [NHAI],619142,-,-,Uttarakhand,06/2022,03/2023,09/2024,04/2027,216.97,237.01,161.97,75.24,April 2026,157
1899,Ministry of Road Transport & Highways,Roads & Highways,Upgradation and 4L of Haridwar Bypass from Km 0.000 Km 188.100 of NH-58 to Km. 15.100 Km 5.100 of NH 74 PKg-1,National Highways Authority of India [NHAI],619155,N24001526,11813,Uttarakhand,11/2021,10/2022,10/2024,10/2026,1602.89,1423.89,588.94,76.74,April 2026,158
1900,Ministry of Road Transport & Highways,Roads & Highways,4L Medinipur to Ballupur from Km. 458.65 to Km. 487.65 of NH-07Pkg-2,NHAI,619292,-,12093,Uttarakhand,03/2022,02/2023,02/2025,07/2026,1092.9,1072.5,715.36,93.9,April 2026,158
1901,Ministry of Road Transport & Highways,Roads & Highways,Construction of 4 Lane Access Controlled Bypass for Dehradun on NH307 from Design Chainage km 0050 Jhajra on NH-07 to Design Chainage km 12220 Asharori on EPC Mode in the State of Uttarakhand under NHO,NHAI,619293,-,-,Uttarakhand,12/2023,04/2025,04/2027,04/2027,715.97,337.11,140.53,47.84,April 2026,158
1902,Ministry of Road Transport & Highways,Roads & Highways,Road Safety Improvement of existing four lane section of Dehradun-Lal Tappar-Nepali Farm Section of NH-7 and Nepali Farm-Motichur NH-34 on EPC Mode in Uttarakhand under NHO.,NHAI,619294,-,-,Uttarakhand,05/2025,02/2026,08/2028,08/2028,720.67,388.19,1.6,1.0,April 2026,158
1903,Ministry of Road Transport & Highways,Roads & Highways,Four/Six laning of Bhaniyawala-Jollygrant-Rishikesh spur section of NH-07 from Km. 0.000 to Km 19.780,NHAI,619295,-,12094,Uttarakhand,02/2023,12/2025,11/2027,11/2027,742.43,664.92,0.45,0.0,April 2026,158
1904,Ministry of Road Transport & Highways,Roads & Highways,Construction of additional major Bridge with 4- lane configuration of length 1.48 km on NH-60 NH-14 over River Kangshabati from Km. 117.770 to Km 119.250 and additional major Bridge with 4- lane configuration of length 0.900 km on NH-60 NH- 14 over River Shilabati from Km. 173.220 to Km 174.120 in the district of Paschim Medinipur of West Bengal under Annual Plan for FY 2023-24 on EPC mode. Job No 014-W8-2023-24/527 .,MoRTH,617893,-,-,West Bengal,11/2023,11/2025,05/2028,05/2028,304.83,304.83,0.0,0.0,April 2026,158
1905,Ministry of Road Transport & Highways,Roads & Highways,"Construction or 4 lane Raniganj Bypass of length 5.261 km on NH-60 new NH-14 from km 273.00 of NH to km 478.18 of NH-2 New NH 16 in paschim Bardhaman, West Bengal in EPC Mode- reg. Job No. 014-WB-2022-23/514",MoRTH,617894,-,-,West Bengal,03/2023,03/2024,03/2026,12/2026,410.83,410.83,157.03,65.11,April 2026,158
1906,Ministry of Road Transport & Highways,Roads & Highways,Construction of ROB and its approaches in lieu of LC No. 10/B/T at Km 307.050 of NH-60.,MoRTH,617931,-,-,West Bengal,03/2016,08/2023,08/2025,03/2027,155.87,138.57,0.0,15.7,April 2026,158
1907,Ministry of Road Transport & Highways,Roads & Highways,Construction of new road at the missing link portion of NH-81 along approved alignment between Harishchandrapur and Eastern approach of Kalindri Bridge from Km 46.550 to Km 59.697 in the district of Malda. Job No-081-WB-2015-16/400,MoRTH,617960,N24000874,-,West Bengal,08/2016,11/2016,11/2018,06/2026,271.17,291.2,209.23,84.6,April 2026,158
1908,Ministry of Road Transport & Highways,Roads & Highways,Development to 4/6-lanning of NH-31 New NH-10 with both side service roads from km 569.258 to km 581.030 end of AH-02 project on NH- 31 near Shivmandir to Sevoke Army Cantonment in districts of Darjeeling and Jalpaiguri in the state of West Bengal on EPC Mode Job No. 010/WB/2021-22/490,MoRTH,618227,N24001850,10220,West Bengal,03/2022,03/2023,09/2025,03/2027,995.04,1059.2,456.48,71.03,April 2026,158
1909,Ministry of Road Transport & Highways,Roads & Highways,Construction & upgradation of existing road to 2-lane with paved shoulder including geometric improvement of Kafer- Lava More section from km 40.00 to km 61.100 of NH717-A on EPC under SARDP-NE A in state of West Bengal Pkg-VA,NHIDCL,618427,N24001261,-,West Bengal,06/2020,10/2020,04/2023,05/2026,311.02,273.78,6.11,95.6,April 2026,158
1910,Ministry of Road Transport & Highways,Roads & Highways,Construction & upgradation of existing road to 2-lane with paved shoulder including geometric improvement of sect. from Pedong bypass to Reshi Border km 79.700 to km 96.254 of NH-717A under SARDP-NE-A on EPC as part of Alternate connectivity to Gangtok Lava More-Reshi Border Pkg-VB,NHIDCL,618429,N24001262,-,West Bengal,06/2020,10/2020,04/2022,05/2026,345.38,395.59,395.8,94.71,April 2026,158
1911,Ministry of Road Transport & Highways,Roads & Highways,Construction of alternative highway to Gangtok in Sikkim via Bagrakot -Chuikhim- Nimbong -Kafer-Bakhim-Algarah-Rhenock in the State of West Bengal and from Rhenok-Rorathang-Pakyong along with spur from Aritar-Rolep-Menla in the State of Sikkim from Km 0.00 to Km 13.00 of Bagrakot -Kafer section of NH 717A on EPC Mode under Phase-A of SARDP-NE in the State of West Bengal PKG- IVA,NHIDCL,618430,N24001251,-,West Bengal,03/2018,10/2019,04/2022,05/2026,402.94,402.94,0.0,98.54,April 2026,158
1912,Ministry of Road Transport & Highways,Roads & Highways,Construction of alternative highway to Gangtok in Sikkim via Bagrakot -Chuikhim- Nimbong -Kafer-Bakhim-Algarah-Rhenock in the State of West Bengal and from Rhenok-Rorathang-Pakyong along with spur from Aritar-Rolep-Menla in the State of Sikkim from Km 13.00 to Km 25.60 of Bagrakot -Kafer section of NH 717A on EPC Mode under Phase-A of SARDP-NE in the State of West Bengal PKG- IVB,NHIDCL,618431,N24001252,-,West Bengal,03/2018,10/2020,04/2023,05/2026,295.97,295.97,0.39,96.91,April 2026,158
1913,Ministry of Road Transport & Highways,Roads & Highways,Binnaguri Bypass-Descoped portion of Ghoshpukur-Dhupguri Section of NH-31Dpkg-1,National Highways Authority of India [NHAI],618572,-,-,West Bengal,03/2025,11/2025,11/2027,11/2027,309.99,306.02,0.4,1.07,April 2026,158
1914,Ministry of Road Transport & Highways,Roads & Highways,Balance Works of 4L of NH-31D from Km. 113.200 to Km. 154.854 Package-II A Ghoshpukur-Salsalabari Section,National Highways Authority of India [NHAI],618574,-,10412,West Bengal,11/2023,12/2024,06/2027,06/2027,1818.46,962.31,426.06,55.2,April 2026,159
1915,Ministry of Road Transport & Highways,Roads & Highways,6L Elevated Kona Expressway from Km. 0.145 to Km. 7.337 of NH-117,National Highways Authority of India [NHAI],618808,-,10575,West Bengal,03/2023,06/2024,12/2026,12/2027,1212.56,1203.11,302.61,37.35,April 2026,159
1916,Ministry of Road Transport & Highways,Roads & Highways,4 laning of Barasat - Barajaguli Section of NH-12 from Km. 31.000 to Km. 48.679 in the district of North 24 - Parganas,National Highways Authority of India [NHAI],618823,-,-,West Bengal,02/2024,08/2024,02/2026,03/2027,352.01,346.39,84.95,35.78,April 2026,159
1917,Ministry of Road Transport & Highways,Roads & Highways,"Development to 4-laning of the de-scoped stretches from Km 115.342 to Km 191.700 of NH-34 in Nadia District 3.962 & Murshidabad District 5.538 pertaining to Krishnagar to Berhampore section of NH-34 New NH-12 , in the state of West Bengal under NHO.",National Highways Authority of India [NHAI],618824,-,-,West Bengal,03/2024,07/2024,01/2026,01/2027,201.1,197.74,56.95,48.82,April 2026,159
1918,Ministry of Road Transport & Highways,Roads & Highways,Bridge over Ganga River at d/s of Farraka Barrage including Approaches connecting Farakka-Raiganj,National Highways Authority of India [NHAI],618825,N24001750,10589,West Bengal,08/2018,12/2018,12/2021,09/2026,622.04,646.1,340.02,96.17,April 2026,159
1919,Ministry of Road Transport & Highways,Roads & Highways,4L of Purulia Bypass section from Km 84.030 to Km 94.345 of NH-32,National Highways Authority of India [NHAI],618910,N24001749,10657,West Bengal,01/2021,02/2022,08/2023,05/2026,557.55,562.57,468.78,94.12,April 2026,159
1920,Ministry of Road Transport & Highways,Roads & Highways,"Construction of Dubrajpur Bypass with 4-lane configuration of length 5.676 km on NH- 60 new NH-14 from design chainage 0.00 existing km 316.135 on NH-60 to design chainage 5.676 existing km 320.980 on NH-60 in the district of Birbhum, West Bengal under Annual Plan 2022-23 in EPC Mode- reg. Job. No. 014-WB-2022- 23/518 .",MoRTH,619004,-,10805,West Bengal,03/2023,12/2025,12/2027,12/2027,560.79,560.79,0.0,3.5,April 2026,159
1921,Ministry of Road Transport & Highways,Roads & Highways,"Slope protection and landslide mitigation at 4 vulnerable locations km 1.950 to Km 2.100, km 11.100 to 11.450, km 22.435 to km 22.485 and km 22.610 to km 22.680 within Sevoke-Rangpo section of NH-10 old NH-31A in Darjeeling & Kalimpong district in the State of West Bengal on EPC mode",NHIDCL,619187,-,-,West Bengal,02/2024,06/2025,06/2027,06/2027,152.27,152.27,0.0,27.3,April 2026,159
1922,Department of Telecommunications,Telecommunication,SETTING UP OF PHYSICAL INFRASTRUCTURE FOR THE NATIONAL INSTITUTE OF COMMUNICATION FINANCE [NICF] AT GHITORNI,National Communication Academy - Finance [Erstwhile NICF],709859,N28000115,-,Delhi,10/2014,04/2018,02/2020,06/2026,248.2,248.2,237.39,98.0,April 2026,159
1923,Department of Telecommunications,Telecommunication,Provision of 4G based Mobile Services in Uncovered Villages and National Highways of Meghalaya,Department of Telecommunications,701598,-,3130,Meghalaya,09/2019,09/2020,03/2022,06/2026,971.96,971.96,232.79,99.84,April 2026,159
1924,Department of Telecommunications,Telecommunication,Mobile connectivity in Left Wing Extremism [LWE] affected areas-Phase 1 Upgradation,Department of Telecommunications [DoT],617413,-,9761,"Multi-States (Andhra Pradesh, Bihar, Chhattisgarh, Jharkhand, Madhya Pradesh, Maharashtra, Odisha, Telangana, Uttar Pradesh, West Bengal)",04/2022,05/2024,05/2025,03/2026,1884.6,1884.6,376.8,98.0,April 2026,159
1925,Department of Telecommunications,Telecommunication,Mobile connectivity in Left Wing Extremism [LWE] affected areas-Phase2,Department of Telecommunications [DoT],701599,-,3127,"Multi-States (Andhra Pradesh, Bihar, Chhattisgarh, Jharkhand, Madhya Pradesh, Maharashtra, Odisha, Telangana, Uttar Pradesh, West Bengal)",05/2018,09/2021,03/2023,03/2026,1577.57,1577.57,701.66,88.0,April 2026,159
1926,Department of Telecommunications,Telecommunication,"Provision of 4G based mobile services in 7,287 uncovered villages of 44 Aspirational District across 5 states of Andhra Pradesh, Chhattisgarh, Jharkhand, Maharashtra & Odisha",Department of Telecommunications [DoT],701602,-,3133,"Multi-States (Andhra Pradesh, Chhattisgarh, Jharkhand, Maharashtra, Odisha)",11/2021,05/2022,11/2023,05/2026,3685.0,3685.0,1457.51,83.0,April 2026,159
1927,Department of Telecommunications,Telecommunication,Provision of 4G Mobile Services in Uncovered Villages of Arunachal Pradesh and 2 Districts of Assam,Department of Telecommunications,701597,-,3129,"Multi-States (Arunachal Pradesh, Assam)",12/2020,10/2021,04/2023,03/2026,1255.49,1255.49,332.43,99.43,April 2026,159
1928,Department of Telecommunications,Telecommunication,"502 Aspirational District Scheme in Four states - Bihar, Madhya Pradesh, Rajastha and Uttar Pradesh",Department of Telecommunications [DoT],704495,-,3132,"Multi-States (Bihar, Madhya Pradesh, Rajasthan, Uttar Pradesh)",12/2019,03/2021,03/2022,06/2026,421.65,228.94,152.96,99.0,April 2026,159
1929,Department of Telecommunications,Telecommunication,Saturation 4G mobile coverage of Uncovered Villages through USOF,Department of Telecommunications [DoT],400013,-,4599,PAN India,07/2022,07/2022,06/2024,03/2026,26316.0,30620.0,9791.8,84.0,April 2026,160
1930,Department of Telecommunications,Telecommunication,4G Services by BSNL,Department of Telecommunications [DoT],701593,-,9929,PAN India,11/2020,11/2020,03/2024,03/2026,28466.0,19592.0,8471.19,98.23,April 2026,160
1931,Department of Telecommunications,Telecommunication,BharatNet,Department of Telecommunications [DoT],706775,-,3123,PAN India,07/2017,10/2011,08/2023,03/2027,61109.0,188000.0,46431.54,82.4,April 2026,160
1932,Department of Telecommunications,Telecommunication,MPLS-IP BASED ACCESS AND AGGREGATION NETWORK [MAAN] IN BSNL ALONG WITH TEST AND MEASURING EQUIPMENT,BSNL,709856,N26000116,-,PAN India,05/2023,05/2023,08/2024,06/2026,645.13,645.13,377.59,92.1,April 2026,160
1933,Department of Telecommunications,Telecommunication,"Planning, Engineering, Supply, Installation, Testing, Commissioning, Integration & Annual Maintenance of 4G mobile network at 1 Lakh sites on PAN India basis including Mumbai & Delhi LSA on turnkey basis under Phase IX.2 Project.",BSNL,709857,N26000117,-,PAN India,05/2023,06/2023,06/2025,09/2026,24544.55,24544.5,8472.04,98.23,April 2026,160
1934,"Department of Water Resources, River Development & GR",Waste & Water,Interception and Diversion and STP works in Bhagalpur under Hybrid annuity based PPP mode-Namami Gange Programme,National Mission for Clean Ganga,616600,N30000027,-,Bihar,10/2017,03/2022,02/2025,12/2026,413.29,413.29,126.67,97.0,April 2026,160
1935,"Department of Water Resources, River Development & GR",Waste & Water,Sewage Treatment Plant 100MLD and Sewerage Network 288 km in Digha-Patna under Hybrid annuity based PPP mode-Namami Gange Programme,National Mission for Clean Ganga,616611,N30000051,3246,Bihar,08/2017,07/2019,12/2025,09/2026,824.0,824.0,396.71,57.0,April 2026,160
1936,"Department of Water Resources, River Development & GR",Waste & Water,Sewage Treatment Plant 50MLD and Sewerage Network 150 km in Kankarbagh- Patna under Hybrid annuity based PPP mode-Namami Gange Programme,National Mission for Clean Ganga,616612,N30000050,3245,Bihar,08/2017,07/2019,12/2025,-,578.89,578.89,171.79,54.0,April 2026,160
1937,"Department of Water Resources, River Development & GR",Waste & Water,"Sewer Network, SPS and STP at Begusarai",National Mission for Clean Ganga,616615,N30000026,-,Bihar,03/2010,03/2018,04/2025,12/2025,230.06,230.06,261.82,97.0,April 2026,160
1938,"Department of Water Resources, River Development & GR",Waste & Water,"Sewer Networks, SPS and STP at Hajipur",National Mission for Clean Ganga,616616,N30000035,-,Bihar,03/2010,03/2018,06/2025,12/2025,305.19,305.19,346.46,95.0,April 2026,160
1939,"Department of Water Resources, River Development & GR",Waste & Water,Interception & Diversion with Rehabilitation of sewerage scheme at Agra under Hybrid annuity based PPP model-Namami Gange Programme,National Mission for Clean Ganga,616594,-,7013,Uttar Pradesh,05/2020,04/2023,04/2025,12/2026,842.25,842.25,208.64,80.0,April 2026,160
1940,"Department of Water Resources, River Development & GR",Waste & Water,Pollution Abatement Works for River Kali Meerut under Meerut Municipality Interception & Diversion with STP,National Mission for Clean Ganga,616605,-,7015,Uttar Pradesh,05/2020,11/2024,12/2024,05/2027,690.71,690.71,34.79,51.0,April 2026,160
1941,"Department of Water Resources, River Development & GR",Waste & Water,Pollution Abatement works for River Ganga at Hooghly Chinsurah- Municipal Town Interception & Diversion with STP,National Mission for Clean Ganga,616604,N30000042,-,West Bengal,05/2018,12/2021,03/2025,08/2026,154.73,154.73,96.17,93.0,April 2026,160
1942,"Department of Water Resources, River Development & GR",Water Resources,Sardar Gouthu Latchanna Thotapalli Barrage Project,Water Resources-AP,400100,-,3351,Andhra Pradesh,04/2005,01/2006,12/2019,06/2026,353.05,1023.24,872.65,95.88,April 2026,160
1943,"Department of Water Resources, River Development & GR",Water Resources,Gundlakamma project,Water Resources-AP,400101,-,3350,Andhra Pradesh,04/2005,04/2005,12/2019,03/2027,397.41,697.39,619.46,98.3,April 2026,160
1944,"Department of Water Resources, River Development & GR",Water Resources,Polavaram Irrigation Project,Water Resources-AP,701415,N30000002,4076,Andhra Pradesh,01/2009,11/2009,04/2022,03/2026,10151.04,55548.9,26674.77,86.14,April 2026,160
1945,"Department of Water Resources, River Development & GR",Water Resources,Borolia Irrigation Project,"Department of Water Resources, River Development & GR",701370,-,9763,Assam,04/1996,12/1996,12/2022,03/2026,256.16,256.16,44.7,55.44,April 2026,160
1946,"Department of Water Resources, River Development & GR",Water Resources,Kelo Irrigation Project,Water Resources-CT,400111,-,3315,Chhattisgarh,04/2008,04/2008,12/2019,06/2026,459.97,727.04,618.85,72.0,April 2026,160
1947,"Department of Water Resources, River Development & GR",Water Resources,Kudali Irrigation Project,"Department of Water Resources, River Development & GR",701399,-,-,Chhattisgarh,04/2009,12/2009,12/2025,03/2026,382.29,382.29,249.06,86.31,April 2026,160
1948,"Department of Water Resources, River Development & GR",Water Resources,Sardar Sarovar CADWM Project,"Narmada and Water Resources, Water Supply and Kalpsar Department-GJ",400097,-,3365,Gujarat,04/2017,04/2017,12/2019,03/2026,5021.76,6670.31,4956.98,90.3,April 2026,161
1949,"Department of Water Resources, River Development & GR",Water Resources,Sardar Sarovar Project,"Narmada and Water Resources, Water Supply and Kalpsar Department-GJ",701372,-,3326,Gujarat,04/1996,04/1996,12/2019,03/2026,20718.17,33412.5,31860.86,93.7,April 2026,161
1950,"Department of Water Resources, River Development & GR",Water Resources,"Subernarekha Multipurpose Project, Jharkhand",Department of Water Resources-JH,701376,-,3349,Jharkhand,04/2011,01/2012,12/2019,03/2026,3807.77,9579.58,5999.8,70.0,April 2026,161
1951,"Department of Water Resources, River Development & GR",Water Resources,Upper Tunga Irrigation Project,Water Resources-KA,701377,-,3341,Karnataka,04/2014,04/2014,12/2019,03/2026,770.16,1606.07,1515.6,99.32,April 2026,161
1952,"Department of Water Resources, River Development & GR",Water Resources,Omkareshwar CADWM Project,Water resource-mp,400096,-,3367,Madhya Pradesh,04/2017,04/2017,12/2019,06/2027,648.09,648.09,208.06,49.78,April 2026,161
1953,"Department of Water Resources, River Development & GR",Water Resources,Bargi Diversion Project Phase - IV [km. 154 to km 197],Water Resources-MP,400115,-,3308,Madhya Pradesh,04/2008,01/2009,12/2019,03/2026,751.03,893.35,814.02,75.0,April 2026,161
1954,"Department of Water Resources, River Development & GR",Water Resources,Bargi Diversion Project Phase - III [km. 104 to km 154],Water Resources-MP,400116,-,3307,Madhya Pradesh,04/2007,04/2007,12/2019,12/2026,1229.15,1399.7,2190.05,81.42,April 2026,161
1955,"Department of Water Resources, River Development & GR",Water Resources,Gosikhurd CADWM Project,Department of water resources-MH - II,400095,-,3368,Maharashtra,04/2017,04/2017,12/2019,06/2026,743.73,743.73,459.06,53.93,April 2026,161
1956,"Department of Water Resources, River Development & GR",Water Resources,Urmodi Irrigation Project,Department of water resources-MH - II,400105,-,3335,Maharashtra,04/2017,04/2018,06/2022,12/2026,580.79,895.81,713.46,76.22,April 2026,161
1957,"Department of Water Resources, River Development & GR",Water Resources,Sulwade-Jamphal-Kanoli Lift Irrigation Scheme,Department of water resources-MH - II,400107,-,3330,Maharashtra,04/2017,02/2019,06/2023,06/2027,2407.67,2407.67,2779.38,80.54,April 2026,161
1958,"Department of Water Resources, River Development & GR",Water Resources,Purna Barrage-2 [Ner Dhamana] Medium Irrigation Project,Department of water resources-MH - II,400109,-,3323,Maharashtra,04/2017,04/2018,06/2020,06/2026,848.07,888.43,690.49,69.63,April 2026,161
1959,"Department of Water Resources, River Development & GR",Water Resources,Jigaon Irrigation Project,Department of water resources-MH - II,400112,-,3314,Maharashtra,04/2017,04/2018,06/2028,-,7222.95,7222.95,10516.63,92.0,April 2026,161
1960,"Department of Water Resources, River Development & GR",Water Resources,Bodwad Parisar Sinchan Yojna,Department of Water Resources-MH,617422,-,9764,Maharashtra,05/2002,01/2017,07/2027,-,1923.81,1923.81,1949.56,49.5,April 2026,161
1961,"Department of Water Resources, River Development & GR",Water Resources,Waghur Project,Department of water resources-MH - II,701383,-,3336,Maharashtra,04/1996,04/1996,12/2019,03/2026,1058.99,1758.51,1557.82,89.57,April 2026,161
1962,"Department of Water Resources, River Development & GR",Water Resources,Gosikhurd Project,Department of water resources-MH - II,701386,-,3311,Maharashtra,04/2008,04/2008,12/2019,06/2028,7196.47,12770.1,14339.36,72.65,April 2026,161
1963,"Department of Water Resources, River Development & GR",Water Resources,Aruna Medium Irrigation Project,Department of water resources-MH - II,701391,-,3306,Maharashtra,04/2009,01/2010,12/2019,12/2025,210.45,1472.14,1734.71,98.1,April 2026,161
1964,"Department of Water Resources, River Development & GR",Water Resources,Lower Pedhi Project,Department of water resources-MH - II,701396,-,3317,Maharashtra,04/2008,04/2008,12/2019,06/2026,255.97,1480.7,1516.11,65.0,April 2026,161
1965,"Department of Water Resources, River Development & GR",Water Resources,Nardave Medium Irrigation Project,Department of water resources-MH - II,701398,-,3320,Maharashtra,04/2009,04/2009,12/2019,06/2026,211.46,781.85,626.06,72.59,April 2026,161
1966,"Department of Water Resources, River Development & GR",Water Resources,Thoubal Multipurpose Project,Water Resources Department-MN,701400,-,3352,Manipur,04/1997,04/1997,12/2019,03/2026,1449.44,1822.24,1837.91,98.9,April 2026,161
1967,"Department of Water Resources, River Development & GR",Water Resources,North Koel Reservoir Project,"Department of Water Resources, River Development & GR",701412,-,3397,"Multi-States (Bihar, Jharkhand)",08/2017,01/2021,03/2021,03/2026,1622.27,2430.76,172.97,38.0,April 2026,161
1968,"Department of Water Resources, River Development & GR",Water Resources,Ken-Betwa Linking Development Project,"Department of Water Resources, River Development,",701530,-,10035,"Multi-States (Madhya Pradesh, Uttar Pradesh)",NA,03/2022,03/2029,-,21030.0,21030.0,8530.86,0.0,April 2026,161
1969,"Department of Water Resources, River Development & GR",Water Resources,Integrated Anandpur Barrage Project,Water Resources-OR,603945,-,3346,Odisha,04/1997,01/1998,12/2019,06/2026,567.03,2990.05,2776.23,62.85,April 2026,161
1970,"Department of Water Resources, River Development & GR",Water Resources,"Subernarekha Project, Odisha","Department of Water Resources, River Development & GR",701402,-,3345,Odisha,12/1995,01/1998,12/2019,03/2026,3055.88,7023.19,8060.82,95.5,April 2026,161
1971,"Department of Water Resources, River Development & GR",Water Resources,Kanupur Irrigation Project,Irrigation and CAD-TG,701404,-,3347,Odisha,04/2003,01/2004,12/2019,06/2026,989.43,2301.28,2804.16,79.5,April 2026,162
1972,"Department of Water Resources, River Development & GR",Water Resources,Relining of Rajasthan feeder and Sirhind Feeder canal,Department of Water Resources-PB,701410,-,3324,Punjab,02/2016,04/2018,06/2021,06/2026,1441.26,2462.16,2222.34,90.0,April 2026,162
1973,"Department of Water Resources, River Development & GR",Water Resources,Shahpur Kandi Dam Project,Department of Water Resources-PB,701411,-,3328,Punjab,02/2010,04/2018,06/2022,06/2026,2285.81,2715.7,2201.94,88.0,April 2026,162
1974,"Department of Water Resources, River Development & GR",Water Resources,Sri Ram Sagar Project Stage - II,Irrigation and CAD-TG,400102,-,3344,Telangana,04/1996,04/2005,12/2019,12/2025,736.13,949.87,971.47,97.0,April 2026,162
1975,"Department of Water Resources, River Development & GR",Water Resources,Indiramma Flood Flow Canal Project,Irrigation and CAD-TG,400103,-,3339,Telangana,04/1996,01/2006,12/2019,12/2026,1331.3,5940.09,4491.08,92.0,April 2026,162
1976,"Department of Water Resources, River Development & GR",Water Resources,J. Chokka Rao Devadula Lift Irrigation Scheme,Irrigation and CAD-TG,701405,-,3340,Telangana,04/2006,04/2006,12/2019,12/2025,8200.71,14730.0,4784.54,87.7,April 2026,162
1977,"Department of Water Resources, River Development & GR",Water Resources,Rajiv Bhima Lift Irrigation Scheme,Irrigation and CAD-TG,701406,-,3343,Telangana,04/2007,01/2008,12/2019,03/2026,1402.0,2509.66,1839.76,100.0,April 2026,162
1978,"Department of Water Resources, River Development & GR",Water Resources,Saryu Nahar CADWM Project,Irrigation & Water Resources-UP,400093,-,3370,Uttar Pradesh,04/2017,04/2017,12/2019,03/2026,1672.7,1672.7,22.24,1.76,April 2026,162
1979,"Department of Water Resources, River Development & GR",Water Resources,Morna [Gureghar] Irrigation Project,"Department of Water Resources, River Development & GR",701395,-,-,Uttar Pradesh,04/2007,12/2007,12/2025,-,219.9,219.9,115.2,31.5,April 2026,162
1980,"Department of Water Resources, River Development & GR",Water Resources,Madhya Ganga canal Phase-II,Irrigation & Water Resources-UP,701408,-,3319,Uttar Pradesh,04/2008,04/2008,12/2019,12/2025,1060.67,4417.21,4575.74,82.39,April 2026,162
1981,"Department of Water Resources, River Development & GR",Water Resources,Jamrani Dam Multipurpose Project,Irrigation-UK,613787,-,6135,Uttarakhand,10/2023,11/2023,06/2029,-,2584.1,2584.1,1267.4,25.08,April 2026,162
